"Lake name","Lake code","Depth min m","Depth max m","Area ha","Transect","Transect length m","Lake latitude","Lake longitude"
"A23 TF (Alberni)",10,NA,NA,NA,NA,NA,"49 deg 05 min","124 deg 50 min"
"A23 TF (Barkley)",33,NA,NA,NA,NA,NA,"48 deg 51 min","125 deg 23 min"
"A23 TF (Uchuckl)",30,NA,NA,NA,NA,NA,"49 deg 00 min","125 deg 00 min"
"A23 TF (total)",162,NA,NA,NA,NA,NA,"49 deg 05 min","124 deg 50 min"
"Adams Lake",81,NA,NA,NA,NA,NA,"51 deg 09 min","119 deg 39 min"
"Alastair Lake",12,2,5,685,1,1030,"54 deg 05 min","129 deg 11 min"
"Alastair Lake",12,2,5,685,2,987,"54 deg 05 min","129 deg 11 min"
"Alastair Lake",12,2,5,685,3,891,"54 deg 05 min","129 deg 11 min"
"Alastair Lake",12,2,5,685,4,785,"54 deg 05 min","129 deg 11 min"
"Alastair Lake",12,2,5,685,5,664,"54 deg 05 min","129 deg 11 min"
"Alastair Lake",12,3,5,685,1,1030,"54 deg 05 min","129 deg 11 min"
"Alastair Lake",12,3,5,685,2,987,"54 deg 05 min","129 deg 11 min"
"Alastair Lake",12,3,5,685,3,891,"54 deg 05 min","129 deg 11 min"
"Alastair Lake",12,3,5,685,4,785,"54 deg 05 min","129 deg 11 min"
"Alastair Lake",12,3,5,685,5,664,"54 deg 05 min","129 deg 11 min"
"Alastair Lake",12,5,10,623,1,974,"54 deg 05 min","129 deg 11 min"
"Alastair Lake",12,5,10,623,2,963,"54 deg 05 min","129 deg 11 min"
"Alastair Lake",12,5,10,623,3,836,"54 deg 05 min","129 deg 11 min"
"Alastair Lake",12,5,10,623,4,775,"54 deg 05 min","129 deg 11 min"
"Alastair Lake",12,5,10,623,5,648,"54 deg 05 min","129 deg 11 min"
"Alastair Lake",12,10,15,562,1,699,"54 deg 05 min","129 deg 11 min"
"Alastair Lake",12,10,15,562,2,915,"54 deg 05 min","129 deg 11 min"
"Alastair Lake",12,10,15,562,3,789,"54 deg 05 min","129 deg 11 min"
"Alastair Lake",12,10,15,562,4,736,"54 deg 05 min","129 deg 11 min"
"Alastair Lake",12,10,15,562,5,627,"54 deg 05 min","129 deg 11 min"
"Alastair Lake",12,15,20,484,1,532,"54 deg 05 min","129 deg 11 min"
"Alastair Lake",12,15,20,484,2,849,"54 deg 05 min","129 deg 11 min"
"Alastair Lake",12,15,20,484,3,752,"54 deg 05 min","129 deg 11 min"
"Alastair Lake",12,15,20,484,4,715,"54 deg 05 min","129 deg 11 min"
"Alastair Lake",12,15,20,484,5,605,"54 deg 05 min","129 deg 11 min"
"Alastair Lake",12,20,30,377,1,0,"54 deg 05 min","129 deg 11 min"
"Alastair Lake",12,20,30,377,2,427,"54 deg 05 min","129 deg 11 min"
"Alastair Lake",12,20,30,377,3,710,"54 deg 05 min","129 deg 11 min"
"Alastair Lake",12,20,30,377,4,697,"54 deg 05 min","129 deg 11 min"
"Alastair Lake",12,20,30,377,5,575,"54 deg 05 min","129 deg 11 min"
"Alastair Lake",12,30,40,278,1,0,"54 deg 05 min","129 deg 11 min"
"Alastair Lake",12,30,40,278,2,0,"54 deg 05 min","129 deg 11 min"
"Alastair Lake",12,30,40,278,3,618,"54 deg 05 min","129 deg 11 min"
"Alastair Lake",12,30,40,278,4,641,"54 deg 05 min","129 deg 11 min"
"Alastair Lake",12,30,40,278,5,535,"54 deg 05 min","129 deg 11 min"
"Alastair Lake",12,40,50,216,1,0,"54 deg 05 min","129 deg 11 min"
"Alastair Lake",12,40,50,216,2,0,"54 deg 05 min","129 deg 11 min"
"Alastair Lake",12,40,50,216,3,518,"54 deg 05 min","129 deg 11 min"
"Alastair Lake",12,40,50,216,4,583,"54 deg 05 min","129 deg 11 min"
"Alastair Lake",12,40,50,216,5,493,"54 deg 05 min","129 deg 11 min"
"Alastair Lake",12,50,60,180,1,0,"54 deg 05 min","129 deg 11 min"
"Alastair Lake",12,50,60,180,2,0,"54 deg 05 min","129 deg 11 min"
"Alastair Lake",12,50,60,180,3,419,"54 deg 05 min","129 deg 11 min"
"Alastair Lake",12,50,60,180,4,533,"54 deg 05 min","129 deg 11 min"
"Alastair Lake",12,50,60,180,5,437,"54 deg 05 min","129 deg 11 min"
"Alligator Lake",90,NA,NA,NA,NA,NA,"60 deg 23 min","135 deg 21 min"
"Amor Lake",72,NA,NA,NA,NA,NA,"50 deg 10 min","125 deg 34 min"
"Anderson Lake",86,NA,NA,NA,NA,NA,"50 deg 38 min","122 deg 25 min"
"Anutz Lake",126,NA,NA,NA,NA,NA,"50 deg 18 min","126 deg 55 min"
"Area 23 Cm Fshry",4,NA,NA,NA,NA,NA,"48 deg 55 min","125 deg 23 min"
"Ark Lake",172,NA,NA,NA,NA,NA,"48 deg 30 min","123 deg 36 min"
"Atluck Lake",127,NA,NA,NA,NA,NA,"50 deg 12 min","126 deg 57 min"
"Atnarko R",187,NA,NA,NA,NA,NA,NA,NA
"Awun Lake",27,2,5,465,1,648,"53 deg 36 min","132 deg 35 min"
"Awun Lake",27,2,5,465,2,928,"53 deg 36 min","132 deg 35 min"
"Awun Lake",27,2,5,465,3,650,"53 deg 36 min","132 deg 35 min"
"Awun Lake",27,2,5,465,4,295,"53 deg 36 min","132 deg 35 min"
"Awun Lake",27,3,5,465,1,648,"53 deg 36 min","132 deg 35 min"
"Awun Lake",27,3,5,465,2,928,"53 deg 36 min","132 deg 35 min"
"Awun Lake",27,3,5,465,3,650,"53 deg 36 min","132 deg 35 min"
"Awun Lake",27,3,5,465,4,295,"53 deg 36 min","132 deg 35 min"
"Awun Lake",27,5,10,440,1,628,"53 deg 36 min","132 deg 35 min"
"Awun Lake",27,5,10,440,2,917,"53 deg 36 min","132 deg 35 min"
"Awun Lake",27,5,10,440,3,635,"53 deg 36 min","132 deg 35 min"
"Awun Lake",27,5,10,440,4,284,"53 deg 36 min","132 deg 35 min"
"Awun Lake",27,10,15,420,1,592,"53 deg 36 min","132 deg 35 min"
"Awun Lake",27,10,15,420,2,893,"53 deg 36 min","132 deg 35 min"
"Awun Lake",27,10,15,420,3,616,"53 deg 36 min","132 deg 35 min"
"Awun Lake",27,10,15,420,4,266,"53 deg 36 min","132 deg 35 min"
"Awun Lake",27,15,20,400,1,556,"53 deg 36 min","132 deg 35 min"
"Awun Lake",27,15,20,400,2,870,"53 deg 36 min","132 deg 35 min"
"Awun Lake",27,15,20,400,3,594,"53 deg 36 min","132 deg 35 min"
"Awun Lake",27,15,20,400,4,249,"53 deg 36 min","132 deg 35 min"
"Awun Lake",27,20,30,370,1,496,"53 deg 36 min","132 deg 35 min"
"Awun Lake",27,20,30,370,2,831,"53 deg 36 min","132 deg 35 min"
"Awun Lake",27,20,30,370,3,566,"53 deg 36 min","132 deg 35 min"
"Awun Lake",27,20,30,370,4,221,"53 deg 36 min","132 deg 35 min"
"Awun Lake",27,30,40,323,1,433,"53 deg 36 min","132 deg 35 min"
"Awun Lake",27,30,40,323,2,779,"53 deg 36 min","132 deg 35 min"
"Awun Lake",27,30,40,323,3,512,"53 deg 36 min","132 deg 35 min"
"Awun Lake",27,30,40,323,4,156,"53 deg 36 min","132 deg 35 min"
"Awun Lake",27,40,50,274,1,336,"53 deg 36 min","132 deg 35 min"
"Awun Lake",27,40,50,274,2,675,"53 deg 36 min","132 deg 35 min"
"Awun Lake",27,40,50,274,3,464,"53 deg 36 min","132 deg 35 min"
"Awun Lake",27,40,50,274,4,0,"53 deg 36 min","132 deg 35 min"
"Awun Lake",27,50,60,211,1,240,"53 deg 36 min","132 deg 35 min"
"Awun Lake",27,50,60,211,2,575,"53 deg 36 min","132 deg 35 min"
"Awun Lake",27,50,60,211,3,429,"53 deg 36 min","132 deg 35 min"
"Awun Lake",27,50,60,211,4,0,"53 deg 36 min","132 deg 35 min"
"Awun Lake",27,60,70,136,1,0,"53 deg 36 min","132 deg 35 min"
"Awun Lake",27,60,70,136,2,0,"53 deg 36 min","132 deg 35 min"
"Awun Lake",27,60,70,136,3,0,"53 deg 36 min","132 deg 35 min"
"Awun Lake",27,60,70,136,4,0,"53 deg 36 min","132 deg 35 min"
"Babine Lake",46,NA,NA,NA,NA,NA,"54 deg 45 min","126 deg 00 min"
"Bear Lake",16,2,5,1880,1,538,"56 deg 08 min","126 deg 49 min"
"Bear Lake",16,2,5,1880,2,1213,"56 deg 08 min","126 deg 49 min"
"Bear Lake",16,2,5,1880,3,495,"56 deg 08 min","126 deg 49 min"
"Bear Lake",16,2,5,1880,4,779,"56 deg 08 min","126 deg 49 min"
"Bear Lake",16,2,5,1880,5,521,"56 deg 08 min","126 deg 49 min"
"Bear Lake",16,2,5,1880,6,305,"56 deg 08 min","126 deg 49 min"
"Bear Lake",16,3,5,1484,1,538,"56 deg 08 min","126 deg 49 min"
"Bear Lake",16,3,5,1484,2,1213,"56 deg 08 min","126 deg 49 min"
"Bear Lake",16,3,5,1484,3,495,"56 deg 08 min","126 deg 49 min"
"Bear Lake",16,3,5,1484,4,779,"56 deg 08 min","126 deg 49 min"
"Bear Lake",16,3,5,1484,5,521,"56 deg 08 min","126 deg 49 min"
"Bear Lake",16,3,5,1484,6,305,"56 deg 08 min","126 deg 49 min"
"Bear Lake",16,5,10,1084,1,454,"56 deg 08 min","126 deg 49 min"
"Bear Lake",16,5,10,1084,2,1170,"56 deg 08 min","126 deg 49 min"
"Bear Lake",16,5,10,1084,3,306,"56 deg 08 min","126 deg 49 min"
"Bear Lake",16,5,10,1084,4,676,"56 deg 08 min","126 deg 49 min"
"Bear Lake",16,5,10,1084,5,521,"56 deg 08 min","126 deg 49 min"
"Bear Lake",16,5,10,1084,6,305,"56 deg 08 min","126 deg 49 min"
"Bear Lake",16,10,15,723,1,364,"56 deg 08 min","126 deg 49 min"
"Bear Lake",16,10,15,723,2,615,"56 deg 08 min","126 deg 49 min"
"Bear Lake",16,10,15,723,3,232,"56 deg 08 min","126 deg 49 min"
"Bear Lake",16,10,15,723,4,624,"56 deg 08 min","126 deg 49 min"
"Bear Lake",16,10,15,723,5,509,"56 deg 08 min","126 deg 49 min"
"Bear Lake",16,10,15,723,6,284,"56 deg 08 min","126 deg 49 min"
"Bear Lake",16,15,20,540,1,213,"56 deg 08 min","126 deg 49 min"
"Bear Lake",16,15,20,540,2,248,"56 deg 08 min","126 deg 49 min"
"Bear Lake",16,15,20,540,3,153,"56 deg 08 min","126 deg 49 min"
"Bear Lake",16,15,20,540,4,412,"56 deg 08 min","126 deg 49 min"
"Bear Lake",16,15,20,540,5,484,"56 deg 08 min","126 deg 49 min"
"Bear Lake",16,15,20,540,6,263,"56 deg 08 min","126 deg 49 min"
"Bear Lake",16,20,30,363,1,73,"56 deg 08 min","126 deg 49 min"
"Bear Lake",16,20,30,363,2,0,"56 deg 08 min","126 deg 49 min"
"Bear Lake",16,20,30,363,3,43,"56 deg 08 min","126 deg 49 min"
"Bear Lake",16,20,30,363,4,92,"56 deg 08 min","126 deg 49 min"
"Bear Lake",16,20,30,363,5,453,"56 deg 08 min","126 deg 49 min"
"Bear Lake",16,20,30,363,6,200,"56 deg 08 min","126 deg 49 min"
"Bear Lake",16,30,40,168,1,0,"56 deg 08 min","126 deg 49 min"
"Bear Lake",16,30,40,168,2,0,"56 deg 08 min","126 deg 49 min"
"Bear Lake",16,30,40,168,3,0,"56 deg 08 min","126 deg 49 min"
"Bear Lake",16,30,40,168,4,0,"56 deg 08 min","126 deg 49 min"
"Bear Lake",16,30,40,168,5,391,"56 deg 08 min","126 deg 49 min"
"Bear Lake",16,30,40,168,6,200,"56 deg 08 min","126 deg 49 min"
"Bear Lake",16,40,50,70,1,0,"56 deg 08 min","126 deg 49 min"
"Bear Lake",16,40,50,70,2,0,"56 deg 08 min","126 deg 49 min"
"Bear Lake",16,40,50,70,3,0,"56 deg 08 min","126 deg 49 min"
"Bear Lake",16,40,50,70,4,0,"56 deg 08 min","126 deg 49 min"
"Bear Lake",16,40,50,70,5,273,"56 deg 08 min","126 deg 49 min"
"Bear Lake",16,40,50,70,6,114,"56 deg 08 min","126 deg 49 min"
"Bear Lake",16,50,60,50,1,0,"56 deg 08 min","126 deg 49 min"
"Bear Lake",16,50,60,50,2,0,"56 deg 08 min","126 deg 49 min"
"Bear Lake",16,50,60,50,3,0,"56 deg 08 min","126 deg 49 min"
"Bear Lake",16,50,60,50,4,0,"56 deg 08 min","126 deg 49 min"
"Bear Lake",16,50,60,50,5,143,"56 deg 08 min","126 deg 49 min"
"Bear Lake",16,50,60,50,6,51,"56 deg 08 min","126 deg 49 min"
"Bernard Pt.",199,NA,NA,NA,NA,NA,NA,NA
"Bigkalzas Lake",91,NA,NA,NA,NA,NA,"63 deg 15 min","134 deg 35 min"
"Black Lake",116,NA,NA,NA,NA,NA,"48 deg 46 min","124 deg 54 min"
"Bonanza Lake",34,NA,NA,NA,NA,NA,"50 deg 22 min","126 deg 46 min"
"Bonilla Lake",31,2,5,207,1,273,"53 deg 31 min","130 deg 15 min"
"Bonilla Lake",31,2,5,207,2,668,"53 deg 31 min","130 deg 15 min"
"Bonilla Lake",31,2,5,207,3,672,"53 deg 31 min","130 deg 15 min"
"Bonilla Lake",31,2,5,207,4,225,"53 deg 31 min","130 deg 15 min"
"Bonilla Lake",31,3,5,207,1,273,"53 deg 31 min","130 deg 15 min"
"Bonilla Lake",31,3,5,207,2,668,"53 deg 31 min","130 deg 15 min"
"Bonilla Lake",31,3,5,207,3,672,"53 deg 31 min","130 deg 15 min"
"Bonilla Lake",31,3,5,207,4,225,"53 deg 31 min","130 deg 15 min"
"Bonilla Lake",31,5,10,186,1,252,"53 deg 31 min","130 deg 15 min"
"Bonilla Lake",31,5,10,186,2,649,"53 deg 31 min","130 deg 15 min"
"Bonilla Lake",31,5,10,186,3,648,"53 deg 31 min","130 deg 15 min"
"Bonilla Lake",31,5,10,186,4,206,"53 deg 31 min","130 deg 15 min"
"Bonilla Lake",31,10,15,167,1,233,"53 deg 31 min","130 deg 15 min"
"Bonilla Lake",31,10,15,167,2,643,"53 deg 31 min","130 deg 15 min"
"Bonilla Lake",31,10,15,167,3,613,"53 deg 31 min","130 deg 15 min"
"Bonilla Lake",31,10,15,167,4,183,"53 deg 31 min","130 deg 15 min"
"Bonilla Lake",31,15,20,149,1,215,"53 deg 31 min","130 deg 15 min"
"Bonilla Lake",31,15,20,149,2,564,"53 deg 31 min","130 deg 15 min"
"Bonilla Lake",31,15,20,149,3,590,"53 deg 31 min","130 deg 15 min"
"Bonilla Lake",31,15,20,149,4,154,"53 deg 31 min","130 deg 15 min"
"Bonilla Lake",31,20,30,127,1,190,"53 deg 31 min","130 deg 15 min"
"Bonilla Lake",31,20,30,127,2,547,"53 deg 31 min","130 deg 15 min"
"Bonilla Lake",31,20,30,127,3,551,"53 deg 31 min","130 deg 15 min"
"Bonilla Lake",31,20,30,127,4,86,"53 deg 31 min","130 deg 15 min"
"Bonilla Lake",31,30,40,102,1,164,"53 deg 31 min","130 deg 15 min"
"Bonilla Lake",31,30,40,102,2,456,"53 deg 31 min","130 deg 15 min"
"Bonilla Lake",31,30,40,102,3,484,"53 deg 31 min","130 deg 15 min"
"Bonilla Lake",31,30,40,102,4,0,"53 deg 31 min","130 deg 15 min"
"Bonilla Lake",31,40,50,78,1,153,"53 deg 31 min","130 deg 15 min"
"Bonilla Lake",31,40,50,78,2,364,"53 deg 31 min","130 deg 15 min"
"Bonilla Lake",31,40,50,78,3,403,"53 deg 31 min","130 deg 15 min"
"Bonilla Lake",31,40,50,78,4,0,"53 deg 31 min","130 deg 15 min"
"Bonney Lake",220,2,5,340,1,300,NA,NA
"Bonney Lake",220,2,5,340,2,409,NA,NA
"Bonney Lake",220,2,5,340,3,440,NA,NA
"Bonney Lake",220,2,5,340,4,610,NA,NA
"Bonney Lake",220,2,5,340,5,410,NA,NA
"Bonney Lake",220,2,5,340,6,794,NA,NA
"Bonney Lake",220,2,5,340,7,758,NA,NA
"Bonney Lake",220,2,5,340,8,859,NA,NA
"Bonney Lake",220,2,5,340,9,763,NA,NA
"Bonney Lake",220,3,5,0,1,0,NA,NA
"Bonney Lake",220,3,5,0,2,0,NA,NA
"Bonney Lake",220,3,5,0,3,0,NA,NA
"Bonney Lake",220,3,5,0,4,0,NA,NA
"Bonney Lake",220,3,5,0,5,0,NA,NA
"Bonney Lake",220,3,5,0,6,0,NA,NA
"Bonney Lake",220,3,5,0,7,0,NA,NA
"Bonney Lake",220,3,5,0,8,0,NA,NA
"Bonney Lake",220,3,5,0,9,0,NA,NA
"Bonney Lake",220,5,10,282,1,255,NA,NA
"Bonney Lake",220,5,10,282,2,378,NA,NA
"Bonney Lake",220,5,10,282,3,420,NA,NA
"Bonney Lake",220,5,10,282,4,518,NA,NA
"Bonney Lake",220,5,10,282,5,290,NA,NA
"Bonney Lake",220,5,10,282,6,760,NA,NA
"Bonney Lake",220,5,10,282,7,741,NA,NA
"Bonney Lake",220,5,10,282,8,807,NA,NA
"Bonney Lake",220,5,10,282,9,734,NA,NA
"Bonney Lake",220,10,15,217,1,217,NA,NA
"Bonney Lake",220,10,15,217,2,335,NA,NA
"Bonney Lake",220,10,15,217,3,370,NA,NA
"Bonney Lake",220,10,15,217,4,424,NA,NA
"Bonney Lake",220,10,15,217,5,147,NA,NA
"Bonney Lake",220,10,15,217,6,703,NA,NA
"Bonney Lake",220,10,15,217,7,696,NA,NA
"Bonney Lake",220,10,15,217,8,738,NA,NA
"Bonney Lake",220,10,15,217,9,715,NA,NA
"Bonney Lake",220,15,20,173,1,183,NA,NA
"Bonney Lake",220,15,20,173,2,299,NA,NA
"Bonney Lake",220,15,20,173,3,345,NA,NA
"Bonney Lake",220,15,20,173,4,360,NA,NA
"Bonney Lake",220,15,20,173,5,30,NA,NA
"Bonney Lake",220,15,20,173,6,632,NA,NA
"Bonney Lake",220,15,20,173,7,659,NA,NA
"Bonney Lake",220,15,20,173,8,692,NA,NA
"Bonney Lake",220,15,20,173,9,643,NA,NA
"Bonney Lake",220,20,30,129,1,132,NA,NA
"Bonney Lake",220,20,30,129,2,233,NA,NA
"Bonney Lake",220,20,30,129,3,106,NA,NA
"Bonney Lake",220,20,30,129,4,286,NA,NA
"Bonney Lake",220,20,30,129,5,0,NA,NA
"Bonney Lake",220,20,30,129,6,423,NA,NA
"Bonney Lake",220,20,30,129,7,606,NA,NA
"Bonney Lake",220,20,30,129,8,639,NA,NA
"Bonney Lake",220,20,30,129,9,538,NA,NA
"Bonney Lake",220,30,40,88,1,58,NA,NA
"Bonney Lake",220,30,40,88,2,96,NA,NA
"Bonney Lake",220,30,40,88,3,14,NA,NA
"Bonney Lake",220,30,40,88,4,117,NA,NA
"Bonney Lake",220,30,40,88,5,0,NA,NA
"Bonney Lake",220,30,40,88,6,165,NA,NA
"Bonney Lake",220,30,40,88,7,542,NA,NA
"Bonney Lake",220,30,40,88,8,506,NA,NA
"Bonney Lake",220,30,40,88,9,418,NA,NA
"Bonney Lake",220,40,50,60,1,0,NA,NA
"Bonney Lake",220,40,50,60,2,0,NA,NA
"Bonney Lake",220,40,50,60,3,0,NA,NA
"Bonney Lake",220,40,50,60,4,0,NA,NA
"Bonney Lake",220,40,50,60,5,0,NA,NA
"Bonney Lake",220,40,50,60,6,16,NA,NA
"Bonney Lake",220,40,50,60,7,423,NA,NA
"Bonney Lake",220,40,50,60,8,446,NA,NA
"Bonney Lake",220,40,50,60,9,344,NA,NA
"Bonney Lake",220,50,60,40,1,0,NA,NA
"Bonney Lake",220,50,60,40,2,0,NA,NA
"Bonney Lake",220,50,60,40,3,0,NA,NA
"Bonney Lake",220,50,60,40,4,0,NA,NA
"Bonney Lake",220,50,60,40,5,0,NA,NA
"Bonney Lake",220,50,60,40,6,0,NA,NA
"Bonney Lake",220,50,60,40,7,344,NA,NA
"Bonney Lake",220,50,60,40,8,350,NA,NA
"Bonney Lake",220,50,60,40,9,233,NA,NA
"Bowron Lake",87,NA,NA,NA,NA,NA,"53 deg 14 min","121 deg 22 min"
"Bowser Lake",35,2,5,3206,1,1499,"56 deg 25 min","129 deg 30 min"
"Bowser Lake",35,2,5,3206,2,1248,"56 deg 25 min","129 deg 30 min"
"Bowser Lake",35,2,5,3206,3,1802,"56 deg 25 min","129 deg 30 min"
"Bowser Lake",35,2,5,3206,4,1115,"56 deg 25 min","129 deg 30 min"
"Bowser Lake",35,2,5,3206,5,1645,"56 deg 25 min","129 deg 30 min"
"Bowser Lake",35,2,5,3206,6,1201,"56 deg 25 min","129 deg 30 min"
"Bowser Lake",35,3,5,3081,1,1499,"56 deg 25 min","129 deg 30 min"
"Bowser Lake",35,3,5,3081,2,1248,"56 deg 25 min","129 deg 30 min"
"Bowser Lake",35,3,5,3081,3,1802,"56 deg 25 min","129 deg 30 min"
"Bowser Lake",35,3,5,3081,4,1115,"56 deg 25 min","129 deg 30 min"
"Bowser Lake",35,3,5,3081,5,1627,"56 deg 25 min","129 deg 30 min"
"Bowser Lake",35,3,5,3081,6,1065,"56 deg 25 min","129 deg 30 min"
"Bowser Lake",35,5,10,2763,1,1472,"56 deg 25 min","129 deg 30 min"
"Bowser Lake",35,5,10,2763,2,1208,"56 deg 25 min","129 deg 30 min"
"Bowser Lake",35,5,10,2763,3,1802,"56 deg 25 min","129 deg 30 min"
"Bowser Lake",35,5,10,2763,4,1100,"56 deg 25 min","129 deg 30 min"
"Bowser Lake",35,5,10,2763,5,1522,"56 deg 25 min","129 deg 30 min"
"Bowser Lake",35,5,10,2763,6,868,"56 deg 25 min","129 deg 30 min"
"Bowser Lake",35,10,15,2617,1,1445,"56 deg 25 min","129 deg 30 min"
"Bowser Lake",35,10,15,2617,2,1171,"56 deg 25 min","129 deg 30 min"
"Bowser Lake",35,10,15,2617,3,1748,"56 deg 25 min","129 deg 30 min"
"Bowser Lake",35,10,15,2617,4,1062,"56 deg 25 min","129 deg 30 min"
"Bowser Lake",35,10,15,2617,5,1445,"56 deg 25 min","129 deg 30 min"
"Bowser Lake",35,10,15,2617,6,830,"56 deg 25 min","129 deg 30 min"
"Bowser Lake",35,15,20,2470,1,1417,"56 deg 25 min","129 deg 30 min"
"Bowser Lake",35,15,20,2470,2,1149,"56 deg 25 min","129 deg 30 min"
"Bowser Lake",35,15,20,2470,3,1711,"56 deg 25 min","129 deg 30 min"
"Bowser Lake",35,15,20,2470,4,1031,"56 deg 25 min","129 deg 30 min"
"Bowser Lake",35,15,20,2470,5,1390,"56 deg 25 min","129 deg 30 min"
"Bowser Lake",35,15,20,2470,6,788,"56 deg 25 min","129 deg 30 min"
"Bowser Lake",35,20,30,2288,1,1381,"56 deg 25 min","129 deg 30 min"
"Bowser Lake",35,20,30,2288,2,1104,"56 deg 25 min","129 deg 30 min"
"Bowser Lake",35,20,30,2288,3,1690,"56 deg 25 min","129 deg 30 min"
"Bowser Lake",35,20,30,2288,4,993,"56 deg 25 min","129 deg 30 min"
"Bowser Lake",35,20,30,2288,5,969,"56 deg 25 min","129 deg 30 min"
"Bowser Lake",35,20,30,2288,6,690,"56 deg 25 min","129 deg 30 min"
"Bowser Lake",35,30,40,2044,1,1344,"56 deg 25 min","129 deg 30 min"
"Bowser Lake",35,30,40,2044,2,1093,"56 deg 25 min","129 deg 30 min"
"Bowser Lake",35,30,40,2044,3,1649,"56 deg 25 min","129 deg 30 min"
"Bowser Lake",35,30,40,2044,4,952,"56 deg 25 min","129 deg 30 min"
"Bowser Lake",35,30,40,2044,5,765,"56 deg 25 min","129 deg 30 min"
"Bowser Lake",35,30,40,2044,6,0,"56 deg 25 min","129 deg 30 min"
"Bowser Lake",35,40,50,1893,1,1292,"56 deg 25 min","129 deg 30 min"
"Bowser Lake",35,40,50,1893,2,1055,"56 deg 25 min","129 deg 30 min"
"Bowser Lake",35,40,50,1893,3,1623,"56 deg 25 min","129 deg 30 min"
"Bowser Lake",35,40,50,1893,4,921,"56 deg 25 min","129 deg 30 min"
"Bowser Lake",35,40,50,1893,5,716,"56 deg 25 min","129 deg 30 min"
"Bowser Lake",35,40,50,1893,6,0,"56 deg 25 min","129 deg 30 min"
"Bowser Lake",35,50,60,1690,1,1249,"56 deg 25 min","129 deg 30 min"
"Bowser Lake",35,50,60,1690,2,1008,"56 deg 25 min","129 deg 30 min"
"Bowser Lake",35,50,60,1690,3,1593,"56 deg 25 min","129 deg 30 min"
"Bowser Lake",35,50,60,1690,4,861,"56 deg 25 min","129 deg 30 min"
"Bowser Lake",35,50,60,1690,5,454,"56 deg 25 min","129 deg 30 min"
"Bowser Lake",35,50,60,1690,6,0,"56 deg 25 min","129 deg 30 min"
"Brannen Lake",161,2,5,89,1,832,"49 deg 13 min","124 deg 03 min"
"Brannen Lake",161,2,5,89,2,843,"49 deg 13 min","124 deg 03 min"
"Brannen Lake",161,2,5,89,3,686,"49 deg 13 min","124 deg 03 min"
"Brannen Lake",161,2,5,89,4,1135,"49 deg 13 min","124 deg 03 min"
"Brannen Lake",161,2,5,89,5,1290,"49 deg 13 min","124 deg 03 min"
"Brannen Lake",161,2,5,89,6,1156,"49 deg 13 min","124 deg 03 min"
"Brannen Lake",161,3,5,89,1,832,"49 deg 13 min","124 deg 03 min"
"Brannen Lake",161,3,5,89,2,843,"49 deg 13 min","124 deg 03 min"
"Brannen Lake",161,3,5,89,3,686,"49 deg 13 min","124 deg 03 min"
"Brannen Lake",161,3,5,89,4,1135,"49 deg 13 min","124 deg 03 min"
"Brannen Lake",161,3,5,89,5,1290,"49 deg 13 min","124 deg 03 min"
"Brannen Lake",161,3,5,89,6,1156,"49 deg 13 min","124 deg 03 min"
"Brannen Lake",161,5,10,64,1,695,"49 deg 13 min","124 deg 03 min"
"Brannen Lake",161,5,10,64,2,684,"49 deg 13 min","124 deg 03 min"
"Brannen Lake",161,5,10,64,3,385,"49 deg 13 min","124 deg 03 min"
"Brannen Lake",161,5,10,64,4,964,"49 deg 13 min","124 deg 03 min"
"Brannen Lake",161,5,10,64,5,1173,"49 deg 13 min","124 deg 03 min"
"Brannen Lake",161,5,10,64,6,1034,"49 deg 13 min","124 deg 03 min"
"Brannen Lake",161,10,15,45,1,551,"49 deg 13 min","124 deg 03 min"
"Brannen Lake",161,10,15,45,2,553,"49 deg 13 min","124 deg 03 min"
"Brannen Lake",161,10,15,45,3,190,"49 deg 13 min","124 deg 03 min"
"Brannen Lake",161,10,15,45,4,538,"49 deg 13 min","124 deg 03 min"
"Brannen Lake",161,10,15,45,5,990,"49 deg 13 min","124 deg 03 min"
"Brannen Lake",161,10,15,45,6,660,"49 deg 13 min","124 deg 03 min"
"Brannen Lake",161,15,20,19,1,0,"49 deg 13 min","124 deg 03 min"
"Brannen Lake",161,15,20,19,2,309,"49 deg 13 min","124 deg 03 min"
"Brannen Lake",161,15,20,19,3,0,"49 deg 13 min","124 deg 03 min"
"Brannen Lake",161,15,20,19,4,0,"49 deg 13 min","124 deg 03 min"
"Brannen Lake",161,15,20,19,5,0,"49 deg 13 min","124 deg 03 min"
"Brannen Lake",161,15,20,19,6,267,"49 deg 13 min","124 deg 03 min"
"Burrough Pt.",207,NA,NA,NA,NA,NA,NA,NA
"Butedale Lake",178,NA,NA,NA,NA,NA,"53 deg 08 min","128 deg 44 min"
"Campbell Lake",36,NA,NA,NA,NA,NA,"49 deg 55 min","125 deg 40 min"
"Cannery Bay",144,NA,NA,NA,NA,NA,"49 deg 09 min","125 deg 41 min"
"Canoe Ck",190,NA,NA,NA,NA,NA,NA,NA
"Cheewhat Lake",107,2,5,140,1,721,"48 deg 41 min","125 deg 45 min"
"Cheewhat Lake",107,2,5,140,2,843,"48 deg 41 min","125 deg 45 min"
"Cheewhat Lake",107,2,5,140,3,811,"48 deg 41 min","125 deg 45 min"
"Cheewhat Lake",107,2,5,140,4,743,"48 deg 41 min","125 deg 45 min"
"Cheewhat Lake",107,2,5,140,5,478,"48 deg 41 min","125 deg 45 min"
"Cheewhat Lake",107,2,5,140,6,1391,"48 deg 41 min","125 deg 45 min"
"Cheewhat Lake",107,3,5,140,1,721,"48 deg 41 min","125 deg 45 min"
"Cheewhat Lake",107,3,5,140,2,843,"48 deg 41 min","125 deg 45 min"
"Cheewhat Lake",107,3,5,140,3,811,"48 deg 41 min","125 deg 45 min"
"Cheewhat Lake",107,3,5,140,4,743,"48 deg 41 min","125 deg 45 min"
"Cheewhat Lake",107,3,5,140,5,478,"48 deg 41 min","125 deg 45 min"
"Cheewhat Lake",107,3,5,140,6,1391,"48 deg 41 min","125 deg 45 min"
"Cheewhat Lake",107,5,10,86,1,485,"48 deg 41 min","125 deg 45 min"
"Cheewhat Lake",107,5,10,86,2,455,"48 deg 41 min","125 deg 45 min"
"Cheewhat Lake",107,5,10,86,3,630,"48 deg 41 min","125 deg 45 min"
"Cheewhat Lake",107,5,10,86,4,614,"48 deg 41 min","125 deg 45 min"
"Cheewhat Lake",107,5,10,86,5,372,"48 deg 41 min","125 deg 45 min"
"Cheewhat Lake",107,5,10,86,6,1114,"48 deg 41 min","125 deg 45 min"
"Cheewhat Lake",107,10,15,33,1,0,"48 deg 41 min","125 deg 45 min"
"Cheewhat Lake",107,10,15,33,2,301,"48 deg 41 min","125 deg 45 min"
"Cheewhat Lake",107,10,15,33,3,464,"48 deg 41 min","125 deg 45 min"
"Cheewhat Lake",107,10,15,33,4,517,"48 deg 41 min","125 deg 45 min"
"Cheewhat Lake",107,10,15,33,5,239,"48 deg 41 min","125 deg 45 min"
"Cheewhat Lake",107,10,15,33,6,368,"48 deg 41 min","125 deg 45 min"
"Cheewhat Lake",107,15,20,14,1,0,"48 deg 41 min","125 deg 45 min"
"Cheewhat Lake",107,15,20,14,2,0,"48 deg 41 min","125 deg 45 min"
"Cheewhat Lake",107,15,20,14,3,315,"48 deg 41 min","125 deg 45 min"
"Cheewhat Lake",107,15,20,14,4,348,"48 deg 41 min","125 deg 45 min"
"Cheewhat Lake",107,15,20,14,5,0,"48 deg 41 min","125 deg 45 min"
"Cheewhat Lake",107,15,20,14,6,150,"48 deg 41 min","125 deg 45 min"
"Cheewhat Lake S-1",166,NA,NA,NA,NA,NA,"48 deg 41 min","124 deg 45 min"
"Cheewhat Lake S-2",167,NA,NA,NA,NA,NA,"48 deg 41 min","124 deg 45 min"
"Cheewhat River",143,NA,NA,NA,NA,NA,"40 deg 00 min","124 deg 47 min"
"Chilko Lake",74,NA,NA,NA,NA,NA,"51 deg 24 min","124 deg 10 min"
"Christina Lake",47,2,5,128,1,590,"57 deg 14 min","131 deg 58 min"
"Christina Lake",47,2,5,128,2,627,"57 deg 14 min","131 deg 58 min"
"Christina Lake",47,2,5,128,3,804,"57 deg 14 min","131 deg 58 min"
"Christina Lake",47,2,5,128,4,422,"57 deg 14 min","131 deg 58 min"
"Christina Lake",47,2,5,128,5,467,"57 deg 14 min","131 deg 58 min"
"Christina Lake",47,3,5,128,1,590,"57 deg 14 min","131 deg 58 min"
"Christina Lake",47,3,5,128,2,627,"57 deg 14 min","131 deg 58 min"
"Christina Lake",47,3,5,128,3,804,"57 deg 14 min","131 deg 58 min"
"Christina Lake",47,3,5,128,4,422,"57 deg 14 min","131 deg 58 min"
"Christina Lake",47,3,5,128,5,467,"57 deg 14 min","131 deg 58 min"
"Christina Lake",47,5,10,108,1,566,"57 deg 14 min","131 deg 58 min"
"Christina Lake",47,5,10,108,2,563,"57 deg 14 min","131 deg 58 min"
"Christina Lake",47,5,10,108,3,788,"57 deg 14 min","131 deg 58 min"
"Christina Lake",47,5,10,108,4,388,"57 deg 14 min","131 deg 58 min"
"Christina Lake",47,5,10,108,5,421,"57 deg 14 min","131 deg 58 min"
"Christina Lake",47,10,15,96,1,540,"57 deg 14 min","131 deg 58 min"
"Christina Lake",47,10,15,96,2,537,"57 deg 14 min","131 deg 58 min"
"Christina Lake",47,10,15,96,3,761,"57 deg 14 min","131 deg 58 min"
"Christina Lake",47,10,15,96,4,359,"57 deg 14 min","131 deg 58 min"
"Christina Lake",47,10,15,96,5,257,"57 deg 14 min","131 deg 58 min"
"Christina Lake",47,15,20,84,1,514,"57 deg 14 min","131 deg 58 min"
"Christina Lake",47,15,20,84,2,511,"57 deg 14 min","131 deg 58 min"
"Christina Lake",47,15,20,84,3,704,"57 deg 14 min","131 deg 58 min"
"Christina Lake",47,15,20,84,4,300,"57 deg 14 min","131 deg 58 min"
"Christina Lake",47,15,20,84,5,58,"57 deg 14 min","131 deg 58 min"
"Christina Lake",47,20,30,67,1,479,"57 deg 14 min","131 deg 58 min"
"Christina Lake",47,20,30,67,2,473,"57 deg 14 min","131 deg 58 min"
"Christina Lake",47,20,30,67,3,568,"57 deg 14 min","131 deg 58 min"
"Christina Lake",47,20,30,67,4,218,"57 deg 14 min","131 deg 58 min"
"Christina Lake",47,20,30,67,5,0,"57 deg 14 min","131 deg 58 min"
"Christina Lake",47,30,40,41,1,175,"57 deg 14 min","131 deg 58 min"
"Christina Lake",47,30,40,41,2,363,"57 deg 14 min","131 deg 58 min"
"Christina Lake",47,30,40,41,3,422,"57 deg 14 min","131 deg 58 min"
"Christina Lake",47,30,40,41,4,0,"57 deg 14 min","131 deg 58 min"
"Christina Lake",47,30,40,41,5,0,"57 deg 14 min","131 deg 58 min"
"Chutine Lake",48,2,5,587,1,1164,"57 deg 46 min","132 deg 24 min"
"Chutine Lake",48,2,5,587,2,1043,"57 deg 46 min","132 deg 24 min"
"Chutine Lake",48,2,5,587,3,1250,"57 deg 46 min","132 deg 24 min"
"Chutine Lake",48,2,5,587,4,1108,"57 deg 46 min","132 deg 24 min"
"Chutine Lake",48,2,5,587,5,1058,"57 deg 46 min","132 deg 24 min"
"Chutine Lake",48,3,5,587,1,1164,"57 deg 46 min","132 deg 24 min"
"Chutine Lake",48,3,5,587,2,1043,"57 deg 46 min","132 deg 24 min"
"Chutine Lake",48,3,5,587,3,1250,"57 deg 46 min","132 deg 24 min"
"Chutine Lake",48,3,5,587,4,1108,"57 deg 46 min","132 deg 24 min"
"Chutine Lake",48,3,5,587,5,1058,"57 deg 46 min","132 deg 24 min"
"Chutine Lake",48,5,10,531,1,1135,"57 deg 46 min","132 deg 24 min"
"Chutine Lake",48,5,10,531,2,1031,"57 deg 46 min","132 deg 24 min"
"Chutine Lake",48,5,10,531,3,1223,"57 deg 46 min","132 deg 24 min"
"Chutine Lake",48,5,10,531,4,1063,"57 deg 46 min","132 deg 24 min"
"Chutine Lake",48,5,10,531,5,1010,"57 deg 46 min","132 deg 24 min"
"Chutine Lake",48,10,15,490,1,1107,"57 deg 46 min","132 deg 24 min"
"Chutine Lake",48,10,15,490,2,1019,"57 deg 46 min","132 deg 24 min"
"Chutine Lake",48,10,15,490,3,1202,"57 deg 46 min","132 deg 24 min"
"Chutine Lake",48,10,15,490,4,923,"57 deg 46 min","132 deg 24 min"
"Chutine Lake",48,10,15,490,5,776,"57 deg 46 min","132 deg 24 min"
"Chutine Lake",48,15,20,464,1,1077,"57 deg 46 min","132 deg 24 min"
"Chutine Lake",48,15,20,464,2,1007,"57 deg 46 min","132 deg 24 min"
"Chutine Lake",48,15,20,464,3,1176,"57 deg 46 min","132 deg 24 min"
"Chutine Lake",48,15,20,464,4,895,"57 deg 46 min","132 deg 24 min"
"Chutine Lake",48,15,20,464,5,369,"57 deg 46 min","132 deg 24 min"
"Chutine Lake",48,20,30,434,1,1044,"57 deg 46 min","132 deg 24 min"
"Chutine Lake",48,20,30,434,2,992,"57 deg 46 min","132 deg 24 min"
"Chutine Lake",48,20,30,434,3,1149,"57 deg 46 min","132 deg 24 min"
"Chutine Lake",48,20,30,434,4,839,"57 deg 46 min","132 deg 24 min"
"Chutine Lake",48,20,30,434,5,0,"57 deg 46 min","132 deg 24 min"
"Chutine Lake",48,30,40,401,1,995,"57 deg 46 min","132 deg 24 min"
"Chutine Lake",48,30,40,401,2,959,"57 deg 46 min","132 deg 24 min"
"Chutine Lake",48,30,40,401,3,1104,"57 deg 46 min","132 deg 24 min"
"Chutine Lake",48,30,40,401,4,738,"57 deg 46 min","132 deg 24 min"
"Chutine Lake",48,30,40,401,5,0,"57 deg 46 min","132 deg 24 min"
"Chutine Lake",48,40,50,367,1,959,"57 deg 46 min","132 deg 24 min"
"Chutine Lake",48,40,50,367,2,930,"57 deg 46 min","132 deg 24 min"
"Chutine Lake",48,40,50,367,3,1062,"57 deg 46 min","132 deg 24 min"
"Chutine Lake",48,40,50,367,4,643,"57 deg 46 min","132 deg 24 min"
"Chutine Lake",48,40,50,367,5,0,"57 deg 46 min","132 deg 24 min"
"Chutine Lake",48,50,60,340,1,922,"57 deg 46 min","132 deg 24 min"
"Chutine Lake",48,50,60,340,2,897,"57 deg 46 min","132 deg 24 min"
"Chutine Lake",48,50,60,340,3,1009,"57 deg 46 min","132 deg 24 min"
"Chutine Lake",48,50,60,340,4,573,"57 deg 46 min","132 deg 24 min"
"Chutine Lake",48,50,60,340,5,0,"57 deg 46 min","132 deg 24 min"
"Claire Lake",92,NA,NA,NA,NA,NA,"53 deg 03 min","126 deg 11 min"
"Clearwater Creek",168,NA,NA,NA,NA,NA,"50 deg 37 min","125 deg 16 min"
"Coghlan Lake",93,NA,NA,NA,NA,NA,"61 deg 33 min","135 deg 29 min"
"Cole Ck",233,NA,NA,NA,NA,NA,NA,NA
"Comox Lake",37,NA,NA,NA,NA,NA,"49 deg 37 min","125 deg 10 min"
"Con Lake",173,NA,NA,NA,NA,NA,"48 deg 39 min","123 deg 36 min"
"Congreve Is.",195,NA,NA,NA,NA,NA,NA,NA
"Consinka Lake",117,NA,NA,NA,NA,NA,"48 deg 57 min","124 deg 58 min"
"Cougar Lake",179,NA,NA,NA,NA,NA,"53 deg 01 min","128 deg 51 min"
"Cowichan Lake",185,2,5,6222,1,1840,"48 deg 50 min","124 deg 20 min"
"Cowichan Lake",185,2,5,6222,2,2560,"48 deg 50 min","124 deg 20 min"
"Cowichan Lake",185,2,5,6222,3,1820,"48 deg 50 min","124 deg 20 min"
"Cowichan Lake",185,2,5,6222,4,2550,"48 deg 50 min","124 deg 20 min"
"Cowichan Lake",185,2,5,6222,5,2570,"48 deg 50 min","124 deg 20 min"
"Cowichan Lake",185,2,5,6222,6,1140,"48 deg 50 min","124 deg 20 min"
"Cowichan Lake",185,2,5,6222,7,840,"48 deg 50 min","124 deg 20 min"
"Cowichan Lake",185,3,5,6222,1,1840,"48 deg 50 min","124 deg 20 min"
"Cowichan Lake",185,3,5,6222,2,2560,"48 deg 50 min","124 deg 20 min"
"Cowichan Lake",185,3,5,6222,3,1820,"48 deg 50 min","124 deg 20 min"
"Cowichan Lake",185,3,5,6222,4,2550,"48 deg 50 min","124 deg 20 min"
"Cowichan Lake",185,3,5,6222,5,2570,"48 deg 50 min","124 deg 20 min"
"Cowichan Lake",185,3,5,6222,6,1140,"48 deg 50 min","124 deg 20 min"
"Cowichan Lake",185,3,5,6222,7,840,"48 deg 50 min","124 deg 20 min"
"Cowichan Lake",185,5,10,5944,1,1840,"48 deg 50 min","124 deg 20 min"
"Cowichan Lake",185,5,10,5944,2,2560,"48 deg 50 min","124 deg 20 min"
"Cowichan Lake",185,5,10,5944,3,1820,"48 deg 50 min","124 deg 20 min"
"Cowichan Lake",185,5,10,5944,4,2429,"48 deg 50 min","124 deg 20 min"
"Cowichan Lake",185,5,10,5944,5,2471,"48 deg 50 min","124 deg 20 min"
"Cowichan Lake",185,5,10,5944,6,1140,"48 deg 50 min","124 deg 20 min"
"Cowichan Lake",185,5,10,5944,7,773,"48 deg 50 min","124 deg 20 min"
"Cowichan Lake",185,10,15,5667,1,1840,"48 deg 50 min","124 deg 20 min"
"Cowichan Lake",185,10,15,5667,2,2324,"48 deg 50 min","124 deg 20 min"
"Cowichan Lake",185,10,15,5667,3,1801,"48 deg 50 min","124 deg 20 min"
"Cowichan Lake",185,10,15,5667,4,2111,"48 deg 50 min","124 deg 20 min"
"Cowichan Lake",185,10,15,5667,5,2341,"48 deg 50 min","124 deg 20 min"
"Cowichan Lake",185,10,15,5667,6,1140,"48 deg 50 min","124 deg 20 min"
"Cowichan Lake",185,10,15,5667,7,732,"48 deg 50 min","124 deg 20 min"
"Cowichan Lake",185,15,20,5389,1,1799,"48 deg 50 min","124 deg 20 min"
"Cowichan Lake",185,15,20,5389,2,2257,"48 deg 50 min","124 deg 20 min"
"Cowichan Lake",185,15,20,5389,3,1777,"48 deg 50 min","124 deg 20 min"
"Cowichan Lake",185,15,20,5389,4,1710,"48 deg 50 min","124 deg 20 min"
"Cowichan Lake",185,15,20,5389,5,2238,"48 deg 50 min","124 deg 20 min"
"Cowichan Lake",185,15,20,5389,6,1123,"48 deg 50 min","124 deg 20 min"
"Cowichan Lake",185,15,20,5389,7,715,"48 deg 50 min","124 deg 20 min"
"Cowichan Lake",185,20,30,4970,1,1714,"48 deg 50 min","124 deg 20 min"
"Cowichan Lake",185,20,30,4970,2,2149,"48 deg 50 min","124 deg 20 min"
"Cowichan Lake",185,20,30,4970,3,1767,"48 deg 50 min","124 deg 20 min"
"Cowichan Lake",185,20,30,4970,4,1396,"48 deg 50 min","124 deg 20 min"
"Cowichan Lake",185,20,30,4970,5,1977,"48 deg 50 min","124 deg 20 min"
"Cowichan Lake",185,20,30,4970,6,1089,"48 deg 50 min","124 deg 20 min"
"Cowichan Lake",185,20,30,4970,7,682,"48 deg 50 min","124 deg 20 min"
"Cowichan Lake",185,30,40,4408,1,1625,"48 deg 50 min","124 deg 20 min"
"Cowichan Lake",185,30,40,4408,2,1953,"48 deg 50 min","124 deg 20 min"
"Cowichan Lake",185,30,40,4408,3,1738,"48 deg 50 min","124 deg 20 min"
"Cowichan Lake",185,30,40,4408,4,918,"48 deg 50 min","124 deg 20 min"
"Cowichan Lake",185,30,40,4408,5,1820,"48 deg 50 min","124 deg 20 min"
"Cowichan Lake",185,30,40,4408,6,1041,"48 deg 50 min","124 deg 20 min"
"Cowichan Lake",185,30,40,4408,7,640,"48 deg 50 min","124 deg 20 min"
"Cowichan Lake",185,40,50,3731,1,1312,"48 deg 50 min","124 deg 20 min"
"Cowichan Lake",185,40,50,3731,2,1455,"48 deg 50 min","124 deg 20 min"
"Cowichan Lake",185,40,50,3731,3,1647,"48 deg 50 min","124 deg 20 min"
"Cowichan Lake",185,40,50,3731,4,749,"48 deg 50 min","124 deg 20 min"
"Cowichan Lake",185,40,50,3731,5,1694,"48 deg 50 min","124 deg 20 min"
"Cowichan Lake",185,40,50,3731,6,1003,"48 deg 50 min","124 deg 20 min"
"Cowichan Lake",185,40,50,3731,7,541,"48 deg 50 min","124 deg 20 min"
"Cowichan Lake",185,50,60,2937,1,609,"48 deg 50 min","124 deg 20 min"
"Cowichan Lake",185,50,60,2937,2,1151,"48 deg 50 min","124 deg 20 min"
"Cowichan Lake",185,50,60,2937,3,1527,"48 deg 50 min","124 deg 20 min"
"Cowichan Lake",185,50,60,2937,4,266,"48 deg 50 min","124 deg 20 min"
"Cowichan Lake",185,50,60,2937,5,1550,"48 deg 50 min","124 deg 20 min"
"Cowichan Lake",185,50,60,2937,6,951,"48 deg 50 min","124 deg 20 min"
"Cowichan Lake",185,50,60,2937,7,499,"48 deg 50 min","124 deg 20 min"
"Cultus Lake",114,NA,NA,NA,NA,NA,"50 deg 52 min","121 deg 03 min"
"Curtis Lake",28,2,5,247,1,679,"53 deg 30 min","129 deg 50 min"
"Curtis Lake",28,2,5,247,2,1012,"53 deg 30 min","129 deg 50 min"
"Curtis Lake",28,2,5,247,3,646,"53 deg 30 min","129 deg 50 min"
"Curtis Lake",28,2,5,247,4,698,"53 deg 30 min","129 deg 50 min"
"Curtis Lake",28,3,5,247,1,679,"53 deg 30 min","129 deg 50 min"
"Curtis Lake",28,3,5,247,2,1012,"53 deg 30 min","129 deg 50 min"
"Curtis Lake",28,3,5,247,3,646,"53 deg 30 min","129 deg 50 min"
"Curtis Lake",28,3,5,247,4,698,"53 deg 30 min","129 deg 50 min"
"Curtis Lake",28,5,10,216,1,656,"53 deg 30 min","129 deg 50 min"
"Curtis Lake",28,5,10,216,2,1004,"53 deg 30 min","129 deg 50 min"
"Curtis Lake",28,5,10,216,3,631,"53 deg 30 min","129 deg 50 min"
"Curtis Lake",28,5,10,216,4,564,"53 deg 30 min","129 deg 50 min"
"Curtis Lake",28,10,15,198,1,621,"53 deg 30 min","129 deg 50 min"
"Curtis Lake",28,10,15,198,2,965,"53 deg 30 min","129 deg 50 min"
"Curtis Lake",28,10,15,198,3,617,"53 deg 30 min","129 deg 50 min"
"Curtis Lake",28,10,15,198,4,504,"53 deg 30 min","129 deg 50 min"
"Curtis Lake",28,15,20,186,1,586,"53 deg 30 min","129 deg 50 min"
"Curtis Lake",28,15,20,186,2,960,"53 deg 30 min","129 deg 50 min"
"Curtis Lake",28,15,20,186,3,603,"53 deg 30 min","129 deg 50 min"
"Curtis Lake",28,15,20,186,4,455,"53 deg 30 min","129 deg 50 min"
"Curtis Lake",28,20,30,164,1,556,"53 deg 30 min","129 deg 50 min"
"Curtis Lake",28,20,30,164,2,743,"53 deg 30 min","129 deg 50 min"
"Curtis Lake",28,20,30,164,3,577,"53 deg 30 min","129 deg 50 min"
"Curtis Lake",28,20,30,164,4,231,"53 deg 30 min","129 deg 50 min"
"Curtis Lake",28,30,40,129,1,452,"53 deg 30 min","129 deg 50 min"
"Curtis Lake",28,30,40,129,2,645,"53 deg 30 min","129 deg 50 min"
"Curtis Lake",28,30,40,129,3,337,"53 deg 30 min","129 deg 50 min"
"Curtis Lake",28,30,40,129,4,134,"53 deg 30 min","129 deg 50 min"
"Curtis Lake",28,40,50,93,1,389,"53 deg 30 min","129 deg 50 min"
"Curtis Lake",28,40,50,93,2,588,"53 deg 30 min","129 deg 50 min"
"Curtis Lake",28,40,50,93,3,123,"53 deg 30 min","129 deg 50 min"
"Curtis Lake",28,40,50,93,4,0,"53 deg 30 min","129 deg 50 min"
"Curtis Lake",28,50,60,63,1,305,"53 deg 30 min","129 deg 50 min"
"Curtis Lake",28,50,60,63,2,510,"53 deg 30 min","129 deg 50 min"
"Curtis Lake",28,50,60,63,3,0,"53 deg 30 min","129 deg 50 min"
"Curtis Lake",28,50,60,63,4,0,"53 deg 30 min","129 deg 50 min"
"Curtis Lake",28,60,70,40,1,182,"53 deg 30 min","129 deg 50 min"
"Curtis Lake",28,60,70,40,2,421,"53 deg 30 min","129 deg 50 min"
"Curtis Lake",28,60,70,40,3,0,"53 deg 30 min","129 deg 50 min"
"Curtis Lake",28,60,70,40,4,0,"53 deg 30 min","129 deg 50 min"
"Damdochax Lake",38,2,5,134.5,1,370,"56 deg 30 min","128 deg 06 min"
"Damdochax Lake",38,2,5,134.5,2,587,"56 deg 30 min","128 deg 06 min"
"Damdochax Lake",38,2,5,134.5,3,614,"56 deg 30 min","128 deg 06 min"
"Damdochax Lake",38,2,5,134.5,4,677,"56 deg 30 min","128 deg 06 min"
"Damdochax Lake",38,3,5,125,1,361,"56 deg 30 min","128 deg 06 min"
"Damdochax Lake",38,3,5,125,2,583,"56 deg 30 min","128 deg 06 min"
"Damdochax Lake",38,3,5,125,3,614,"56 deg 30 min","128 deg 06 min"
"Damdochax Lake",38,3,5,125,4,667,"56 deg 30 min","128 deg 06 min"
"Damdochax Lake",38,5,10,101.6,1,188,"56 deg 30 min","128 deg 06 min"
"Damdochax Lake",38,5,10,101.6,2,402,"56 deg 30 min","128 deg 06 min"
"Damdochax Lake",38,5,10,101.6,3,591,"56 deg 30 min","128 deg 06 min"
"Damdochax Lake",38,5,10,101.6,4,640,"56 deg 30 min","128 deg 06 min"
"Damdochax Lake",38,10,15,54.3,1,0,"56 deg 30 min","128 deg 06 min"
"Damdochax Lake",38,10,15,54.3,2,0,"56 deg 30 min","128 deg 06 min"
"Damdochax Lake",38,10,15,54.3,3,534,"56 deg 30 min","128 deg 06 min"
"Damdochax Lake",38,10,15,54.3,4,385,"56 deg 30 min","128 deg 06 min"
"Damdochax Lake",38,15,20,12.4,1,0,"56 deg 30 min","128 deg 06 min"
"Damdochax Lake",38,15,20,12.4,2,0,"56 deg 30 min","128 deg 06 min"
"Damdochax Lake",38,15,20,12.4,3,199,"56 deg 30 min","128 deg 06 min"
"Damdochax Lake",38,15,20,12.4,4,0,"56 deg 30 min","128 deg 06 min"
"Deep Lake (Oshinow)",154,NA,NA,NA,NA,NA,"49 deg 27 min","125 deg 20 min"
"Deer Lake",177,NA,NA,NA,NA,NA,"53 deg 07 min","128 deg 59 min"
"Devon Lake",29,2,5,167,1,390,"53 deg 27 min","129 deg 45 min"
"Devon Lake",29,2,5,167,2,639,"53 deg 27 min","129 deg 45 min"
"Devon Lake",29,2,5,167,3,496,"53 deg 27 min","129 deg 45 min"
"Devon Lake",29,2,5,167,4,507,"53 deg 27 min","129 deg 45 min"
"Devon Lake",29,2,5,167,5,894,"53 deg 27 min","129 deg 45 min"
"Devon Lake",29,2,5,167,6,900,"53 deg 27 min","129 deg 45 min"
"Devon Lake",29,2,5,167,7,1100,"53 deg 27 min","129 deg 45 min"
"Devon Lake",29,3,5,167,1,390,"53 deg 27 min","129 deg 45 min"
"Devon Lake",29,3,5,167,2,639,"53 deg 27 min","129 deg 45 min"
"Devon Lake",29,3,5,167,3,496,"53 deg 27 min","129 deg 45 min"
"Devon Lake",29,3,5,167,4,507,"53 deg 27 min","129 deg 45 min"
"Devon Lake",29,3,5,167,5,894,"53 deg 27 min","129 deg 45 min"
"Devon Lake",29,3,5,167,6,900,"53 deg 27 min","129 deg 45 min"
"Devon Lake",29,3,5,167,7,1100,"53 deg 27 min","129 deg 45 min"
"Devon Lake",29,5,10,152,1,382,"53 deg 27 min","129 deg 45 min"
"Devon Lake",29,5,10,152,2,616,"53 deg 27 min","129 deg 45 min"
"Devon Lake",29,5,10,152,3,482,"53 deg 27 min","129 deg 45 min"
"Devon Lake",29,5,10,152,4,496,"53 deg 27 min","129 deg 45 min"
"Devon Lake",29,5,10,152,5,876,"53 deg 27 min","129 deg 45 min"
"Devon Lake",29,5,10,152,6,857,"53 deg 27 min","129 deg 45 min"
"Devon Lake",29,5,10,152,7,1072,"53 deg 27 min","129 deg 45 min"
"Devon Lake",29,10,15,141,1,369,"53 deg 27 min","129 deg 45 min"
"Devon Lake",29,10,15,141,2,597,"53 deg 27 min","129 deg 45 min"
"Devon Lake",29,10,15,141,3,467,"53 deg 27 min","129 deg 45 min"
"Devon Lake",29,10,15,141,4,483,"53 deg 27 min","129 deg 45 min"
"Devon Lake",29,10,15,141,5,857,"53 deg 27 min","129 deg 45 min"
"Devon Lake",29,10,15,141,6,814,"53 deg 27 min","129 deg 45 min"
"Devon Lake",29,10,15,141,7,1024,"53 deg 27 min","129 deg 45 min"
"Devon Lake",29,15,20,131,1,356,"53 deg 27 min","129 deg 45 min"
"Devon Lake",29,15,20,131,2,562,"53 deg 27 min","129 deg 45 min"
"Devon Lake",29,15,20,131,3,451,"53 deg 27 min","129 deg 45 min"
"Devon Lake",29,15,20,131,4,458,"53 deg 27 min","129 deg 45 min"
"Devon Lake",29,15,20,131,5,844,"53 deg 27 min","129 deg 45 min"
"Devon Lake",29,15,20,131,6,763,"53 deg 27 min","129 deg 45 min"
"Devon Lake",29,15,20,131,7,955,"53 deg 27 min","129 deg 45 min"
"Devon Lake",29,20,30,112,1,334,"53 deg 27 min","129 deg 45 min"
"Devon Lake",29,20,30,112,2,466,"53 deg 27 min","129 deg 45 min"
"Devon Lake",29,20,30,112,3,424,"53 deg 27 min","129 deg 45 min"
"Devon Lake",29,20,30,112,4,388,"53 deg 27 min","129 deg 45 min"
"Devon Lake",29,20,30,112,5,820,"53 deg 27 min","129 deg 45 min"
"Devon Lake",29,20,30,112,6,651,"53 deg 27 min","129 deg 45 min"
"Devon Lake",29,20,30,112,7,643,"53 deg 27 min","129 deg 45 min"
"Devon Lake",29,30,40,68,1,306,"53 deg 27 min","129 deg 45 min"
"Devon Lake",29,30,40,68,2,108,"53 deg 27 min","129 deg 45 min"
"Devon Lake",29,30,40,68,3,272,"53 deg 27 min","129 deg 45 min"
"Devon Lake",29,30,40,68,4,277,"53 deg 27 min","129 deg 45 min"
"Devon Lake",29,30,40,68,5,615,"53 deg 27 min","129 deg 45 min"
"Devon Lake",29,30,40,68,6,0,"53 deg 27 min","129 deg 45 min"
"Devon Lake",29,30,40,68,7,436,"53 deg 27 min","129 deg 45 min"
"Devon Lake",29,40,50,26,1,274,"53 deg 27 min","129 deg 45 min"
"Devon Lake",29,40,50,26,2,0,"53 deg 27 min","129 deg 45 min"
"Devon Lake",29,40,50,26,3,106,"53 deg 27 min","129 deg 45 min"
"Devon Lake",29,40,50,26,4,104,"53 deg 27 min","129 deg 45 min"
"Devon Lake",29,40,50,26,5,0,"53 deg 27 min","129 deg 45 min"
"Devon Lake",29,40,50,26,6,0,"53 deg 27 min","129 deg 45 min"
"Devon Lake",29,40,50,26,7,401,"53 deg 27 min","129 deg 45 min"
"Devon Lake",29,50,60,10,1,0,"53 deg 27 min","129 deg 45 min"
"Devon Lake",29,50,60,10,2,0,"53 deg 27 min","129 deg 45 min"
"Devon Lake",29,50,60,10,3,0,"53 deg 27 min","129 deg 45 min"
"Devon Lake",29,50,60,10,4,0,"53 deg 27 min","129 deg 45 min"
"Devon Lake",29,50,60,10,5,0,"53 deg 27 min","129 deg 45 min"
"Devon Lake",29,50,60,10,6,0,"53 deg 27 min","129 deg 45 min"
"Devon Lake",29,50,60,10,7,0,"53 deg 27 min","129 deg 45 min"
"Devon Lake",29,60,70,4,1,0,"53 deg 27 min","129 deg 45 min"
"Devon Lake",29,60,70,4,2,0,"53 deg 27 min","129 deg 45 min"
"Devon Lake",29,60,70,4,3,0,"53 deg 27 min","129 deg 45 min"
"Devon Lake",29,60,70,4,4,0,"53 deg 27 min","129 deg 45 min"
"Devon Lake",29,60,70,4,5,0,"53 deg 27 min","129 deg 45 min"
"Devon Lake",29,60,70,4,6,0,"53 deg 27 min","129 deg 45 min"
"Devon Lake",29,60,70,4,7,0,"53 deg 27 min","129 deg 45 min"
"Dezadeash Lake",128,NA,NA,NA,NA,NA,"60 deg 28 min","136 deg 58 min"
"Diplock Is.",209,NA,NA,NA,NA,NA,NA,NA
"Doobah Lake",139,NA,NA,NA,NA,NA,"48 deg 43 min","124 deg 45 min"
"Dragon Lake",214,2,5,173.7,1,1145,"52 deg 34 min","122 deg 25 min"
"Dragon Lake",214,2,5,173.7,2,1210.2,"52 deg 34 min","122 deg 25 min"
"Dragon Lake",214,2,5,173.7,3,1206.6,"52 deg 34 min","122 deg 25 min"
"Dragon Lake",214,2,5,173.7,4,798.5,"52 deg 34 min","122 deg 25 min"
"Dragon Lake",214,3,5,0,1,0,"52 deg 34 min","122 deg 25 min"
"Dragon Lake",214,3,5,0,2,0,"52 deg 34 min","122 deg 25 min"
"Dragon Lake",214,3,5,0,3,0,"52 deg 34 min","122 deg 25 min"
"Dragon Lake",214,3,5,0,4,0,"52 deg 34 min","122 deg 25 min"
"Dragon Lake",214,5,10,116.3,1,1058.3,"52 deg 34 min","122 deg 25 min"
"Dragon Lake",214,5,10,116.3,2,1133,"52 deg 34 min","122 deg 25 min"
"Dragon Lake",214,5,10,116.3,3,1131,"52 deg 34 min","122 deg 25 min"
"Dragon Lake",214,5,10,116.3,4,464.6,"52 deg 34 min","122 deg 25 min"
"Dunsmuir Point",193,NA,NA,NA,NA,NA,NA,NA
"Eden Lake",25,2,5,556,1,775,"53 deg 51 min","132 deg 43 min"
"Eden Lake",25,2,5,556,2,685,"53 deg 51 min","132 deg 43 min"
"Eden Lake",25,2,5,556,3,1279,"53 deg 51 min","132 deg 43 min"
"Eden Lake",25,2,5,556,4,763,"53 deg 51 min","132 deg 43 min"
"Eden Lake",25,3,5,556,1,775,"53 deg 51 min","132 deg 43 min"
"Eden Lake",25,3,5,556,2,685,"53 deg 51 min","132 deg 43 min"
"Eden Lake",25,3,5,556,3,1279,"53 deg 51 min","132 deg 43 min"
"Eden Lake",25,3,5,556,4,763,"53 deg 51 min","132 deg 43 min"
"Eden Lake",25,5,10,507,1,714,"53 deg 51 min","132 deg 43 min"
"Eden Lake",25,5,10,507,2,669,"53 deg 51 min","132 deg 43 min"
"Eden Lake",25,5,10,507,3,1050,"53 deg 51 min","132 deg 43 min"
"Eden Lake",25,5,10,507,4,619,"53 deg 51 min","132 deg 43 min"
"Eden Lake",25,10,15,481,1,699,"53 deg 51 min","132 deg 43 min"
"Eden Lake",25,10,15,481,2,623,"53 deg 51 min","132 deg 43 min"
"Eden Lake",25,10,15,481,3,960,"53 deg 51 min","132 deg 43 min"
"Eden Lake",25,10,15,481,4,478,"53 deg 51 min","132 deg 43 min"
"Eden Lake",25,15,20,454,1,641,"53 deg 51 min","132 deg 43 min"
"Eden Lake",25,15,20,454,2,590,"53 deg 51 min","132 deg 43 min"
"Eden Lake",25,15,20,454,3,922,"53 deg 51 min","132 deg 43 min"
"Eden Lake",25,15,20,454,4,386,"53 deg 51 min","132 deg 43 min"
"Eden Lake",25,20,30,397,1,578,"53 deg 51 min","132 deg 43 min"
"Eden Lake",25,20,30,397,2,553,"53 deg 51 min","132 deg 43 min"
"Eden Lake",25,20,30,397,3,790,"53 deg 51 min","132 deg 43 min"
"Eden Lake",25,20,30,397,4,267,"53 deg 51 min","132 deg 43 min"
"Eden Lake",25,30,40,307,1,512,"53 deg 51 min","132 deg 43 min"
"Eden Lake",25,30,40,307,2,513,"53 deg 51 min","132 deg 43 min"
"Eden Lake",25,30,40,307,3,722,"53 deg 51 min","132 deg 43 min"
"Eden Lake",25,30,40,307,4,0,"53 deg 51 min","132 deg 43 min"
"Eden Lake",25,40,50,239,1,429,"53 deg 51 min","132 deg 43 min"
"Eden Lake",25,40,50,239,2,478,"53 deg 51 min","132 deg 43 min"
"Eden Lake",25,40,50,239,3,630,"53 deg 51 min","132 deg 43 min"
"Eden Lake",25,40,50,239,4,0,"53 deg 51 min","132 deg 43 min"
"Eden Lake",25,50,60,203,1,0,"53 deg 51 min","132 deg 43 min"
"Eden Lake",25,50,60,203,2,0,"53 deg 51 min","132 deg 43 min"
"Eden Lake",25,50,60,203,3,0,"53 deg 51 min","132 deg 43 min"
"Eden Lake",25,50,60,203,4,0,"53 deg 51 min","132 deg 43 min"
"Eden Lake",25,60,70,170,1,0,"53 deg 51 min","132 deg 43 min"
"Eden Lake",25,60,70,170,2,0,"53 deg 51 min","132 deg 43 min"
"Eden Lake",25,60,70,170,3,0,"53 deg 51 min","132 deg 43 min"
"Eden Lake",25,60,70,170,4,0,"53 deg 51 min","132 deg 43 min"
"Ellerslie Lake",181,2,5,2447,1,1867,"52 deg 32 min","127 deg 57 min"
"Ellerslie Lake",181,2,5,2447,2,878,"52 deg 32 min","127 deg 57 min"
"Ellerslie Lake",181,2,5,2447,3,928,"52 deg 32 min","127 deg 57 min"
"Ellerslie Lake",181,2,5,2447,4,1211,"52 deg 32 min","127 deg 57 min"
"Ellerslie Lake",181,2,5,2447,5,1083,"52 deg 32 min","127 deg 57 min"
"Ellerslie Lake",181,2,5,2447,6,2033,"52 deg 32 min","127 deg 57 min"
"Ellerslie Lake",181,2,5,2447,7,1633,"52 deg 32 min","127 deg 57 min"
"Ellerslie Lake",181,2,5,2447,8,1133,"52 deg 32 min","127 deg 57 min"
"Ellerslie Lake",181,2,5,2447,9,656,"52 deg 32 min","127 deg 57 min"
"Ellerslie Lake",181,2,5,2447,10,950,"52 deg 32 min","127 deg 57 min"
"Ellerslie Lake",181,2,5,2447,11,783,"52 deg 32 min","127 deg 57 min"
"Ellerslie Lake",181,2,5,2447,12,1578,"52 deg 32 min","127 deg 57 min"
"Ellerslie Lake",181,2,5,2447,13,1472,"52 deg 32 min","127 deg 57 min"
"Ellerslie Lake",181,2,5,2447,14,1589,"52 deg 32 min","127 deg 57 min"
"Ellerslie Lake",181,3,5,2447,1,1867,"52 deg 32 min","127 deg 57 min"
"Ellerslie Lake",181,3,5,2447,2,878,"52 deg 32 min","127 deg 57 min"
"Ellerslie Lake",181,3,5,2447,3,928,"52 deg 32 min","127 deg 57 min"
"Ellerslie Lake",181,3,5,2447,4,1211,"52 deg 32 min","127 deg 57 min"
"Ellerslie Lake",181,3,5,2447,5,1083,"52 deg 32 min","127 deg 57 min"
"Ellerslie Lake",181,3,5,2447,6,2033,"52 deg 32 min","127 deg 57 min"
"Ellerslie Lake",181,3,5,2447,7,1633,"52 deg 32 min","127 deg 57 min"
"Ellerslie Lake",181,3,5,2447,8,1133,"52 deg 32 min","127 deg 57 min"
"Ellerslie Lake",181,3,5,2447,9,656,"52 deg 32 min","127 deg 57 min"
"Ellerslie Lake",181,3,5,2447,10,950,"52 deg 32 min","127 deg 57 min"
"Ellerslie Lake",181,3,5,2447,11,783,"52 deg 32 min","127 deg 57 min"
"Ellerslie Lake",181,3,5,2447,12,1578,"52 deg 32 min","127 deg 57 min"
"Ellerslie Lake",181,3,5,2447,13,1472,"52 deg 32 min","127 deg 57 min"
"Ellerslie Lake",181,3,5,2447,14,1589,"52 deg 32 min","127 deg 57 min"
"Ellerslie Lake",181,5,10,2332,1,1861,"52 deg 32 min","127 deg 57 min"
"Ellerslie Lake",181,5,10,2332,2,867,"52 deg 32 min","127 deg 57 min"
"Ellerslie Lake",181,5,10,2332,3,917,"52 deg 32 min","127 deg 57 min"
"Ellerslie Lake",181,5,10,2332,4,1189,"52 deg 32 min","127 deg 57 min"
"Ellerslie Lake",181,5,10,2332,5,1050,"52 deg 32 min","127 deg 57 min"
"Ellerslie Lake",181,5,10,2332,6,2006,"52 deg 32 min","127 deg 57 min"
"Ellerslie Lake",181,5,10,2332,7,1583,"52 deg 32 min","127 deg 57 min"
"Ellerslie Lake",181,5,10,2332,8,772,"52 deg 32 min","127 deg 57 min"
"Ellerslie Lake",181,5,10,2332,9,544,"52 deg 32 min","127 deg 57 min"
"Ellerslie Lake",181,5,10,2332,10,900,"52 deg 32 min","127 deg 57 min"
"Ellerslie Lake",181,5,10,2332,11,744,"52 deg 32 min","127 deg 57 min"
"Ellerslie Lake",181,5,10,2332,12,1556,"52 deg 32 min","127 deg 57 min"
"Ellerslie Lake",181,5,10,2332,13,1444,"52 deg 32 min","127 deg 57 min"
"Ellerslie Lake",181,5,10,2332,14,1572,"52 deg 32 min","127 deg 57 min"
"Ellerslie Lake",181,10,15,2183,1,1839,"52 deg 32 min","127 deg 57 min"
"Ellerslie Lake",181,10,15,2183,2,856,"52 deg 32 min","127 deg 57 min"
"Ellerslie Lake",181,10,15,2183,3,900,"52 deg 32 min","127 deg 57 min"
"Ellerslie Lake",181,10,15,2183,4,1128,"52 deg 32 min","127 deg 57 min"
"Ellerslie Lake",181,10,15,2183,5,1028,"52 deg 32 min","127 deg 57 min"
"Ellerslie Lake",181,10,15,2183,6,1983,"52 deg 32 min","127 deg 57 min"
"Ellerslie Lake",181,10,15,2183,7,1361,"52 deg 32 min","127 deg 57 min"
"Ellerslie Lake",181,10,15,2183,8,411,"52 deg 32 min","127 deg 57 min"
"Ellerslie Lake",181,10,15,2183,9,444,"52 deg 32 min","127 deg 57 min"
"Ellerslie Lake",181,10,15,2183,10,856,"52 deg 32 min","127 deg 57 min"
"Ellerslie Lake",181,10,15,2183,11,711,"52 deg 32 min","127 deg 57 min"
"Ellerslie Lake",181,10,15,2183,12,1539,"52 deg 32 min","127 deg 57 min"
"Ellerslie Lake",181,10,15,2183,13,1417,"52 deg 32 min","127 deg 57 min"
"Ellerslie Lake",181,10,15,2183,14,1544,"52 deg 32 min","127 deg 57 min"
"Ellerslie Lake",181,15,20,2055,1,1822,"52 deg 32 min","127 deg 57 min"
"Ellerslie Lake",181,15,20,2055,2,844,"52 deg 32 min","127 deg 57 min"
"Ellerslie Lake",181,15,20,2055,3,889,"52 deg 32 min","127 deg 57 min"
"Ellerslie Lake",181,15,20,2055,4,1106,"52 deg 32 min","127 deg 57 min"
"Ellerslie Lake",181,15,20,2055,5,1006,"52 deg 32 min","127 deg 57 min"
"Ellerslie Lake",181,15,20,2055,6,1967,"52 deg 32 min","127 deg 57 min"
"Ellerslie Lake",181,15,20,2055,7,1094,"52 deg 32 min","127 deg 57 min"
"Ellerslie Lake",181,15,20,2055,8,0,"52 deg 32 min","127 deg 57 min"
"Ellerslie Lake",181,15,20,2055,9,367,"52 deg 32 min","127 deg 57 min"
"Ellerslie Lake",181,15,20,2055,10,778,"52 deg 32 min","127 deg 57 min"
"Ellerslie Lake",181,15,20,2055,11,689,"52 deg 32 min","127 deg 57 min"
"Ellerslie Lake",181,15,20,2055,12,1517,"52 deg 32 min","127 deg 57 min"
"Ellerslie Lake",181,15,20,2055,13,1400,"52 deg 32 min","127 deg 57 min"
"Ellerslie Lake",181,15,20,2055,14,1517,"52 deg 32 min","127 deg 57 min"
"Ellerslie Lake",181,20,30,1926,1,1811,"52 deg 32 min","127 deg 57 min"
"Ellerslie Lake",181,20,30,1926,2,828,"52 deg 32 min","127 deg 57 min"
"Ellerslie Lake",181,20,30,1926,3,878,"52 deg 32 min","127 deg 57 min"
"Ellerslie Lake",181,20,30,1926,4,1094,"52 deg 32 min","127 deg 57 min"
"Ellerslie Lake",181,20,30,1926,5,961,"52 deg 32 min","127 deg 57 min"
"Ellerslie Lake",181,20,30,1926,6,1956,"52 deg 32 min","127 deg 57 min"
"Ellerslie Lake",181,20,30,1926,7,483,"52 deg 32 min","127 deg 57 min"
"Ellerslie Lake",181,20,30,1926,8,0,"52 deg 32 min","127 deg 57 min"
"Ellerslie Lake",181,20,30,1926,9,311,"52 deg 32 min","127 deg 57 min"
"Ellerslie Lake",181,20,30,1926,10,717,"52 deg 32 min","127 deg 57 min"
"Ellerslie Lake",181,20,30,1926,11,672,"52 deg 32 min","127 deg 57 min"
"Ellerslie Lake",181,20,30,1926,12,1500,"52 deg 32 min","127 deg 57 min"
"Ellerslie Lake",181,20,30,1926,13,1367,"52 deg 32 min","127 deg 57 min"
"Ellerslie Lake",181,20,30,1926,14,1494,"52 deg 32 min","127 deg 57 min"
"Ellerslie Lake",181,30,40,1768,1,1761,"52 deg 32 min","127 deg 57 min"
"Ellerslie Lake",181,30,40,1768,2,800,"52 deg 32 min","127 deg 57 min"
"Ellerslie Lake",181,30,40,1768,3,850,"52 deg 32 min","127 deg 57 min"
"Ellerslie Lake",181,30,40,1768,4,1067,"52 deg 32 min","127 deg 57 min"
"Ellerslie Lake",181,30,40,1768,5,889,"52 deg 32 min","127 deg 57 min"
"Ellerslie Lake",181,30,40,1768,6,1778,"52 deg 32 min","127 deg 57 min"
"Ellerslie Lake",181,30,40,1768,7,0,"52 deg 32 min","127 deg 57 min"
"Ellerslie Lake",181,30,40,1768,8,0,"52 deg 32 min","127 deg 57 min"
"Ellerslie Lake",181,30,40,1768,9,167,"52 deg 32 min","127 deg 57 min"
"Ellerslie Lake",181,30,40,1768,10,506,"52 deg 32 min","127 deg 57 min"
"Ellerslie Lake",181,30,40,1768,11,633,"52 deg 32 min","127 deg 57 min"
"Ellerslie Lake",181,30,40,1768,12,1467,"52 deg 32 min","127 deg 57 min"
"Ellerslie Lake",181,30,40,1768,13,1322,"52 deg 32 min","127 deg 57 min"
"Ellerslie Lake",181,30,40,1768,14,1456,"52 deg 32 min","127 deg 57 min"
"Ellerslie Lake",181,40,50,1606,1,1717,"52 deg 32 min","127 deg 57 min"
"Ellerslie Lake",181,40,50,1606,2,767,"52 deg 32 min","127 deg 57 min"
"Ellerslie Lake",181,40,50,1606,3,828,"52 deg 32 min","127 deg 57 min"
"Ellerslie Lake",181,40,50,1606,4,1044,"52 deg 32 min","127 deg 57 min"
"Ellerslie Lake",181,40,50,1606,5,822,"52 deg 32 min","127 deg 57 min"
"Ellerslie Lake",181,40,50,1606,6,1611,"52 deg 32 min","127 deg 57 min"
"Ellerslie Lake",181,40,50,1606,7,0,"52 deg 32 min","127 deg 57 min"
"Ellerslie Lake",181,40,50,1606,8,0,"52 deg 32 min","127 deg 57 min"
"Ellerslie Lake",181,40,50,1606,9,0,"52 deg 32 min","127 deg 57 min"
"Ellerslie Lake",181,40,50,1606,10,0,"52 deg 32 min","127 deg 57 min"
"Ellerslie Lake",181,40,50,1606,11,600,"52 deg 32 min","127 deg 57 min"
"Ellerslie Lake",181,40,50,1606,12,1422,"52 deg 32 min","127 deg 57 min"
"Ellerslie Lake",181,40,50,1606,13,1244,"52 deg 32 min","127 deg 57 min"
"Ellerslie Lake",181,40,50,1606,14,1372,"52 deg 32 min","127 deg 57 min"
"Ellerslie Lake",181,50,60,1436,1,1656,"52 deg 32 min","127 deg 57 min"
"Ellerslie Lake",181,50,60,1436,2,739,"52 deg 32 min","127 deg 57 min"
"Ellerslie Lake",181,50,60,1436,3,806,"52 deg 32 min","127 deg 57 min"
"Ellerslie Lake",181,50,60,1436,4,1017,"52 deg 32 min","127 deg 57 min"
"Ellerslie Lake",181,50,60,1436,5,783,"52 deg 32 min","127 deg 57 min"
"Ellerslie Lake",181,50,60,1436,6,1400,"52 deg 32 min","127 deg 57 min"
"Ellerslie Lake",181,50,60,1436,7,0,"52 deg 32 min","127 deg 57 min"
"Ellerslie Lake",181,50,60,1436,8,0,"52 deg 32 min","127 deg 57 min"
"Ellerslie Lake",181,50,60,1436,9,0,"52 deg 32 min","127 deg 57 min"
"Ellerslie Lake",181,50,60,1436,10,0,"52 deg 32 min","127 deg 57 min"
"Ellerslie Lake",181,50,60,1436,11,556,"52 deg 32 min","127 deg 57 min"
"Ellerslie Lake",181,50,60,1436,12,1367,"52 deg 32 min","127 deg 57 min"
"Ellerslie Lake",181,50,60,1436,13,1156,"52 deg 32 min","127 deg 57 min"
"Ellerslie Lake",181,50,60,1436,14,1294,"52 deg 32 min","127 deg 57 min"
"Elsie Lake",152,NA,NA,NA,NA,NA,"49 deg 35 min","125 deg 12 min"
"Ethel Lake",94,NA,NA,NA,NA,NA,"63 deg 22 min","136 deg 06 min"
"Foucault Bluff",203,NA,NA,NA,NA,NA,NA,NA
"Fox Lake",95,NA,NA,NA,NA,NA,"61 deg 14 min","135 deg 28 min"
"Francois Lake",88,NA,NA,NA,NA,NA,"54 deg 03 min","125 deg 44 min"
"Fraser Lake",89,NA,NA,NA,NA,NA,"54 deg 05 min","124 deg 45 min"
"Fred Wright Lake",11,2,5,353,1,925,"55 deg 58 min","128 deg 47 min"
"Fred Wright Lake",11,2,5,353,2,2350,"55 deg 58 min","128 deg 47 min"
"Fred Wright Lake",11,2,5,353,3,407,"55 deg 58 min","128 deg 47 min"
"Fred Wright Lake",11,2,5,353,4,512,"55 deg 58 min","128 deg 47 min"
"Fred Wright Lake",11,3,5,343,1,925,"55 deg 58 min","128 deg 47 min"
"Fred Wright Lake",11,3,5,343,2,2350,"55 deg 58 min","128 deg 47 min"
"Fred Wright Lake",11,3,5,343,3,407,"55 deg 58 min","128 deg 47 min"
"Fred Wright Lake",11,3,5,343,4,444,"55 deg 58 min","128 deg 47 min"
"Fred Wright Lake",11,5,10,287,1,848,"55 deg 58 min","128 deg 47 min"
"Fred Wright Lake",11,5,10,287,2,2147,"55 deg 58 min","128 deg 47 min"
"Fred Wright Lake",11,5,10,287,3,285,"55 deg 58 min","128 deg 47 min"
"Fred Wright Lake",11,5,10,287,4,504,"55 deg 58 min","128 deg 47 min"
"Fred Wright Lake",11,10,15,226,1,794,"55 deg 58 min","128 deg 47 min"
"Fred Wright Lake",11,10,15,226,2,2028,"55 deg 58 min","128 deg 47 min"
"Fred Wright Lake",11,10,15,226,3,0,"55 deg 58 min","128 deg 47 min"
"Fred Wright Lake",11,10,15,226,4,429,"55 deg 58 min","128 deg 47 min"
"Fred Wright Lake",11,15,20,176,1,748,"55 deg 58 min","128 deg 47 min"
"Fred Wright Lake",11,15,20,176,2,1873,"55 deg 58 min","128 deg 47 min"
"Fred Wright Lake",11,15,20,176,3,0,"55 deg 58 min","128 deg 47 min"
"Fred Wright Lake",11,15,20,176,4,379,"55 deg 58 min","128 deg 47 min"
"Fred Wright Lake",11,20,30,127,1,663,"55 deg 58 min","128 deg 47 min"
"Fred Wright Lake",11,20,30,127,2,1575,"55 deg 58 min","128 deg 47 min"
"Fred Wright Lake",11,20,30,127,3,0,"55 deg 58 min","128 deg 47 min"
"Fred Wright Lake",11,20,30,127,4,248,"55 deg 58 min","128 deg 47 min"
"Fred Wright Lake",11,30,40,54,1,331,"55 deg 58 min","128 deg 47 min"
"Fred Wright Lake",11,30,40,54,2,1276,"55 deg 58 min","128 deg 47 min"
"Fred Wright Lake",11,30,40,54,3,0,"55 deg 58 min","128 deg 47 min"
"Fred Wright Lake",11,30,40,54,4,0,"55 deg 58 min","128 deg 47 min"
"Fred Wright Lake",11,40,50,6,1,0,"55 deg 58 min","128 deg 47 min"
"Fred Wright Lake",11,40,50,6,2,298,"55 deg 58 min","128 deg 47 min"
"Fred Wright Lake",11,40,50,6,3,0,"55 deg 58 min","128 deg 47 min"
"Fred Wright Lake",11,40,50,6,4,0,"55 deg 58 min","128 deg 47 min"
"Fulmore Lake",49,2,5,824,1,1046,"50 deg 35 min","125 deg 57 min"
"Fulmore Lake",49,2,5,824,2,621,"50 deg 35 min","125 deg 57 min"
"Fulmore Lake",49,2,5,824,3,1163,"50 deg 35 min","125 deg 57 min"
"Fulmore Lake",49,2,5,824,4,1494,"50 deg 35 min","125 deg 57 min"
"Fulmore Lake",49,2,5,824,5,690,"50 deg 35 min","125 deg 57 min"
"Fulmore Lake",49,2,5,824,6,891,"50 deg 35 min","125 deg 57 min"
"Fulmore Lake",49,3,5,824,1,1046,"50 deg 35 min","125 deg 57 min"
"Fulmore Lake",49,3,5,824,2,621,"50 deg 35 min","125 deg 57 min"
"Fulmore Lake",49,3,5,824,3,1163,"50 deg 35 min","125 deg 57 min"
"Fulmore Lake",49,3,5,824,4,1494,"50 deg 35 min","125 deg 57 min"
"Fulmore Lake",49,3,5,824,5,690,"50 deg 35 min","125 deg 57 min"
"Fulmore Lake",49,3,5,824,6,891,"50 deg 35 min","125 deg 57 min"
"Fulmore Lake",49,5,10,749,1,907,"50 deg 35 min","125 deg 57 min"
"Fulmore Lake",49,5,10,749,2,605,"50 deg 35 min","125 deg 57 min"
"Fulmore Lake",49,5,10,749,3,1125,"50 deg 35 min","125 deg 57 min"
"Fulmore Lake",49,5,10,749,4,1481,"50 deg 35 min","125 deg 57 min"
"Fulmore Lake",49,5,10,749,5,662,"50 deg 35 min","125 deg 57 min"
"Fulmore Lake",49,5,10,749,6,783,"50 deg 35 min","125 deg 57 min"
"Fulmore Lake",49,10,15,686,1,614,"50 deg 35 min","125 deg 57 min"
"Fulmore Lake",49,10,15,686,2,594,"50 deg 35 min","125 deg 57 min"
"Fulmore Lake",49,10,15,686,3,1078,"50 deg 35 min","125 deg 57 min"
"Fulmore Lake",49,10,15,686,4,1462,"50 deg 35 min","125 deg 57 min"
"Fulmore Lake",49,10,15,686,5,634,"50 deg 35 min","125 deg 57 min"
"Fulmore Lake",49,10,15,686,6,681,"50 deg 35 min","125 deg 57 min"
"Fulmore Lake",49,15,20,618,1,398,"50 deg 35 min","125 deg 57 min"
"Fulmore Lake",49,15,20,618,2,567,"50 deg 35 min","125 deg 57 min"
"Fulmore Lake",49,15,20,618,3,1040,"50 deg 35 min","125 deg 57 min"
"Fulmore Lake",49,15,20,618,4,1318,"50 deg 35 min","125 deg 57 min"
"Fulmore Lake",49,15,20,618,5,600,"50 deg 35 min","125 deg 57 min"
"Fulmore Lake",49,15,20,618,6,0,"50 deg 35 min","125 deg 57 min"
"Fulmore Lake",49,20,30,513,1,0,"50 deg 35 min","125 deg 57 min"
"Fulmore Lake",49,20,30,513,2,540,"50 deg 35 min","125 deg 57 min"
"Fulmore Lake",49,20,30,513,3,993,"50 deg 35 min","125 deg 57 min"
"Fulmore Lake",49,20,30,513,4,1130,"50 deg 35 min","125 deg 57 min"
"Fulmore Lake",49,20,30,513,5,323,"50 deg 35 min","125 deg 57 min"
"Fulmore Lake",49,20,30,513,6,0,"50 deg 35 min","125 deg 57 min"
"Fulmore Lake",49,30,40,431,1,0,"50 deg 35 min","125 deg 57 min"
"Fulmore Lake",49,30,40,431,2,508,"50 deg 35 min","125 deg 57 min"
"Fulmore Lake",49,30,40,431,3,889,"50 deg 35 min","125 deg 57 min"
"Fulmore Lake",49,30,40,431,4,1048,"50 deg 35 min","125 deg 57 min"
"Fulmore Lake",49,30,40,431,5,192,"50 deg 35 min","125 deg 57 min"
"Fulmore Lake",49,30,40,431,6,0,"50 deg 35 min","125 deg 57 min"
"Fulmore Lake",49,40,50,376,1,0,"50 deg 35 min","125 deg 57 min"
"Fulmore Lake",49,40,50,376,2,465,"50 deg 35 min","125 deg 57 min"
"Fulmore Lake",49,40,50,376,3,842,"50 deg 35 min","125 deg 57 min"
"Fulmore Lake",49,40,50,376,4,941,"50 deg 35 min","125 deg 57 min"
"Fulmore Lake",49,40,50,376,5,0,"50 deg 35 min","125 deg 57 min"
"Fulmore Lake",49,40,50,376,6,0,"50 deg 35 min","125 deg 57 min"
"Fulmore_2005",248,2,5,824,1,420,NA,NA
"Fulmore_2005",248,2,5,824,2,533,NA,NA
"Fulmore_2005",248,2,5,824,3,1254,NA,NA
"Fulmore_2005",248,2,5,824,4,1610,NA,NA
"Fulmore_2005",248,2,5,824,5,2316,NA,NA
"Fulmore_2005",248,2,5,824,6,1082,NA,NA
"Fulmore_2005",248,2,5,824,7,1223,NA,NA
"Fulmore_2005",248,2,5,824,8,940,NA,NA
"Fulmore_2005",248,3,5,824,1,420,NA,NA
"Fulmore_2005",248,3,5,824,2,533,NA,NA
"Fulmore_2005",248,3,5,824,3,1254,NA,NA
"Fulmore_2005",248,3,5,824,4,1610,NA,NA
"Fulmore_2005",248,3,5,824,5,2316,NA,NA
"Fulmore_2005",248,3,5,824,6,1082,NA,NA
"Fulmore_2005",248,3,5,824,7,1223,NA,NA
"Fulmore_2005",248,3,5,824,8,940,NA,NA
"Fulmore_2005",248,5,10,749,1,416,NA,NA
"Fulmore_2005",248,5,10,749,2,526,NA,NA
"Fulmore_2005",248,5,10,749,3,1243,NA,NA
"Fulmore_2005",248,5,10,749,4,1601,NA,NA
"Fulmore_2005",248,5,10,749,5,2306,NA,NA
"Fulmore_2005",248,5,10,749,6,1059,NA,NA
"Fulmore_2005",248,5,10,749,7,1223,NA,NA
"Fulmore_2005",248,5,10,749,8,380,NA,NA
"Fulmore_2005",248,10,15,686,1,387,NA,NA
"Fulmore_2005",248,10,15,686,2,508,NA,NA
"Fulmore_2005",248,10,15,686,3,1213,NA,NA
"Fulmore_2005",248,10,15,686,4,1582,NA,NA
"Fulmore_2005",248,10,15,686,5,2257,NA,NA
"Fulmore_2005",248,10,15,686,6,1044,NA,NA
"Fulmore_2005",248,10,15,686,7,1089,NA,NA
"Fulmore_2005",248,10,15,686,8,181,NA,NA
"Fulmore_2005",248,15,20,618,1,311,NA,NA
"Fulmore_2005",248,15,20,618,2,485,NA,NA
"Fulmore_2005",248,15,20,618,3,1186,NA,NA
"Fulmore_2005",248,15,20,618,4,1516,NA,NA
"Fulmore_2005",248,15,20,618,5,2184,NA,NA
"Fulmore_2005",248,15,20,618,6,999,NA,NA
"Fulmore_2005",248,15,20,618,7,161,NA,NA
"Fulmore_2005",248,15,20,618,8,0,NA,NA
"Fulmore_2005",248,20,30,513,1,235,NA,NA
"Fulmore_2005",248,20,30,513,2,445,NA,NA
"Fulmore_2005",248,20,30,513,3,1113,NA,NA
"Fulmore_2005",248,20,30,513,4,1367,NA,NA
"Fulmore_2005",248,20,30,513,5,1888,NA,NA
"Fulmore_2005",248,20,30,513,6,413,NA,NA
"Fulmore_2005",248,20,30,513,7,0,NA,NA
"Fulmore_2005",248,20,30,513,8,0,NA,NA
"Fulmore_2005",248,30,40,431,1,0,NA,NA
"Fulmore_2005",248,30,40,431,2,397,NA,NA
"Fulmore_2005",248,30,40,431,3,1031,NA,NA
"Fulmore_2005",248,30,40,431,4,1260,NA,NA
"Fulmore_2005",248,30,40,431,5,1514,NA,NA
"Fulmore_2005",248,30,40,431,6,0,NA,NA
"Fulmore_2005",248,30,40,431,7,0,NA,NA
"Fulmore_2005",248,30,40,431,8,0,NA,NA
"Fulmore_2005",248,40,50,376,1,0,NA,NA
"Fulmore_2005",248,40,50,376,2,330,NA,NA
"Fulmore_2005",248,40,50,376,3,942,NA,NA
"Fulmore_2005",248,40,50,376,4,1161,NA,NA
"Fulmore_2005",248,40,50,376,5,1235,NA,NA
"Fulmore_2005",248,40,50,376,6,0,NA,NA
"Fulmore_2005",248,40,50,376,7,0,NA,NA
"Fulmore_2005",248,40,50,376,8,0,NA,NA
"Gamble Lake",70,NA,NA,NA,NA,NA,"53 deg 31 min","129 deg 24 min"
"Georgie Lake",123,2,5,453,1,441,"50 deg 45 min","127 deg 40 min"
"Georgie Lake",123,2,5,453,2,485,"50 deg 45 min","127 deg 40 min"
"Georgie Lake",123,2,5,453,3,313,"50 deg 45 min","127 deg 40 min"
"Georgie Lake",123,2,5,453,4,528,"50 deg 45 min","127 deg 40 min"
"Georgie Lake",123,2,5,453,5,494,"50 deg 45 min","127 deg 40 min"
"Georgie Lake",123,2,5,453,6,645,"50 deg 45 min","127 deg 40 min"
"Georgie Lake",123,2,5,453,7,1012,"50 deg 45 min","127 deg 40 min"
"Georgie Lake",123,2,5,453,8,426,"50 deg 45 min","127 deg 40 min"
"Georgie Lake",123,3,5,453,1,441,"50 deg 45 min","127 deg 40 min"
"Georgie Lake",123,3,5,453,2,485,"50 deg 45 min","127 deg 40 min"
"Georgie Lake",123,3,5,453,3,313,"50 deg 45 min","127 deg 40 min"
"Georgie Lake",123,3,5,453,4,528,"50 deg 45 min","127 deg 40 min"
"Georgie Lake",123,3,5,453,5,494,"50 deg 45 min","127 deg 40 min"
"Georgie Lake",123,3,5,453,6,645,"50 deg 45 min","127 deg 40 min"
"Georgie Lake",123,3,5,453,7,1012,"50 deg 45 min","127 deg 40 min"
"Georgie Lake",123,3,5,453,8,426,"50 deg 45 min","127 deg 40 min"
"Georgie Lake",123,5,10,397,1,393,"50 deg 45 min","127 deg 40 min"
"Georgie Lake",123,5,10,397,2,465,"50 deg 45 min","127 deg 40 min"
"Georgie Lake",123,5,10,397,3,189,"50 deg 45 min","127 deg 40 min"
"Georgie Lake",123,5,10,397,4,492,"50 deg 45 min","127 deg 40 min"
"Georgie Lake",123,5,10,397,5,446,"50 deg 45 min","127 deg 40 min"
"Georgie Lake",123,5,10,397,6,581,"50 deg 45 min","127 deg 40 min"
"Georgie Lake",123,5,10,397,7,886,"50 deg 45 min","127 deg 40 min"
"Georgie Lake",123,5,10,397,8,318,"50 deg 45 min","127 deg 40 min"
"Georgie Lake",123,10,15,328,1,355,"50 deg 45 min","127 deg 40 min"
"Georgie Lake",123,10,15,328,2,428,"50 deg 45 min","127 deg 40 min"
"Georgie Lake",123,10,15,328,3,142,"50 deg 45 min","127 deg 40 min"
"Georgie Lake",123,10,15,328,4,432,"50 deg 45 min","127 deg 40 min"
"Georgie Lake",123,10,15,328,5,418,"50 deg 45 min","127 deg 40 min"
"Georgie Lake",123,10,15,328,6,523,"50 deg 45 min","127 deg 40 min"
"Georgie Lake",123,10,15,328,7,832,"50 deg 45 min","127 deg 40 min"
"Georgie Lake",123,10,15,328,8,272,"50 deg 45 min","127 deg 40 min"
"Georgie Lake",123,15,20,211,1,304,"50 deg 45 min","127 deg 40 min"
"Georgie Lake",123,15,20,211,2,382,"50 deg 45 min","127 deg 40 min"
"Georgie Lake",123,15,20,211,3,76,"50 deg 45 min","127 deg 40 min"
"Georgie Lake",123,15,20,211,4,0,"50 deg 45 min","127 deg 40 min"
"Georgie Lake",123,15,20,211,5,335,"50 deg 45 min","127 deg 40 min"
"Georgie Lake",123,15,20,211,6,445,"50 deg 45 min","127 deg 40 min"
"Georgie Lake",123,15,20,211,7,747,"50 deg 45 min","127 deg 40 min"
"Georgie Lake",123,15,20,211,8,222,"50 deg 45 min","127 deg 40 min"
"Georgie Lake",123,20,30,92,1,0,"50 deg 45 min","127 deg 40 min"
"Georgie Lake",123,20,30,92,2,232,"50 deg 45 min","127 deg 40 min"
"Georgie Lake",123,20,30,92,3,0,"50 deg 45 min","127 deg 40 min"
"Georgie Lake",123,20,30,92,4,0,"50 deg 45 min","127 deg 40 min"
"Georgie Lake",123,20,30,92,5,0,"50 deg 45 min","127 deg 40 min"
"Georgie Lake",123,20,30,92,6,181,"50 deg 45 min","127 deg 40 min"
"Georgie Lake",123,20,30,92,7,681,"50 deg 45 min","127 deg 40 min"
"Georgie Lake",123,20,30,92,8,154,"50 deg 45 min","127 deg 40 min"
"Georgie Lake",123,30,40,29,1,0,"50 deg 45 min","127 deg 40 min"
"Georgie Lake",123,30,40,29,2,0,"50 deg 45 min","127 deg 40 min"
"Georgie Lake",123,30,40,29,3,0,"50 deg 45 min","127 deg 40 min"
"Georgie Lake",123,30,40,29,4,0,"50 deg 45 min","127 deg 40 min"
"Georgie Lake",123,30,40,29,5,0,"50 deg 45 min","127 deg 40 min"
"Georgie Lake",123,30,40,29,6,0,"50 deg 45 min","127 deg 40 min"
"Georgie Lake",123,30,40,29,7,556,"50 deg 45 min","127 deg 40 min"
"Georgie Lake",123,30,40,29,8,0,"50 deg 45 min","127 deg 40 min"
"Glendale Lake",120,2,5,109,1,575,"50 deg 37 min","125 deg 38 min"
"Glendale Lake",120,2,5,109,2,490,"50 deg 37 min","125 deg 38 min"
"Glendale Lake",120,2,5,109,3,655,"50 deg 37 min","125 deg 38 min"
"Glendale Lake",120,2,5,109,4,2105,"50 deg 37 min","125 deg 38 min"
"Glendale Lake",120,3,5,109,1,575,"50 deg 37 min","125 deg 38 min"
"Glendale Lake",120,3,5,109,2,490,"50 deg 37 min","125 deg 38 min"
"Glendale Lake",120,3,5,109,3,655,"50 deg 37 min","125 deg 38 min"
"Glendale Lake",120,3,5,109,4,2105,"50 deg 37 min","125 deg 38 min"
"Glendale Lake",120,5,10,96,1,545,"50 deg 37 min","125 deg 38 min"
"Glendale Lake",120,5,10,96,2,470,"50 deg 37 min","125 deg 38 min"
"Glendale Lake",120,5,10,96,3,600,"50 deg 37 min","125 deg 38 min"
"Glendale Lake",120,5,10,96,4,2065,"50 deg 37 min","125 deg 38 min"
"Glendale Lake",120,10,15,78,1,405,"50 deg 37 min","125 deg 38 min"
"Glendale Lake",120,10,15,78,2,420,"50 deg 37 min","125 deg 38 min"
"Glendale Lake",120,10,15,78,3,530,"50 deg 37 min","125 deg 38 min"
"Glendale Lake",120,10,15,78,4,2005,"50 deg 37 min","125 deg 38 min"
"Glendale Lake",120,15,20,53,1,240,"50 deg 37 min","125 deg 38 min"
"Glendale Lake",120,15,20,53,2,370,"50 deg 37 min","125 deg 38 min"
"Glendale Lake",120,15,20,53,3,465,"50 deg 37 min","125 deg 38 min"
"Glendale Lake",120,15,20,53,4,1855,"50 deg 37 min","125 deg 38 min"
"Glendale Lake",120,20,30,20,1,0,"50 deg 37 min","125 deg 38 min"
"Glendale Lake",120,20,30,20,2,0,"50 deg 37 min","125 deg 38 min"
"Glendale Lake",120,20,30,20,3,245,"50 deg 37 min","125 deg 38 min"
"Glendale Lake",120,20,30,20,4,555,"50 deg 37 min","125 deg 38 min"
"Glover Ck (GCL)",211,NA,NA,NA,NA,NA,"49 deg 20 min","124 deg 59 min"
"Gold River",145,NA,NA,NA,NA,NA,"49 deg 41 min","126 deg 10 min"
"Grande Isle Vil",135,NA,NA,NA,NA,NA,"54 deg 53 min","126 deg 13 min"
"Grant Lake",212,2,5,48,1,213,"48 deg 37 min","123 deg 46 min"
"Grant Lake",212,2,5,48,2,355,"48 deg 37 min","123 deg 46 min"
"Grant Lake",212,2,5,48,3,298,"48 deg 37 min","123 deg 46 min"
"Grant Lake",212,2,5,48,4,505,"48 deg 37 min","123 deg 46 min"
"Grant Lake",212,2,5,48,5,398,"48 deg 37 min","123 deg 46 min"
"Grant Lake",212,2,5,48,6,418,"48 deg 37 min","123 deg 46 min"
"Grant Lake",212,2,5,48,7,258,"48 deg 37 min","123 deg 46 min"
"Grant Lake",212,2,5,48,8,182,"48 deg 37 min","123 deg 46 min"
"Grant Lake",212,2,5,48,9,98,"48 deg 37 min","123 deg 46 min"
"Grant Lake",212,3,5,48,1,213,"48 deg 37 min","123 deg 46 min"
"Grant Lake",212,3,5,48,2,355,"48 deg 37 min","123 deg 46 min"
"Grant Lake",212,3,5,48,3,298,"48 deg 37 min","123 deg 46 min"
"Grant Lake",212,3,5,48,4,505,"48 deg 37 min","123 deg 46 min"
"Grant Lake",212,3,5,48,5,398,"48 deg 37 min","123 deg 46 min"
"Grant Lake",212,3,5,48,6,418,"48 deg 37 min","123 deg 46 min"
"Grant Lake",212,3,5,48,7,258,"48 deg 37 min","123 deg 46 min"
"Grant Lake",212,3,5,48,8,182,"48 deg 37 min","123 deg 46 min"
"Grant Lake",212,3,5,48,9,98,"48 deg 37 min","123 deg 46 min"
"Grant Lake",212,5,10,39,1,160,"48 deg 37 min","123 deg 46 min"
"Grant Lake",212,5,10,39,2,335,"48 deg 37 min","123 deg 46 min"
"Grant Lake",212,5,10,39,3,259,"48 deg 37 min","123 deg 46 min"
"Grant Lake",212,5,10,39,4,453,"48 deg 37 min","123 deg 46 min"
"Grant Lake",212,5,10,39,5,335,"48 deg 37 min","123 deg 46 min"
"Grant Lake",212,5,10,39,6,388,"48 deg 37 min","123 deg 46 min"
"Grant Lake",212,5,10,39,7,240,"48 deg 37 min","123 deg 46 min"
"Grant Lake",212,5,10,39,8,154,"48 deg 37 min","123 deg 46 min"
"Grant Lake",212,5,10,39,9,30,"48 deg 37 min","123 deg 46 min"
"Grant Lake",212,10,15,31,1,150,"48 deg 37 min","123 deg 46 min"
"Grant Lake",212,10,15,31,2,272,"48 deg 37 min","123 deg 46 min"
"Grant Lake",212,10,15,31,3,236,"48 deg 37 min","123 deg 46 min"
"Grant Lake",212,10,15,31,4,408,"48 deg 37 min","123 deg 46 min"
"Grant Lake",212,10,15,31,5,276,"48 deg 37 min","123 deg 46 min"
"Grant Lake",212,10,15,31,6,331,"48 deg 37 min","123 deg 46 min"
"Grant Lake",212,10,15,31,7,179,"48 deg 37 min","123 deg 46 min"
"Grant Lake",212,10,15,31,8,109,"48 deg 37 min","123 deg 46 min"
"Grant Lake",212,10,15,31,9,0,"48 deg 37 min","123 deg 46 min"
"Grant Lake",212,15,20,25,1,70,"48 deg 37 min","123 deg 46 min"
"Grant Lake",212,15,20,25,2,235,"48 deg 37 min","123 deg 46 min"
"Grant Lake",212,15,20,25,3,194,"48 deg 37 min","123 deg 46 min"
"Grant Lake",212,15,20,25,4,351,"48 deg 37 min","123 deg 46 min"
"Grant Lake",212,15,20,25,5,235,"48 deg 37 min","123 deg 46 min"
"Grant Lake",212,15,20,25,6,283,"48 deg 37 min","123 deg 46 min"
"Grant Lake",212,15,20,25,7,136,"48 deg 37 min","123 deg 46 min"
"Grant Lake",212,15,20,25,8,25,"48 deg 37 min","123 deg 46 min"
"Grant Lake",212,15,20,25,9,0,"48 deg 37 min","123 deg 46 min"
"Grant Lake",212,20,30,17,1,0,"48 deg 37 min","123 deg 46 min"
"Grant Lake",212,20,30,17,2,178,"48 deg 37 min","123 deg 46 min"
"Grant Lake",212,20,30,17,3,118,"48 deg 37 min","123 deg 46 min"
"Grant Lake",212,20,30,17,4,306,"48 deg 37 min","123 deg 46 min"
"Grant Lake",212,20,30,17,5,181,"48 deg 37 min","123 deg 46 min"
"Grant Lake",212,20,30,17,6,204,"48 deg 37 min","123 deg 46 min"
"Grant Lake",212,20,30,17,7,99,"48 deg 37 min","123 deg 46 min"
"Grant Lake",212,20,30,17,8,0,"48 deg 37 min","123 deg 46 min"
"Grant Lake",212,20,30,17,9,0,"48 deg 37 min","123 deg 46 min"
"Grant Lake",212,30,40,6,1,0,"48 deg 37 min","123 deg 46 min"
"Grant Lake",212,30,40,6,2,54,"48 deg 37 min","123 deg 46 min"
"Grant Lake",212,30,40,6,3,74,"48 deg 37 min","123 deg 46 min"
"Grant Lake",212,30,40,6,4,213,"48 deg 37 min","123 deg 46 min"
"Grant Lake",212,30,40,6,5,115,"48 deg 37 min","123 deg 46 min"
"Grant Lake",212,30,40,6,6,0,"48 deg 37 min","123 deg 46 min"
"Grant Lake",212,30,40,6,7,0,"48 deg 37 min","123 deg 46 min"
"Grant Lake",212,30,40,6,8,0,"48 deg 37 min","123 deg 46 min"
"Grant Lake",212,30,40,6,9,0,"48 deg 37 min","123 deg 46 min"
"Great Central Lake",1,2,5,5085,1,1260,"49 deg 22 min","125 deg 15 min"
"Great Central Lake",1,2,5,5085,2,2150,"49 deg 22 min","125 deg 15 min"
"Great Central Lake",1,2,5,5085,3,1560,"49 deg 22 min","125 deg 15 min"
"Great Central Lake",1,2,5,5085,4,1370,"49 deg 22 min","125 deg 15 min"
"Great Central Lake",1,2,5,5085,5,1780,"49 deg 22 min","125 deg 15 min"
"Great Central Lake",1,2,5,5085,6,760,"49 deg 22 min","125 deg 15 min"
"Great Central Lake",1,3,5,5085,1,1260,"49 deg 22 min","125 deg 15 min"
"Great Central Lake",1,3,5,5085,2,2150,"49 deg 22 min","125 deg 15 min"
"Great Central Lake",1,3,5,5085,3,1560,"49 deg 22 min","125 deg 15 min"
"Great Central Lake",1,3,5,5085,4,1370,"49 deg 22 min","125 deg 15 min"
"Great Central Lake",1,3,5,5085,5,1780,"49 deg 22 min","125 deg 15 min"
"Great Central Lake",1,3,5,5085,6,760,"49 deg 22 min","125 deg 15 min"
"Great Central Lake",1,5,10,5054,1,1250,"49 deg 22 min","125 deg 15 min"
"Great Central Lake",1,5,10,5054,2,2140,"49 deg 22 min","125 deg 15 min"
"Great Central Lake",1,5,10,5054,3,1554,"49 deg 22 min","125 deg 15 min"
"Great Central Lake",1,5,10,5054,4,1365,"49 deg 22 min","125 deg 15 min"
"Great Central Lake",1,5,10,5054,5,1770,"49 deg 22 min","125 deg 15 min"
"Great Central Lake",1,5,10,5054,6,760,"49 deg 22 min","125 deg 15 min"
"Great Central Lake",1,10,15,5022,1,1240,"49 deg 22 min","125 deg 15 min"
"Great Central Lake",1,10,15,5022,2,2140,"49 deg 22 min","125 deg 15 min"
"Great Central Lake",1,10,15,5022,3,1548,"49 deg 22 min","125 deg 15 min"
"Great Central Lake",1,10,15,5022,4,1360,"49 deg 22 min","125 deg 15 min"
"Great Central Lake",1,10,15,5022,5,1770,"49 deg 22 min","125 deg 15 min"
"Great Central Lake",1,10,15,5022,6,750,"49 deg 22 min","125 deg 15 min"
"Great Central Lake",1,15,20,4959,1,1230,"49 deg 22 min","125 deg 15 min"
"Great Central Lake",1,15,20,4959,2,2136,"49 deg 22 min","125 deg 15 min"
"Great Central Lake",1,15,20,4959,3,1525,"49 deg 22 min","125 deg 15 min"
"Great Central Lake",1,15,20,4959,4,1350,"49 deg 22 min","125 deg 15 min"
"Great Central Lake",1,15,20,4959,5,1762,"49 deg 22 min","125 deg 15 min"
"Great Central Lake",1,15,20,4959,6,748,"49 deg 22 min","125 deg 15 min"
"Great Central Lake",1,20,30,4863,1,1220,"49 deg 22 min","125 deg 15 min"
"Great Central Lake",1,20,30,4863,2,2114,"49 deg 22 min","125 deg 15 min"
"Great Central Lake",1,20,30,4863,3,1502,"49 deg 22 min","125 deg 15 min"
"Great Central Lake",1,20,30,4863,4,1326,"49 deg 22 min","125 deg 15 min"
"Great Central Lake",1,20,30,4863,5,1744,"49 deg 22 min","125 deg 15 min"
"Great Central Lake",1,20,30,4863,6,740,"49 deg 22 min","125 deg 15 min"
"Great Central Lake",1,30,40,4735,1,1179,"49 deg 22 min","125 deg 15 min"
"Great Central Lake",1,30,40,4735,2,2050,"49 deg 22 min","125 deg 15 min"
"Great Central Lake",1,30,40,4735,3,1444,"49 deg 22 min","125 deg 15 min"
"Great Central Lake",1,30,40,4735,4,1264,"49 deg 22 min","125 deg 15 min"
"Great Central Lake",1,30,40,4735,5,1709,"49 deg 22 min","125 deg 15 min"
"Great Central Lake",1,30,40,4735,6,736,"49 deg 22 min","125 deg 15 min"
"Great Central Lake",1,40,50,4606,1,1144,"49 deg 22 min","125 deg 15 min"
"Great Central Lake",1,40,50,4606,2,1986,"49 deg 22 min","125 deg 15 min"
"Great Central Lake",1,40,50,4606,3,1397,"49 deg 22 min","125 deg 15 min"
"Great Central Lake",1,40,50,4606,4,1220,"49 deg 22 min","125 deg 15 min"
"Great Central Lake",1,40,50,4606,5,1682,"49 deg 22 min","125 deg 15 min"
"Great Central Lake",1,40,50,4606,6,724,"49 deg 22 min","125 deg 15 min"
"Great Central Lake",1,50,60,4475,1,1110,"49 deg 22 min","125 deg 15 min"
"Great Central Lake",1,50,60,4475,2,1935,"49 deg 22 min","125 deg 15 min"
"Great Central Lake",1,50,60,4475,3,1362,"49 deg 22 min","125 deg 15 min"
"Great Central Lake",1,50,60,4475,4,1184,"49 deg 22 min","125 deg 15 min"
"Great Central Lake",1,50,60,4475,5,1638,"49 deg 22 min","125 deg 15 min"
"Great Central Lake",1,50,60,4475,6,717,"49 deg 22 min","125 deg 15 min"
"Great Central Lake",1,60,70,4345,1,1075,"49 deg 22 min","125 deg 15 min"
"Great Central Lake",1,60,70,4345,2,1884,"49 deg 22 min","125 deg 15 min"
"Great Central Lake",1,60,70,4345,3,1316,"49 deg 22 min","125 deg 15 min"
"Great Central Lake",1,60,70,4345,4,1123,"49 deg 22 min","125 deg 15 min"
"Great Central Lake",1,60,70,4345,5,1602,"49 deg 22 min","125 deg 15 min"
"Great Central Lake",1,60,70,4345,6,699,"49 deg 22 min","125 deg 15 min"
"Great Central Lake",1,70,80,4195,1,1029,"49 deg 22 min","125 deg 15 min"
"Great Central Lake",1,70,80,4195,2,1794,"49 deg 22 min","125 deg 15 min"
"Great Central Lake",1,70,80,4195,3,1281,"49 deg 22 min","125 deg 15 min"
"Great Central Lake",1,70,80,4195,4,1078,"49 deg 22 min","125 deg 15 min"
"Great Central Lake",1,70,80,4195,5,1566,"49 deg 22 min","125 deg 15 min"
"Great Central Lake",1,70,80,4195,6,687,"49 deg 22 min","125 deg 15 min"
"Great Central Lake",1,80,90,4020,1,983,"49 deg 22 min","125 deg 15 min"
"Great Central Lake",1,80,90,4020,2,1704,"49 deg 22 min","125 deg 15 min"
"Great Central Lake",1,80,90,4020,3,1260,"49 deg 22 min","125 deg 15 min"
"Great Central Lake",1,80,90,4020,4,1043,"49 deg 22 min","125 deg 15 min"
"Great Central Lake",1,80,90,4020,5,1540,"49 deg 22 min","125 deg 15 min"
"Great Central Lake",1,80,90,4020,6,669,"49 deg 22 min","125 deg 15 min"
"Great Central Lake",1,90,100,3815,1,970,"49 deg 22 min","125 deg 15 min"
"Great Central Lake",1,90,100,3815,2,1666,"49 deg 22 min","125 deg 15 min"
"Great Central Lake",1,90,100,3815,3,1200,"49 deg 22 min","125 deg 15 min"
"Great Central Lake",1,90,100,3815,4,1000,"49 deg 22 min","125 deg 15 min"
"Great Central Lake",1,90,100,3815,5,1500,"49 deg 22 min","125 deg 15 min"
"Great Central Lake",1,90,100,3815,6,600,"49 deg 22 min","125 deg 15 min"
"Halfway Lake",221,2,5,32,1,222,NA,NA
"Halfway Lake",221,2,5,32,2,215,NA,NA
"Halfway Lake",221,2,5,32,3,729,NA,NA
"Halfway Lake",221,3,5,0,1,0,NA,NA
"Halfway Lake",221,3,5,0,2,0,NA,NA
"Halfway Lake",221,3,5,0,3,0,NA,NA
"Halfway Lake",221,5,10,22,1,180,NA,NA
"Halfway Lake",221,5,10,22,2,161,NA,NA
"Halfway Lake",221,5,10,22,3,326,NA,NA
"Halfway Lake",221,10,15,14,1,127,NA,NA
"Halfway Lake",221,10,15,14,2,111,NA,NA
"Halfway Lake",221,10,15,14,3,246,NA,NA
"Halfway Lake",221,15,20,3,1,0,NA,NA
"Halfway Lake",221,15,20,3,2,0,NA,NA
"Halfway Lake",221,15,20,3,3,124,NA,NA
"Hand Is.",196,NA,NA,NA,NA,NA,NA,NA
"Harrison Lake",75,NA,NA,NA,NA,NA,"49 deg 25 min","121 deg 50 min"
"Henderson Lake",3,2,5,1545,1,485,"49 deg 05 min","125 deg 02 min"
"Henderson Lake",3,2,5,1545,2,830,"49 deg 05 min","125 deg 02 min"
"Henderson Lake",3,2,5,1545,3,945,"49 deg 05 min","125 deg 02 min"
"Henderson Lake",3,2,5,1545,4,845,"49 deg 05 min","125 deg 02 min"
"Henderson Lake",3,2,5,1545,5,910,"49 deg 05 min","125 deg 02 min"
"Henderson Lake",3,2,5,1545,6,1135,"49 deg 05 min","125 deg 02 min"
"Henderson Lake",3,2,5,1545,7,760,"49 deg 05 min","125 deg 02 min"
"Henderson Lake",3,2,5,1545,8,1667,"49 deg 05 min","125 deg 02 min"
"Henderson Lake",3,2,5,1545,9,2025,"49 deg 05 min","125 deg 02 min"
"Henderson Lake",3,2,5,1545,10,2332,"49 deg 05 min","125 deg 02 min"
"Henderson Lake",3,2,5,1545,11,2571,"49 deg 05 min","125 deg 02 min"
"Henderson Lake",3,2,5,1545,12,3025,"49 deg 05 min","125 deg 02 min"
"Henderson Lake",3,2,5,1545,13,1917,"49 deg 05 min","125 deg 02 min"
"Henderson Lake",3,2,5,1545,14,702,"49 deg 05 min","125 deg 02 min"
"Henderson Lake",3,2,5,1545,15,1349,"49 deg 05 min","125 deg 02 min"
"Henderson Lake",3,2,5,1545,16,1600,"49 deg 05 min","125 deg 02 min"
"Henderson Lake",3,2,5,1545,17,1568,"49 deg 05 min","125 deg 02 min"
"Henderson Lake",3,2,5,1545,18,2759,"49 deg 05 min","125 deg 02 min"
"Henderson Lake",3,3,5,1545,1,485,"49 deg 05 min","125 deg 02 min"
"Henderson Lake",3,3,5,1545,2,830,"49 deg 05 min","125 deg 02 min"
"Henderson Lake",3,3,5,1545,3,945,"49 deg 05 min","125 deg 02 min"
"Henderson Lake",3,3,5,1545,4,845,"49 deg 05 min","125 deg 02 min"
"Henderson Lake",3,3,5,1545,5,910,"49 deg 05 min","125 deg 02 min"
"Henderson Lake",3,3,5,1545,6,1135,"49 deg 05 min","125 deg 02 min"
"Henderson Lake",3,3,5,1545,7,760,"49 deg 05 min","125 deg 02 min"
"Henderson Lake",3,3,5,1545,8,1667,"49 deg 05 min","125 deg 02 min"
"Henderson Lake",3,3,5,1545,9,2025,"49 deg 05 min","125 deg 02 min"
"Henderson Lake",3,3,5,1545,10,2332,"49 deg 05 min","125 deg 02 min"
"Henderson Lake",3,3,5,1545,11,2571,"49 deg 05 min","125 deg 02 min"
"Henderson Lake",3,3,5,1545,12,3025,"49 deg 05 min","125 deg 02 min"
"Henderson Lake",3,3,5,1545,13,1917,"49 deg 05 min","125 deg 02 min"
"Henderson Lake",3,3,5,1545,14,702,"49 deg 05 min","125 deg 02 min"
"Henderson Lake",3,3,5,1545,15,1349,"49 deg 05 min","125 deg 02 min"
"Henderson Lake",3,3,5,1545,16,1600,"49 deg 05 min","125 deg 02 min"
"Henderson Lake",3,3,5,1545,17,1568,"49 deg 05 min","125 deg 02 min"
"Henderson Lake",3,3,5,1545,18,2759,"49 deg 05 min","125 deg 02 min"
"Henderson Lake",3,5,10,1522,1,470,"49 deg 05 min","125 deg 02 min"
"Henderson Lake",3,5,10,1522,2,815,"49 deg 05 min","125 deg 02 min"
"Henderson Lake",3,5,10,1522,3,925,"49 deg 05 min","125 deg 02 min"
"Henderson Lake",3,5,10,1522,4,830,"49 deg 05 min","125 deg 02 min"
"Henderson Lake",3,5,10,1522,5,895,"49 deg 05 min","125 deg 02 min"
"Henderson Lake",3,5,10,1522,6,1120,"49 deg 05 min","125 deg 02 min"
"Henderson Lake",3,5,10,1522,7,740,"49 deg 05 min","125 deg 02 min"
"Henderson Lake",3,5,10,1522,8,1569,"49 deg 05 min","125 deg 02 min"
"Henderson Lake",3,5,10,1522,9,2002,"49 deg 05 min","125 deg 02 min"
"Henderson Lake",3,5,10,1522,10,2307,"49 deg 05 min","125 deg 02 min"
"Henderson Lake",3,5,10,1522,11,2534,"49 deg 05 min","125 deg 02 min"
"Henderson Lake",3,5,10,1522,12,2992,"49 deg 05 min","125 deg 02 min"
"Henderson Lake",3,5,10,1522,13,1897,"49 deg 05 min","125 deg 02 min"
"Henderson Lake",3,5,10,1522,14,685,"49 deg 05 min","125 deg 02 min"
"Henderson Lake",3,5,10,1522,15,1345,"49 deg 05 min","125 deg 02 min"
"Henderson Lake",3,5,10,1522,16,1561,"49 deg 05 min","125 deg 02 min"
"Henderson Lake",3,5,10,1522,17,1549,"49 deg 05 min","125 deg 02 min"
"Henderson Lake",3,5,10,1522,18,2726,"49 deg 05 min","125 deg 02 min"
"Henderson Lake",3,10,15,1481,1,450,"49 deg 05 min","125 deg 02 min"
"Henderson Lake",3,10,15,1481,2,805,"49 deg 05 min","125 deg 02 min"
"Henderson Lake",3,10,15,1481,3,910,"49 deg 05 min","125 deg 02 min"
"Henderson Lake",3,10,15,1481,4,820,"49 deg 05 min","125 deg 02 min"
"Henderson Lake",3,10,15,1481,5,880,"49 deg 05 min","125 deg 02 min"
"Henderson Lake",3,10,15,1481,6,1110,"49 deg 05 min","125 deg 02 min"
"Henderson Lake",3,10,15,1481,7,710,"49 deg 05 min","125 deg 02 min"
"Henderson Lake",3,10,15,1481,8,1443,"49 deg 05 min","125 deg 02 min"
"Henderson Lake",3,10,15,1481,9,1978,"49 deg 05 min","125 deg 02 min"
"Henderson Lake",3,10,15,1481,10,2282,"49 deg 05 min","125 deg 02 min"
"Henderson Lake",3,10,15,1481,11,2513,"49 deg 05 min","125 deg 02 min"
"Henderson Lake",3,10,15,1481,12,2907,"49 deg 05 min","125 deg 02 min"
"Henderson Lake",3,10,15,1481,13,1873,"49 deg 05 min","125 deg 02 min"
"Henderson Lake",3,10,15,1481,14,668,"49 deg 05 min","125 deg 02 min"
"Henderson Lake",3,10,15,1481,15,1338,"49 deg 05 min","125 deg 02 min"
"Henderson Lake",3,10,15,1481,16,1544,"49 deg 05 min","125 deg 02 min"
"Henderson Lake",3,10,15,1481,17,1512,"49 deg 05 min","125 deg 02 min"
"Henderson Lake",3,10,15,1481,18,2682,"49 deg 05 min","125 deg 02 min"
"Henderson Lake",3,15,20,1431,1,430,"49 deg 05 min","125 deg 02 min"
"Henderson Lake",3,15,20,1431,2,795,"49 deg 05 min","125 deg 02 min"
"Henderson Lake",3,15,20,1431,3,895,"49 deg 05 min","125 deg 02 min"
"Henderson Lake",3,15,20,1431,4,805,"49 deg 05 min","125 deg 02 min"
"Henderson Lake",3,15,20,1431,5,860,"49 deg 05 min","125 deg 02 min"
"Henderson Lake",3,15,20,1431,6,1085,"49 deg 05 min","125 deg 02 min"
"Henderson Lake",3,15,20,1431,7,685,"49 deg 05 min","125 deg 02 min"
"Henderson Lake",3,15,20,1431,8,1318,"49 deg 05 min","125 deg 02 min"
"Henderson Lake",3,15,20,1431,9,1954,"49 deg 05 min","125 deg 02 min"
"Henderson Lake",3,15,20,1431,10,2199,"49 deg 05 min","125 deg 02 min"
"Henderson Lake",3,15,20,1431,11,2486,"49 deg 05 min","125 deg 02 min"
"Henderson Lake",3,15,20,1431,12,2834,"49 deg 05 min","125 deg 02 min"
"Henderson Lake",3,15,20,1431,13,1851,"49 deg 05 min","125 deg 02 min"
"Henderson Lake",3,15,20,1431,14,653,"49 deg 05 min","125 deg 02 min"
"Henderson Lake",3,15,20,1431,15,1303,"49 deg 05 min","125 deg 02 min"
"Henderson Lake",3,15,20,1431,16,1529,"49 deg 05 min","125 deg 02 min"
"Henderson Lake",3,15,20,1431,17,1492,"49 deg 05 min","125 deg 02 min"
"Henderson Lake",3,15,20,1431,18,2628,"49 deg 05 min","125 deg 02 min"
"Henderson Lake",3,20,30,1353,1,410,"49 deg 05 min","125 deg 02 min"
"Henderson Lake",3,20,30,1353,2,775,"49 deg 05 min","125 deg 02 min"
"Henderson Lake",3,20,30,1353,3,870,"49 deg 05 min","125 deg 02 min"
"Henderson Lake",3,20,30,1353,4,780,"49 deg 05 min","125 deg 02 min"
"Henderson Lake",3,20,30,1353,5,835,"49 deg 05 min","125 deg 02 min"
"Henderson Lake",3,20,30,1353,6,1065,"49 deg 05 min","125 deg 02 min"
"Henderson Lake",3,20,30,1353,7,645,"49 deg 05 min","125 deg 02 min"
"Henderson Lake",3,20,30,1353,8,1169,"49 deg 05 min","125 deg 02 min"
"Henderson Lake",3,20,30,1353,9,1904,"49 deg 05 min","125 deg 02 min"
"Henderson Lake",3,20,30,1353,10,2124,"49 deg 05 min","125 deg 02 min"
"Henderson Lake",3,20,30,1353,11,1386,"49 deg 05 min","125 deg 02 min"
"Henderson Lake",3,20,30,1353,12,2792,"49 deg 05 min","125 deg 02 min"
"Henderson Lake",3,20,30,1353,13,1826,"49 deg 05 min","125 deg 02 min"
"Henderson Lake",3,20,30,1353,14,638,"49 deg 05 min","125 deg 02 min"
"Henderson Lake",3,20,30,1353,15,1268,"49 deg 05 min","125 deg 02 min"
"Henderson Lake",3,20,30,1353,16,1507,"49 deg 05 min","125 deg 02 min"
"Henderson Lake",3,20,30,1353,17,1463,"49 deg 05 min","125 deg 02 min"
"Henderson Lake",3,20,30,1353,18,2597,"49 deg 05 min","125 deg 02 min"
"Henderson Lake",3,30,40,1267,1,380,"49 deg 05 min","125 deg 02 min"
"Henderson Lake",3,30,40,1267,2,750,"49 deg 05 min","125 deg 02 min"
"Henderson Lake",3,30,40,1267,3,835,"49 deg 05 min","125 deg 02 min"
"Henderson Lake",3,30,40,1267,4,750,"49 deg 05 min","125 deg 02 min"
"Henderson Lake",3,30,40,1267,5,810,"49 deg 05 min","125 deg 02 min"
"Henderson Lake",3,30,40,1267,6,1020,"49 deg 05 min","125 deg 02 min"
"Henderson Lake",3,30,40,1267,7,535,"49 deg 05 min","125 deg 02 min"
"Henderson Lake",3,30,40,1267,8,1108,"49 deg 05 min","125 deg 02 min"
"Henderson Lake",3,30,40,1267,9,1766,"49 deg 05 min","125 deg 02 min"
"Henderson Lake",3,30,40,1267,10,1983,"49 deg 05 min","125 deg 02 min"
"Henderson Lake",3,30,40,1267,11,1336,"49 deg 05 min","125 deg 02 min"
"Henderson Lake",3,30,40,1267,12,2739,"49 deg 05 min","125 deg 02 min"
"Henderson Lake",3,30,40,1267,13,1769,"49 deg 05 min","125 deg 02 min"
"Henderson Lake",3,30,40,1267,14,615,"49 deg 05 min","125 deg 02 min"
"Henderson Lake",3,30,40,1267,15,1234,"49 deg 05 min","125 deg 02 min"
"Henderson Lake",3,30,40,1267,16,1417,"49 deg 05 min","125 deg 02 min"
"Henderson Lake",3,30,40,1267,17,1411,"49 deg 05 min","125 deg 02 min"
"Henderson Lake",3,30,40,1267,18,2530,"49 deg 05 min","125 deg 02 min"
"Henderson Lake",3,40,50,1187,1,355,"49 deg 05 min","125 deg 02 min"
"Henderson Lake",3,40,50,1187,2,715,"49 deg 05 min","125 deg 02 min"
"Henderson Lake",3,40,50,1187,3,810,"49 deg 05 min","125 deg 02 min"
"Henderson Lake",3,40,50,1187,4,725,"49 deg 05 min","125 deg 02 min"
"Henderson Lake",3,40,50,1187,5,770,"49 deg 05 min","125 deg 02 min"
"Henderson Lake",3,40,50,1187,6,990,"49 deg 05 min","125 deg 02 min"
"Henderson Lake",3,40,50,1187,7,485,"49 deg 05 min","125 deg 02 min"
"Henderson Lake",3,40,50,1187,8,951,"49 deg 05 min","125 deg 02 min"
"Henderson Lake",3,40,50,1187,9,1543,"49 deg 05 min","125 deg 02 min"
"Henderson Lake",3,40,50,1187,10,1887,"49 deg 05 min","125 deg 02 min"
"Henderson Lake",3,40,50,1187,11,1299,"49 deg 05 min","125 deg 02 min"
"Henderson Lake",3,40,50,1187,12,2666,"49 deg 05 min","125 deg 02 min"
"Henderson Lake",3,40,50,1187,13,1708,"49 deg 05 min","125 deg 02 min"
"Henderson Lake",3,40,50,1187,14,593,"49 deg 05 min","125 deg 02 min"
"Henderson Lake",3,40,50,1187,15,1203,"49 deg 05 min","125 deg 02 min"
"Henderson Lake",3,40,50,1187,16,1366,"49 deg 05 min","125 deg 02 min"
"Henderson Lake",3,40,50,1187,17,1391,"49 deg 05 min","125 deg 02 min"
"Henderson Lake",3,40,50,1187,18,2491,"49 deg 05 min","125 deg 02 min"
"Henderson Lake",3,50,60,1104,1,340,"49 deg 05 min","125 deg 02 min"
"Henderson Lake",3,50,60,1104,2,680,"49 deg 05 min","125 deg 02 min"
"Henderson Lake",3,50,60,1104,3,790,"49 deg 05 min","125 deg 02 min"
"Henderson Lake",3,50,60,1104,4,710,"49 deg 05 min","125 deg 02 min"
"Henderson Lake",3,50,60,1104,5,745,"49 deg 05 min","125 deg 02 min"
"Henderson Lake",3,50,60,1104,6,955,"49 deg 05 min","125 deg 02 min"
"Henderson Lake",3,50,60,1104,7,445,"49 deg 05 min","125 deg 02 min"
"Henderson Lake",3,50,60,1104,8,841,"49 deg 05 min","125 deg 02 min"
"Henderson Lake",3,50,60,1104,9,1488,"49 deg 05 min","125 deg 02 min"
"Henderson Lake",3,50,60,1104,10,1646,"49 deg 05 min","125 deg 02 min"
"Henderson Lake",3,50,60,1104,11,1216,"49 deg 05 min","125 deg 02 min"
"Henderson Lake",3,50,60,1104,12,2623,"49 deg 05 min","125 deg 02 min"
"Henderson Lake",3,50,60,1104,13,1664,"49 deg 05 min","125 deg 02 min"
"Henderson Lake",3,50,60,1104,14,571,"49 deg 05 min","125 deg 02 min"
"Henderson Lake",3,50,60,1104,15,1154,"49 deg 05 min","125 deg 02 min"
"Henderson Lake",3,50,60,1104,16,1329,"49 deg 05 min","125 deg 02 min"
"Henderson Lake",3,50,60,1104,17,1354,"49 deg 05 min","125 deg 02 min"
"Henderson Lake",3,50,60,1104,18,2424,"49 deg 05 min","125 deg 02 min"
"Henderson Lake",3,60,70,1063,1,320,"49 deg 05 min","125 deg 02 min"
"Henderson Lake",3,60,70,1063,2,645,"49 deg 05 min","125 deg 02 min"
"Henderson Lake",3,60,70,1063,3,765,"49 deg 05 min","125 deg 02 min"
"Henderson Lake",3,60,70,1063,4,685,"49 deg 05 min","125 deg 02 min"
"Henderson Lake",3,60,70,1063,5,710,"49 deg 05 min","125 deg 02 min"
"Henderson Lake",3,60,70,1063,6,925,"49 deg 05 min","125 deg 02 min"
"Henderson Lake",3,60,70,1063,7,410,"49 deg 05 min","125 deg 02 min"
"Henderson Lake",3,60,70,1063,8,741,"49 deg 05 min","125 deg 02 min"
"Henderson Lake",3,60,70,1063,9,1446,"49 deg 05 min","125 deg 02 min"
"Henderson Lake",3,60,70,1063,10,1568,"49 deg 05 min","125 deg 02 min"
"Henderson Lake",3,60,70,1063,11,1102,"49 deg 05 min","125 deg 02 min"
"Henderson Lake",3,60,70,1063,12,2573,"49 deg 05 min","125 deg 02 min"
"Henderson Lake",3,60,70,1063,13,1634,"49 deg 05 min","125 deg 02 min"
"Henderson Lake",3,60,70,1063,14,543,"49 deg 05 min","125 deg 02 min"
"Henderson Lake",3,60,70,1063,15,1115,"49 deg 05 min","125 deg 02 min"
"Henderson Lake",3,60,70,1063,16,1212,"49 deg 05 min","125 deg 02 min"
"Henderson Lake",3,60,70,1063,17,1322,"49 deg 05 min","125 deg 02 min"
"Henderson Lake",3,60,70,1063,18,2364,"49 deg 05 min","125 deg 02 min"
"Hesquiat Lake",119,2,5,452,1,1070,"49 deg 24 min","126 deg 30 min"
"Hesquiat Lake",119,2,5,452,2,825,"49 deg 24 min","126 deg 30 min"
"Hesquiat Lake",119,2,5,452,3,780,"49 deg 24 min","126 deg 30 min"
"Hesquiat Lake",119,2,5,452,4,1075,"49 deg 24 min","126 deg 30 min"
"Hesquiat Lake",119,2,5,452,5,995,"49 deg 24 min","126 deg 30 min"
"Hesquiat Lake",119,2,5,452,6,550,"49 deg 24 min","126 deg 30 min"
"Hesquiat Lake",119,3,5,452,1,1070,"49 deg 24 min","126 deg 30 min"
"Hesquiat Lake",119,3,5,452,2,825,"49 deg 24 min","126 deg 30 min"
"Hesquiat Lake",119,3,5,452,3,780,"49 deg 24 min","126 deg 30 min"
"Hesquiat Lake",119,3,5,452,4,1075,"49 deg 24 min","126 deg 30 min"
"Hesquiat Lake",119,3,5,452,5,995,"49 deg 24 min","126 deg 30 min"
"Hesquiat Lake",119,3,5,452,6,550,"49 deg 24 min","126 deg 30 min"
"Hesquiat Lake",119,5,10,436,1,1005,"49 deg 24 min","126 deg 30 min"
"Hesquiat Lake",119,5,10,436,2,810,"49 deg 24 min","126 deg 30 min"
"Hesquiat Lake",119,5,10,436,3,760,"49 deg 24 min","126 deg 30 min"
"Hesquiat Lake",119,5,10,436,4,1065,"49 deg 24 min","126 deg 30 min"
"Hesquiat Lake",119,5,10,436,5,975,"49 deg 24 min","126 deg 30 min"
"Hesquiat Lake",119,5,10,436,6,545,"49 deg 24 min","126 deg 30 min"
"Hesquiat Lake",119,10,15,421,1,950,"49 deg 24 min","126 deg 30 min"
"Hesquiat Lake",119,10,15,421,2,800,"49 deg 24 min","126 deg 30 min"
"Hesquiat Lake",119,10,15,421,3,750,"49 deg 24 min","126 deg 30 min"
"Hesquiat Lake",119,10,15,421,4,1045,"49 deg 24 min","126 deg 30 min"
"Hesquiat Lake",119,10,15,421,5,955,"49 deg 24 min","126 deg 30 min"
"Hesquiat Lake",119,10,15,421,6,530,"49 deg 24 min","126 deg 30 min"
"Hesquiat Lake",119,15,20,405,1,925,"49 deg 24 min","126 deg 30 min"
"Hesquiat Lake",119,15,20,405,2,785,"49 deg 24 min","126 deg 30 min"
"Hesquiat Lake",119,15,20,405,3,734,"49 deg 24 min","126 deg 30 min"
"Hesquiat Lake",119,15,20,405,4,1025,"49 deg 24 min","126 deg 30 min"
"Hesquiat Lake",119,15,20,405,5,945,"49 deg 24 min","126 deg 30 min"
"Hesquiat Lake",119,15,20,405,6,500,"49 deg 24 min","126 deg 30 min"
"Hesquiat Lake",119,20,30,382,1,885,"49 deg 24 min","126 deg 30 min"
"Hesquiat Lake",119,20,30,382,2,755,"49 deg 24 min","126 deg 30 min"
"Hesquiat Lake",119,20,30,382,3,710,"49 deg 24 min","126 deg 30 min"
"Hesquiat Lake",119,20,30,382,4,985,"49 deg 24 min","126 deg 30 min"
"Hesquiat Lake",119,20,30,382,5,910,"49 deg 24 min","126 deg 30 min"
"Hesquiat Lake",119,20,30,382,6,470,"49 deg 24 min","126 deg 30 min"
"Hesquiat Lake",119,30,40,350,1,820,"49 deg 24 min","126 deg 30 min"
"Hesquiat Lake",119,30,40,350,2,715,"49 deg 24 min","126 deg 30 min"
"Hesquiat Lake",119,30,40,350,3,685,"49 deg 24 min","126 deg 30 min"
"Hesquiat Lake",119,30,40,350,4,825,"49 deg 24 min","126 deg 30 min"
"Hesquiat Lake",119,30,40,350,5,860,"49 deg 24 min","126 deg 30 min"
"Hesquiat Lake",119,30,40,350,6,440,"49 deg 24 min","126 deg 30 min"
"Hesquiat Lake",119,40,50,318,1,720,"49 deg 24 min","126 deg 30 min"
"Hesquiat Lake",119,40,50,318,2,680,"49 deg 24 min","126 deg 30 min"
"Hesquiat Lake",119,40,50,318,3,650,"49 deg 24 min","126 deg 30 min"
"Hesquiat Lake",119,40,50,318,4,740,"49 deg 24 min","126 deg 30 min"
"Hesquiat Lake",119,40,50,318,5,810,"49 deg 24 min","126 deg 30 min"
"Hesquiat Lake",119,40,50,318,6,405,"49 deg 24 min","126 deg 30 min"
"Heydon Bay Lake",300,2,5,93,1,1160,NA,NA
"Heydon Bay Lake",300,2,5,93,2,338,NA,NA
"Heydon Bay Lake",300,3,5,93,1,1160,NA,NA
"Heydon Bay Lake",300,3,5,93,2,338,NA,NA
"Heydon Bay Lake",300,5,10,88,1,1100,NA,NA
"Heydon Bay Lake",300,5,10,88,2,320,NA,NA
"Heydon Bay Lake",300,10,15,83,1,865,NA,NA
"Heydon Bay Lake",300,10,15,83,2,303,NA,NA
"Heydon Bay Lake",300,15,20,78,1,485,NA,NA
"Heydon Bay Lake",300,15,20,78,2,271,NA,NA
"Heydon Lake",50,2,5,862,1,890,"50 deg 33 min","125 deg 40 min"
"Heydon Lake",50,2,5,862,2,1120,"50 deg 33 min","125 deg 40 min"
"Heydon Lake",50,2,5,862,3,1100,"50 deg 33 min","125 deg 40 min"
"Heydon Lake",50,2,5,862,4,1260,"50 deg 33 min","125 deg 40 min"
"Heydon Lake",50,2,5,862,5,1255,"50 deg 33 min","125 deg 40 min"
"Heydon Lake",50,2,5,862,6,1160,"50 deg 33 min","125 deg 40 min"
"Heydon Lake",50,2,5,862,7,710,"50 deg 33 min","125 deg 40 min"
"Heydon Lake",50,2,5,862,8,338,"50 deg 33 min","125 deg 40 min"
"Heydon Lake",50,3,5,862,1,890,"50 deg 33 min","125 deg 40 min"
"Heydon Lake",50,3,5,862,2,1120,"50 deg 33 min","125 deg 40 min"
"Heydon Lake",50,3,5,862,3,1100,"50 deg 33 min","125 deg 40 min"
"Heydon Lake",50,3,5,862,4,1260,"50 deg 33 min","125 deg 40 min"
"Heydon Lake",50,3,5,862,5,1255,"50 deg 33 min","125 deg 40 min"
"Heydon Lake",50,3,5,862,6,1160,"50 deg 33 min","125 deg 40 min"
"Heydon Lake",50,3,5,862,7,710,"50 deg 33 min","125 deg 40 min"
"Heydon Lake",50,3,5,862,8,338,"50 deg 33 min","125 deg 40 min"
"Heydon Lake",50,5,10,818,1,880,"50 deg 33 min","125 deg 40 min"
"Heydon Lake",50,5,10,818,2,1115,"50 deg 33 min","125 deg 40 min"
"Heydon Lake",50,5,10,818,3,1050,"50 deg 33 min","125 deg 40 min"
"Heydon Lake",50,5,10,818,4,1245,"50 deg 33 min","125 deg 40 min"
"Heydon Lake",50,5,10,818,5,1240,"50 deg 33 min","125 deg 40 min"
"Heydon Lake",50,5,10,818,6,1100,"50 deg 33 min","125 deg 40 min"
"Heydon Lake",50,5,10,818,7,693,"50 deg 33 min","125 deg 40 min"
"Heydon Lake",50,5,10,818,8,320,"50 deg 33 min","125 deg 40 min"
"Heydon Lake",50,10,15,772,1,855,"50 deg 33 min","125 deg 40 min"
"Heydon Lake",50,10,15,772,2,1100,"50 deg 33 min","125 deg 40 min"
"Heydon Lake",50,10,15,772,3,1035,"50 deg 33 min","125 deg 40 min"
"Heydon Lake",50,10,15,772,4,1230,"50 deg 33 min","125 deg 40 min"
"Heydon Lake",50,10,15,772,5,1235,"50 deg 33 min","125 deg 40 min"
"Heydon Lake",50,10,15,772,6,865,"50 deg 33 min","125 deg 40 min"
"Heydon Lake",50,10,15,772,7,670,"50 deg 33 min","125 deg 40 min"
"Heydon Lake",50,10,15,772,8,303,"50 deg 33 min","125 deg 40 min"
"Heydon Lake",50,15,20,728,1,825,"50 deg 33 min","125 deg 40 min"
"Heydon Lake",50,15,20,728,2,1080,"50 deg 33 min","125 deg 40 min"
"Heydon Lake",50,15,20,728,3,1005,"50 deg 33 min","125 deg 40 min"
"Heydon Lake",50,15,20,728,4,1205,"50 deg 33 min","125 deg 40 min"
"Heydon Lake",50,15,20,728,5,1205,"50 deg 33 min","125 deg 40 min"
"Heydon Lake",50,15,20,728,6,485,"50 deg 33 min","125 deg 40 min"
"Heydon Lake",50,15,20,728,7,638,"50 deg 33 min","125 deg 40 min"
"Heydon Lake",50,15,20,728,8,271,"50 deg 33 min","125 deg 40 min"
"Heydon Lake",50,20,30,677,1,785,"50 deg 33 min","125 deg 40 min"
"Heydon Lake",50,20,30,677,2,1045,"50 deg 33 min","125 deg 40 min"
"Heydon Lake",50,20,30,677,3,960,"50 deg 33 min","125 deg 40 min"
"Heydon Lake",50,20,30,677,4,1180,"50 deg 33 min","125 deg 40 min"
"Heydon Lake",50,20,30,677,5,1125,"50 deg 33 min","125 deg 40 min"
"Heydon Lake",50,20,30,677,6,0,"50 deg 33 min","125 deg 40 min"
"Heydon Lake",50,20,30,677,7,602,"50 deg 33 min","125 deg 40 min"
"Heydon Lake",50,20,30,677,8,0,"50 deg 33 min","125 deg 40 min"
"Heydon Lake",50,30,40,618,1,700,"50 deg 33 min","125 deg 40 min"
"Heydon Lake",50,30,40,618,2,1000,"50 deg 33 min","125 deg 40 min"
"Heydon Lake",50,30,40,618,3,895,"50 deg 33 min","125 deg 40 min"
"Heydon Lake",50,30,40,618,4,1135,"50 deg 33 min","125 deg 40 min"
"Heydon Lake",50,30,40,618,5,1070,"50 deg 33 min","125 deg 40 min"
"Heydon Lake",50,30,40,618,6,0,"50 deg 33 min","125 deg 40 min"
"Heydon Lake",50,30,40,618,7,550,"50 deg 33 min","125 deg 40 min"
"Heydon Lake",50,30,40,618,8,0,"50 deg 33 min","125 deg 40 min"
"Heydon Lake",50,40,50,563,1,630,"50 deg 33 min","125 deg 40 min"
"Heydon Lake",50,40,50,563,2,910,"50 deg 33 min","125 deg 40 min"
"Heydon Lake",50,40,50,563,3,830,"50 deg 33 min","125 deg 40 min"
"Heydon Lake",50,40,50,563,4,1080,"50 deg 33 min","125 deg 40 min"
"Heydon Lake",50,40,50,563,5,1025,"50 deg 33 min","125 deg 40 min"
"Heydon Lake",50,40,50,563,6,0,"50 deg 33 min","125 deg 40 min"
"Heydon Lake",50,40,50,563,7,475,"50 deg 33 min","125 deg 40 min"
"Heydon Lake",50,40,50,563,8,0,"50 deg 33 min","125 deg 40 min"
"Heydon Main",301,2,5,769,1,890,NA,NA
"Heydon Main",301,2,5,769,2,1120,NA,NA
"Heydon Main",301,2,5,769,3,1100,NA,NA
"Heydon Main",301,2,5,769,4,1260,NA,NA
"Heydon Main",301,2,5,769,5,1255,NA,NA
"Heydon Main",301,2,5,769,6,710,NA,NA
"Heydon Main",301,3,5,769,1,890,NA,NA
"Heydon Main",301,3,5,769,2,1120,NA,NA
"Heydon Main",301,3,5,769,3,1100,NA,NA
"Heydon Main",301,3,5,769,4,1260,NA,NA
"Heydon Main",301,3,5,769,5,1255,NA,NA
"Heydon Main",301,3,5,769,6,710,NA,NA
"Heydon Main",301,5,10,730,1,880,NA,NA
"Heydon Main",301,5,10,730,2,1115,NA,NA
"Heydon Main",301,5,10,730,3,1050,NA,NA
"Heydon Main",301,5,10,730,4,1245,NA,NA
"Heydon Main",301,5,10,730,5,1240,NA,NA
"Heydon Main",301,5,10,730,6,693,NA,NA
"Heydon Main",301,10,15,689,1,855,NA,NA
"Heydon Main",301,10,15,689,2,1100,NA,NA
"Heydon Main",301,10,15,689,3,1035,NA,NA
"Heydon Main",301,10,15,689,4,1230,NA,NA
"Heydon Main",301,10,15,689,5,1235,NA,NA
"Heydon Main",301,10,15,689,6,670,NA,NA
"Heydon Main",301,15,20,649,1,825,NA,NA
"Heydon Main",301,15,20,649,2,1080,NA,NA
"Heydon Main",301,15,20,649,3,1005,NA,NA
"Heydon Main",301,15,20,649,4,1205,NA,NA
"Heydon Main",301,15,20,649,5,1205,NA,NA
"Heydon Main",301,15,20,649,6,670,NA,NA
"Heydon Main",301,20,30,604,1,785,NA,NA
"Heydon Main",301,20,30,604,2,1045,NA,NA
"Heydon Main",301,20,30,604,3,960,NA,NA
"Heydon Main",301,20,30,604,4,1180,NA,NA
"Heydon Main",301,20,30,604,5,1125,NA,NA
"Heydon Main",301,20,30,604,6,602,NA,NA
"Heydon Main",301,30,40,551,1,700,NA,NA
"Heydon Main",301,30,40,551,2,1000,NA,NA
"Heydon Main",301,30,40,551,3,895,NA,NA
"Heydon Main",301,30,40,551,4,1135,NA,NA
"Heydon Main",301,30,40,551,5,1070,NA,NA
"Heydon Main",301,30,40,551,6,550,NA,NA
"Heydon Main",301,40,50,502,1,630,NA,NA
"Heydon Main",301,40,50,502,2,910,NA,NA
"Heydon Main",301,40,50,502,3,830,NA,NA
"Heydon Main",301,40,50,502,4,1080,NA,NA
"Heydon Main",301,40,50,502,5,1025,NA,NA
"Heydon Main",301,40,50,502,6,475,NA,NA
"Heydon_2005",250,2,5,862,1,1554,NA,NA
"Heydon_2005",250,2,5,862,2,1713,NA,NA
"Heydon_2005",250,2,5,862,3,1220,NA,NA
"Heydon_2005",250,2,5,862,4,1352,NA,NA
"Heydon_2005",250,2,5,862,5,1437,NA,NA
"Heydon_2005",250,2,5,862,6,1497,NA,NA
"Heydon_2005",250,2,5,862,7,1481,NA,NA
"Heydon_2005",250,2,5,862,8,846,NA,NA
"Heydon_2005",250,3,5,862,1,1554,NA,NA
"Heydon_2005",250,3,5,862,2,1699,NA,NA
"Heydon_2005",250,3,5,862,3,1220,NA,NA
"Heydon_2005",250,3,5,862,4,1352,NA,NA
"Heydon_2005",250,3,5,862,5,1437,NA,NA
"Heydon_2005",250,3,5,862,6,1497,NA,NA
"Heydon_2005",250,3,5,862,7,1481,NA,NA
"Heydon_2005",250,3,5,862,8,846,NA,NA
"Heydon_2005",250,5,10,818,1,1528,NA,NA
"Heydon_2005",250,5,10,818,2,1699,NA,NA
"Heydon_2005",250,5,10,818,3,1220,NA,NA
"Heydon_2005",250,5,10,818,4,1352,NA,NA
"Heydon_2005",250,5,10,818,5,1437,NA,NA
"Heydon_2005",250,5,10,818,6,1497,NA,NA
"Heydon_2005",250,5,10,818,7,1481,NA,NA
"Heydon_2005",250,5,10,818,8,846,NA,NA
"Heydon_2005",250,10,15,772,1,1511,NA,NA
"Heydon_2005",250,10,15,772,2,1699,NA,NA
"Heydon_2005",250,10,15,772,3,1220,NA,NA
"Heydon_2005",250,10,15,772,4,1332,NA,NA
"Heydon_2005",250,10,15,772,5,1417,NA,NA
"Heydon_2005",250,10,15,772,6,1492,NA,NA
"Heydon_2005",250,10,15,772,7,1469,NA,NA
"Heydon_2005",250,10,15,772,8,802,NA,NA
"Heydon_2005",250,15,20,728,1,1471,NA,NA
"Heydon_2005",250,15,20,728,2,1638,NA,NA
"Heydon_2005",250,15,20,728,3,1206,NA,NA
"Heydon_2005",250,15,20,728,4,1303,NA,NA
"Heydon_2005",250,15,20,728,5,1392,NA,NA
"Heydon_2005",250,15,20,728,6,1474,NA,NA
"Heydon_2005",250,15,20,728,7,1438,NA,NA
"Heydon_2005",250,15,20,728,8,766,NA,NA
"Heydon_2005",250,20,30,677,1,1438,NA,NA
"Heydon_2005",250,20,30,677,2,1580,NA,NA
"Heydon_2005",250,20,30,677,3,1160,NA,NA
"Heydon_2005",250,20,30,677,4,1252,NA,NA
"Heydon_2005",250,20,30,677,5,1343,NA,NA
"Heydon_2005",250,20,30,677,6,1440,NA,NA
"Heydon_2005",250,20,30,677,7,1387,NA,NA
"Heydon_2005",250,20,30,677,8,698,NA,NA
"Heydon_2005",250,30,40,618,1,1327,NA,NA
"Heydon_2005",250,30,40,618,2,1402,NA,NA
"Heydon_2005",250,30,40,618,3,1080,NA,NA
"Heydon_2005",250,30,40,618,4,1189,NA,NA
"Heydon_2005",250,30,40,618,5,1156,NA,NA
"Heydon_2005",250,30,40,618,6,1384,NA,NA
"Heydon_2005",250,30,40,618,7,1292,NA,NA
"Heydon_2005",250,30,40,618,8,608,NA,NA
"Heydon_2005",250,40,50,563,1,1211,NA,NA
"Heydon_2005",250,40,50,563,2,1392,NA,NA
"Heydon_2005",250,40,50,563,3,997,NA,NA
"Heydon_2005",250,40,50,563,4,1114,NA,NA
"Heydon_2005",250,40,50,563,5,1007,NA,NA
"Heydon_2005",250,40,50,563,6,1277,NA,NA
"Heydon_2005",250,40,50,563,7,1216,NA,NA
"Heydon_2005",250,40,50,563,8,527,NA,NA
"Hissin Pt.",206,NA,NA,NA,NA,NA,NA,NA
"Hobiton Lake",6,2,5,350,1,340,"48 deg 45 min","124 deg 49 min"
"Hobiton Lake",6,2,5,350,2,320,"48 deg 45 min","124 deg 49 min"
"Hobiton Lake",6,2,5,350,3,460,"48 deg 45 min","124 deg 49 min"
"Hobiton Lake",6,2,5,350,4,710,"48 deg 45 min","124 deg 49 min"
"Hobiton Lake",6,2,5,350,5,340,"48 deg 45 min","124 deg 49 min"
"Hobiton Lake",6,2,5,350,6,710,"48 deg 45 min","124 deg 49 min"
"Hobiton Lake",6,2,5,350,7,900,"48 deg 45 min","124 deg 49 min"
"Hobiton Lake",6,2,5,350,8,1310,"48 deg 45 min","124 deg 49 min"
"Hobiton Lake",6,2,5,350,9,895,"48 deg 45 min","124 deg 49 min"
"Hobiton Lake",6,2,5,350,10,1060,"48 deg 45 min","124 deg 49 min"
"Hobiton Lake",6,2,5,350,11,1120,"48 deg 45 min","124 deg 49 min"
"Hobiton Lake",6,3,5,340,1,340,"48 deg 45 min","124 deg 49 min"
"Hobiton Lake",6,3,5,340,2,320,"48 deg 45 min","124 deg 49 min"
"Hobiton Lake",6,3,5,340,3,460,"48 deg 45 min","124 deg 49 min"
"Hobiton Lake",6,3,5,340,4,710,"48 deg 45 min","124 deg 49 min"
"Hobiton Lake",6,3,5,340,5,340,"48 deg 45 min","124 deg 49 min"
"Hobiton Lake",6,3,5,340,6,710,"48 deg 45 min","124 deg 49 min"
"Hobiton Lake",6,3,5,340,7,900,"48 deg 45 min","124 deg 49 min"
"Hobiton Lake",6,3,5,340,8,1310,"48 deg 45 min","124 deg 49 min"
"Hobiton Lake",6,3,5,340,9,895,"48 deg 45 min","124 deg 49 min"
"Hobiton Lake",6,3,5,340,10,1060,"48 deg 45 min","124 deg 49 min"
"Hobiton Lake",6,3,5,340,11,1120,"48 deg 45 min","124 deg 49 min"
"Hobiton Lake",6,5,10,334,1,340,"48 deg 45 min","124 deg 49 min"
"Hobiton Lake",6,5,10,334,2,300,"48 deg 45 min","124 deg 49 min"
"Hobiton Lake",6,5,10,334,3,460,"48 deg 45 min","124 deg 49 min"
"Hobiton Lake",6,5,10,334,4,700,"48 deg 45 min","124 deg 49 min"
"Hobiton Lake",6,5,10,334,5,330,"48 deg 45 min","124 deg 49 min"
"Hobiton Lake",6,5,10,334,6,710,"48 deg 45 min","124 deg 49 min"
"Hobiton Lake",6,5,10,334,7,900,"48 deg 45 min","124 deg 49 min"
"Hobiton Lake",6,5,10,334,8,1310,"48 deg 45 min","124 deg 49 min"
"Hobiton Lake",6,5,10,334,9,895,"48 deg 45 min","124 deg 49 min"
"Hobiton Lake",6,5,10,334,10,1055,"48 deg 45 min","124 deg 49 min"
"Hobiton Lake",6,5,10,334,11,1100,"48 deg 45 min","124 deg 49 min"
"Hobiton Lake",6,10,15,320,1,340,"48 deg 45 min","124 deg 49 min"
"Hobiton Lake",6,10,15,320,2,280,"48 deg 45 min","124 deg 49 min"
"Hobiton Lake",6,10,15,320,3,450,"48 deg 45 min","124 deg 49 min"
"Hobiton Lake",6,10,15,320,4,690,"48 deg 45 min","124 deg 49 min"
"Hobiton Lake",6,10,15,320,5,300,"48 deg 45 min","124 deg 49 min"
"Hobiton Lake",6,10,15,320,6,710,"48 deg 45 min","124 deg 49 min"
"Hobiton Lake",6,10,15,320,7,890,"48 deg 45 min","124 deg 49 min"
"Hobiton Lake",6,10,15,320,8,1310,"48 deg 45 min","124 deg 49 min"
"Hobiton Lake",6,10,15,320,9,890,"48 deg 45 min","124 deg 49 min"
"Hobiton Lake",6,10,15,320,10,1040,"48 deg 45 min","124 deg 49 min"
"Hobiton Lake",6,10,15,320,11,1070,"48 deg 45 min","124 deg 49 min"
"Hobiton Lake",6,15,20,285,1,300,"48 deg 45 min","124 deg 49 min"
"Hobiton Lake",6,15,20,285,2,260,"48 deg 45 min","124 deg 49 min"
"Hobiton Lake",6,15,20,285,3,440,"48 deg 45 min","124 deg 49 min"
"Hobiton Lake",6,15,20,285,4,660,"48 deg 45 min","124 deg 49 min"
"Hobiton Lake",6,15,20,285,5,280,"48 deg 45 min","124 deg 49 min"
"Hobiton Lake",6,15,20,285,6,700,"48 deg 45 min","124 deg 49 min"
"Hobiton Lake",6,15,20,285,7,870,"48 deg 45 min","124 deg 49 min"
"Hobiton Lake",6,15,20,285,8,1260,"48 deg 45 min","124 deg 49 min"
"Hobiton Lake",6,15,20,285,9,880,"48 deg 45 min","124 deg 49 min"
"Hobiton Lake",6,15,20,285,10,1030,"48 deg 45 min","124 deg 49 min"
"Hobiton Lake",6,15,20,285,11,1060,"48 deg 45 min","124 deg 49 min"
"Hobiton Lake",6,20,30,252,1,280,"48 deg 45 min","124 deg 49 min"
"Hobiton Lake",6,20,30,252,2,230,"48 deg 45 min","124 deg 49 min"
"Hobiton Lake",6,20,30,252,3,400,"48 deg 45 min","124 deg 49 min"
"Hobiton Lake",6,20,30,252,4,630,"48 deg 45 min","124 deg 49 min"
"Hobiton Lake",6,20,30,252,5,260,"48 deg 45 min","124 deg 49 min"
"Hobiton Lake",6,20,30,252,6,655,"48 deg 45 min","124 deg 49 min"
"Hobiton Lake",6,20,30,252,7,825,"48 deg 45 min","124 deg 49 min"
"Hobiton Lake",6,20,30,252,8,1200,"48 deg 45 min","124 deg 49 min"
"Hobiton Lake",6,20,30,252,9,825,"48 deg 45 min","124 deg 49 min"
"Hobiton Lake",6,20,30,252,10,1000,"48 deg 45 min","124 deg 49 min"
"Hobiton Lake",6,20,30,252,11,1020,"48 deg 45 min","124 deg 49 min"
"Hobiton Lake",6,30,40,215,1,220,"48 deg 45 min","124 deg 49 min"
"Hobiton Lake",6,30,40,215,2,200,"48 deg 45 min","124 deg 49 min"
"Hobiton Lake",6,30,40,215,3,360,"48 deg 45 min","124 deg 49 min"
"Hobiton Lake",6,30,40,215,4,590,"48 deg 45 min","124 deg 49 min"
"Hobiton Lake",6,30,40,215,5,180,"48 deg 45 min","124 deg 49 min"
"Hobiton Lake",6,30,40,215,6,445,"48 deg 45 min","124 deg 49 min"
"Hobiton Lake",6,30,40,215,7,740,"48 deg 45 min","124 deg 49 min"
"Hobiton Lake",6,30,40,215,8,1130,"48 deg 45 min","124 deg 49 min"
"Hobiton Lake",6,30,40,215,9,760,"48 deg 45 min","124 deg 49 min"
"Hobiton Lake",6,30,40,215,10,960,"48 deg 45 min","124 deg 49 min"
"Hobiton Lake",6,30,40,215,11,980,"48 deg 45 min","124 deg 49 min"
"Hobiton Lake",6,40,50,172,1,0,"48 deg 45 min","124 deg 49 min"
"Hobiton Lake",6,40,50,172,2,120,"48 deg 45 min","124 deg 49 min"
"Hobiton Lake",6,40,50,172,3,320,"48 deg 45 min","124 deg 49 min"
"Hobiton Lake",6,40,50,172,4,550,"48 deg 45 min","124 deg 49 min"
"Hobiton Lake",6,40,50,172,5,90,"48 deg 45 min","124 deg 49 min"
"Hobiton Lake",6,40,50,172,6,0,"48 deg 45 min","124 deg 49 min"
"Hobiton Lake",6,40,50,172,7,550,"48 deg 45 min","124 deg 49 min"
"Hobiton Lake",6,40,50,172,8,1075,"48 deg 45 min","124 deg 49 min"
"Hobiton Lake",6,40,50,172,9,670,"48 deg 45 min","124 deg 49 min"
"Hobiton Lake",6,40,50,172,10,845,"48 deg 45 min","124 deg 49 min"
"Hobiton Lake",6,40,50,172,11,855,"48 deg 45 min","124 deg 49 min"
"Hobiton Lake",6,50,60,25,1,0,"48 deg 45 min","124 deg 49 min"
"Hobiton Lake",6,50,60,25,2,0,"48 deg 45 min","124 deg 49 min"
"Hobiton Lake",6,50,60,25,3,290,"48 deg 45 min","124 deg 49 min"
"Hobiton Lake",6,50,60,25,4,510,"48 deg 45 min","124 deg 49 min"
"Hobiton Lake",6,50,60,25,5,0,"48 deg 45 min","124 deg 49 min"
"Hobiton Lake",6,50,60,25,6,0,"48 deg 45 min","124 deg 49 min"
"Hobiton Lake",6,50,60,25,7,0,"48 deg 45 min","124 deg 49 min"
"Hobiton Lake",6,50,60,25,8,1015,"48 deg 45 min","124 deg 49 min"
"Hobiton Lake",6,50,60,25,9,590,"48 deg 45 min","124 deg 49 min"
"Hobiton Lake",6,50,60,25,10,785,"48 deg 45 min","124 deg 49 min"
"Hobiton Lake",6,50,60,25,11,780,"48 deg 45 min","124 deg 49 min"
"Hocking Pt",169,NA,NA,NA,NA,NA,"49 deg 05 min","124 deg 50 min"
"Horne Lake",39,NA,NA,NA,NA,NA,"49 deg 20 min","124 deg 42 min"
"I.M.P. Yellen",215,NA,NA,NA,NA,NA,NA,NA
"Ian Lake",26,2,5,1809,1,410,"53 deg 45 min","132 deg 35 min"
"Ian Lake",26,2,5,1809,2,520,"53 deg 45 min","132 deg 35 min"
"Ian Lake",26,2,5,1809,3,701,"53 deg 45 min","132 deg 35 min"
"Ian Lake",26,2,5,1809,4,1101,"53 deg 45 min","132 deg 35 min"
"Ian Lake",26,2,5,1809,5,2059,"53 deg 45 min","132 deg 35 min"
"Ian Lake",26,2,5,1809,6,1583,"53 deg 45 min","132 deg 35 min"
"Ian Lake",26,2,5,1809,7,766,"53 deg 45 min","132 deg 35 min"
"Ian Lake",26,2,5,1809,8,2170,"53 deg 45 min","132 deg 35 min"
"Ian Lake",26,2,5,1809,9,1923,"53 deg 45 min","132 deg 35 min"
"Ian Lake",26,3,5,1809,1,410,"53 deg 45 min","132 deg 35 min"
"Ian Lake",26,3,5,1809,2,520,"53 deg 45 min","132 deg 35 min"
"Ian Lake",26,3,5,1809,3,701,"53 deg 45 min","132 deg 35 min"
"Ian Lake",26,3,5,1809,4,1101,"53 deg 45 min","132 deg 35 min"
"Ian Lake",26,3,5,1809,5,2059,"53 deg 45 min","132 deg 35 min"
"Ian Lake",26,3,5,1809,6,1583,"53 deg 45 min","132 deg 35 min"
"Ian Lake",26,3,5,1809,7,766,"53 deg 45 min","132 deg 35 min"
"Ian Lake",26,3,5,1809,8,2170,"53 deg 45 min","132 deg 35 min"
"Ian Lake",26,3,5,1809,9,1923,"53 deg 45 min","132 deg 35 min"
"Ian Lake",26,5,10,1631,1,357,"53 deg 45 min","132 deg 35 min"
"Ian Lake",26,5,10,1631,2,498,"53 deg 45 min","132 deg 35 min"
"Ian Lake",26,5,10,1631,3,648,"53 deg 45 min","132 deg 35 min"
"Ian Lake",26,5,10,1631,4,1001,"53 deg 45 min","132 deg 35 min"
"Ian Lake",26,5,10,1631,5,1982,"53 deg 45 min","132 deg 35 min"
"Ian Lake",26,5,10,1631,6,1399,"53 deg 45 min","132 deg 35 min"
"Ian Lake",26,5,10,1631,7,652,"53 deg 45 min","132 deg 35 min"
"Ian Lake",26,5,10,1631,8,2139,"53 deg 45 min","132 deg 35 min"
"Ian Lake",26,5,10,1631,9,1837,"53 deg 45 min","132 deg 35 min"
"Ian Lake",26,10,15,1470,1,300,"53 deg 45 min","132 deg 35 min"
"Ian Lake",26,10,15,1470,2,468,"53 deg 45 min","132 deg 35 min"
"Ian Lake",26,10,15,1470,3,607,"53 deg 45 min","132 deg 35 min"
"Ian Lake",26,10,15,1470,4,754,"53 deg 45 min","132 deg 35 min"
"Ian Lake",26,10,15,1470,5,1853,"53 deg 45 min","132 deg 35 min"
"Ian Lake",26,10,15,1470,6,1272,"53 deg 45 min","132 deg 35 min"
"Ian Lake",26,10,15,1470,7,505,"53 deg 45 min","132 deg 35 min"
"Ian Lake",26,10,15,1470,8,1912,"53 deg 45 min","132 deg 35 min"
"Ian Lake",26,10,15,1470,9,1806,"53 deg 45 min","132 deg 35 min"
"Ian Lake",26,15,20,1322,1,237,"53 deg 45 min","132 deg 35 min"
"Ian Lake",26,15,20,1322,2,447,"53 deg 45 min","132 deg 35 min"
"Ian Lake",26,15,20,1322,3,553,"53 deg 45 min","132 deg 35 min"
"Ian Lake",26,15,20,1322,4,691,"53 deg 45 min","132 deg 35 min"
"Ian Lake",26,15,20,1322,5,1681,"53 deg 45 min","132 deg 35 min"
"Ian Lake",26,15,20,1322,6,1148,"53 deg 45 min","132 deg 35 min"
"Ian Lake",26,15,20,1322,7,0,"53 deg 45 min","132 deg 35 min"
"Ian Lake",26,15,20,1322,8,1721,"53 deg 45 min","132 deg 35 min"
"Ian Lake",26,15,20,1322,9,1766,"53 deg 45 min","132 deg 35 min"
"Ian Lake",26,20,30,1146,1,119,"53 deg 45 min","132 deg 35 min"
"Ian Lake",26,20,30,1146,2,407,"53 deg 45 min","132 deg 35 min"
"Ian Lake",26,20,30,1146,3,409,"53 deg 45 min","132 deg 35 min"
"Ian Lake",26,20,30,1146,4,580,"53 deg 45 min","132 deg 35 min"
"Ian Lake",26,20,30,1146,5,1369,"53 deg 45 min","132 deg 35 min"
"Ian Lake",26,20,30,1146,6,1077,"53 deg 45 min","132 deg 35 min"
"Ian Lake",26,20,30,1146,7,0,"53 deg 45 min","132 deg 35 min"
"Ian Lake",26,20,30,1146,8,1373.4,"53 deg 45 min","132 deg 35 min"
"Ian Lake",26,20,30,1146,9,1699,"53 deg 45 min","132 deg 35 min"
"Ian Lake",26,30,40,915,1,0,"53 deg 45 min","132 deg 35 min"
"Ian Lake",26,30,40,915,2,350,"53 deg 45 min","132 deg 35 min"
"Ian Lake",26,30,40,915,3,0,"53 deg 45 min","132 deg 35 min"
"Ian Lake",26,30,40,915,4,437,"53 deg 45 min","132 deg 35 min"
"Ian Lake",26,30,40,915,5,1260,"53 deg 45 min","132 deg 35 min"
"Ian Lake",26,30,40,915,6,998,"53 deg 45 min","132 deg 35 min"
"Ian Lake",26,30,40,915,7,0,"53 deg 45 min","132 deg 35 min"
"Ian Lake",26,30,40,915,8,1307,"53 deg 45 min","132 deg 35 min"
"Ian Lake",26,30,40,915,9,1615,"53 deg 45 min","132 deg 35 min"
"Ian Lake",26,40,50,710,1,0,"53 deg 45 min","132 deg 35 min"
"Ian Lake",26,40,50,710,2,229,"53 deg 45 min","132 deg 35 min"
"Ian Lake",26,40,50,710,3,0,"53 deg 45 min","132 deg 35 min"
"Ian Lake",26,40,50,710,4,319,"53 deg 45 min","132 deg 35 min"
"Ian Lake",26,40,50,710,5,1100,"53 deg 45 min","132 deg 35 min"
"Ian Lake",26,40,50,710,6,885,"53 deg 45 min","132 deg 35 min"
"Ian Lake",26,40,50,710,7,0,"53 deg 45 min","132 deg 35 min"
"Ian Lake",26,40,50,710,8,1161.5,"53 deg 45 min","132 deg 35 min"
"Ian Lake",26,40,50,710,9,1639,"53 deg 45 min","132 deg 35 min"
"Ian Lake",26,50,60,578,1,0,"53 deg 45 min","132 deg 35 min"
"Ian Lake",26,50,60,578,2,0,"53 deg 45 min","132 deg 35 min"
"Ian Lake",26,50,60,578,3,0,"53 deg 45 min","132 deg 35 min"
"Ian Lake",26,50,60,578,4,250,"53 deg 45 min","132 deg 35 min"
"Ian Lake",26,50,60,578,5,1013,"53 deg 45 min","132 deg 35 min"
"Ian Lake",26,50,60,578,6,790,"53 deg 45 min","132 deg 35 min"
"Ian Lake",26,50,60,578,7,0,"53 deg 45 min","132 deg 35 min"
"Ian Lake",26,50,60,578,8,827,"53 deg 45 min","132 deg 35 min"
"Ian Lake",26,50,60,578,9,1450,"53 deg 45 min","132 deg 35 min"
"Ian Lake",26,60,70,476,1,0,"53 deg 45 min","132 deg 35 min"
"Ian Lake",26,60,70,476,2,0,"53 deg 45 min","132 deg 35 min"
"Ian Lake",26,60,70,476,3,0,"53 deg 45 min","132 deg 35 min"
"Ian Lake",26,60,70,476,4,0,"53 deg 45 min","132 deg 35 min"
"Ian Lake",26,60,70,476,5,0,"53 deg 45 min","132 deg 35 min"
"Ian Lake",26,60,70,476,6,0,"53 deg 45 min","132 deg 35 min"
"Ian Lake",26,60,70,476,7,0,"53 deg 45 min","132 deg 35 min"
"Ian Lake",26,60,70,476,8,0,"53 deg 45 min","132 deg 35 min"
"Ian Lake",26,60,70,476,9,0,"53 deg 45 min","132 deg 35 min"
"Imperial Eagle Ch",171,NA,NA,NA,NA,NA,"48 deg 54 min","125 deg 12 min"
"Ingram Lake",182,2,5,383.7,1,928,"52 deg 38 min","128 deg 00 min"
"Ingram Lake",182,2,5,383.7,2,2619,"52 deg 38 min","128 deg 00 min"
"Ingram Lake",182,2,5,383.7,3,635,"52 deg 38 min","128 deg 00 min"
"Ingram Lake",182,2,5,383.7,4,603,"52 deg 38 min","128 deg 00 min"
"Ingram Lake",182,2,5,383.7,5,888,"52 deg 38 min","128 deg 00 min"
"Ingram Lake",182,2,5,383.7,6,779,"52 deg 38 min","128 deg 00 min"
"Ingram Lake",182,3,5,383.7,1,928,"52 deg 38 min","128 deg 00 min"
"Ingram Lake",182,3,5,383.7,2,2619,"52 deg 38 min","128 deg 00 min"
"Ingram Lake",182,3,5,383.7,3,635,"52 deg 38 min","128 deg 00 min"
"Ingram Lake",182,3,5,383.7,4,603,"52 deg 38 min","128 deg 00 min"
"Ingram Lake",182,3,5,383.7,5,888,"52 deg 38 min","128 deg 00 min"
"Ingram Lake",182,3,5,383.7,6,779,"52 deg 38 min","128 deg 00 min"
"Ingram Lake",182,5,10,363.1,1,901,"52 deg 38 min","128 deg 00 min"
"Ingram Lake",182,5,10,363.1,2,2584,"52 deg 38 min","128 deg 00 min"
"Ingram Lake",182,5,10,363.1,3,621,"52 deg 38 min","128 deg 00 min"
"Ingram Lake",182,5,10,363.1,4,576,"52 deg 38 min","128 deg 00 min"
"Ingram Lake",182,5,10,363.1,5,867,"52 deg 38 min","128 deg 00 min"
"Ingram Lake",182,5,10,363.1,6,747,"52 deg 38 min","128 deg 00 min"
"Ingram Lake",182,10,15,344,1,885,"52 deg 38 min","128 deg 00 min"
"Ingram Lake",182,10,15,344,2,2555,"52 deg 38 min","128 deg 00 min"
"Ingram Lake",182,10,15,344,3,611,"52 deg 38 min","128 deg 00 min"
"Ingram Lake",182,10,15,344,4,555,"52 deg 38 min","128 deg 00 min"
"Ingram Lake",182,10,15,344,5,843,"52 deg 38 min","128 deg 00 min"
"Ingram Lake",182,10,15,344,6,723,"52 deg 38 min","128 deg 00 min"
"Ingram Lake",182,15,20,323,1,869,"52 deg 38 min","128 deg 00 min"
"Ingram Lake",182,15,20,323,2,2528,"52 deg 38 min","128 deg 00 min"
"Ingram Lake",182,15,20,323,3,600,"52 deg 38 min","128 deg 00 min"
"Ingram Lake",182,15,20,323,4,539,"52 deg 38 min","128 deg 00 min"
"Ingram Lake",182,15,20,323,5,805,"52 deg 38 min","128 deg 00 min"
"Ingram Lake",182,15,20,323,6,696,"52 deg 38 min","128 deg 00 min"
"Ingram Lake",182,20,30,297,1,859,"52 deg 38 min","128 deg 00 min"
"Ingram Lake",182,20,30,297,2,2512,"52 deg 38 min","128 deg 00 min"
"Ingram Lake",182,20,30,297,3,589,"52 deg 38 min","128 deg 00 min"
"Ingram Lake",182,20,30,297,4,523,"52 deg 38 min","128 deg 00 min"
"Ingram Lake",182,20,30,297,5,779,"52 deg 38 min","128 deg 00 min"
"Ingram Lake",182,20,30,297,6,656,"52 deg 38 min","128 deg 00 min"
"Ingram Lake",182,30,40,246,1,816,"52 deg 38 min","128 deg 00 min"
"Ingram Lake",182,30,40,246,2,2427,"52 deg 38 min","128 deg 00 min"
"Ingram Lake",182,30,40,246,3,549,"52 deg 38 min","128 deg 00 min"
"Ingram Lake",182,30,40,246,4,435,"52 deg 38 min","128 deg 00 min"
"Ingram Lake",182,30,40,246,5,717,"52 deg 38 min","128 deg 00 min"
"Ingram Lake",182,30,40,246,6,459,"52 deg 38 min","128 deg 00 min"
"Ingram Lake",182,40,50,172,1,765,"52 deg 38 min","128 deg 00 min"
"Ingram Lake",182,40,50,172,2,2349,"52 deg 38 min","128 deg 00 min"
"Ingram Lake",182,40,50,172,3,0,"52 deg 38 min","128 deg 00 min"
"Ingram Lake",182,40,50,172,4,400,"52 deg 38 min","128 deg 00 min"
"Ingram Lake",182,40,50,172,5,669,"52 deg 38 min","128 deg 00 min"
"Ingram Lake",182,40,50,172,6,392,"52 deg 38 min","128 deg 00 min"
"Ingram Lake",182,50,60,56,1,691,"52 deg 38 min","128 deg 00 min"
"Ingram Lake",182,50,60,56,2,2251,"52 deg 38 min","128 deg 00 min"
"Ingram Lake",182,50,60,56,3,0,"52 deg 38 min","128 deg 00 min"
"Ingram Lake",182,50,60,56,4,0,"52 deg 38 min","128 deg 00 min"
"Ingram Lake",182,50,60,56,5,0,"52 deg 38 min","128 deg 00 min"
"Ingram Lake",182,50,60,56,6,288,"52 deg 38 min","128 deg 00 min"
"Jansen Lake",108,2,5,58,1,232,"50 deg 06 min","127 deg 17 min"
"Jansen Lake",108,2,5,58,2,395,"50 deg 06 min","127 deg 17 min"
"Jansen Lake",108,2,5,58,3,455,"50 deg 06 min","127 deg 17 min"
"Jansen Lake",108,2,5,58,4,625,"50 deg 06 min","127 deg 17 min"
"Jansen Lake",108,2,5,58,5,1798,"50 deg 06 min","127 deg 17 min"
"Jansen Lake",108,3,5,58,1,232,"50 deg 06 min","127 deg 17 min"
"Jansen Lake",108,3,5,58,2,395,"50 deg 06 min","127 deg 17 min"
"Jansen Lake",108,3,5,58,3,455,"50 deg 06 min","127 deg 17 min"
"Jansen Lake",108,3,5,58,4,625,"50 deg 06 min","127 deg 17 min"
"Jansen Lake",108,3,5,58,5,1798,"50 deg 06 min","127 deg 17 min"
"Jansen Lake",108,5,10,55,1,207,"50 deg 06 min","127 deg 17 min"
"Jansen Lake",108,5,10,55,2,358,"50 deg 06 min","127 deg 17 min"
"Jansen Lake",108,5,10,55,3,449,"50 deg 06 min","127 deg 17 min"
"Jansen Lake",108,5,10,55,4,599,"50 deg 06 min","127 deg 17 min"
"Jansen Lake",108,5,10,55,5,1764,"50 deg 06 min","127 deg 17 min"
"Jansen Lake",108,10,15,51,1,177,"50 deg 06 min","127 deg 17 min"
"Jansen Lake",108,10,15,51,2,342,"50 deg 06 min","127 deg 17 min"
"Jansen Lake",108,10,15,51,3,423,"50 deg 06 min","127 deg 17 min"
"Jansen Lake",108,10,15,51,4,574,"50 deg 06 min","127 deg 17 min"
"Jansen Lake",108,10,15,51,5,1504,"50 deg 06 min","127 deg 17 min"
"Jansen Lake",108,15,20,46,1,146,"50 deg 06 min","127 deg 17 min"
"Jansen Lake",108,15,20,46,2,321,"50 deg 06 min","127 deg 17 min"
"Jansen Lake",108,15,20,46,3,403,"50 deg 06 min","127 deg 17 min"
"Jansen Lake",108,15,20,46,4,523,"50 deg 06 min","127 deg 17 min"
"Jansen Lake",108,15,20,46,5,1452,"50 deg 06 min","127 deg 17 min"
"Jansen Lake",108,20,30,40,1,110,"50 deg 06 min","127 deg 17 min"
"Jansen Lake",108,20,30,40,2,274,"50 deg 06 min","127 deg 17 min"
"Jansen Lake",108,20,30,40,3,358,"50 deg 06 min","127 deg 17 min"
"Jansen Lake",108,20,30,40,4,459,"50 deg 06 min","127 deg 17 min"
"Jansen Lake",108,20,30,40,5,1331,"50 deg 06 min","127 deg 17 min"
"Jansen Lake",108,30,40,27,1,49,"50 deg 06 min","127 deg 17 min"
"Jansen Lake",108,30,40,27,2,179,"50 deg 06 min","127 deg 17 min"
"Jansen Lake",108,30,40,27,3,293,"50 deg 06 min","127 deg 17 min"
"Jansen Lake",108,30,40,27,4,255,"50 deg 06 min","127 deg 17 min"
"Jansen Lake",108,30,40,27,5,1003,"50 deg 06 min","127 deg 17 min"
"Jansen Lake",108,40,50,15,1,0,"50 deg 06 min","127 deg 17 min"
"Jansen Lake",108,40,50,15,2,126,"50 deg 06 min","127 deg 17 min"
"Jansen Lake",108,40,50,15,3,228,"50 deg 06 min","127 deg 17 min"
"Jansen Lake",108,40,50,15,4,0,"50 deg 06 min","127 deg 17 min"
"Jansen Lake",108,40,50,15,5,804,"50 deg 06 min","127 deg 17 min"
"Johanson Lake",226,2,5,128.6,1,216.2,NA,NA
"Johanson Lake",226,2,5,128.6,2,295.8,NA,NA
"Johanson Lake",226,2,5,128.6,3,450.1,NA,NA
"Johanson Lake",226,2,5,128.6,4,380.4,NA,NA
"Johanson Lake",226,2,5,128.6,5,247.9,NA,NA
"Johanson Lake",226,2,5,128.6,6,168.3,NA,NA
"Johanson Lake",226,3,5,128.6,1,216.2,NA,NA
"Johanson Lake",226,3,5,128.6,2,295.8,NA,NA
"Johanson Lake",226,3,5,128.6,3,450.1,NA,NA
"Johanson Lake",226,3,5,128.6,4,380.4,NA,NA
"Johanson Lake",226,3,5,128.6,5,247.9,NA,NA
"Johanson Lake",226,3,5,128.6,6,168.3,NA,NA
"Johanson Lake",226,5,10,104.8,1,189.7,NA,NA
"Johanson Lake",226,5,10,104.8,2,276.4,NA,NA
"Johanson Lake",226,5,10,104.8,3,431.6,NA,NA
"Johanson Lake",226,5,10,104.8,4,360,NA,NA
"Johanson Lake",226,5,10,104.8,5,222.4,NA,NA
"Johanson Lake",226,5,10,104.8,6,139.5,NA,NA
"Johanson Lake",226,10,15,76.6,1,149.9,NA,NA
"Johanson Lake",226,10,15,76.6,2,234.4,NA,NA
"Johanson Lake",226,10,15,76.6,3,404,NA,NA
"Johanson Lake",226,10,15,76.6,4,328.6,NA,NA
"Johanson Lake",226,10,15,76.6,5,188.5,NA,NA
"Johanson Lake",226,10,15,76.6,6,99.6,NA,NA
"Johanson Lake",226,15,20,56,1,96.4,NA,NA
"Johanson Lake",226,15,20,56,2,201,NA,NA
"Johanson Lake",226,15,20,56,3,361.4,NA,NA
"Johanson Lake",226,15,20,56,4,283.8,NA,NA
"Johanson Lake",226,15,20,56,5,155,NA,NA
"Johanson Lake",226,15,20,56,6,49.9,NA,NA
"Johanson Lake",226,20,30,29.8,1,33,NA,NA
"Johanson Lake",226,20,30,29.8,2,177.1,NA,NA
"Johanson Lake",226,20,30,29.8,3,218.7,NA,NA
"Johanson Lake",226,20,30,29.8,4,173,NA,NA
"Johanson Lake",226,20,30,29.8,5,113.6,NA,NA
"Johanson Lake",226,20,30,29.8,6,10.3,NA,NA
"Johanson Lake",226,30,40,8.4,1,0,NA,NA
"Johanson Lake",226,30,40,8.4,2,134.8,NA,NA
"Johanson Lake",226,30,40,8.4,3,51.3,NA,NA
"Johanson Lake",226,30,40,8.4,4,46.1,NA,NA
"Johanson Lake",226,30,40,8.4,5,43.9,NA,NA
"Johanson Lake",226,30,40,8.4,6,0,NA,NA
"Johanson Lake",226,40,50,2.5,1,0,NA,NA
"Johanson Lake",226,40,50,2.5,2,54.5,NA,NA
"Johanson Lake",226,40,50,2.5,3,0,NA,NA
"Johanson Lake",226,40,50,2.5,4,0,NA,NA
"Johanson Lake",226,40,50,2.5,5,0,NA,NA
"Johanson Lake",226,40,50,2.5,6,0,NA,NA
"Jojo Lake",96,NA,NA,NA,NA,NA,"60 deg 34 min","136 deg 21 min"
"Junction Pass",170,NA,NA,NA,NA,NA,"48 deg 57 min","125 deg 03 min"
"Kainet Ck",189,NA,NA,NA,NA,NA,NA,NA
"Kennedy Lake",5,NA,NA,NA,NA,NA,"49 deg 05 min","125 deg 33 min"
"Kennedy Lake (Clay)",40,2,5,1480,1,1045,"49 deg 08 min","125 deg 35 min"
"Kennedy Lake (Clay)",40,2,5,1480,2,2195,"49 deg 08 min","125 deg 35 min"
"Kennedy Lake (Clay)",40,2,5,1480,3,1485,"49 deg 08 min","125 deg 35 min"
"Kennedy Lake (Clay)",40,2,5,1480,4,965,"49 deg 08 min","125 deg 35 min"
"Kennedy Lake (Clay)",40,2,5,1480,5,1680,"49 deg 08 min","125 deg 35 min"
"Kennedy Lake (Clay)",40,2,5,1480,6,1610,"49 deg 08 min","125 deg 35 min"
"Kennedy Lake (Clay)",40,2,5,1480,7,810,"49 deg 08 min","125 deg 35 min"
"Kennedy Lake (Clay)",40,2,5,1480,8,810,"49 deg 08 min","125 deg 35 min"
"Kennedy Lake (Clay)",40,2,5,1480,9,1610,"49 deg 08 min","125 deg 35 min"
"Kennedy Lake (Clay)",40,2,5,1480,10,1735,"49 deg 08 min","125 deg 35 min"
"Kennedy Lake (Clay)",40,2,5,1480,11,725,"49 deg 08 min","125 deg 35 min"
"Kennedy Lake (Clay)",40,2,5,1480,12,1380,"49 deg 08 min","125 deg 35 min"
"Kennedy Lake (Clay)",40,2,5,1480,13,1845,"49 deg 08 min","125 deg 35 min"
"Kennedy Lake (Clay)",40,2,5,1480,14,1610,"49 deg 08 min","125 deg 35 min"
"Kennedy Lake (Clay)",40,2,5,1480,15,695,"49 deg 08 min","125 deg 35 min"
"Kennedy Lake (Clay)",40,2,5,1480,16,880,"49 deg 08 min","125 deg 35 min"
"Kennedy Lake (Clay)",40,3,5,1480,1,1045,"49 deg 08 min","125 deg 35 min"
"Kennedy Lake (Clay)",40,3,5,1480,2,2195,"49 deg 08 min","125 deg 35 min"
"Kennedy Lake (Clay)",40,3,5,1480,3,1485,"49 deg 08 min","125 deg 35 min"
"Kennedy Lake (Clay)",40,3,5,1480,4,965,"49 deg 08 min","125 deg 35 min"
"Kennedy Lake (Clay)",40,3,5,1480,5,1680,"49 deg 08 min","125 deg 35 min"
"Kennedy Lake (Clay)",40,3,5,1480,6,1610,"49 deg 08 min","125 deg 35 min"
"Kennedy Lake (Clay)",40,3,5,1480,7,810,"49 deg 08 min","125 deg 35 min"
"Kennedy Lake (Clay)",40,3,5,1480,8,810,"49 deg 08 min","125 deg 35 min"
"Kennedy Lake (Clay)",40,3,5,1480,9,1610,"49 deg 08 min","125 deg 35 min"
"Kennedy Lake (Clay)",40,3,5,1480,10,1735,"49 deg 08 min","125 deg 35 min"
"Kennedy Lake (Clay)",40,3,5,1480,11,725,"49 deg 08 min","125 deg 35 min"
"Kennedy Lake (Clay)",40,3,5,1480,12,1380,"49 deg 08 min","125 deg 35 min"
"Kennedy Lake (Clay)",40,3,5,1480,13,1845,"49 deg 08 min","125 deg 35 min"
"Kennedy Lake (Clay)",40,3,5,1480,14,1610,"49 deg 08 min","125 deg 35 min"
"Kennedy Lake (Clay)",40,3,5,1480,15,695,"49 deg 08 min","125 deg 35 min"
"Kennedy Lake (Clay)",40,3,5,1480,16,880,"49 deg 08 min","125 deg 35 min"
"Kennedy Lake (Clay)",40,5,10,1433,1,1020,"49 deg 08 min","125 deg 35 min"
"Kennedy Lake (Clay)",40,5,10,1433,2,2175,"49 deg 08 min","125 deg 35 min"
"Kennedy Lake (Clay)",40,5,10,1433,3,1465,"49 deg 08 min","125 deg 35 min"
"Kennedy Lake (Clay)",40,5,10,1433,4,950,"49 deg 08 min","125 deg 35 min"
"Kennedy Lake (Clay)",40,5,10,1433,5,1650,"49 deg 08 min","125 deg 35 min"
"Kennedy Lake (Clay)",40,5,10,1433,6,1580,"49 deg 08 min","125 deg 35 min"
"Kennedy Lake (Clay)",40,5,10,1433,7,790,"49 deg 08 min","125 deg 35 min"
"Kennedy Lake (Clay)",40,5,10,1433,8,790,"49 deg 08 min","125 deg 35 min"
"Kennedy Lake (Clay)",40,5,10,1433,9,1580,"49 deg 08 min","125 deg 35 min"
"Kennedy Lake (Clay)",40,5,10,1433,10,1710,"49 deg 08 min","125 deg 35 min"
"Kennedy Lake (Clay)",40,5,10,1433,11,710,"49 deg 08 min","125 deg 35 min"
"Kennedy Lake (Clay)",40,5,10,1433,12,1355,"49 deg 08 min","125 deg 35 min"
"Kennedy Lake (Clay)",40,5,10,1433,13,1825,"49 deg 08 min","125 deg 35 min"
"Kennedy Lake (Clay)",40,5,10,1433,14,1580,"49 deg 08 min","125 deg 35 min"
"Kennedy Lake (Clay)",40,5,10,1433,15,680,"49 deg 08 min","125 deg 35 min"
"Kennedy Lake (Clay)",40,5,10,1433,16,855,"49 deg 08 min","125 deg 35 min"
"Kennedy Lake (Clay)",40,10,15,1385,1,990,"49 deg 08 min","125 deg 35 min"
"Kennedy Lake (Clay)",40,10,15,1385,2,2150,"49 deg 08 min","125 deg 35 min"
"Kennedy Lake (Clay)",40,10,15,1385,3,1445,"49 deg 08 min","125 deg 35 min"
"Kennedy Lake (Clay)",40,10,15,1385,4,925,"49 deg 08 min","125 deg 35 min"
"Kennedy Lake (Clay)",40,10,15,1385,5,1620,"49 deg 08 min","125 deg 35 min"
"Kennedy Lake (Clay)",40,10,15,1385,6,1545,"49 deg 08 min","125 deg 35 min"
"Kennedy Lake (Clay)",40,10,15,1385,7,760,"49 deg 08 min","125 deg 35 min"
"Kennedy Lake (Clay)",40,10,15,1385,8,760,"49 deg 08 min","125 deg 35 min"
"Kennedy Lake (Clay)",40,10,15,1385,9,1545,"49 deg 08 min","125 deg 35 min"
"Kennedy Lake (Clay)",40,10,15,1385,10,1670,"49 deg 08 min","125 deg 35 min"
"Kennedy Lake (Clay)",40,10,15,1385,11,690,"49 deg 08 min","125 deg 35 min"
"Kennedy Lake (Clay)",40,10,15,1385,12,1330,"49 deg 08 min","125 deg 35 min"
"Kennedy Lake (Clay)",40,10,15,1385,13,1800,"49 deg 08 min","125 deg 35 min"
"Kennedy Lake (Clay)",40,10,15,1385,14,1550,"49 deg 08 min","125 deg 35 min"
"Kennedy Lake (Clay)",40,10,15,1385,15,665,"49 deg 08 min","125 deg 35 min"
"Kennedy Lake (Clay)",40,10,15,1385,16,830,"49 deg 08 min","125 deg 35 min"
"Kennedy Lake (Clay)",40,15,20,1315,1,960,"49 deg 08 min","125 deg 35 min"
"Kennedy Lake (Clay)",40,15,20,1315,2,2150,"49 deg 08 min","125 deg 35 min"
"Kennedy Lake (Clay)",40,15,20,1315,3,1415,"49 deg 08 min","125 deg 35 min"
"Kennedy Lake (Clay)",40,15,20,1315,4,905,"49 deg 08 min","125 deg 35 min"
"Kennedy Lake (Clay)",40,15,20,1315,5,1595,"49 deg 08 min","125 deg 35 min"
"Kennedy Lake (Clay)",40,15,20,1315,6,1485,"49 deg 08 min","125 deg 35 min"
"Kennedy Lake (Clay)",40,15,20,1315,7,725,"49 deg 08 min","125 deg 35 min"
"Kennedy Lake (Clay)",40,15,20,1315,8,725,"49 deg 08 min","125 deg 35 min"
"Kennedy Lake (Clay)",40,15,20,1315,9,1485,"49 deg 08 min","125 deg 35 min"
"Kennedy Lake (Clay)",40,15,20,1315,10,1620,"49 deg 08 min","125 deg 35 min"
"Kennedy Lake (Clay)",40,15,20,1315,11,660,"49 deg 08 min","125 deg 35 min"
"Kennedy Lake (Clay)",40,15,20,1315,12,1295,"49 deg 08 min","125 deg 35 min"
"Kennedy Lake (Clay)",40,15,20,1315,13,1780,"49 deg 08 min","125 deg 35 min"
"Kennedy Lake (Clay)",40,15,20,1315,14,1520,"49 deg 08 min","125 deg 35 min"
"Kennedy Lake (Clay)",40,15,20,1315,15,650,"49 deg 08 min","125 deg 35 min"
"Kennedy Lake (Clay)",40,15,20,1315,16,805,"49 deg 08 min","125 deg 35 min"
"Kennedy Lake (Clay)",40,20,30,1100,1,900,"49 deg 08 min","125 deg 35 min"
"Kennedy Lake (Clay)",40,20,30,1100,2,2075,"49 deg 08 min","125 deg 35 min"
"Kennedy Lake (Clay)",40,20,30,1100,3,1370,"49 deg 08 min","125 deg 35 min"
"Kennedy Lake (Clay)",40,20,30,1100,4,870,"49 deg 08 min","125 deg 35 min"
"Kennedy Lake (Clay)",40,20,30,1100,5,1545,"49 deg 08 min","125 deg 35 min"
"Kennedy Lake (Clay)",40,20,30,1100,6,1440,"49 deg 08 min","125 deg 35 min"
"Kennedy Lake (Clay)",40,20,30,1100,7,675,"49 deg 08 min","125 deg 35 min"
"Kennedy Lake (Clay)",40,20,30,1100,8,675,"49 deg 08 min","125 deg 35 min"
"Kennedy Lake (Clay)",40,20,30,1100,9,1440,"49 deg 08 min","125 deg 35 min"
"Kennedy Lake (Clay)",40,20,30,1100,10,1575,"49 deg 08 min","125 deg 35 min"
"Kennedy Lake (Clay)",40,20,30,1100,11,630,"49 deg 08 min","125 deg 35 min"
"Kennedy Lake (Clay)",40,20,30,1100,12,1240,"49 deg 08 min","125 deg 35 min"
"Kennedy Lake (Clay)",40,20,30,1100,13,1705,"49 deg 08 min","125 deg 35 min"
"Kennedy Lake (Clay)",40,20,30,1100,14,1470,"49 deg 08 min","125 deg 35 min"
"Kennedy Lake (Clay)",40,20,30,1100,15,625,"49 deg 08 min","125 deg 35 min"
"Kennedy Lake (Clay)",40,20,30,1100,16,775,"49 deg 08 min","125 deg 35 min"
"Kennedy Lake (Clay)",40,30,40,980,1,855,"49 deg 08 min","125 deg 35 min"
"Kennedy Lake (Clay)",40,30,40,980,2,2020,"49 deg 08 min","125 deg 35 min"
"Kennedy Lake (Clay)",40,30,40,980,3,1335,"49 deg 08 min","125 deg 35 min"
"Kennedy Lake (Clay)",40,30,40,980,4,805,"49 deg 08 min","125 deg 35 min"
"Kennedy Lake (Clay)",40,30,40,980,5,1465,"49 deg 08 min","125 deg 35 min"
"Kennedy Lake (Clay)",40,30,40,980,6,1365,"49 deg 08 min","125 deg 35 min"
"Kennedy Lake (Clay)",40,30,40,980,7,600,"49 deg 08 min","125 deg 35 min"
"Kennedy Lake (Clay)",40,30,40,980,8,600,"49 deg 08 min","125 deg 35 min"
"Kennedy Lake (Clay)",40,30,40,980,9,1365,"49 deg 08 min","125 deg 35 min"
"Kennedy Lake (Clay)",40,30,40,980,10,1530,"49 deg 08 min","125 deg 35 min"
"Kennedy Lake (Clay)",40,30,40,980,11,600,"49 deg 08 min","125 deg 35 min"
"Kennedy Lake (Clay)",40,30,40,980,12,1180,"49 deg 08 min","125 deg 35 min"
"Kennedy Lake (Clay)",40,30,40,980,13,1635,"49 deg 08 min","125 deg 35 min"
"Kennedy Lake (Clay)",40,30,40,980,14,1390,"49 deg 08 min","125 deg 35 min"
"Kennedy Lake (Clay)",40,30,40,980,15,575,"49 deg 08 min","125 deg 35 min"
"Kennedy Lake (Clay)",40,30,40,980,16,725,"49 deg 08 min","125 deg 35 min"
"Kennedy Lake (Clay)",40,40,50,890,1,825,"49 deg 08 min","125 deg 35 min"
"Kennedy Lake (Clay)",40,40,50,890,2,1950,"49 deg 08 min","125 deg 35 min"
"Kennedy Lake (Clay)",40,40,50,890,3,1310,"49 deg 08 min","125 deg 35 min"
"Kennedy Lake (Clay)",40,40,50,890,4,755,"49 deg 08 min","125 deg 35 min"
"Kennedy Lake (Clay)",40,40,50,890,5,1380,"49 deg 08 min","125 deg 35 min"
"Kennedy Lake (Clay)",40,40,50,890,6,1280,"49 deg 08 min","125 deg 35 min"
"Kennedy Lake (Clay)",40,40,50,890,7,510,"49 deg 08 min","125 deg 35 min"
"Kennedy Lake (Clay)",40,40,50,890,8,510,"49 deg 08 min","125 deg 35 min"
"Kennedy Lake (Clay)",40,40,50,890,9,1280,"49 deg 08 min","125 deg 35 min"
"Kennedy Lake (Clay)",40,40,50,890,10,1435,"49 deg 08 min","125 deg 35 min"
"Kennedy Lake (Clay)",40,40,50,890,11,565,"49 deg 08 min","125 deg 35 min"
"Kennedy Lake (Clay)",40,40,50,890,12,1135,"49 deg 08 min","125 deg 35 min"
"Kennedy Lake (Clay)",40,40,50,890,13,1610,"49 deg 08 min","125 deg 35 min"
"Kennedy Lake (Clay)",40,40,50,890,14,1375,"49 deg 08 min","125 deg 35 min"
"Kennedy Lake (Clay)",40,40,50,890,15,515,"49 deg 08 min","125 deg 35 min"
"Kennedy Lake (Clay)",40,40,50,890,16,575,"49 deg 08 min","125 deg 35 min"
"Kennedy Lake (Clay)",40,50,60,820,1,790,"49 deg 08 min","125 deg 35 min"
"Kennedy Lake (Clay)",40,50,60,820,2,1920,"49 deg 08 min","125 deg 35 min"
"Kennedy Lake (Clay)",40,50,60,820,3,1295,"49 deg 08 min","125 deg 35 min"
"Kennedy Lake (Clay)",40,50,60,820,4,695,"49 deg 08 min","125 deg 35 min"
"Kennedy Lake (Clay)",40,50,60,820,5,1265,"49 deg 08 min","125 deg 35 min"
"Kennedy Lake (Clay)",40,50,60,820,6,1230,"49 deg 08 min","125 deg 35 min"
"Kennedy Lake (Clay)",40,50,60,820,7,425,"49 deg 08 min","125 deg 35 min"
"Kennedy Lake (Clay)",40,50,60,820,8,425,"49 deg 08 min","125 deg 35 min"
"Kennedy Lake (Clay)",40,50,60,820,9,1230,"49 deg 08 min","125 deg 35 min"
"Kennedy Lake (Clay)",40,50,60,820,10,1325,"49 deg 08 min","125 deg 35 min"
"Kennedy Lake (Clay)",40,50,60,820,11,535,"49 deg 08 min","125 deg 35 min"
"Kennedy Lake (Clay)",40,50,60,820,12,1100,"49 deg 08 min","125 deg 35 min"
"Kennedy Lake (Clay)",40,50,60,820,13,1585,"49 deg 08 min","125 deg 35 min"
"Kennedy Lake (Clay)",40,50,60,820,14,1335,"49 deg 08 min","125 deg 35 min"
"Kennedy Lake (Clay)",40,50,60,820,15,445,"49 deg 08 min","125 deg 35 min"
"Kennedy Lake (Clay)",40,50,60,820,16,395,"49 deg 08 min","125 deg 35 min"
"Kennedy Lake (Clay)",40,60,70,739,1,725,"49 deg 08 min","125 deg 35 min"
"Kennedy Lake (Clay)",40,60,70,739,2,1785,"49 deg 08 min","125 deg 35 min"
"Kennedy Lake (Clay)",40,60,70,739,3,1265,"49 deg 08 min","125 deg 35 min"
"Kennedy Lake (Clay)",40,60,70,739,4,655,"49 deg 08 min","125 deg 35 min"
"Kennedy Lake (Clay)",40,60,70,739,5,1210,"49 deg 08 min","125 deg 35 min"
"Kennedy Lake (Clay)",40,60,70,739,6,1025,"49 deg 08 min","125 deg 35 min"
"Kennedy Lake (Clay)",40,60,70,739,7,200,"49 deg 08 min","125 deg 35 min"
"Kennedy Lake (Clay)",40,60,70,739,8,200,"49 deg 08 min","125 deg 35 min"
"Kennedy Lake (Clay)",40,60,70,739,9,1025,"49 deg 08 min","125 deg 35 min"
"Kennedy Lake (Clay)",40,60,70,739,10,1260,"49 deg 08 min","125 deg 35 min"
"Kennedy Lake (Clay)",40,60,70,739,11,500,"49 deg 08 min","125 deg 35 min"
"Kennedy Lake (Clay)",40,60,70,739,12,1065,"49 deg 08 min","125 deg 35 min"
"Kennedy Lake (Clay)",40,60,70,739,13,1565,"49 deg 08 min","125 deg 35 min"
"Kennedy Lake (Clay)",40,60,70,739,14,1280,"49 deg 08 min","125 deg 35 min"
"Kennedy Lake (Clay)",40,60,70,739,15,290,"49 deg 08 min","125 deg 35 min"
"Kennedy Lake (Clay)",40,60,70,739,16,0,"49 deg 08 min","125 deg 35 min"
"Kennedy Lake (Main)",41,2,5,3450,1,1665,"49 deg 04 min","125 deg 34 min"
"Kennedy Lake (Main)",41,2,5,3450,2,1930,"49 deg 04 min","125 deg 34 min"
"Kennedy Lake (Main)",41,2,5,3450,3,2285,"49 deg 04 min","125 deg 34 min"
"Kennedy Lake (Main)",41,2,5,3450,4,1830,"49 deg 04 min","125 deg 34 min"
"Kennedy Lake (Main)",41,2,5,3450,5,1975,"49 deg 04 min","125 deg 34 min"
"Kennedy Lake (Main)",41,2,5,3450,6,3680,"49 deg 04 min","125 deg 34 min"
"Kennedy Lake (Main)",41,2,5,3450,7,2330,"49 deg 04 min","125 deg 34 min"
"Kennedy Lake (Main)",41,2,5,3450,8,2330,"49 deg 04 min","125 deg 34 min"
"Kennedy Lake (Main)",41,2,5,3450,9,3585,"49 deg 04 min","125 deg 34 min"
"Kennedy Lake (Main)",41,2,5,3450,10,1975,"49 deg 04 min","125 deg 34 min"
"Kennedy Lake (Main)",41,2,5,3450,11,1830,"49 deg 04 min","125 deg 34 min"
"Kennedy Lake (Main)",41,2,5,3450,12,1755,"49 deg 04 min","125 deg 34 min"
"Kennedy Lake (Main)",41,2,5,3450,13,1930,"49 deg 04 min","125 deg 34 min"
"Kennedy Lake (Main)",41,2,5,3450,14,1015,"49 deg 04 min","125 deg 34 min"
"Kennedy Lake (Main)",41,2,5,3450,15,1900,"49 deg 04 min","125 deg 34 min"
"Kennedy Lake (Main)",41,3,5,3450,1,1665,"49 deg 04 min","125 deg 34 min"
"Kennedy Lake (Main)",41,3,5,3450,2,1930,"49 deg 04 min","125 deg 34 min"
"Kennedy Lake (Main)",41,3,5,3450,3,2285,"49 deg 04 min","125 deg 34 min"
"Kennedy Lake (Main)",41,3,5,3450,4,1830,"49 deg 04 min","125 deg 34 min"
"Kennedy Lake (Main)",41,3,5,3450,5,1975,"49 deg 04 min","125 deg 34 min"
"Kennedy Lake (Main)",41,3,5,3450,6,3680,"49 deg 04 min","125 deg 34 min"
"Kennedy Lake (Main)",41,3,5,3450,7,2330,"49 deg 04 min","125 deg 34 min"
"Kennedy Lake (Main)",41,3,5,3450,8,2330,"49 deg 04 min","125 deg 34 min"
"Kennedy Lake (Main)",41,3,5,3450,9,3585,"49 deg 04 min","125 deg 34 min"
"Kennedy Lake (Main)",41,3,5,3450,10,1975,"49 deg 04 min","125 deg 34 min"
"Kennedy Lake (Main)",41,3,5,3450,11,1830,"49 deg 04 min","125 deg 34 min"
"Kennedy Lake (Main)",41,3,5,3450,12,1755,"49 deg 04 min","125 deg 34 min"
"Kennedy Lake (Main)",41,3,5,3450,13,1930,"49 deg 04 min","125 deg 34 min"
"Kennedy Lake (Main)",41,3,5,3450,14,1015,"49 deg 04 min","125 deg 34 min"
"Kennedy Lake (Main)",41,3,5,3450,15,1900,"49 deg 04 min","125 deg 34 min"
"Kennedy Lake (Main)",41,5,10,3130,1,1645,"49 deg 04 min","125 deg 34 min"
"Kennedy Lake (Main)",41,5,10,3130,2,1905,"49 deg 04 min","125 deg 34 min"
"Kennedy Lake (Main)",41,5,10,3130,3,2260,"49 deg 04 min","125 deg 34 min"
"Kennedy Lake (Main)",41,5,10,3130,4,1790,"49 deg 04 min","125 deg 34 min"
"Kennedy Lake (Main)",41,5,10,3130,5,1885,"49 deg 04 min","125 deg 34 min"
"Kennedy Lake (Main)",41,5,10,3130,6,3225,"49 deg 04 min","125 deg 34 min"
"Kennedy Lake (Main)",41,5,10,3130,7,2055,"49 deg 04 min","125 deg 34 min"
"Kennedy Lake (Main)",41,5,10,3130,8,2055,"49 deg 04 min","125 deg 34 min"
"Kennedy Lake (Main)",41,5,10,3130,9,3185,"49 deg 04 min","125 deg 34 min"
"Kennedy Lake (Main)",41,5,10,3130,10,1885,"49 deg 04 min","125 deg 34 min"
"Kennedy Lake (Main)",41,5,10,3130,11,1790,"49 deg 04 min","125 deg 34 min"
"Kennedy Lake (Main)",41,5,10,3130,12,1730,"49 deg 04 min","125 deg 34 min"
"Kennedy Lake (Main)",41,5,10,3130,13,1905,"49 deg 04 min","125 deg 34 min"
"Kennedy Lake (Main)",41,5,10,3130,14,1000,"49 deg 04 min","125 deg 34 min"
"Kennedy Lake (Main)",41,5,10,3130,15,1870,"49 deg 04 min","125 deg 34 min"
"Kennedy Lake (Main)",41,10,15,2810,1,1625,"49 deg 04 min","125 deg 34 min"
"Kennedy Lake (Main)",41,10,15,2810,2,1865,"49 deg 04 min","125 deg 34 min"
"Kennedy Lake (Main)",41,10,15,2810,3,2225,"49 deg 04 min","125 deg 34 min"
"Kennedy Lake (Main)",41,10,15,2810,4,1745,"49 deg 04 min","125 deg 34 min"
"Kennedy Lake (Main)",41,10,15,2810,5,1785,"49 deg 04 min","125 deg 34 min"
"Kennedy Lake (Main)",41,10,15,2810,6,2365,"49 deg 04 min","125 deg 34 min"
"Kennedy Lake (Main)",41,10,15,2810,7,1755,"49 deg 04 min","125 deg 34 min"
"Kennedy Lake (Main)",41,10,15,2810,8,1755,"49 deg 04 min","125 deg 34 min"
"Kennedy Lake (Main)",41,10,15,2810,9,2635,"49 deg 04 min","125 deg 34 min"
"Kennedy Lake (Main)",41,10,15,2810,10,1785,"49 deg 04 min","125 deg 34 min"
"Kennedy Lake (Main)",41,10,15,2810,11,1745,"49 deg 04 min","125 deg 34 min"
"Kennedy Lake (Main)",41,10,15,2810,12,1705,"49 deg 04 min","125 deg 34 min"
"Kennedy Lake (Main)",41,10,15,2810,13,1865,"49 deg 04 min","125 deg 34 min"
"Kennedy Lake (Main)",41,10,15,2810,14,985,"49 deg 04 min","125 deg 34 min"
"Kennedy Lake (Main)",41,10,15,2810,15,1840,"49 deg 04 min","125 deg 34 min"
"Kennedy Lake (Main)",41,15,20,2530,1,1605,"49 deg 04 min","125 deg 34 min"
"Kennedy Lake (Main)",41,15,20,2530,2,1820,"49 deg 04 min","125 deg 34 min"
"Kennedy Lake (Main)",41,15,20,2530,3,2200,"49 deg 04 min","125 deg 34 min"
"Kennedy Lake (Main)",41,15,20,2530,4,1705,"49 deg 04 min","125 deg 34 min"
"Kennedy Lake (Main)",41,15,20,2530,5,1690,"49 deg 04 min","125 deg 34 min"
"Kennedy Lake (Main)",41,15,20,2530,6,1810,"49 deg 04 min","125 deg 34 min"
"Kennedy Lake (Main)",41,15,20,2530,7,1325,"49 deg 04 min","125 deg 34 min"
"Kennedy Lake (Main)",41,15,20,2530,8,1325,"49 deg 04 min","125 deg 34 min"
"Kennedy Lake (Main)",41,15,20,2530,9,2305,"49 deg 04 min","125 deg 34 min"
"Kennedy Lake (Main)",41,15,20,2530,10,1690,"49 deg 04 min","125 deg 34 min"
"Kennedy Lake (Main)",41,15,20,2530,11,1705,"49 deg 04 min","125 deg 34 min"
"Kennedy Lake (Main)",41,15,20,2530,12,1680,"49 deg 04 min","125 deg 34 min"
"Kennedy Lake (Main)",41,15,20,2530,13,1820,"49 deg 04 min","125 deg 34 min"
"Kennedy Lake (Main)",41,15,20,2530,14,965,"49 deg 04 min","125 deg 34 min"
"Kennedy Lake (Main)",41,15,20,2530,15,1805,"49 deg 04 min","125 deg 34 min"
"Kennedy Lake (Main)",41,20,30,1885,1,1570,"49 deg 04 min","125 deg 34 min"
"Kennedy Lake (Main)",41,20,30,1885,2,1615,"49 deg 04 min","125 deg 34 min"
"Kennedy Lake (Main)",41,20,30,1885,3,2145,"49 deg 04 min","125 deg 34 min"
"Kennedy Lake (Main)",41,20,30,1885,4,1615,"49 deg 04 min","125 deg 34 min"
"Kennedy Lake (Main)",41,20,30,1885,5,1545,"49 deg 04 min","125 deg 34 min"
"Kennedy Lake (Main)",41,20,30,1885,6,873,"49 deg 04 min","125 deg 34 min"
"Kennedy Lake (Main)",41,20,30,1885,7,505,"49 deg 04 min","125 deg 34 min"
"Kennedy Lake (Main)",41,20,30,1885,8,505,"49 deg 04 min","125 deg 34 min"
"Kennedy Lake (Main)",41,20,30,1885,9,1795,"49 deg 04 min","125 deg 34 min"
"Kennedy Lake (Main)",41,20,30,1885,10,1545,"49 deg 04 min","125 deg 34 min"
"Kennedy Lake (Main)",41,20,30,1885,11,1615,"49 deg 04 min","125 deg 34 min"
"Kennedy Lake (Main)",41,20,30,1885,12,1630,"49 deg 04 min","125 deg 34 min"
"Kennedy Lake (Main)",41,20,30,1885,13,1615,"49 deg 04 min","125 deg 34 min"
"Kennedy Lake (Main)",41,20,30,1885,14,940,"49 deg 04 min","125 deg 34 min"
"Kennedy Lake (Main)",41,20,30,1885,15,1765,"49 deg 04 min","125 deg 34 min"
"Kennedy Lake (Main)",41,30,40,1420,1,1530,"49 deg 04 min","125 deg 34 min"
"Kennedy Lake (Main)",41,30,40,1420,2,1355,"49 deg 04 min","125 deg 34 min"
"Kennedy Lake (Main)",41,30,40,1420,3,2075,"49 deg 04 min","125 deg 34 min"
"Kennedy Lake (Main)",41,30,40,1420,4,1470,"49 deg 04 min","125 deg 34 min"
"Kennedy Lake (Main)",41,30,40,1420,5,720,"49 deg 04 min","125 deg 34 min"
"Kennedy Lake (Main)",41,30,40,1420,6,220,"49 deg 04 min","125 deg 34 min"
"Kennedy Lake (Main)",41,30,40,1420,7,0,"49 deg 04 min","125 deg 34 min"
"Kennedy Lake (Main)",41,30,40,1420,8,0,"49 deg 04 min","125 deg 34 min"
"Kennedy Lake (Main)",41,30,40,1420,9,640,"49 deg 04 min","125 deg 34 min"
"Kennedy Lake (Main)",41,30,40,1420,10,720,"49 deg 04 min","125 deg 34 min"
"Kennedy Lake (Main)",41,30,40,1420,11,1470,"49 deg 04 min","125 deg 34 min"
"Kennedy Lake (Main)",41,30,40,1420,12,1530,"49 deg 04 min","125 deg 34 min"
"Kennedy Lake (Main)",41,30,40,1420,13,1355,"49 deg 04 min","125 deg 34 min"
"Kennedy Lake (Main)",41,30,40,1420,14,910,"49 deg 04 min","125 deg 34 min"
"Kennedy Lake (Main)",41,30,40,1420,15,1695,"49 deg 04 min","125 deg 34 min"
"Kennedy Lake (Main)",41,40,50,945,1,1460,"49 deg 04 min","125 deg 34 min"
"Kennedy Lake (Main)",41,40,50,945,2,1220,"49 deg 04 min","125 deg 34 min"
"Kennedy Lake (Main)",41,40,50,945,3,1855,"49 deg 04 min","125 deg 34 min"
"Kennedy Lake (Main)",41,40,50,945,4,1175,"49 deg 04 min","125 deg 34 min"
"Kennedy Lake (Main)",41,40,50,945,5,65,"49 deg 04 min","125 deg 34 min"
"Kennedy Lake (Main)",41,40,50,945,6,0,"49 deg 04 min","125 deg 34 min"
"Kennedy Lake (Main)",41,40,50,945,7,0,"49 deg 04 min","125 deg 34 min"
"Kennedy Lake (Main)",41,40,50,945,8,0,"49 deg 04 min","125 deg 34 min"
"Kennedy Lake (Main)",41,40,50,945,9,0,"49 deg 04 min","125 deg 34 min"
"Kennedy Lake (Main)",41,40,50,945,10,65,"49 deg 04 min","125 deg 34 min"
"Kennedy Lake (Main)",41,40,50,945,11,1175,"49 deg 04 min","125 deg 34 min"
"Kennedy Lake (Main)",41,40,50,945,12,1285,"49 deg 04 min","125 deg 34 min"
"Kennedy Lake (Main)",41,40,50,945,13,1220,"49 deg 04 min","125 deg 34 min"
"Kennedy Lake (Main)",41,40,50,945,14,865,"49 deg 04 min","125 deg 34 min"
"Kennedy Lake (Main)",41,40,50,945,15,1640,"49 deg 04 min","125 deg 34 min"
"Kennedy Lake (Main)",41,50,60,715,1,1400,"49 deg 04 min","125 deg 34 min"
"Kennedy Lake (Main)",41,50,60,715,2,1030,"49 deg 04 min","125 deg 34 min"
"Kennedy Lake (Main)",41,50,60,715,3,1605,"49 deg 04 min","125 deg 34 min"
"Kennedy Lake (Main)",41,50,60,715,4,785,"49 deg 04 min","125 deg 34 min"
"Kennedy Lake (Main)",41,50,60,715,5,0,"49 deg 04 min","125 deg 34 min"
"Kennedy Lake (Main)",41,50,60,715,6,0,"49 deg 04 min","125 deg 34 min"
"Kennedy Lake (Main)",41,50,60,715,7,0,"49 deg 04 min","125 deg 34 min"
"Kennedy Lake (Main)",41,50,60,715,8,0,"49 deg 04 min","125 deg 34 min"
"Kennedy Lake (Main)",41,50,60,715,9,0,"49 deg 04 min","125 deg 34 min"
"Kennedy Lake (Main)",41,50,60,715,10,0,"49 deg 04 min","125 deg 34 min"
"Kennedy Lake (Main)",41,50,60,715,11,785,"49 deg 04 min","125 deg 34 min"
"Kennedy Lake (Main)",41,50,60,715,12,1145,"49 deg 04 min","125 deg 34 min"
"Kennedy Lake (Main)",41,50,60,715,13,1030,"49 deg 04 min","125 deg 34 min"
"Kennedy Lake (Main)",41,50,60,715,14,810,"49 deg 04 min","125 deg 34 min"
"Kennedy Lake (Main)",41,50,60,715,15,1525,"49 deg 04 min","125 deg 34 min"
"Kennedy Lake (Main)",41,60,70,210,1,1370,"49 deg 04 min","125 deg 34 min"
"Kennedy Lake (Main)",41,60,70,210,2,995,"49 deg 04 min","125 deg 34 min"
"Kennedy Lake (Main)",41,60,70,210,3,1330,"49 deg 04 min","125 deg 34 min"
"Kennedy Lake (Main)",41,60,70,210,4,0,"49 deg 04 min","125 deg 34 min"
"Kennedy Lake (Main)",41,60,70,210,5,0,"49 deg 04 min","125 deg 34 min"
"Kennedy Lake (Main)",41,60,70,210,6,0,"49 deg 04 min","125 deg 34 min"
"Kennedy Lake (Main)",41,60,70,210,7,0,"49 deg 04 min","125 deg 34 min"
"Kennedy Lake (Main)",41,60,70,210,8,0,"49 deg 04 min","125 deg 34 min"
"Kennedy Lake (Main)",41,60,70,210,9,0,"49 deg 04 min","125 deg 34 min"
"Kennedy Lake (Main)",41,60,70,210,10,0,"49 deg 04 min","125 deg 34 min"
"Kennedy Lake (Main)",41,60,70,210,11,0,"49 deg 04 min","125 deg 34 min"
"Kennedy Lake (Main)",41,60,70,210,12,1090,"49 deg 04 min","125 deg 34 min"
"Kennedy Lake (Main)",41,60,70,210,13,995,"49 deg 04 min","125 deg 34 min"
"Kennedy Lake (Main)",41,60,70,210,14,720,"49 deg 04 min","125 deg 34 min"
"Kennedy Lake (Main)",41,60,70,210,15,1400,"49 deg 04 min","125 deg 34 min"
"Kennedy Lake Hwy B",234,NA,NA,NA,NA,NA,"49 deg 04 min","125 deg 34 min"
"Kennicot Lake",51,NA,NA,NA,NA,NA,"58 deg 10 min","131 deg 31 min"
"Khtada Lake",236,2,5,584,1,427,NA,NA
"Khtada Lake",236,2,5,584,2,439,NA,NA
"Khtada Lake",236,2,5,584,3,892,NA,NA
"Khtada Lake",236,2,5,584,4,733,NA,NA
"Khtada Lake",236,2,5,584,5,856,NA,NA
"Khtada Lake",236,2,5,584,6,318,NA,NA
"Khtada Lake",236,2,5,584,7,131,NA,NA
"Khtada Lake",236,2,5,584,8,372,NA,NA
"Khtada Lake",236,2,5,584,9,307,NA,NA
"Khtada Lake",236,2,5,584,10,401,NA,NA
"Khtada Lake",236,2,5,584,11,207,NA,NA
"Khtada Lake",236,2,5,584,12,430,NA,NA
"Khtada Lake",236,2,5,584,13,659,NA,NA
"Khtada Lake",236,2,5,584,14,358,NA,NA
"Khtada Lake",236,3,5,584,1,427,NA,NA
"Khtada Lake",236,3,5,584,2,439,NA,NA
"Khtada Lake",236,3,5,584,3,892,NA,NA
"Khtada Lake",236,3,5,584,4,733,NA,NA
"Khtada Lake",236,3,5,584,5,856,NA,NA
"Khtada Lake",236,3,5,584,6,318,NA,NA
"Khtada Lake",236,3,5,584,7,131,NA,NA
"Khtada Lake",236,3,5,584,8,372,NA,NA
"Khtada Lake",236,3,5,584,9,307,NA,NA
"Khtada Lake",236,3,5,584,10,401,NA,NA
"Khtada Lake",236,3,5,584,11,207,NA,NA
"Khtada Lake",236,3,5,584,12,430,NA,NA
"Khtada Lake",236,3,5,584,13,659,NA,NA
"Khtada Lake",236,3,5,584,14,358,NA,NA
"Khtada Lake",236,5,10,570,1,410,NA,NA
"Khtada Lake",236,5,10,570,2,422,NA,NA
"Khtada Lake",236,5,10,570,3,867,NA,NA
"Khtada Lake",236,5,10,570,4,714,NA,NA
"Khtada Lake",236,5,10,570,5,834,NA,NA
"Khtada Lake",236,5,10,570,6,292,NA,NA
"Khtada Lake",236,5,10,570,7,126,NA,NA
"Khtada Lake",236,5,10,570,8,355,NA,NA
"Khtada Lake",236,5,10,570,9,299,NA,NA
"Khtada Lake",236,5,10,570,10,389,NA,NA
"Khtada Lake",236,5,10,570,11,202,NA,NA
"Khtada Lake",236,5,10,570,12,421,NA,NA
"Khtada Lake",236,5,10,570,13,650,NA,NA
"Khtada Lake",236,5,10,570,14,353,NA,NA
"Khtada Lake",236,10,15,550,1,387,NA,NA
"Khtada Lake",236,10,15,550,2,390,NA,NA
"Khtada Lake",236,10,15,550,3,850,NA,NA
"Khtada Lake",236,10,15,550,4,692,NA,NA
"Khtada Lake",236,10,15,550,5,815,NA,NA
"Khtada Lake",236,10,15,550,6,274,NA,NA
"Khtada Lake",236,10,15,550,7,121,NA,NA
"Khtada Lake",236,10,15,550,8,345,NA,NA
"Khtada Lake",236,10,15,550,9,292,NA,NA
"Khtada Lake",236,10,15,550,10,379,NA,NA
"Khtada Lake",236,10,15,550,11,197,NA,NA
"Khtada Lake",236,10,15,550,12,413,NA,NA
"Khtada Lake",236,10,15,550,13,636,NA,NA
"Khtada Lake",236,10,15,550,14,345,NA,NA
"Khtada Lake",236,15,20,535,1,367,NA,NA
"Khtada Lake",236,15,20,535,2,366,NA,NA
"Khtada Lake",236,15,20,535,3,829,NA,NA
"Khtada Lake",236,15,20,535,4,671,NA,NA
"Khtada Lake",236,15,20,535,5,793,NA,NA
"Khtada Lake",236,15,20,535,6,257,NA,NA
"Khtada Lake",236,15,20,535,7,115,NA,NA
"Khtada Lake",236,15,20,535,8,334,NA,NA
"Khtada Lake",236,15,20,535,9,282,NA,NA
"Khtada Lake",236,15,20,535,10,369,NA,NA
"Khtada Lake",236,15,20,535,11,190,NA,NA
"Khtada Lake",236,15,20,535,12,406,NA,NA
"Khtada Lake",236,15,20,535,13,625,NA,NA
"Khtada Lake",236,15,20,535,14,331,NA,NA
"Khtada Lake",236,20,30,506,1,316,NA,NA
"Khtada Lake",236,20,30,506,2,306,NA,NA
"Khtada Lake",236,20,30,506,3,787,NA,NA
"Khtada Lake",236,20,30,506,4,635,NA,NA
"Khtada Lake",236,20,30,506,5,755,NA,NA
"Khtada Lake",236,20,30,506,6,223,NA,NA
"Khtada Lake",236,20,30,506,7,106,NA,NA
"Khtada Lake",236,20,30,506,8,314,NA,NA
"Khtada Lake",236,20,30,506,9,263,NA,NA
"Khtada Lake",236,20,30,506,10,337,NA,NA
"Khtada Lake",236,20,30,506,11,180,NA,NA
"Khtada Lake",236,20,30,506,12,394,NA,NA
"Khtada Lake",236,20,30,506,13,586,NA,NA
"Khtada Lake",236,20,30,506,14,304,NA,NA
"Khtada Lake",236,30,40,463,1,207,NA,NA
"Khtada Lake",236,30,40,463,2,240,NA,NA
"Khtada Lake",236,30,40,463,3,744,NA,NA
"Khtada Lake",236,30,40,463,4,597,NA,NA
"Khtada Lake",236,30,40,463,5,709,NA,NA
"Khtada Lake",236,30,40,463,6,186,NA,NA
"Khtada Lake",236,30,40,463,7,96,NA,NA
"Khtada Lake",236,30,40,463,8,295,NA,NA
"Khtada Lake",236,30,40,463,9,239,NA,NA
"Khtada Lake",236,30,40,463,10,313,NA,NA
"Khtada Lake",236,30,40,463,11,169,NA,NA
"Khtada Lake",236,30,40,463,12,380,NA,NA
"Khtada Lake",236,30,40,463,13,683,NA,NA
"Khtada Lake",236,30,40,463,14,286,NA,NA
"Khtada Lake",236,40,50,414,1,0,NA,NA
"Khtada Lake",236,40,50,414,2,156,NA,NA
"Khtada Lake",236,40,50,414,3,696,NA,NA
"Khtada Lake",236,40,50,414,4,552,NA,NA
"Khtada Lake",236,40,50,414,5,630,NA,NA
"Khtada Lake",236,40,50,414,6,157,NA,NA
"Khtada Lake",236,40,50,414,7,84,NA,NA
"Khtada Lake",236,40,50,414,8,277,NA,NA
"Khtada Lake",236,40,50,414,9,216,NA,NA
"Khtada Lake",236,40,50,414,10,289,NA,NA
"Khtada Lake",236,40,50,414,11,158,NA,NA
"Khtada Lake",236,40,50,414,12,363,NA,NA
"Khtada Lake",236,40,50,414,13,653,NA,NA
"Khtada Lake",236,40,50,414,14,260,NA,NA
"Khtada Lake",236,50,60,360,1,0,NA,NA
"Khtada Lake",236,50,60,360,2,0,NA,NA
"Khtada Lake",236,50,60,360,3,636,NA,NA
"Khtada Lake",236,50,60,360,4,509,NA,NA
"Khtada Lake",236,50,60,360,5,457,NA,NA
"Khtada Lake",236,50,60,360,6,132,NA,NA
"Khtada Lake",236,50,60,360,7,74,NA,NA
"Khtada Lake",236,50,60,360,8,260,NA,NA
"Khtada Lake",236,50,60,360,9,198,NA,NA
"Khtada Lake",236,50,60,360,10,274,NA,NA
"Khtada Lake",236,50,60,360,11,149,NA,NA
"Khtada Lake",236,50,60,360,12,348,NA,NA
"Khtada Lake",236,50,60,360,13,620,NA,NA
"Khtada Lake",236,50,60,360,14,239,NA,NA
"Khtada Lake",236,60,70,305,1,0,NA,NA
"Khtada Lake",236,60,70,305,2,0,NA,NA
"Khtada Lake",236,60,70,305,3,0,NA,NA
"Khtada Lake",236,60,70,305,4,0,NA,NA
"Khtada Lake",236,60,70,305,5,0,NA,NA
"Khtada Lake",236,60,70,305,6,0,NA,NA
"Khtada Lake",236,60,70,305,7,63,NA,NA
"Khtada Lake",236,60,70,305,8,241,NA,NA
"Khtada Lake",236,60,70,305,9,179,NA,NA
"Khtada Lake",236,60,70,305,10,264,NA,NA
"Khtada Lake",236,60,70,305,11,142,NA,NA
"Khtada Lake",236,60,70,305,12,346,NA,NA
"Khtada Lake",236,60,70,305,13,588,NA,NA
"Khtada Lake",236,60,70,305,14,207,NA,NA
"Khtada Lake",236,70,80,249,1,0,NA,NA
"Khtada Lake",236,70,80,249,2,0,NA,NA
"Khtada Lake",236,70,80,249,3,0,NA,NA
"Khtada Lake",236,70,80,249,4,0,NA,NA
"Khtada Lake",236,70,80,249,5,0,NA,NA
"Khtada Lake",236,70,80,249,6,0,NA,NA
"Khtada Lake",236,70,80,249,7,37,NA,NA
"Khtada Lake",236,70,80,249,8,206,NA,NA
"Khtada Lake",236,70,80,249,9,145,NA,NA
"Khtada Lake",236,70,80,249,10,251,NA,NA
"Khtada Lake",236,70,80,249,11,134,NA,NA
"Khtada Lake",236,70,80,249,12,346,NA,NA
"Khtada Lake",236,70,80,249,13,547,NA,NA
"Khtada Lake",236,70,80,249,14,170,NA,NA
"Khtada Lake",236,80,90,201,1,0,NA,NA
"Khtada Lake",236,80,90,201,2,0,NA,NA
"Khtada Lake",236,80,90,201,3,0,NA,NA
"Khtada Lake",236,80,90,201,4,0,NA,NA
"Khtada Lake",236,80,90,201,5,0,NA,NA
"Khtada Lake",236,80,90,201,6,0,NA,NA
"Khtada Lake",236,80,90,201,7,26,NA,NA
"Khtada Lake",236,80,90,201,8,190,NA,NA
"Khtada Lake",236,80,90,201,9,128,NA,NA
"Khtada Lake",236,80,90,201,10,242,NA,NA
"Khtada Lake",236,80,90,201,11,126,NA,NA
"Khtada Lake",236,80,90,201,12,343,NA,NA
"Khtada Lake",236,80,90,201,13,504,NA,NA
"Khtada Lake",236,80,90,201,14,138,NA,NA
"Khtada Lake",236,90,100,162,1,0,NA,NA
"Khtada Lake",236,90,100,162,2,0,NA,NA
"Khtada Lake",236,90,100,162,3,0,NA,NA
"Khtada Lake",236,90,100,162,4,0,NA,NA
"Khtada Lake",236,90,100,162,5,0,NA,NA
"Khtada Lake",236,90,100,162,6,0,NA,NA
"Khtada Lake",236,90,100,162,7,0,NA,NA
"Khtada Lake",236,90,100,162,8,174,NA,NA
"Khtada Lake",236,90,100,162,9,111,NA,NA
"Khtada Lake",236,90,100,162,10,231,NA,NA
"Khtada Lake",236,90,100,162,11,120,NA,NA
"Khtada Lake",236,90,100,162,12,340,NA,NA
"Khtada Lake",236,90,100,162,13,459,NA,NA
"Khtada Lake",236,90,100,162,14,85,NA,NA
"Kimsquit Lake",148,NA,NA,NA,NA,NA,"53 deg 07 min","127 deg 25 min"
"Kingsalmon Lake",52,2,5,204,1,610,"58 deg 43 min","132 deg 55 min"
"Kingsalmon Lake",52,2,5,204,2,1010,"58 deg 43 min","132 deg 55 min"
"Kingsalmon Lake",52,2,5,204,3,1000,"58 deg 43 min","132 deg 55 min"
"Kingsalmon Lake",52,2,5,204,4,270,"58 deg 43 min","132 deg 55 min"
"Kingsalmon Lake",52,2,5,204,5,430,"58 deg 43 min","132 deg 55 min"
"Kingsalmon Lake",52,2,5,204,6,620,"58 deg 43 min","132 deg 55 min"
"Kingsalmon Lake",52,2,5,204,7,520,"58 deg 43 min","132 deg 55 min"
"Kingsalmon Lake",52,2,5,204,8,420,"58 deg 43 min","132 deg 55 min"
"Kingsalmon Lake",52,3,5,204,1,610,"58 deg 43 min","132 deg 55 min"
"Kingsalmon Lake",52,3,5,204,2,990,"58 deg 43 min","132 deg 55 min"
"Kingsalmon Lake",52,3,5,204,3,912,"58 deg 43 min","132 deg 55 min"
"Kingsalmon Lake",52,3,5,204,4,257,"58 deg 43 min","132 deg 55 min"
"Kingsalmon Lake",52,3,5,204,5,352,"58 deg 43 min","132 deg 55 min"
"Kingsalmon Lake",52,3,5,204,6,575,"58 deg 43 min","132 deg 55 min"
"Kingsalmon Lake",52,3,5,204,7,486,"58 deg 43 min","132 deg 55 min"
"Kingsalmon Lake",52,3,5,204,8,409,"58 deg 43 min","132 deg 55 min"
"Kingsalmon Lake",52,5,10,166,1,560,"58 deg 43 min","132 deg 55 min"
"Kingsalmon Lake",52,5,10,166,2,959,"58 deg 43 min","132 deg 55 min"
"Kingsalmon Lake",52,5,10,166,3,881,"58 deg 43 min","132 deg 55 min"
"Kingsalmon Lake",52,5,10,166,4,235,"58 deg 43 min","132 deg 55 min"
"Kingsalmon Lake",52,5,10,166,5,343,"58 deg 43 min","132 deg 55 min"
"Kingsalmon Lake",52,5,10,166,6,533,"58 deg 43 min","132 deg 55 min"
"Kingsalmon Lake",52,5,10,166,7,465,"58 deg 43 min","132 deg 55 min"
"Kingsalmon Lake",52,5,10,166,8,376,"58 deg 43 min","132 deg 55 min"
"Kingsalmon Lake",52,10,15,140,1,542,"58 deg 43 min","132 deg 55 min"
"Kingsalmon Lake",52,10,15,140,2,874,"58 deg 43 min","132 deg 55 min"
"Kingsalmon Lake",52,10,15,140,3,837,"58 deg 43 min","132 deg 55 min"
"Kingsalmon Lake",52,10,15,140,4,192,"58 deg 43 min","132 deg 55 min"
"Kingsalmon Lake",52,10,15,140,5,314,"58 deg 43 min","132 deg 55 min"
"Kingsalmon Lake",52,10,15,140,6,490,"58 deg 43 min","132 deg 55 min"
"Kingsalmon Lake",52,10,15,140,7,412,"58 deg 43 min","132 deg 55 min"
"Kingsalmon Lake",52,10,15,140,8,321,"58 deg 43 min","132 deg 55 min"
"Kingsalmon Lake",52,15,20,119,1,514,"58 deg 43 min","132 deg 55 min"
"Kingsalmon Lake",52,15,20,119,2,710,"58 deg 43 min","132 deg 55 min"
"Kingsalmon Lake",52,15,20,119,3,571,"58 deg 43 min","132 deg 55 min"
"Kingsalmon Lake",52,15,20,119,4,95,"58 deg 43 min","132 deg 55 min"
"Kingsalmon Lake",52,15,20,119,5,263,"58 deg 43 min","132 deg 55 min"
"Kingsalmon Lake",52,15,20,119,6,451,"58 deg 43 min","132 deg 55 min"
"Kingsalmon Lake",52,15,20,119,7,378,"58 deg 43 min","132 deg 55 min"
"Kingsalmon Lake",52,15,20,119,8,302,"58 deg 43 min","132 deg 55 min"
"Kingsalmon Lake",52,20,30,86,1,417,"58 deg 43 min","132 deg 55 min"
"Kingsalmon Lake",52,20,30,86,2,652,"58 deg 43 min","132 deg 55 min"
"Kingsalmon Lake",52,20,30,86,3,347,"58 deg 43 min","132 deg 55 min"
"Kingsalmon Lake",52,20,30,86,4,0,"58 deg 43 min","132 deg 55 min"
"Kingsalmon Lake",52,20,30,86,5,200,"58 deg 43 min","132 deg 55 min"
"Kingsalmon Lake",52,20,30,86,6,406,"58 deg 43 min","132 deg 55 min"
"Kingsalmon Lake",52,20,30,86,7,329,"58 deg 43 min","132 deg 55 min"
"Kingsalmon Lake",52,20,30,86,8,242,"58 deg 43 min","132 deg 55 min"
"Kingsalmon Lake",52,30,40,35,1,143,"58 deg 43 min","132 deg 55 min"
"Kingsalmon Lake",52,30,40,35,2,409,"58 deg 43 min","132 deg 55 min"
"Kingsalmon Lake",52,30,40,35,3,0,"58 deg 43 min","132 deg 55 min"
"Kingsalmon Lake",52,30,40,35,4,0,"58 deg 43 min","132 deg 55 min"
"Kingsalmon Lake",52,30,40,35,5,134,"58 deg 43 min","132 deg 55 min"
"Kingsalmon Lake",52,30,40,35,6,254,"58 deg 43 min","132 deg 55 min"
"Kingsalmon Lake",52,30,40,35,7,200,"58 deg 43 min","132 deg 55 min"
"Kingsalmon Lake",52,30,40,35,8,137,"58 deg 43 min","132 deg 55 min"
"Kitlope Lake",17,2,5,1058,1,645,"53 deg 07 min","127 deg 13 min"
"Kitlope Lake",17,2,5,1058,2,1281,"53 deg 07 min","127 deg 13 min"
"Kitlope Lake",17,2,5,1058,3,1140,"53 deg 07 min","127 deg 13 min"
"Kitlope Lake",17,2,5,1058,4,912,"53 deg 07 min","127 deg 13 min"
"Kitlope Lake",17,3,5,1058,1,645,"53 deg 07 min","127 deg 13 min"
"Kitlope Lake",17,3,5,1058,2,1281,"53 deg 07 min","127 deg 13 min"
"Kitlope Lake",17,3,5,1058,3,1140,"53 deg 07 min","127 deg 13 min"
"Kitlope Lake",17,3,5,1058,4,912,"53 deg 07 min","127 deg 13 min"
"Kitlope Lake",17,5,10,930,1,601,"53 deg 07 min","127 deg 13 min"
"Kitlope Lake",17,5,10,930,2,1278,"53 deg 07 min","127 deg 13 min"
"Kitlope Lake",17,5,10,930,3,1134,"53 deg 07 min","127 deg 13 min"
"Kitlope Lake",17,5,10,930,4,895,"53 deg 07 min","127 deg 13 min"
"Kitlope Lake",17,10,15,889,1,518,"53 deg 07 min","127 deg 13 min"
"Kitlope Lake",17,10,15,889,2,1263,"53 deg 07 min","127 deg 13 min"
"Kitlope Lake",17,10,15,889,3,1122,"53 deg 07 min","127 deg 13 min"
"Kitlope Lake",17,10,15,889,4,879,"53 deg 07 min","127 deg 13 min"
"Kitlope Lake",17,15,20,841,1,441,"53 deg 07 min","127 deg 13 min"
"Kitlope Lake",17,15,20,841,2,1246,"53 deg 07 min","127 deg 13 min"
"Kitlope Lake",17,15,20,841,3,1115,"53 deg 07 min","127 deg 13 min"
"Kitlope Lake",17,15,20,841,4,845,"53 deg 07 min","127 deg 13 min"
"Kitlope Lake",17,20,30,744,1,350,"53 deg 07 min","127 deg 13 min"
"Kitlope Lake",17,20,30,744,2,1217,"53 deg 07 min","127 deg 13 min"
"Kitlope Lake",17,20,30,744,3,1097,"53 deg 07 min","127 deg 13 min"
"Kitlope Lake",17,20,30,744,4,812,"53 deg 07 min","127 deg 13 min"
"Kitlope Lake",17,30,40,655,1,221,"53 deg 07 min","127 deg 13 min"
"Kitlope Lake",17,30,40,655,2,1182,"53 deg 07 min","127 deg 13 min"
"Kitlope Lake",17,30,40,655,3,1073,"53 deg 07 min","127 deg 13 min"
"Kitlope Lake",17,30,40,655,4,754,"53 deg 07 min","127 deg 13 min"
"Kitlope Lake",17,40,50,628,1,0,"53 deg 07 min","127 deg 13 min"
"Kitlope Lake",17,40,50,628,2,1141,"53 deg 07 min","127 deg 13 min"
"Kitlope Lake",17,40,50,628,3,1042,"53 deg 07 min","127 deg 13 min"
"Kitlope Lake",17,40,50,628,4,688,"53 deg 07 min","127 deg 13 min"
"Kitlope Lake",17,50,60,577,1,0,"53 deg 07 min","127 deg 13 min"
"Kitlope Lake",17,50,60,577,2,1100,"53 deg 07 min","127 deg 13 min"
"Kitlope Lake",17,50,60,577,3,1017,"53 deg 07 min","127 deg 13 min"
"Kitlope Lake",17,50,60,577,4,580,"53 deg 07 min","127 deg 13 min"
"Kitlope Lake",17,60,70,510,1,0,"53 deg 07 min","127 deg 13 min"
"Kitlope Lake",17,60,70,510,2,1054,"53 deg 07 min","127 deg 13 min"
"Kitlope Lake",17,60,70,510,3,981,"53 deg 07 min","127 deg 13 min"
"Kitlope Lake",17,60,70,510,4,0,"53 deg 07 min","127 deg 13 min"
"Kitwanga Lake",227,2,5,641,1,1201,"55 deg 05 min","128 deg 03 min"
"Kitwanga Lake",227,2,5,641,2,1719,"55 deg 05 min","128 deg 03 min"
"Kitwanga Lake",227,2,5,641,3,742,"55 deg 05 min","128 deg 03 min"
"Kitwanga Lake",227,2,5,641,4,345,"55 deg 05 min","128 deg 03 min"
"Kitwanga Lake",227,2,5,641,5,622,"55 deg 05 min","128 deg 03 min"
"Kitwanga Lake",227,2,5,641,6,446,"55 deg 05 min","128 deg 03 min"
"Kitwanga Lake",227,3,5,641,1,1201,"55 deg 05 min","128 deg 03 min"
"Kitwanga Lake",227,3,5,641,2,1719,"55 deg 05 min","128 deg 03 min"
"Kitwanga Lake",227,3,5,641,3,742,"55 deg 05 min","128 deg 03 min"
"Kitwanga Lake",227,3,5,641,4,345,"55 deg 05 min","128 deg 03 min"
"Kitwanga Lake",227,3,5,641,5,622,"55 deg 05 min","128 deg 03 min"
"Kitwanga Lake",227,3,5,641,6,446,"55 deg 05 min","128 deg 03 min"
"Kitwanga Lake",227,5,10,356,1,0,"55 deg 05 min","128 deg 03 min"
"Kitwanga Lake",227,5,10,356,2,730,"55 deg 05 min","128 deg 03 min"
"Kitwanga Lake",227,5,10,356,3,563,"55 deg 05 min","128 deg 03 min"
"Kitwanga Lake",227,5,10,356,4,133,"55 deg 05 min","128 deg 03 min"
"Kitwanga Lake",227,5,10,356,5,610,"55 deg 05 min","128 deg 03 min"
"Kitwanga Lake",227,5,10,356,6,415,"55 deg 05 min","128 deg 03 min"
"Kitwanga Lake",227,10,15,70,1,0,"55 deg 05 min","128 deg 03 min"
"Kitwanga Lake",227,10,15,70,2,0,"55 deg 05 min","128 deg 03 min"
"Kitwanga Lake",227,10,15,70,3,0,"55 deg 05 min","128 deg 03 min"
"Kitwanga Lake",227,10,15,70,4,0,"55 deg 05 min","128 deg 03 min"
"Kitwanga Lake",227,10,15,70,5,298,"55 deg 05 min","128 deg 03 min"
"Kitwanga Lake",227,10,15,70,6,415,"55 deg 05 min","128 deg 03 min"
"Klaklakama Lake",42,NA,NA,NA,NA,NA,"50 deg 09 min","126 deg 27 min"
"Klukshu Lake",53,2,5,113,1,345,"60 deg 20 min","137 deg 00 min"
"Klukshu Lake",53,2,5,113,2,305,"60 deg 20 min","137 deg 00 min"
"Klukshu Lake",53,2,5,113,3,195,"60 deg 20 min","137 deg 00 min"
"Klukshu Lake",53,2,5,113,4,404,"60 deg 20 min","137 deg 00 min"
"Klukshu Lake",53,3,5,113,1,345,"60 deg 20 min","137 deg 00 min"
"Klukshu Lake",53,3,5,113,2,305,"60 deg 20 min","137 deg 00 min"
"Klukshu Lake",53,3,5,113,3,195,"60 deg 20 min","137 deg 00 min"
"Klukshu Lake",53,3,5,113,4,404,"60 deg 20 min","137 deg 00 min"
"Klukshu Lake",53,5,10,81,1,306,"60 deg 20 min","137 deg 00 min"
"Klukshu Lake",53,5,10,81,2,281,"60 deg 20 min","137 deg 00 min"
"Klukshu Lake",53,5,10,81,3,178,"60 deg 20 min","137 deg 00 min"
"Klukshu Lake",53,5,10,81,4,347,"60 deg 20 min","137 deg 00 min"
"Klukshu Lake",53,10,15,60,1,78,"60 deg 20 min","137 deg 00 min"
"Klukshu Lake",53,10,15,60,2,263,"60 deg 20 min","137 deg 00 min"
"Klukshu Lake",53,10,15,60,3,158,"60 deg 20 min","137 deg 00 min"
"Klukshu Lake",53,10,15,60,4,248,"60 deg 20 min","137 deg 00 min"
"Klukshu Lake",53,15,20,43,1,0,"60 deg 20 min","137 deg 00 min"
"Klukshu Lake",53,15,20,43,2,278,"60 deg 20 min","137 deg 00 min"
"Klukshu Lake",53,15,20,43,3,138,"60 deg 20 min","137 deg 00 min"
"Klukshu Lake",53,15,20,43,4,166,"60 deg 20 min","137 deg 00 min"
"Klukshu Lake",53,20,30,27,1,0,"60 deg 20 min","137 deg 00 min"
"Klukshu Lake",53,20,30,27,2,201,"60 deg 20 min","137 deg 00 min"
"Klukshu Lake",53,20,30,27,3,120,"60 deg 20 min","137 deg 00 min"
"Klukshu Lake",53,20,30,27,4,135,"60 deg 20 min","137 deg 00 min"
"Koeye Lake",149,NA,NA,NA,NA,NA,"51 deg 48 min","127 deg 44 min"
"Kuthai Lake",54,2,5,146,1,501,"59 deg 14 min","133 deg 15 min"
"Kuthai Lake",54,2,5,146,2,446,"59 deg 14 min","133 deg 15 min"
"Kuthai Lake",54,2,5,146,3,448,"59 deg 14 min","133 deg 15 min"
"Kuthai Lake",54,2,5,146,4,549,"59 deg 14 min","133 deg 15 min"
"Kuthai Lake",54,3,5,146,1,501,"59 deg 14 min","133 deg 15 min"
"Kuthai Lake",54,3,5,146,2,446,"59 deg 14 min","133 deg 15 min"
"Kuthai Lake",54,3,5,146,3,448,"59 deg 14 min","133 deg 15 min"
"Kuthai Lake",54,3,5,146,4,549,"59 deg 14 min","133 deg 15 min"
"Kuthai Lake",54,5,10,112,1,435,"59 deg 14 min","133 deg 15 min"
"Kuthai Lake",54,5,10,112,2,403,"59 deg 14 min","133 deg 15 min"
"Kuthai Lake",54,5,10,112,3,406,"59 deg 14 min","133 deg 15 min"
"Kuthai Lake",54,5,10,112,4,502,"59 deg 14 min","133 deg 15 min"
"Kuthai Lake",54,10,15,71,1,356,"59 deg 14 min","133 deg 15 min"
"Kuthai Lake",54,10,15,71,2,322,"59 deg 14 min","133 deg 15 min"
"Kuthai Lake",54,10,15,71,3,0,"59 deg 14 min","133 deg 15 min"
"Kuthai Lake",54,10,15,71,4,84,"59 deg 14 min","133 deg 15 min"
"Kwakwa Lake",151,NA,NA,NA,NA,NA,"52 deg 34 min","128 deg 43 min"
"Kwinageese Lake",213,2,5,231,1,198,"56 deg 03 min","128 deg 49 min"
"Kwinageese Lake",213,2,5,231,2,455,"56 deg 03 min","128 deg 49 min"
"Kwinageese Lake",213,2,5,231,3,960,"56 deg 03 min","128 deg 49 min"
"Kwinageese Lake",213,2,5,231,4,487,"56 deg 03 min","128 deg 49 min"
"Kwinageese Lake",213,2,5,231,5,697,"56 deg 03 min","128 deg 49 min"
"Kwinageese Lake",213,3,5,231,1,198,"56 deg 03 min","128 deg 49 min"
"Kwinageese Lake",213,3,5,231,2,455,"56 deg 03 min","128 deg 49 min"
"Kwinageese Lake",213,3,5,231,3,960,"56 deg 03 min","128 deg 49 min"
"Kwinageese Lake",213,3,5,231,4,487,"56 deg 03 min","128 deg 49 min"
"Kwinageese Lake",213,3,5,231,5,697,"56 deg 03 min","128 deg 49 min"
"Kwinageese Lake",213,5,10,231,1,198,"56 deg 03 min","128 deg 49 min"
"Kwinageese Lake",213,5,10,231,2,426,"56 deg 03 min","128 deg 49 min"
"Kwinageese Lake",213,5,10,231,3,954,"56 deg 03 min","128 deg 49 min"
"Kwinageese Lake",213,5,10,231,4,455,"56 deg 03 min","128 deg 49 min"
"Kwinageese Lake",213,5,10,231,5,693,"56 deg 03 min","128 deg 49 min"
"Kwinageese Lake",213,10,15,198,1,198,"56 deg 03 min","128 deg 49 min"
"Kwinageese Lake",213,10,15,198,2,409,"56 deg 03 min","128 deg 49 min"
"Kwinageese Lake",213,10,15,198,3,929,"56 deg 03 min","128 deg 49 min"
"Kwinageese Lake",213,10,15,198,4,445,"56 deg 03 min","128 deg 49 min"
"Kwinageese Lake",213,10,15,198,5,662,"56 deg 03 min","128 deg 49 min"
"Kwinageese Lake",213,15,20,169,1,176,"56 deg 03 min","128 deg 49 min"
"Kwinageese Lake",213,15,20,169,2,307,"56 deg 03 min","128 deg 49 min"
"Kwinageese Lake",213,15,20,169,3,728,"56 deg 03 min","128 deg 49 min"
"Kwinageese Lake",213,15,20,169,4,424,"56 deg 03 min","128 deg 49 min"
"Kwinageese Lake",213,15,20,169,5,610,"56 deg 03 min","128 deg 49 min"
"Kwinageese Lake",213,20,30,87,1,118,"56 deg 03 min","128 deg 49 min"
"Kwinageese Lake",213,20,30,87,2,98,"56 deg 03 min","128 deg 49 min"
"Kwinageese Lake",213,20,30,87,3,399,"56 deg 03 min","128 deg 49 min"
"Kwinageese Lake",213,20,30,87,4,350,"56 deg 03 min","128 deg 49 min"
"Kwinageese Lake",213,20,30,87,5,493,"56 deg 03 min","128 deg 49 min"
"Kwinageese Lake",213,30,40,33,1,0,"56 deg 03 min","128 deg 49 min"
"Kwinageese Lake",213,30,40,33,2,0,"56 deg 03 min","128 deg 49 min"
"Kwinageese Lake",213,30,40,33,3,280,"56 deg 03 min","128 deg 49 min"
"Kwinageese Lake",213,30,40,33,4,286,"56 deg 03 min","128 deg 49 min"
"Kwinageese Lake",213,30,40,33,5,250,"56 deg 03 min","128 deg 49 min"
"Kwinageese Lake",213,40,50,7,1,0,"56 deg 03 min","128 deg 49 min"
"Kwinageese Lake",213,40,50,7,2,0,"56 deg 03 min","128 deg 49 min"
"Kwinageese Lake",213,40,50,7,3,27,"56 deg 03 min","128 deg 49 min"
"Kwinageese Lake",213,40,50,7,4,124,"56 deg 03 min","128 deg 49 min"
"Kwinageese Lake",213,40,50,7,5,88,"56 deg 03 min","128 deg 49 min"
"Kwinamuck Lake",216,NA,NA,NA,NA,NA,NA,NA
"Kyen Point",205,NA,NA,NA,NA,NA,NA,NA
"L Trapper Lake",176,2,5,179,1,644,"58 deg 29 min","132 deg 36 min"
"L Trapper Lake",176,2,5,179,2,784,"58 deg 29 min","132 deg 36 min"
"L Trapper Lake",176,2,5,179,3,1228,"58 deg 29 min","132 deg 36 min"
"L Trapper Lake",176,2,5,179,4,963,"58 deg 29 min","132 deg 36 min"
"L Trapper Lake",176,2,5,179,5,596,"58 deg 29 min","132 deg 36 min"
"L Trapper Lake",176,3,5,179,1,644,"58 deg 29 min","132 deg 36 min"
"L Trapper Lake",176,3,5,179,2,784,"58 deg 29 min","132 deg 36 min"
"L Trapper Lake",176,3,5,179,3,1228,"58 deg 29 min","132 deg 36 min"
"L Trapper Lake",176,3,5,179,4,963,"58 deg 29 min","132 deg 36 min"
"L Trapper Lake",176,3,5,179,5,596,"58 deg 29 min","132 deg 36 min"
"L Trapper Lake",176,5,10,144,1,613,"58 deg 29 min","132 deg 36 min"
"L Trapper Lake",176,5,10,144,2,730,"58 deg 29 min","132 deg 36 min"
"L Trapper Lake",176,5,10,144,3,933,"58 deg 29 min","132 deg 36 min"
"L Trapper Lake",176,5,10,144,4,655,"58 deg 29 min","132 deg 36 min"
"L Trapper Lake",176,5,10,144,5,541,"58 deg 29 min","132 deg 36 min"
"L Trapper Lake",176,10,15,114,1,539,"58 deg 29 min","132 deg 36 min"
"L Trapper Lake",176,10,15,114,2,550,"58 deg 29 min","132 deg 36 min"
"L Trapper Lake",176,10,15,114,3,820,"58 deg 29 min","132 deg 36 min"
"L Trapper Lake",176,10,15,114,4,553,"58 deg 29 min","132 deg 36 min"
"L Trapper Lake",176,10,15,114,5,431,"58 deg 29 min","132 deg 36 min"
"L Trapper Lake",176,15,20,80,1,334,"58 deg 29 min","132 deg 36 min"
"L Trapper Lake",176,15,20,80,2,480,"58 deg 29 min","132 deg 36 min"
"L Trapper Lake",176,15,20,80,3,640,"58 deg 29 min","132 deg 36 min"
"L Trapper Lake",176,15,20,80,4,306,"58 deg 29 min","132 deg 36 min"
"L Trapper Lake",176,15,20,80,5,173,"58 deg 29 min","132 deg 36 min"
"Lake Washington (WA)",136,NA,NA,NA,NA,NA,"47 deg 30 min","122 deg 25 min"
"Lava Lake",217,2,5,431.8,1,383.2,NA,NA
"Lava Lake",217,2,5,431.8,2,307.8,NA,NA
"Lava Lake",217,2,5,431.8,3,454.3,NA,NA
"Lava Lake",217,2,5,431.8,4,441.3,NA,NA
"Lava Lake",217,2,5,431.8,5,364.4,NA,NA
"Lava Lake",217,2,5,431.8,6,440.4,NA,NA
"Lava Lake",217,2,5,431.8,7,686.3,NA,NA
"Lava Lake",217,3,5,0,1,0,NA,NA
"Lava Lake",217,3,5,0,2,0,NA,NA
"Lava Lake",217,3,5,0,3,0,NA,NA
"Lava Lake",217,3,5,0,4,0,NA,NA
"Lava Lake",217,3,5,0,5,0,NA,NA
"Lava Lake",217,3,5,0,6,0,NA,NA
"Lava Lake",217,3,5,0,7,0,NA,NA
"Lava Lake",217,5,10,336.5,1,122.9,NA,NA
"Lava Lake",217,5,10,336.5,2,10.2,NA,NA
"Lava Lake",217,5,10,336.5,3,382.7,NA,NA
"Lava Lake",217,5,10,336.5,4,411.3,NA,NA
"Lava Lake",217,5,10,336.5,5,331.3,NA,NA
"Lava Lake",217,5,10,336.5,6,428.3,NA,NA
"Lava Lake",217,5,10,336.5,7,651.3,NA,NA
"Lava Lake",217,10,15,257.2,1,0,NA,NA
"Lava Lake",217,10,15,257.2,2,0,NA,NA
"Lava Lake",217,10,15,257.2,3,0,NA,NA
"Lava Lake",217,10,15,257.2,4,371.7,NA,NA
"Lava Lake",217,10,15,257.2,5,297,NA,NA
"Lava Lake",217,10,15,257.2,6,416.8,NA,NA
"Lava Lake",217,10,15,257.2,7,648,NA,NA
"Lava Lake",217,15,20,222,1,0,NA,NA
"Lava Lake",217,15,20,222,2,0,NA,NA
"Lava Lake",217,15,20,222,3,0,NA,NA
"Lava Lake",217,15,20,222,4,342.6,NA,NA
"Lava Lake",217,15,20,222,5,277.6,NA,NA
"Lava Lake",217,15,20,222,6,399.2,NA,NA
"Lava Lake",217,15,20,222,7,626.2,NA,NA
"Lava Lake",217,20,30,163.4,1,0,NA,NA
"Lava Lake",217,20,30,163.4,2,0,NA,NA
"Lava Lake",217,20,30,163.4,3,0,NA,NA
"Lava Lake",217,20,30,163.4,4,0,NA,NA
"Lava Lake",217,20,30,163.4,5,68.5,NA,NA
"Lava Lake",217,20,30,163.4,6,350.7,NA,NA
"Lava Lake",217,20,30,163.4,7,602.1,NA,NA
"Lava Lake",217,30,40,99.5,1,0,NA,NA
"Lava Lake",217,30,40,99.5,2,0,NA,NA
"Lava Lake",217,30,40,99.5,3,0,NA,NA
"Lava Lake",217,30,40,99.5,4,0,NA,NA
"Lava Lake",217,30,40,99.5,5,0,NA,NA
"Lava Lake",217,30,40,99.5,6,245.7,NA,NA
"Lava Lake",217,30,40,99.5,7,554,NA,NA
"Lava Lake",217,40,50,53.1,1,0,NA,NA
"Lava Lake",217,40,50,53.1,2,0,NA,NA
"Lava Lake",217,40,50,53.1,3,0,NA,NA
"Lava Lake",217,40,50,53.1,4,0,NA,NA
"Lava Lake",217,40,50,53.1,5,0,NA,NA
"Lava Lake",217,40,50,53.1,6,0,NA,NA
"Lava Lake",217,40,50,53.1,7,427.3,NA,NA
"Lillooet Lake",83,NA,NA,NA,NA,NA,"50 deg 15 min","122 deg 30 min"
"Link Lake",180,2,5,2393.1,1,652,"52 deg 26 min","127 deg 40 min"
"Link Lake",180,2,5,2393.1,2,1003,"52 deg 26 min","127 deg 40 min"
"Link Lake",180,2,5,2393.1,3,971,"52 deg 26 min","127 deg 40 min"
"Link Lake",180,2,5,2393.1,4,899,"52 deg 26 min","127 deg 40 min"
"Link Lake",180,2,5,2393.1,5,680,"52 deg 26 min","127 deg 40 min"
"Link Lake",180,2,5,2393.1,6,883,"52 deg 26 min","127 deg 40 min"
"Link Lake",180,2,5,2393.1,7,702,"52 deg 26 min","127 deg 40 min"
"Link Lake",180,2,5,2393.1,8,743,"52 deg 26 min","127 deg 40 min"
"Link Lake",180,2,5,2393.1,9,538,"52 deg 26 min","127 deg 40 min"
"Link Lake",180,2,5,2393.1,10,717,"52 deg 26 min","127 deg 40 min"
"Link Lake",180,3,5,2393.1,1,651,"52 deg 26 min","127 deg 40 min"
"Link Lake",180,3,5,2393.1,2,999,"52 deg 26 min","127 deg 40 min"
"Link Lake",180,3,5,2393.1,3,968,"52 deg 26 min","127 deg 40 min"
"Link Lake",180,3,5,2393.1,4,897,"52 deg 26 min","127 deg 40 min"
"Link Lake",180,3,5,2393.1,5,676,"52 deg 26 min","127 deg 40 min"
"Link Lake",180,3,5,2393.1,6,880,"52 deg 26 min","127 deg 40 min"
"Link Lake",180,3,5,2393.1,7,697,"52 deg 26 min","127 deg 40 min"
"Link Lake",180,3,5,2393.1,8,741,"52 deg 26 min","127 deg 40 min"
"Link Lake",180,3,5,2393.1,9,529,"52 deg 26 min","127 deg 40 min"
"Link Lake",180,3,5,2393.1,10,712,"52 deg 26 min","127 deg 40 min"
"Link Lake",180,5,10,2303.7,1,631,"52 deg 26 min","127 deg 40 min"
"Link Lake",180,5,10,2303.7,2,973,"52 deg 26 min","127 deg 40 min"
"Link Lake",180,5,10,2303.7,3,944,"52 deg 26 min","127 deg 40 min"
"Link Lake",180,5,10,2303.7,4,878,"52 deg 26 min","127 deg 40 min"
"Link Lake",180,5,10,2303.7,5,665,"52 deg 26 min","127 deg 40 min"
"Link Lake",180,5,10,2303.7,6,866,"52 deg 26 min","127 deg 40 min"
"Link Lake",180,5,10,2303.7,7,680,"52 deg 26 min","127 deg 40 min"
"Link Lake",180,5,10,2303.7,8,726,"52 deg 26 min","127 deg 40 min"
"Link Lake",180,5,10,2303.7,9,502,"52 deg 26 min","127 deg 40 min"
"Link Lake",180,5,10,2303.7,10,699,"52 deg 26 min","127 deg 40 min"
"Link Lake",180,10,15,2236.1,1,615,"52 deg 26 min","127 deg 40 min"
"Link Lake",180,10,15,2236.1,2,945,"52 deg 26 min","127 deg 40 min"
"Link Lake",180,10,15,2236.1,3,924,"52 deg 26 min","127 deg 40 min"
"Link Lake",180,10,15,2236.1,4,819,"52 deg 26 min","127 deg 40 min"
"Link Lake",180,10,15,2236.1,5,650,"52 deg 26 min","127 deg 40 min"
"Link Lake",180,10,15,2236.1,6,847,"52 deg 26 min","127 deg 40 min"
"Link Lake",180,10,15,2236.1,7,663,"52 deg 26 min","127 deg 40 min"
"Link Lake",180,10,15,2236.1,8,708,"52 deg 26 min","127 deg 40 min"
"Link Lake",180,10,15,2236.1,9,482,"52 deg 26 min","127 deg 40 min"
"Link Lake",180,10,15,2236.1,10,683,"52 deg 26 min","127 deg 40 min"
"Link Lake",180,15,20,2130.9,1,590,"52 deg 26 min","127 deg 40 min"
"Link Lake",180,15,20,2130.9,2,931,"52 deg 26 min","127 deg 40 min"
"Link Lake",180,15,20,2130.9,3,880,"52 deg 26 min","127 deg 40 min"
"Link Lake",180,15,20,2130.9,4,817,"52 deg 26 min","127 deg 40 min"
"Link Lake",180,15,20,2130.9,5,641,"52 deg 26 min","127 deg 40 min"
"Link Lake",180,15,20,2130.9,6,834,"52 deg 26 min","127 deg 40 min"
"Link Lake",180,15,20,2130.9,7,638,"52 deg 26 min","127 deg 40 min"
"Link Lake",180,15,20,2130.9,8,686,"52 deg 26 min","127 deg 40 min"
"Link Lake",180,15,20,2130.9,9,463,"52 deg 26 min","127 deg 40 min"
"Link Lake",180,15,20,2130.9,10,666,"52 deg 26 min","127 deg 40 min"
"Link Lake",180,20,30,2030.3,1,564,"52 deg 26 min","127 deg 40 min"
"Link Lake",180,20,30,2030.3,2,907,"52 deg 26 min","127 deg 40 min"
"Link Lake",180,20,30,2030.3,3,828,"52 deg 26 min","127 deg 40 min"
"Link Lake",180,20,30,2030.3,4,795,"52 deg 26 min","127 deg 40 min"
"Link Lake",180,20,30,2030.3,5,625,"52 deg 26 min","127 deg 40 min"
"Link Lake",180,20,30,2030.3,6,810,"52 deg 26 min","127 deg 40 min"
"Link Lake",180,20,30,2030.3,7,617,"52 deg 26 min","127 deg 40 min"
"Link Lake",180,20,30,2030.3,8,665,"52 deg 26 min","127 deg 40 min"
"Link Lake",180,20,30,2030.3,9,435,"52 deg 26 min","127 deg 40 min"
"Link Lake",180,20,30,2030.3,10,638,"52 deg 26 min","127 deg 40 min"
"Link Lake",180,30,40,1910.8,1,532,"52 deg 26 min","127 deg 40 min"
"Link Lake",180,30,40,1910.8,2,858,"52 deg 26 min","127 deg 40 min"
"Link Lake",180,30,40,1910.8,3,768,"52 deg 26 min","127 deg 40 min"
"Link Lake",180,30,40,1910.8,4,758,"52 deg 26 min","127 deg 40 min"
"Link Lake",180,30,40,1910.8,5,603,"52 deg 26 min","127 deg 40 min"
"Link Lake",180,30,40,1910.8,6,776,"52 deg 26 min","127 deg 40 min"
"Link Lake",180,30,40,1910.8,7,577,"52 deg 26 min","127 deg 40 min"
"Link Lake",180,30,40,1910.8,8,627,"52 deg 26 min","127 deg 40 min"
"Link Lake",180,30,40,1910.8,9,409,"52 deg 26 min","127 deg 40 min"
"Link Lake",180,30,40,1910.8,10,586,"52 deg 26 min","127 deg 40 min"
"Link Lake",180,40,50,1791.1,1,494,"52 deg 26 min","127 deg 40 min"
"Link Lake",180,40,50,1791.1,2,812,"52 deg 26 min","127 deg 40 min"
"Link Lake",180,40,50,1791.1,3,655,"52 deg 26 min","127 deg 40 min"
"Link Lake",180,40,50,1791.1,4,665,"52 deg 26 min","127 deg 40 min"
"Link Lake",180,40,50,1791.1,5,577,"52 deg 26 min","127 deg 40 min"
"Link Lake",180,40,50,1791.1,6,686,"52 deg 26 min","127 deg 40 min"
"Link Lake",180,40,50,1791.1,7,546,"52 deg 26 min","127 deg 40 min"
"Link Lake",180,40,50,1791.1,8,595,"52 deg 26 min","127 deg 40 min"
"Link Lake",180,40,50,1791.1,9,381,"52 deg 26 min","127 deg 40 min"
"Link Lake",180,40,50,1791.1,10,537,"52 deg 26 min","127 deg 40 min"
"Link Lake",180,50,60,1648.5,1,457,"52 deg 26 min","127 deg 40 min"
"Link Lake",180,50,60,1648.5,2,763,"52 deg 26 min","127 deg 40 min"
"Link Lake",180,50,60,1648.5,3,577,"52 deg 26 min","127 deg 40 min"
"Link Lake",180,50,60,1648.5,4,622,"52 deg 26 min","127 deg 40 min"
"Link Lake",180,50,60,1648.5,5,554,"52 deg 26 min","127 deg 40 min"
"Link Lake",180,50,60,1648.5,6,534,"52 deg 26 min","127 deg 40 min"
"Link Lake",180,50,60,1648.5,7,514,"52 deg 26 min","127 deg 40 min"
"Link Lake",180,50,60,1648.5,8,567,"52 deg 26 min","127 deg 40 min"
"Link Lake",180,50,60,1648.5,9,354,"52 deg 26 min","127 deg 40 min"
"Link Lake",180,50,60,1648.5,10,470,"52 deg 26 min","127 deg 40 min"
"Little Atlin Lake",97,NA,NA,NA,NA,NA,"60 deg 15 min","133 deg 57 min"
"Little Long Lake",146,NA,NA,NA,NA,NA,"49 deg 55 min","125 deg 28 min"
"Little Salmon Lake",98,NA,NA,NA,NA,NA,"62 deg 11 min","134 deg 40 min"
"Little Shuswap Lake",82,NA,NA,NA,NA,NA,"50 deg 51 min","119 deg 38 min"
"Little Toquart Lake",113,NA,NA,NA,NA,NA,"49 deg 03 min","125 deg 21 min"
"Long Lake",8,NA,NA,NA,NA,NA,"51 deg 15 min","127 deg 10 min"
"Long Lake (A)",801,2,5,1025,1,492,"51 deg 15 min","127 deg 13 min"
"Long Lake (A)",801,2,5,1025,2,548,"51 deg 15 min","127 deg 13 min"
"Long Lake (A)",801,2,5,1025,3,640,"51 deg 15 min","127 deg 13 min"
"Long Lake (A)",801,2,5,1025,4,877,"51 deg 15 min","127 deg 13 min"
"Long Lake (A)",801,2,5,1025,5,850,"51 deg 15 min","127 deg 13 min"
"Long Lake (A)",801,2,5,1025,6,2263,"51 deg 15 min","127 deg 13 min"
"Long Lake (A)",801,2,5,1025,7,2100,"51 deg 15 min","127 deg 13 min"
"Long Lake (A)",801,2,5,1025,8,2934,"51 deg 15 min","127 deg 13 min"
"Long Lake (A)",801,2,5,1025,9,3003,"51 deg 15 min","127 deg 13 min"
"Long Lake (A)",801,3,5,1025,1,492,"51 deg 15 min","127 deg 13 min"
"Long Lake (A)",801,3,5,1025,2,548,"51 deg 15 min","127 deg 13 min"
"Long Lake (A)",801,3,5,1025,3,640,"51 deg 15 min","127 deg 13 min"
"Long Lake (A)",801,3,5,1025,4,877,"51 deg 15 min","127 deg 13 min"
"Long Lake (A)",801,3,5,1025,5,850,"51 deg 15 min","127 deg 13 min"
"Long Lake (A)",801,3,5,1025,6,2263,"51 deg 15 min","127 deg 13 min"
"Long Lake (A)",801,3,5,1025,7,2100,"51 deg 15 min","127 deg 13 min"
"Long Lake (A)",801,3,5,1025,8,2934,"51 deg 15 min","127 deg 13 min"
"Long Lake (A)",801,3,5,1025,9,3003,"51 deg 15 min","127 deg 13 min"
"Long Lake (A)",801,5,10,1012,1,478,"51 deg 15 min","127 deg 13 min"
"Long Lake (A)",801,5,10,1012,2,544,"51 deg 15 min","127 deg 13 min"
"Long Lake (A)",801,5,10,1012,3,640,"51 deg 15 min","127 deg 13 min"
"Long Lake (A)",801,5,10,1012,4,873,"51 deg 15 min","127 deg 13 min"
"Long Lake (A)",801,5,10,1012,5,834,"51 deg 15 min","127 deg 13 min"
"Long Lake (A)",801,5,10,1012,6,1962,"51 deg 15 min","127 deg 13 min"
"Long Lake (A)",801,5,10,1012,7,2078,"51 deg 15 min","127 deg 13 min"
"Long Lake (A)",801,5,10,1012,8,2912,"51 deg 15 min","127 deg 13 min"
"Long Lake (A)",801,5,10,1012,9,2988,"51 deg 15 min","127 deg 13 min"
"Long Lake (A)",801,10,15,999,1,456,"51 deg 15 min","127 deg 13 min"
"Long Lake (A)",801,10,15,999,2,539,"51 deg 15 min","127 deg 13 min"
"Long Lake (A)",801,10,15,999,3,638,"51 deg 15 min","127 deg 13 min"
"Long Lake (A)",801,10,15,999,4,866,"51 deg 15 min","127 deg 13 min"
"Long Lake (A)",801,10,15,999,5,821,"51 deg 15 min","127 deg 13 min"
"Long Lake (A)",801,10,15,999,6,1776,"51 deg 15 min","127 deg 13 min"
"Long Lake (A)",801,10,15,999,7,2064,"51 deg 15 min","127 deg 13 min"
"Long Lake (A)",801,10,15,999,8,2845,"51 deg 15 min","127 deg 13 min"
"Long Lake (A)",801,10,15,999,9,2973,"51 deg 15 min","127 deg 13 min"
"Long Lake (A)",801,15,20,975,1,438,"51 deg 15 min","127 deg 13 min"
"Long Lake (A)",801,15,20,975,2,535,"51 deg 15 min","127 deg 13 min"
"Long Lake (A)",801,15,20,975,3,626,"51 deg 15 min","127 deg 13 min"
"Long Lake (A)",801,15,20,975,4,854,"51 deg 15 min","127 deg 13 min"
"Long Lake (A)",801,15,20,975,5,798,"51 deg 15 min","127 deg 13 min"
"Long Lake (A)",801,15,20,975,6,1469,"51 deg 15 min","127 deg 13 min"
"Long Lake (A)",801,15,20,975,7,2034,"51 deg 15 min","127 deg 13 min"
"Long Lake (A)",801,15,20,975,8,2808,"51 deg 15 min","127 deg 13 min"
"Long Lake (A)",801,15,20,975,9,2936,"51 deg 15 min","127 deg 13 min"
"Long Lake (A)",801,20,30,955,1,405,"51 deg 15 min","127 deg 13 min"
"Long Lake (A)",801,20,30,955,2,517,"51 deg 15 min","127 deg 13 min"
"Long Lake (A)",801,20,30,955,3,602,"51 deg 15 min","127 deg 13 min"
"Long Lake (A)",801,20,30,955,4,839,"51 deg 15 min","127 deg 13 min"
"Long Lake (A)",801,20,30,955,5,763,"51 deg 15 min","127 deg 13 min"
"Long Lake (A)",801,20,30,955,6,1409,"51 deg 15 min","127 deg 13 min"
"Long Lake (A)",801,20,30,955,7,1916,"51 deg 15 min","127 deg 13 min"
"Long Lake (A)",801,20,30,955,8,2771,"51 deg 15 min","127 deg 13 min"
"Long Lake (A)",801,20,30,955,9,2831,"51 deg 15 min","127 deg 13 min"
"Long Lake (A)",801,30,40,905,1,388,"51 deg 15 min","127 deg 13 min"
"Long Lake (A)",801,30,40,905,2,479,"51 deg 15 min","127 deg 13 min"
"Long Lake (A)",801,30,40,905,3,577,"51 deg 15 min","127 deg 13 min"
"Long Lake (A)",801,30,40,905,4,821,"51 deg 15 min","127 deg 13 min"
"Long Lake (A)",801,30,40,905,5,724,"51 deg 15 min","127 deg 13 min"
"Long Lake (A)",801,30,40,905,6,1288,"51 deg 15 min","127 deg 13 min"
"Long Lake (A)",801,30,40,905,7,1725,"51 deg 15 min","127 deg 13 min"
"Long Lake (A)",801,30,40,905,8,2593,"51 deg 15 min","127 deg 13 min"
"Long Lake (A)",801,30,40,905,9,2779,"51 deg 15 min","127 deg 13 min"
"Long Lake (A)",801,40,50,805,1,329,"51 deg 15 min","127 deg 13 min"
"Long Lake (A)",801,40,50,805,2,441,"51 deg 15 min","127 deg 13 min"
"Long Lake (A)",801,40,50,805,3,545,"51 deg 15 min","127 deg 13 min"
"Long Lake (A)",801,40,50,805,4,802,"51 deg 15 min","127 deg 13 min"
"Long Lake (A)",801,40,50,805,5,678,"51 deg 15 min","127 deg 13 min"
"Long Lake (A)",801,40,50,805,6,873,"51 deg 15 min","127 deg 13 min"
"Long Lake (A)",801,40,50,805,7,1673,"51 deg 15 min","127 deg 13 min"
"Long Lake (A)",801,40,50,805,8,2379,"51 deg 15 min","127 deg 13 min"
"Long Lake (A)",801,40,50,805,9,2734,"51 deg 15 min","127 deg 13 min"
"Long Lake (A)",801,50,60,625,1,280,"51 deg 15 min","127 deg 13 min"
"Long Lake (A)",801,50,60,625,2,403,"51 deg 15 min","127 deg 13 min"
"Long Lake (A)",801,50,60,625,3,500,"51 deg 15 min","127 deg 13 min"
"Long Lake (A)",801,50,60,625,4,770,"51 deg 15 min","127 deg 13 min"
"Long Lake (A)",801,50,60,625,5,640,"51 deg 15 min","127 deg 13 min"
"Long Lake (A)",801,50,60,625,6,0,"51 deg 15 min","127 deg 13 min"
"Long Lake (A)",801,50,60,625,7,0,"51 deg 15 min","127 deg 13 min"
"Long Lake (A)",801,50,60,625,8,0,"51 deg 15 min","127 deg 13 min"
"Long Lake (A)",801,50,60,625,9,0,"51 deg 15 min","127 deg 13 min"
"Long Lake (A)",801,60,70,575,1,260,"51 deg 15 min","127 deg 13 min"
"Long Lake (A)",801,60,70,575,2,380,"51 deg 15 min","127 deg 13 min"
"Long Lake (A)",801,60,70,575,3,450,"51 deg 15 min","127 deg 13 min"
"Long Lake (A)",801,60,70,575,4,740,"51 deg 15 min","127 deg 13 min"
"Long Lake (A)",801,60,70,575,5,615,"51 deg 15 min","127 deg 13 min"
"Long Lake (A)",801,60,70,575,6,0,"51 deg 15 min","127 deg 13 min"
"Long Lake (A)",801,60,70,575,7,0,"51 deg 15 min","127 deg 13 min"
"Long Lake (A)",801,60,70,575,8,0,"51 deg 15 min","127 deg 13 min"
"Long Lake (A)",801,60,70,575,9,0,"51 deg 15 min","127 deg 13 min"
"Long Lake (B)",802,2,5,1075,1,1105,"51 deg 15 min","127 deg 05 min"
"Long Lake (B)",802,2,5,1075,2,982,"51 deg 15 min","127 deg 05 min"
"Long Lake (B)",802,2,5,1075,3,1572,"51 deg 15 min","127 deg 05 min"
"Long Lake (B)",802,2,5,1075,4,1003,"51 deg 15 min","127 deg 05 min"
"Long Lake (B)",802,2,5,1075,5,3000,"51 deg 15 min","127 deg 05 min"
"Long Lake (B)",802,2,5,1075,6,2648,"51 deg 15 min","127 deg 05 min"
"Long Lake (B)",802,2,5,1075,7,1742,"51 deg 15 min","127 deg 05 min"
"Long Lake (B)",802,3,5,1075,1,1105,"51 deg 15 min","127 deg 05 min"
"Long Lake (B)",802,3,5,1075,2,982,"51 deg 15 min","127 deg 05 min"
"Long Lake (B)",802,3,5,1075,3,1572,"51 deg 15 min","127 deg 05 min"
"Long Lake (B)",802,3,5,1075,4,1003,"51 deg 15 min","127 deg 05 min"
"Long Lake (B)",802,3,5,1075,5,3000,"51 deg 15 min","127 deg 05 min"
"Long Lake (B)",802,3,5,1075,6,2648,"51 deg 15 min","127 deg 05 min"
"Long Lake (B)",802,3,5,1075,7,1742,"51 deg 15 min","127 deg 05 min"
"Long Lake (B)",802,5,10,1075,1,1088,"51 deg 15 min","127 deg 05 min"
"Long Lake (B)",802,5,10,1075,2,969,"51 deg 15 min","127 deg 05 min"
"Long Lake (B)",802,5,10,1075,3,1561,"51 deg 15 min","127 deg 05 min"
"Long Lake (B)",802,5,10,1075,4,999,"51 deg 15 min","127 deg 05 min"
"Long Lake (B)",802,5,10,1075,5,2992,"51 deg 15 min","127 deg 05 min"
"Long Lake (B)",802,5,10,1075,6,2635,"51 deg 15 min","127 deg 05 min"
"Long Lake (B)",802,5,10,1075,7,1729,"51 deg 15 min","127 deg 05 min"
"Long Lake (B)",802,10,15,1070,1,1072,"51 deg 15 min","127 deg 05 min"
"Long Lake (B)",802,10,15,1070,2,957,"51 deg 15 min","127 deg 05 min"
"Long Lake (B)",802,10,15,1070,3,1543,"51 deg 15 min","127 deg 05 min"
"Long Lake (B)",802,10,15,1070,4,986,"51 deg 15 min","127 deg 05 min"
"Long Lake (B)",802,10,15,1070,5,2959,"51 deg 15 min","127 deg 05 min"
"Long Lake (B)",802,10,15,1070,6,2608,"51 deg 15 min","127 deg 05 min"
"Long Lake (B)",802,10,15,1070,7,1708,"51 deg 15 min","127 deg 05 min"
"Long Lake (B)",802,15,20,1065,1,1060,"51 deg 15 min","127 deg 05 min"
"Long Lake (B)",802,15,20,1065,2,944,"51 deg 15 min","127 deg 05 min"
"Long Lake (B)",802,15,20,1065,3,1525,"51 deg 15 min","127 deg 05 min"
"Long Lake (B)",802,15,20,1065,4,958,"51 deg 15 min","127 deg 05 min"
"Long Lake (B)",802,15,20,1065,5,2910,"51 deg 15 min","127 deg 05 min"
"Long Lake (B)",802,15,20,1065,6,2535,"51 deg 15 min","127 deg 05 min"
"Long Lake (B)",802,15,20,1065,7,1694,"51 deg 15 min","127 deg 05 min"
"Long Lake (B)",802,20,30,1010,1,1042,"51 deg 15 min","127 deg 05 min"
"Long Lake (B)",802,20,30,1010,2,922,"51 deg 15 min","127 deg 05 min"
"Long Lake (B)",802,20,30,1010,3,1492,"51 deg 15 min","127 deg 05 min"
"Long Lake (B)",802,20,30,1010,4,927,"51 deg 15 min","127 deg 05 min"
"Long Lake (B)",802,20,30,1010,5,2819,"51 deg 15 min","127 deg 05 min"
"Long Lake (B)",802,20,30,1010,6,2408,"51 deg 15 min","127 deg 05 min"
"Long Lake (B)",802,20,30,1010,7,1659,"51 deg 15 min","127 deg 05 min"
"Long Lake (B)",802,30,40,965,1,1015,"51 deg 15 min","127 deg 05 min"
"Long Lake (B)",802,30,40,965,2,899,"51 deg 15 min","127 deg 05 min"
"Long Lake (B)",802,30,40,965,3,1437,"51 deg 15 min","127 deg 05 min"
"Long Lake (B)",802,30,40,965,4,888,"51 deg 15 min","127 deg 05 min"
"Long Lake (B)",802,30,40,965,5,2762,"51 deg 15 min","127 deg 05 min"
"Long Lake (B)",802,30,40,965,6,2294,"51 deg 15 min","127 deg 05 min"
"Long Lake (B)",802,30,40,965,7,1638,"51 deg 15 min","127 deg 05 min"
"Long Lake (B)",802,40,50,908,1,990,"51 deg 15 min","127 deg 05 min"
"Long Lake (B)",802,40,50,908,2,867,"51 deg 15 min","127 deg 05 min"
"Long Lake (B)",802,40,50,908,3,1390,"51 deg 15 min","127 deg 05 min"
"Long Lake (B)",802,40,50,908,4,846,"51 deg 15 min","127 deg 05 min"
"Long Lake (B)",802,40,50,908,5,2693,"51 deg 15 min","127 deg 05 min"
"Long Lake (B)",802,40,50,908,6,2248,"51 deg 15 min","127 deg 05 min"
"Long Lake (B)",802,40,50,908,7,1603,"51 deg 15 min","127 deg 05 min"
"Long Lake (B)",802,50,60,853,1,967,"51 deg 15 min","127 deg 05 min"
"Long Lake (B)",802,50,60,853,2,847,"51 deg 15 min","127 deg 05 min"
"Long Lake (B)",802,50,60,853,3,1343,"51 deg 15 min","127 deg 05 min"
"Long Lake (B)",802,50,60,853,4,819,"51 deg 15 min","127 deg 05 min"
"Long Lake (B)",802,50,60,853,5,0,"51 deg 15 min","127 deg 05 min"
"Long Lake (B)",802,50,60,853,6,0,"51 deg 15 min","127 deg 05 min"
"Long Lake (B)",802,50,60,853,7,0,"51 deg 15 min","127 deg 05 min"
"Long Lake (B)",802,60,70,810,1,910,"51 deg 15 min","127 deg 05 min"
"Long Lake (B)",802,60,70,810,2,790,"51 deg 15 min","127 deg 05 min"
"Long Lake (B)",802,60,70,810,3,1310,"51 deg 15 min","127 deg 05 min"
"Long Lake (B)",802,60,70,810,4,760,"51 deg 15 min","127 deg 05 min"
"Long Lake (B)",802,60,70,810,5,0,"51 deg 15 min","127 deg 05 min"
"Long Lake (B)",802,60,70,810,6,0,"51 deg 15 min","127 deg 05 min"
"Long Lake (B)",802,60,70,810,7,0,"51 deg 15 min","127 deg 05 min"
"Long Lake (YK)",129,NA,NA,NA,NA,NA,"61 deg 21 min","136 deg 41 min"
"Low Lake",174,NA,NA,NA,NA,NA,"48 deg 30 min","123 deg 35 min"
"Lowe Lake",20,2,5,365,1,835,"53 deg 34 min","129 deg 33 min"
"Lowe Lake",20,2,5,365,2,673,"53 deg 34 min","129 deg 33 min"
"Lowe Lake",20,2,5,365,3,615,"53 deg 34 min","129 deg 33 min"
"Lowe Lake",20,2,5,365,4,946,"53 deg 34 min","129 deg 33 min"
"Lowe Lake",20,3,5,365,1,835,"53 deg 34 min","129 deg 33 min"
"Lowe Lake",20,3,5,365,2,673,"53 deg 34 min","129 deg 33 min"
"Lowe Lake",20,3,5,365,3,615,"53 deg 34 min","129 deg 33 min"
"Lowe Lake",20,3,5,365,4,946,"53 deg 34 min","129 deg 33 min"
"Lowe Lake",20,5,10,347,1,805,"53 deg 34 min","129 deg 33 min"
"Lowe Lake",20,5,10,347,2,655,"53 deg 34 min","129 deg 33 min"
"Lowe Lake",20,5,10,347,3,598,"53 deg 34 min","129 deg 33 min"
"Lowe Lake",20,5,10,347,4,901,"53 deg 34 min","129 deg 33 min"
"Lowe Lake",20,10,15,294,1,670,"53 deg 34 min","129 deg 33 min"
"Lowe Lake",20,10,15,294,2,632,"53 deg 34 min","129 deg 33 min"
"Lowe Lake",20,10,15,294,3,571,"53 deg 34 min","129 deg 33 min"
"Lowe Lake",20,10,15,294,4,843,"53 deg 34 min","129 deg 33 min"
"Lowe Lake",20,15,20,263,1,0,"53 deg 34 min","129 deg 33 min"
"Lowe Lake",20,15,20,263,2,600,"53 deg 34 min","129 deg 33 min"
"Lowe Lake",20,15,20,263,3,530,"53 deg 34 min","129 deg 33 min"
"Lowe Lake",20,15,20,263,4,811,"53 deg 34 min","129 deg 33 min"
"Lowe Lake",20,20,30,222,1,0,"53 deg 34 min","129 deg 33 min"
"Lowe Lake",20,20,30,222,2,563,"53 deg 34 min","129 deg 33 min"
"Lowe Lake",20,20,30,222,3,486,"53 deg 34 min","129 deg 33 min"
"Lowe Lake",20,20,30,222,4,756,"53 deg 34 min","129 deg 33 min"
"Lowe Lake",20,30,40,169,1,0,"53 deg 34 min","129 deg 33 min"
"Lowe Lake",20,30,40,169,2,495,"53 deg 34 min","129 deg 33 min"
"Lowe Lake",20,30,40,169,3,412,"53 deg 34 min","129 deg 33 min"
"Lowe Lake",20,30,40,169,4,627,"53 deg 34 min","129 deg 33 min"
"Lowe Lake",20,40,50,65,1,0,"53 deg 34 min","129 deg 33 min"
"Lowe Lake",20,40,50,65,2,333,"53 deg 34 min","129 deg 33 min"
"Lowe Lake",20,40,50,65,3,254,"53 deg 34 min","129 deg 33 min"
"Lowe Lake",20,40,50,65,4,450,"53 deg 34 min","129 deg 33 min"
"Lowe Lake",20,50,60,0,1,0,"53 deg 34 min","129 deg 33 min"
"Lowe Lake",20,50,60,0,2,0,"53 deg 34 min","129 deg 33 min"
"Lowe Lake",20,50,60,0,3,0,"53 deg 34 min","129 deg 33 min"
"Lowe Lake",20,50,60,0,4,0,"53 deg 34 min","129 deg 33 min"
"Maggie Lake",111,2,5,219,1,2070,"49 deg 00 min","125 deg 25 min"
"Maggie Lake",111,2,5,219,2,1476,"49 deg 00 min","125 deg 25 min"
"Maggie Lake",111,2,5,219,3,539,"49 deg 00 min","125 deg 25 min"
"Maggie Lake",111,2,5,219,4,703,"49 deg 00 min","125 deg 25 min"
"Maggie Lake",111,2,5,219,5,533,"49 deg 00 min","125 deg 25 min"
"Maggie Lake",111,2,5,219,6,647,"49 deg 00 min","125 deg 25 min"
"Maggie Lake",111,3,5,219,1,2070,"49 deg 00 min","125 deg 25 min"
"Maggie Lake",111,3,5,219,2,1476,"49 deg 00 min","125 deg 25 min"
"Maggie Lake",111,3,5,219,3,539,"49 deg 00 min","125 deg 25 min"
"Maggie Lake",111,3,5,219,4,703,"49 deg 00 min","125 deg 25 min"
"Maggie Lake",111,3,5,219,5,533,"49 deg 00 min","125 deg 25 min"
"Maggie Lake",111,3,5,219,6,647,"49 deg 00 min","125 deg 25 min"
"Maggie Lake",111,5,10,199,1,2044,"49 deg 00 min","125 deg 25 min"
"Maggie Lake",111,5,10,199,2,1443,"49 deg 00 min","125 deg 25 min"
"Maggie Lake",111,5,10,199,3,515,"49 deg 00 min","125 deg 25 min"
"Maggie Lake",111,5,10,199,4,682,"49 deg 00 min","125 deg 25 min"
"Maggie Lake",111,5,10,199,5,504,"49 deg 00 min","125 deg 25 min"
"Maggie Lake",111,5,10,199,6,633,"49 deg 00 min","125 deg 25 min"
"Maggie Lake",111,10,15,184,1,2015,"49 deg 00 min","125 deg 25 min"
"Maggie Lake",111,10,15,184,2,1355,"49 deg 00 min","125 deg 25 min"
"Maggie Lake",111,10,15,184,3,487,"49 deg 00 min","125 deg 25 min"
"Maggie Lake",111,10,15,184,4,658,"49 deg 00 min","125 deg 25 min"
"Maggie Lake",111,10,15,184,5,484,"49 deg 00 min","125 deg 25 min"
"Maggie Lake",111,10,15,184,6,607,"49 deg 00 min","125 deg 25 min"
"Maggie Lake",111,15,20,169,1,1961,"49 deg 00 min","125 deg 25 min"
"Maggie Lake",111,15,20,169,2,1325,"49 deg 00 min","125 deg 25 min"
"Maggie Lake",111,15,20,169,3,456,"49 deg 00 min","125 deg 25 min"
"Maggie Lake",111,15,20,169,4,636,"49 deg 00 min","125 deg 25 min"
"Maggie Lake",111,15,20,169,5,470,"49 deg 00 min","125 deg 25 min"
"Maggie Lake",111,15,20,169,6,510,"49 deg 00 min","125 deg 25 min"
"Maggie Lake",111,20,30,145,1,1815,"49 deg 00 min","125 deg 25 min"
"Maggie Lake",111,20,30,145,2,1187,"49 deg 00 min","125 deg 25 min"
"Maggie Lake",111,20,30,145,3,408,"49 deg 00 min","125 deg 25 min"
"Maggie Lake",111,20,30,145,4,591,"49 deg 00 min","125 deg 25 min"
"Maggie Lake",111,20,30,145,5,441,"49 deg 00 min","125 deg 25 min"
"Maggie Lake",111,20,30,145,6,424,"49 deg 00 min","125 deg 25 min"
"Maggie Lake",111,30,40,101,1,1481,"49 deg 00 min","125 deg 25 min"
"Maggie Lake",111,30,40,101,2,1058,"49 deg 00 min","125 deg 25 min"
"Maggie Lake",111,30,40,101,3,250,"49 deg 00 min","125 deg 25 min"
"Maggie Lake",111,30,40,101,4,529,"49 deg 00 min","125 deg 25 min"
"Maggie Lake",111,30,40,101,5,394,"49 deg 00 min","125 deg 25 min"
"Maggie Lake",111,30,40,101,6,0,"49 deg 00 min","125 deg 25 min"
"Maggie Lake",111,40,50,44,1,620,"49 deg 00 min","125 deg 25 min"
"Maggie Lake",111,40,50,44,2,878,"49 deg 00 min","125 deg 25 min"
"Maggie Lake",111,40,50,44,3,0,"49 deg 00 min","125 deg 25 min"
"Maggie Lake",111,40,50,44,4,450,"49 deg 00 min","125 deg 25 min"
"Maggie Lake",111,40,50,44,5,344,"49 deg 00 min","125 deg 25 min"
"Maggie Lake",111,40,50,44,6,0,"49 deg 00 min","125 deg 25 min"
"Mara Lake",79,NA,NA,NA,NA,NA,"50 deg 47 min","119 deg 00 min"
"Mathers Lake",55,2,5,171,1,500,"52 deg 58 min","131 deg 50 min"
"Mathers Lake",55,2,5,171,2,285,"52 deg 58 min","131 deg 50 min"
"Mathers Lake",55,2,5,171,3,500,"52 deg 58 min","131 deg 50 min"
"Mathers Lake",55,2,5,171,4,525,"52 deg 58 min","131 deg 50 min"
"Mathers Lake",55,3,5,171,1,500,"52 deg 58 min","131 deg 50 min"
"Mathers Lake",55,3,5,171,2,285,"52 deg 58 min","131 deg 50 min"
"Mathers Lake",55,3,5,171,3,500,"52 deg 58 min","131 deg 50 min"
"Mathers Lake",55,3,5,171,4,525,"52 deg 58 min","131 deg 50 min"
"Mathers Lake",55,5,10,163,1,480,"52 deg 58 min","131 deg 50 min"
"Mathers Lake",55,5,10,163,2,280,"52 deg 58 min","131 deg 50 min"
"Mathers Lake",55,5,10,163,3,485,"52 deg 58 min","131 deg 50 min"
"Mathers Lake",55,5,10,163,4,505,"52 deg 58 min","131 deg 50 min"
"Mathers Lake",55,10,15,156,1,450,"52 deg 58 min","131 deg 50 min"
"Mathers Lake",55,10,15,156,2,270,"52 deg 58 min","131 deg 50 min"
"Mathers Lake",55,10,15,156,3,470,"52 deg 58 min","131 deg 50 min"
"Mathers Lake",55,10,15,156,4,480,"52 deg 58 min","131 deg 50 min"
"Mathers Lake",55,15,20,148,1,410,"52 deg 58 min","131 deg 50 min"
"Mathers Lake",55,15,20,148,2,250,"52 deg 58 min","131 deg 50 min"
"Mathers Lake",55,15,20,148,3,445,"52 deg 58 min","131 deg 50 min"
"Mathers Lake",55,15,20,148,4,465,"52 deg 58 min","131 deg 50 min"
"Mathers Lake",55,20,30,136,1,275,"52 deg 58 min","131 deg 50 min"
"Mathers Lake",55,20,30,136,2,235,"52 deg 58 min","131 deg 50 min"
"Mathers Lake",55,20,30,136,3,420,"52 deg 58 min","131 deg 50 min"
"Mathers Lake",55,20,30,136,4,445,"52 deg 58 min","131 deg 50 min"
"Mathers Lake",55,30,40,112,1,0,"52 deg 58 min","131 deg 50 min"
"Mathers Lake",55,30,40,112,2,210,"52 deg 58 min","131 deg 50 min"
"Mathers Lake",55,30,40,112,3,385,"52 deg 58 min","131 deg 50 min"
"Mathers Lake",55,30,40,112,4,405,"52 deg 58 min","131 deg 50 min"
"Mathers Lake",55,40,50,86,1,0,"52 deg 58 min","131 deg 50 min"
"Mathers Lake",55,40,50,86,2,185,"52 deg 58 min","131 deg 50 min"
"Mathers Lake",55,40,50,86,3,340,"52 deg 58 min","131 deg 50 min"
"Mathers Lake",55,40,50,86,4,370,"52 deg 58 min","131 deg 50 min"
"Mathers Lake",55,50,60,64,1,0,"52 deg 58 min","131 deg 50 min"
"Mathers Lake",55,50,60,64,2,175,"52 deg 58 min","131 deg 50 min"
"Mathers Lake",55,50,60,64,3,300,"52 deg 58 min","131 deg 50 min"
"Mathers Lake",55,50,60,64,4,355,"52 deg 58 min","131 deg 50 min"
"Mathers Lake",55,60,70,46,1,0,"52 deg 58 min","131 deg 50 min"
"Mathers Lake",55,60,70,46,2,0,"52 deg 58 min","131 deg 50 min"
"Mathers Lake",55,60,70,46,3,255,"52 deg 58 min","131 deg 50 min"
"Mathers Lake",55,60,70,46,4,320,"52 deg 58 min","131 deg 50 min"
"Mathers Lake",55,70,80,32,1,0,"52 deg 58 min","131 deg 50 min"
"Mathers Lake",55,70,80,32,2,0,"52 deg 58 min","131 deg 50 min"
"Mathers Lake",55,70,80,32,3,175,"52 deg 58 min","131 deg 50 min"
"Mathers Lake",55,70,80,32,4,290,"52 deg 58 min","131 deg 50 min"
"Mathers Lake",55,80,90,20,1,0,"52 deg 58 min","131 deg 50 min"
"Mathers Lake",55,80,90,20,2,0,"52 deg 58 min","131 deg 50 min"
"Mathers Lake",55,80,90,20,3,0,"52 deg 58 min","131 deg 50 min"
"Mathers Lake",55,80,90,20,4,230,"52 deg 58 min","131 deg 50 min"
"Mayo Lake",99,NA,NA,NA,NA,NA,"63 deg 43 min","135 deg 04 min"
"McBride Lake",223,NA,NA,NA,NA,NA,"49 deg 20 min","125 deg 30 min"
"Mddle Quinsam Lake",147,2,5,49,1,0,"49 deg 56 min","125 deg 29 min"
"Mddle Quinsam Lake",147,2,5,49,2,68,"49 deg 56 min","125 deg 29 min"
"Mddle Quinsam Lake",147,2,5,49,3,282,"49 deg 56 min","125 deg 29 min"
"Mddle Quinsam Lake",147,2,5,49,4,227,"49 deg 56 min","125 deg 29 min"
"Mddle Quinsam Lake",147,2,5,49,5,248,"49 deg 56 min","125 deg 29 min"
"Mddle Quinsam Lake",147,2,5,49,6,0,"49 deg 56 min","125 deg 29 min"
"Mddle Quinsam Lake",147,3,5,49,1,0,"49 deg 56 min","125 deg 29 min"
"Mddle Quinsam Lake",147,3,5,49,2,68,"49 deg 56 min","125 deg 29 min"
"Mddle Quinsam Lake",147,3,5,49,3,282,"49 deg 56 min","125 deg 29 min"
"Mddle Quinsam Lake",147,3,5,49,4,227,"49 deg 56 min","125 deg 29 min"
"Mddle Quinsam Lake",147,3,5,49,5,248,"49 deg 56 min","125 deg 29 min"
"Mddle Quinsam Lake",147,3,5,49,6,0,"49 deg 56 min","125 deg 29 min"
"Mddle Quinsam Lake",147,5,10,20,1,0,"49 deg 56 min","125 deg 29 min"
"Mddle Quinsam Lake",147,5,10,20,2,0,"49 deg 56 min","125 deg 29 min"
"Mddle Quinsam Lake",147,5,10,20,3,155,"49 deg 56 min","125 deg 29 min"
"Mddle Quinsam Lake",147,5,10,20,4,184,"49 deg 56 min","125 deg 29 min"
"Mddle Quinsam Lake",147,5,10,20,5,184,"49 deg 56 min","125 deg 29 min"
"Mddle Quinsam Lake",147,5,10,20,6,0,"49 deg 56 min","125 deg 29 min"
"Mddle Quinsam Lake",147,10,15,5,1,0,"49 deg 56 min","125 deg 29 min"
"Mddle Quinsam Lake",147,10,15,5,2,0,"49 deg 56 min","125 deg 29 min"
"Mddle Quinsam Lake",147,10,15,5,3,0,"49 deg 56 min","125 deg 29 min"
"Mddle Quinsam Lake",147,10,15,5,4,0,"49 deg 56 min","125 deg 29 min"
"Mddle Quinsam Lake",147,10,15,5,5,92,"49 deg 56 min","125 deg 29 min"
"Mddle Quinsam Lake",147,10,15,5,6,0,"49 deg 56 min","125 deg 29 min"
"Megin Lake",118,2,5,135,1,500,"49 deg 29 min","126 deg 04 min"
"Megin Lake",118,2,5,135,2,580,"49 deg 29 min","126 deg 04 min"
"Megin Lake",118,2,5,135,3,500,"49 deg 29 min","126 deg 04 min"
"Megin Lake",118,2,5,135,4,445,"49 deg 29 min","126 deg 04 min"
"Megin Lake",118,2,5,135,5,325,"49 deg 29 min","126 deg 04 min"
"Megin Lake",118,2,5,135,6,3315,"49 deg 29 min","126 deg 04 min"
"Megin Lake",118,3,5,135,1,500,"49 deg 29 min","126 deg 04 min"
"Megin Lake",118,3,5,135,2,580,"49 deg 29 min","126 deg 04 min"
"Megin Lake",118,3,5,135,3,500,"49 deg 29 min","126 deg 04 min"
"Megin Lake",118,3,5,135,4,445,"49 deg 29 min","126 deg 04 min"
"Megin Lake",118,3,5,135,5,325,"49 deg 29 min","126 deg 04 min"
"Megin Lake",118,3,5,135,6,3315,"49 deg 29 min","126 deg 04 min"
"Megin Lake",118,5,10,123,1,430,"49 deg 29 min","126 deg 04 min"
"Megin Lake",118,5,10,123,2,555,"49 deg 29 min","126 deg 04 min"
"Megin Lake",118,5,10,123,3,480,"49 deg 29 min","126 deg 04 min"
"Megin Lake",118,5,10,123,4,420,"49 deg 29 min","126 deg 04 min"
"Megin Lake",118,5,10,123,5,270,"49 deg 29 min","126 deg 04 min"
"Megin Lake",118,5,10,123,6,3240,"49 deg 29 min","126 deg 04 min"
"Megin Lake",118,10,15,108,1,360,"49 deg 29 min","126 deg 04 min"
"Megin Lake",118,10,15,108,2,535,"49 deg 29 min","126 deg 04 min"
"Megin Lake",118,10,15,108,3,465,"49 deg 29 min","126 deg 04 min"
"Megin Lake",118,10,15,108,4,385,"49 deg 29 min","126 deg 04 min"
"Megin Lake",118,10,15,108,5,220,"49 deg 29 min","126 deg 04 min"
"Megin Lake",118,10,15,108,6,2955,"49 deg 29 min","126 deg 04 min"
"Megin Lake",118,15,20,94,1,290,"49 deg 29 min","126 deg 04 min"
"Megin Lake",118,15,20,94,2,520,"49 deg 29 min","126 deg 04 min"
"Megin Lake",118,15,20,94,3,440,"49 deg 29 min","126 deg 04 min"
"Megin Lake",118,15,20,94,4,330,"49 deg 29 min","126 deg 04 min"
"Megin Lake",118,15,20,94,5,0,"49 deg 29 min","126 deg 04 min"
"Megin Lake",118,15,20,94,6,2245,"49 deg 29 min","126 deg 04 min"
"Megin Lake",118,20,30,72,1,201,"49 deg 29 min","126 deg 04 min"
"Megin Lake",118,20,30,72,2,475,"49 deg 29 min","126 deg 04 min"
"Megin Lake",118,20,30,72,3,405,"49 deg 29 min","126 deg 04 min"
"Megin Lake",118,20,30,72,4,245,"49 deg 29 min","126 deg 04 min"
"Megin Lake",118,20,30,72,5,0,"49 deg 29 min","126 deg 04 min"
"Megin Lake",118,20,30,72,6,2090,"49 deg 29 min","126 deg 04 min"
"Megin Lake",118,30,40,42,1,0,"49 deg 29 min","126 deg 04 min"
"Megin Lake",118,30,40,42,2,380,"49 deg 29 min","126 deg 04 min"
"Megin Lake",118,30,40,42,3,335,"49 deg 29 min","126 deg 04 min"
"Megin Lake",118,30,40,42,4,130,"49 deg 29 min","126 deg 04 min"
"Megin Lake",118,30,40,42,5,0,"49 deg 29 min","126 deg 04 min"
"Megin Lake",118,30,40,42,6,1520,"49 deg 29 min","126 deg 04 min"
"Megin Lake",118,40,50,13,1,0,"49 deg 29 min","126 deg 04 min"
"Megin Lake",118,40,50,13,2,0,"49 deg 29 min","126 deg 04 min"
"Megin Lake",118,40,50,13,3,135,"49 deg 29 min","126 deg 04 min"
"Megin Lake",118,40,50,13,4,0,"49 deg 29 min","126 deg 04 min"
"Megin Lake",118,40,50,13,5,0,"49 deg 29 min","126 deg 04 min"
"Megin Lake",118,40,50,13,6,570,"49 deg 29 min","126 deg 04 min"
"Mercer Lake",32,2,5,93,1,486,"53 deg 34 min","132 deg 53 min"
"Mercer Lake",32,2,5,93,2,373,"53 deg 34 min","132 deg 53 min"
"Mercer Lake",32,2,5,93,3,391,"53 deg 34 min","132 deg 53 min"
"Mercer Lake",32,2,5,93,4,210,"53 deg 34 min","132 deg 53 min"
"Mercer Lake",32,2,5,93,5,1000,"53 deg 34 min","132 deg 53 min"
"Mercer Lake",32,2,5,93,6,833,"53 deg 34 min","132 deg 53 min"
"Mercer Lake",32,3,5,93,1,486,"53 deg 34 min","132 deg 53 min"
"Mercer Lake",32,3,5,93,2,373,"53 deg 34 min","132 deg 53 min"
"Mercer Lake",32,3,5,93,3,391,"53 deg 34 min","132 deg 53 min"
"Mercer Lake",32,3,5,93,4,210,"53 deg 34 min","132 deg 53 min"
"Mercer Lake",32,3,5,93,5,1000,"53 deg 34 min","132 deg 53 min"
"Mercer Lake",32,3,5,93,6,833,"53 deg 34 min","132 deg 53 min"
"Mercer Lake",32,5,10,77,1,429,"53 deg 34 min","132 deg 53 min"
"Mercer Lake",32,5,10,77,2,359,"53 deg 34 min","132 deg 53 min"
"Mercer Lake",32,5,10,77,3,358,"53 deg 34 min","132 deg 53 min"
"Mercer Lake",32,5,10,77,4,188,"53 deg 34 min","132 deg 53 min"
"Mercer Lake",32,5,10,77,5,980,"53 deg 34 min","132 deg 53 min"
"Mercer Lake",32,5,10,77,6,777,"53 deg 34 min","132 deg 53 min"
"Mercer Lake",32,10,15,65,1,400,"53 deg 34 min","132 deg 53 min"
"Mercer Lake",32,10,15,65,2,324,"53 deg 34 min","132 deg 53 min"
"Mercer Lake",32,10,15,65,3,316,"53 deg 34 min","132 deg 53 min"
"Mercer Lake",32,10,15,65,4,139,"53 deg 34 min","132 deg 53 min"
"Mercer Lake",32,10,15,65,5,922,"53 deg 34 min","132 deg 53 min"
"Mercer Lake",32,10,15,65,6,760,"53 deg 34 min","132 deg 53 min"
"Mercer Lake",32,15,20,47,1,371,"53 deg 34 min","132 deg 53 min"
"Mercer Lake",32,15,20,47,2,291,"53 deg 34 min","132 deg 53 min"
"Mercer Lake",32,15,20,47,3,258,"53 deg 34 min","132 deg 53 min"
"Mercer Lake",32,15,20,47,4,79,"53 deg 34 min","132 deg 53 min"
"Mercer Lake",32,15,20,47,5,872,"53 deg 34 min","132 deg 53 min"
"Mercer Lake",32,15,20,47,6,718,"53 deg 34 min","132 deg 53 min"
"Mercer Lake",32,20,30,23,1,297,"53 deg 34 min","132 deg 53 min"
"Mercer Lake",32,20,30,23,2,173,"53 deg 34 min","132 deg 53 min"
"Mercer Lake",32,20,30,23,3,0,"53 deg 34 min","132 deg 53 min"
"Mercer Lake",32,20,30,23,4,0,"53 deg 34 min","132 deg 53 min"
"Mercer Lake",32,20,30,23,5,793,"53 deg 34 min","132 deg 53 min"
"Mercer Lake",32,20,30,23,6,160,"53 deg 34 min","132 deg 53 min"
"Mercer Lake",32,30,40,6,1,0,"53 deg 34 min","132 deg 53 min"
"Mercer Lake",32,30,40,6,2,0,"53 deg 34 min","132 deg 53 min"
"Mercer Lake",32,30,40,6,3,0,"53 deg 34 min","132 deg 53 min"
"Mercer Lake",32,30,40,6,4,0,"53 deg 34 min","132 deg 53 min"
"Mercer Lake",32,30,40,6,5,588,"53 deg 34 min","132 deg 53 min"
"Mercer Lake",32,30,40,6,6,0,"53 deg 34 min","132 deg 53 min"
"Meziadin Lake",43,2,5,3606,1,1725,"56 deg 02 min","129 deg 15 min"
"Meziadin Lake",43,2,5,3606,2,1640,"56 deg 02 min","129 deg 15 min"
"Meziadin Lake",43,2,5,3606,3,1800,"56 deg 02 min","129 deg 15 min"
"Meziadin Lake",43,2,5,3606,4,2050,"56 deg 02 min","129 deg 15 min"
"Meziadin Lake",43,2,5,3606,5,2585,"56 deg 02 min","129 deg 15 min"
"Meziadin Lake",43,2,5,3606,6,1490,"56 deg 02 min","129 deg 15 min"
"Meziadin Lake",43,3,5,3556,1,1669,"56 deg 02 min","129 deg 15 min"
"Meziadin Lake",43,3,5,3556,2,1824,"56 deg 02 min","129 deg 15 min"
"Meziadin Lake",43,3,5,3556,3,1775,"56 deg 02 min","129 deg 15 min"
"Meziadin Lake",43,3,5,3556,4,2019,"56 deg 02 min","129 deg 15 min"
"Meziadin Lake",43,3,5,3556,5,2561,"56 deg 02 min","129 deg 15 min"
"Meziadin Lake",43,3,5,3556,6,1475,"56 deg 02 min","129 deg 15 min"
"Meziadin Lake",43,5,10,3499,1,1604,"56 deg 02 min","129 deg 15 min"
"Meziadin Lake",43,5,10,3499,2,1802,"56 deg 02 min","129 deg 15 min"
"Meziadin Lake",43,5,10,3499,3,1741,"56 deg 02 min","129 deg 15 min"
"Meziadin Lake",43,5,10,3499,4,1978,"56 deg 02 min","129 deg 15 min"
"Meziadin Lake",43,5,10,3499,5,2544,"56 deg 02 min","129 deg 15 min"
"Meziadin Lake",43,5,10,3499,6,1429,"56 deg 02 min","129 deg 15 min"
"Meziadin Lake",43,10,15,3337,1,1595,"56 deg 02 min","129 deg 15 min"
"Meziadin Lake",43,10,15,3337,2,1770,"56 deg 02 min","129 deg 15 min"
"Meziadin Lake",43,10,15,3337,3,1715,"56 deg 02 min","129 deg 15 min"
"Meziadin Lake",43,10,15,3337,4,1948,"56 deg 02 min","129 deg 15 min"
"Meziadin Lake",43,10,15,3337,5,2308,"56 deg 02 min","129 deg 15 min"
"Meziadin Lake",43,10,15,3337,6,1300,"56 deg 02 min","129 deg 15 min"
"Meziadin Lake",43,15,20,3086,1,1577,"56 deg 02 min","129 deg 15 min"
"Meziadin Lake",43,15,20,3086,2,1760,"56 deg 02 min","129 deg 15 min"
"Meziadin Lake",43,15,20,3086,3,1699,"56 deg 02 min","129 deg 15 min"
"Meziadin Lake",43,15,20,3086,4,1927,"56 deg 02 min","129 deg 15 min"
"Meziadin Lake",43,15,20,3086,5,1990,"56 deg 02 min","129 deg 15 min"
"Meziadin Lake",43,15,20,3086,6,1216,"56 deg 02 min","129 deg 15 min"
"Meziadin Lake",43,20,30,2812,1,1549,"56 deg 02 min","129 deg 15 min"
"Meziadin Lake",43,20,30,2812,2,1717,"56 deg 02 min","129 deg 15 min"
"Meziadin Lake",43,20,30,2812,3,1673,"56 deg 02 min","129 deg 15 min"
"Meziadin Lake",43,20,30,2812,4,1896,"56 deg 02 min","129 deg 15 min"
"Meziadin Lake",43,20,30,2812,5,1944,"56 deg 02 min","129 deg 15 min"
"Meziadin Lake",43,20,30,2812,6,1163,"56 deg 02 min","129 deg 15 min"
"Meziadin Lake",43,30,40,2563,1,1493,"56 deg 02 min","129 deg 15 min"
"Meziadin Lake",43,30,40,2563,2,1685,"56 deg 02 min","129 deg 15 min"
"Meziadin Lake",43,30,40,2563,3,1623,"56 deg 02 min","129 deg 15 min"
"Meziadin Lake",43,30,40,2563,4,1784,"56 deg 02 min","129 deg 15 min"
"Meziadin Lake",43,30,40,2563,5,1753,"56 deg 02 min","129 deg 15 min"
"Meziadin Lake",43,30,40,2563,6,857,"56 deg 02 min","129 deg 15 min"
"Meziadin Lake",43,40,50,2339,1,1438,"56 deg 02 min","129 deg 15 min"
"Meziadin Lake",43,40,50,2339,2,1621,"56 deg 02 min","129 deg 15 min"
"Meziadin Lake",43,40,50,2339,3,1563,"56 deg 02 min","129 deg 15 min"
"Meziadin Lake",43,40,50,2339,4,1743,"56 deg 02 min","129 deg 15 min"
"Meziadin Lake",43,40,50,2339,5,1615,"56 deg 02 min","129 deg 15 min"
"Meziadin Lake",43,40,50,2339,6,0,"56 deg 02 min","129 deg 15 min"
"Meziadin Lake",43,50,60,2217,1,1298,"56 deg 02 min","129 deg 15 min"
"Meziadin Lake",43,50,60,2217,2,1578,"56 deg 02 min","129 deg 15 min"
"Meziadin Lake",43,50,60,2217,3,1513,"56 deg 02 min","129 deg 15 min"
"Meziadin Lake",43,50,60,2217,4,1671,"56 deg 02 min","129 deg 15 min"
"Meziadin Lake",43,50,60,2217,5,1060,"56 deg 02 min","129 deg 15 min"
"Meziadin Lake",43,50,60,2217,6,0,"56 deg 02 min","129 deg 15 min"
"Michie Lake",100,NA,NA,NA,NA,NA,"60 deg 41 min","134 deg 10 min"
"Miller Lake",109,NA,NA,NA,NA,NA,"51 deg 04 min","118 deg 06 min"
"Minktrap Lake",131,NA,NA,NA,NA,NA,"53 deg 27 min","129 deg 45 min"
"Mohun Lake",7,2,5,533,1,560,"50 deg 07 min","125 deg 30 min"
"Mohun Lake",7,2,5,533,2,764,"50 deg 07 min","125 deg 30 min"
"Mohun Lake",7,2,5,533,3,822,"50 deg 07 min","125 deg 30 min"
"Mohun Lake",7,2,5,533,4,715,"50 deg 07 min","125 deg 30 min"
"Mohun Lake",7,2,5,533,5,325,"50 deg 07 min","125 deg 30 min"
"Mohun Lake",7,3,5,533,1,560,"50 deg 07 min","125 deg 30 min"
"Mohun Lake",7,3,5,533,2,764,"50 deg 07 min","125 deg 30 min"
"Mohun Lake",7,3,5,533,3,822,"50 deg 07 min","125 deg 30 min"
"Mohun Lake",7,3,5,533,4,715,"50 deg 07 min","125 deg 30 min"
"Mohun Lake",7,3,5,533,5,325,"50 deg 07 min","125 deg 30 min"
"Mohun Lake",7,5,10,394,1,490,"50 deg 07 min","125 deg 30 min"
"Mohun Lake",7,5,10,394,2,725,"50 deg 07 min","125 deg 30 min"
"Mohun Lake",7,5,10,394,3,750,"50 deg 07 min","125 deg 30 min"
"Mohun Lake",7,5,10,394,4,605,"50 deg 07 min","125 deg 30 min"
"Mohun Lake",7,5,10,394,5,269,"50 deg 07 min","125 deg 30 min"
"Mohun Lake",7,10,15,296,1,352,"50 deg 07 min","125 deg 30 min"
"Mohun Lake",7,10,15,296,2,616,"50 deg 07 min","125 deg 30 min"
"Mohun Lake",7,10,15,296,3,671,"50 deg 07 min","125 deg 30 min"
"Mohun Lake",7,10,15,296,4,408,"50 deg 07 min","125 deg 30 min"
"Mohun Lake",7,10,15,296,5,131,"50 deg 07 min","125 deg 30 min"
"Mohun Lake",7,15,20,168,1,195,"50 deg 07 min","125 deg 30 min"
"Mohun Lake",7,15,20,168,2,421,"50 deg 07 min","125 deg 30 min"
"Mohun Lake",7,15,20,168,3,548,"50 deg 07 min","125 deg 30 min"
"Mohun Lake",7,15,20,168,4,406,"50 deg 07 min","125 deg 30 min"
"Mohun Lake",7,15,20,168,5,75,"50 deg 07 min","125 deg 30 min"
"Mohun Lake",7,20,30,69,1,0,"50 deg 07 min","125 deg 30 min"
"Mohun Lake",7,20,30,69,2,116,"50 deg 07 min","125 deg 30 min"
"Mohun Lake",7,20,30,69,3,317,"50 deg 07 min","125 deg 30 min"
"Mohun Lake",7,20,30,69,4,310,"50 deg 07 min","125 deg 30 min"
"Mohun Lake",7,20,30,69,5,0,"50 deg 07 min","125 deg 30 min"
"Mohun Lake",7,30,40,20,1,0,"50 deg 07 min","125 deg 30 min"
"Mohun Lake",7,30,40,20,2,0,"50 deg 07 min","125 deg 30 min"
"Mohun Lake",7,30,40,20,3,223,"50 deg 07 min","125 deg 30 min"
"Mohun Lake",7,30,40,20,4,165,"50 deg 07 min","125 deg 30 min"
"Mohun Lake",7,30,40,20,5,0,"50 deg 07 min","125 deg 30 min"
"Mohun Lake (Comida)",158,NA,NA,NA,NA,NA,"50 deg 09 min","125 deg 31 min"
"Momich Lake",84,NA,NA,NA,NA,NA,"51 deg 19 min","119 deg 21 min"
"Moore Lake",188,NA,NA,NA,NA,NA,NA,NA
"Morice Lake",15,NA,NA,NA,NA,NA,"53 deg 59 min","127 deg 37 min"
"Morrison Lake",56,2,5,1164,1,264,"55 deg 14 min","126 deg 22 min"
"Morrison Lake",56,2,5,1164,2,554,"55 deg 14 min","126 deg 22 min"
"Morrison Lake",56,2,5,1164,3,1339,"55 deg 14 min","126 deg 22 min"
"Morrison Lake",56,2,5,1164,4,1191,"55 deg 14 min","126 deg 22 min"
"Morrison Lake",56,2,5,1164,5,711,"55 deg 14 min","126 deg 22 min"
"Morrison Lake",56,2,5,1164,6,628,"55 deg 14 min","126 deg 22 min"
"Morrison Lake",56,2,5,1164,7,617,"55 deg 14 min","126 deg 22 min"
"Morrison Lake",56,3,5,1164,1,264,"55 deg 14 min","126 deg 22 min"
"Morrison Lake",56,3,5,1164,2,554,"55 deg 14 min","126 deg 22 min"
"Morrison Lake",56,3,5,1164,3,1339,"55 deg 14 min","126 deg 22 min"
"Morrison Lake",56,3,5,1164,4,1191,"55 deg 14 min","126 deg 22 min"
"Morrison Lake",56,3,5,1164,5,711,"55 deg 14 min","126 deg 22 min"
"Morrison Lake",56,3,5,1164,6,628,"55 deg 14 min","126 deg 22 min"
"Morrison Lake",56,3,5,1164,7,617,"55 deg 14 min","126 deg 22 min"
"Morrison Lake",56,5,10,986,1,200,"55 deg 14 min","126 deg 22 min"
"Morrison Lake",56,5,10,986,2,535,"55 deg 14 min","126 deg 22 min"
"Morrison Lake",56,5,10,986,3,1099,"55 deg 14 min","126 deg 22 min"
"Morrison Lake",56,5,10,986,4,1186,"55 deg 14 min","126 deg 22 min"
"Morrison Lake",56,5,10,986,5,698,"55 deg 14 min","126 deg 22 min"
"Morrison Lake",56,5,10,986,6,408,"55 deg 14 min","126 deg 22 min"
"Morrison Lake",56,5,10,986,7,531,"55 deg 14 min","126 deg 22 min"
"Morrison Lake",56,10,15,792,1,133,"55 deg 14 min","126 deg 22 min"
"Morrison Lake",56,10,15,792,2,504,"55 deg 14 min","126 deg 22 min"
"Morrison Lake",56,10,15,792,3,878,"55 deg 14 min","126 deg 22 min"
"Morrison Lake",56,10,15,792,4,1168,"55 deg 14 min","126 deg 22 min"
"Morrison Lake",56,10,15,792,5,645,"55 deg 14 min","126 deg 22 min"
"Morrison Lake",56,10,15,792,6,314,"55 deg 14 min","126 deg 22 min"
"Morrison Lake",56,10,15,792,7,409,"55 deg 14 min","126 deg 22 min"
"Morrison Lake",56,15,20,629,1,0,"55 deg 14 min","126 deg 22 min"
"Morrison Lake",56,15,20,629,2,365,"55 deg 14 min","126 deg 22 min"
"Morrison Lake",56,15,20,629,3,829,"55 deg 14 min","126 deg 22 min"
"Morrison Lake",56,15,20,629,4,1153,"55 deg 14 min","126 deg 22 min"
"Morrison Lake",56,15,20,629,5,611,"55 deg 14 min","126 deg 22 min"
"Morrison Lake",56,15,20,629,6,0,"55 deg 14 min","126 deg 22 min"
"Morrison Lake",56,15,20,629,7,225,"55 deg 14 min","126 deg 22 min"
"Morrison Lake",56,20,30,461,1,0,"55 deg 14 min","126 deg 22 min"
"Morrison Lake",56,20,30,461,2,87,"55 deg 14 min","126 deg 22 min"
"Morrison Lake",56,20,30,461,3,584,"55 deg 14 min","126 deg 22 min"
"Morrison Lake",56,20,30,461,4,1113,"55 deg 14 min","126 deg 22 min"
"Morrison Lake",56,20,30,461,5,509,"55 deg 14 min","126 deg 22 min"
"Morrison Lake",56,20,30,461,6,0,"55 deg 14 min","126 deg 22 min"
"Morrison Lake",56,20,30,461,7,0,"55 deg 14 min","126 deg 22 min"
"Morrison Lake",56,30,40,289,1,0,"55 deg 14 min","126 deg 22 min"
"Morrison Lake",56,30,40,289,2,0,"55 deg 14 min","126 deg 22 min"
"Morrison Lake",56,30,40,289,3,324,"55 deg 14 min","126 deg 22 min"
"Morrison Lake",56,30,40,289,4,1065,"55 deg 14 min","126 deg 22 min"
"Morrison Lake",56,30,40,289,5,417,"55 deg 14 min","126 deg 22 min"
"Morrison Lake",56,30,40,289,6,0,"55 deg 14 min","126 deg 22 min"
"Morrison Lake",56,30,40,289,7,0,"55 deg 14 min","126 deg 22 min"
"Morrison Lake",56,40,50,157,1,0,"55 deg 14 min","126 deg 22 min"
"Morrison Lake",56,40,50,157,2,0,"55 deg 14 min","126 deg 22 min"
"Morrison Lake",56,40,50,157,3,0,"55 deg 14 min","126 deg 22 min"
"Morrison Lake",56,40,50,157,4,766,"55 deg 14 min","126 deg 22 min"
"Morrison Lake",56,40,50,157,5,270,"55 deg 14 min","126 deg 22 min"
"Morrison Lake",56,40,50,157,6,0,"55 deg 14 min","126 deg 22 min"
"Morrison Lake",56,40,50,157,7,0,"55 deg 14 min","126 deg 22 min"
"Morrison Lake",56,50,60,65,1,0,"55 deg 14 min","126 deg 22 min"
"Morrison Lake",56,50,60,65,2,0,"55 deg 14 min","126 deg 22 min"
"Morrison Lake",56,50,60,65,3,0,"55 deg 14 min","126 deg 22 min"
"Morrison Lake",56,50,60,65,4,53,"55 deg 14 min","126 deg 22 min"
"Morrison Lake",56,50,60,65,5,270,"55 deg 14 min","126 deg 22 min"
"Morrison Lake",56,50,60,65,6,0,"55 deg 14 min","126 deg 22 min"
"Morrison Lake",56,50,60,65,7,0,"55 deg 14 min","126 deg 22 min"
"Mosquito Lake",57,NA,NA,NA,NA,NA,"53 deg 03 min","132 deg 06 min"
"Muchalat Lake",45,2,5,623,1,644,"49 deg 41 min","126 deg 06 min"
"Muchalat Lake",45,2,5,623,2,1650,"49 deg 41 min","126 deg 06 min"
"Muchalat Lake",45,2,5,623,3,500,"49 deg 41 min","126 deg 06 min"
"Muchalat Lake",45,2,5,623,4,632,"49 deg 41 min","126 deg 06 min"
"Muchalat Lake",45,2,5,623,5,550,"49 deg 41 min","126 deg 06 min"
"Muchalat Lake",45,3,5,623,1,644,"49 deg 41 min","126 deg 06 min"
"Muchalat Lake",45,3,5,623,2,1650,"49 deg 41 min","126 deg 06 min"
"Muchalat Lake",45,3,5,623,3,500,"49 deg 41 min","126 deg 06 min"
"Muchalat Lake",45,3,5,623,4,632,"49 deg 41 min","126 deg 06 min"
"Muchalat Lake",45,3,5,623,5,550,"49 deg 41 min","126 deg 06 min"
"Muchalat Lake",45,5,10,584,1,632,"49 deg 41 min","126 deg 06 min"
"Muchalat Lake",45,5,10,584,2,1633,"49 deg 41 min","126 deg 06 min"
"Muchalat Lake",45,5,10,584,3,474,"49 deg 41 min","126 deg 06 min"
"Muchalat Lake",45,5,10,584,4,614,"49 deg 41 min","126 deg 06 min"
"Muchalat Lake",45,5,10,584,5,536,"49 deg 41 min","126 deg 06 min"
"Muchalat Lake",45,10,15,550,1,565,"49 deg 41 min","126 deg 06 min"
"Muchalat Lake",45,10,15,550,2,1600,"49 deg 41 min","126 deg 06 min"
"Muchalat Lake",45,10,15,550,3,439,"49 deg 41 min","126 deg 06 min"
"Muchalat Lake",45,10,15,550,4,595,"49 deg 41 min","126 deg 06 min"
"Muchalat Lake",45,10,15,550,5,523,"49 deg 41 min","126 deg 06 min"
"Muchalat Lake",45,15,20,522,1,541,"49 deg 41 min","126 deg 06 min"
"Muchalat Lake",45,15,20,522,2,1575,"49 deg 41 min","126 deg 06 min"
"Muchalat Lake",45,15,20,522,3,412,"49 deg 41 min","126 deg 06 min"
"Muchalat Lake",45,15,20,522,4,577,"49 deg 41 min","126 deg 06 min"
"Muchalat Lake",45,15,20,522,5,509,"49 deg 41 min","126 deg 06 min"
"Muchalat Lake",45,20,30,475,1,407,"49 deg 41 min","126 deg 06 min"
"Muchalat Lake",45,20,30,475,2,1525,"49 deg 41 min","126 deg 06 min"
"Muchalat Lake",45,20,30,475,3,368,"49 deg 41 min","126 deg 06 min"
"Muchalat Lake",45,20,30,475,4,540,"49 deg 41 min","126 deg 06 min"
"Muchalat Lake",45,20,30,475,5,475,"49 deg 41 min","126 deg 06 min"
"Muchalat Lake",45,30,40,402,1,352,"49 deg 41 min","126 deg 06 min"
"Muchalat Lake",45,30,40,402,2,1458,"49 deg 41 min","126 deg 06 min"
"Muchalat Lake",45,30,40,402,3,237,"49 deg 41 min","126 deg 06 min"
"Muchalat Lake",45,30,40,402,4,504,"49 deg 41 min","126 deg 06 min"
"Muchalat Lake",45,30,40,402,5,441,"49 deg 41 min","126 deg 06 min"
"Muchalat Lake",45,40,50,311,1,176,"49 deg 41 min","126 deg 06 min"
"Muchalat Lake",45,40,50,311,2,1258,"49 deg 41 min","126 deg 06 min"
"Muchalat Lake",45,40,50,311,3,79,"49 deg 41 min","126 deg 06 min"
"Muchalat Lake",45,40,50,311,4,458,"49 deg 41 min","126 deg 06 min"
"Muchalat Lake",45,40,50,311,5,394,"49 deg 41 min","126 deg 06 min"
"Muchalat Lake",45,50,60,164,1,0,"49 deg 41 min","126 deg 06 min"
"Muchalat Lake",45,50,60,164,2,805,"49 deg 41 min","126 deg 06 min"
"Muchalat Lake",45,50,60,164,3,0,"49 deg 41 min","126 deg 06 min"
"Muchalat Lake",45,50,60,164,4,370,"49 deg 41 min","126 deg 06 min"
"Muchalat Lake",45,50,60,164,5,326,"49 deg 41 min","126 deg 06 min"
"Muriel Lake",44,2,5,135,1,347,"49 deg 08 min","125 deg 36 min"
"Muriel Lake",44,2,5,135,2,550,"49 deg 08 min","125 deg 36 min"
"Muriel Lake",44,2,5,135,3,400,"49 deg 08 min","125 deg 36 min"
"Muriel Lake",44,2,5,135,4,827,"49 deg 08 min","125 deg 36 min"
"Muriel Lake",44,2,5,135,5,840,"49 deg 08 min","125 deg 36 min"
"Muriel Lake",44,2,5,135,6,625,"49 deg 08 min","125 deg 36 min"
"Muriel Lake",44,2,5,135,7,875,"49 deg 08 min","125 deg 36 min"
"Muriel Lake",44,2,5,135,8,825,"49 deg 08 min","125 deg 36 min"
"Muriel Lake",44,2,5,135,9,460,"49 deg 08 min","125 deg 36 min"
"Muriel Lake",44,2,5,135,10,420,"49 deg 08 min","125 deg 36 min"
"Muriel Lake",44,3,5,135,1,347,"49 deg 08 min","125 deg 36 min"
"Muriel Lake",44,3,5,135,2,550,"49 deg 08 min","125 deg 36 min"
"Muriel Lake",44,3,5,135,3,400,"49 deg 08 min","125 deg 36 min"
"Muriel Lake",44,3,5,135,4,827,"49 deg 08 min","125 deg 36 min"
"Muriel Lake",44,3,5,135,5,840,"49 deg 08 min","125 deg 36 min"
"Muriel Lake",44,3,5,135,6,625,"49 deg 08 min","125 deg 36 min"
"Muriel Lake",44,3,5,135,7,875,"49 deg 08 min","125 deg 36 min"
"Muriel Lake",44,3,5,135,8,825,"49 deg 08 min","125 deg 36 min"
"Muriel Lake",44,3,5,135,9,460,"49 deg 08 min","125 deg 36 min"
"Muriel Lake",44,3,5,135,10,420,"49 deg 08 min","125 deg 36 min"
"Muriel Lake",44,5,10,115,1,325,"49 deg 08 min","125 deg 36 min"
"Muriel Lake",44,5,10,115,2,532,"49 deg 08 min","125 deg 36 min"
"Muriel Lake",44,5,10,115,3,376,"49 deg 08 min","125 deg 36 min"
"Muriel Lake",44,5,10,115,4,763,"49 deg 08 min","125 deg 36 min"
"Muriel Lake",44,5,10,115,5,804,"49 deg 08 min","125 deg 36 min"
"Muriel Lake",44,5,10,115,6,600,"49 deg 08 min","125 deg 36 min"
"Muriel Lake",44,5,10,115,7,860,"49 deg 08 min","125 deg 36 min"
"Muriel Lake",44,5,10,115,8,770,"49 deg 08 min","125 deg 36 min"
"Muriel Lake",44,5,10,115,9,450,"49 deg 08 min","125 deg 36 min"
"Muriel Lake",44,5,10,115,10,275,"49 deg 08 min","125 deg 36 min"
"Muriel Lake",44,10,15,97,1,246,"49 deg 08 min","125 deg 36 min"
"Muriel Lake",44,10,15,97,2,450,"49 deg 08 min","125 deg 36 min"
"Muriel Lake",44,10,15,97,3,350,"49 deg 08 min","125 deg 36 min"
"Muriel Lake",44,10,15,97,4,662,"49 deg 08 min","125 deg 36 min"
"Muriel Lake",44,10,15,97,5,779,"49 deg 08 min","125 deg 36 min"
"Muriel Lake",44,10,15,97,6,535,"49 deg 08 min","125 deg 36 min"
"Muriel Lake",44,10,15,97,7,785,"49 deg 08 min","125 deg 36 min"
"Muriel Lake",44,10,15,97,8,655,"49 deg 08 min","125 deg 36 min"
"Muriel Lake",44,10,15,97,9,430,"49 deg 08 min","125 deg 36 min"
"Muriel Lake",44,10,15,97,10,190,"49 deg 08 min","125 deg 36 min"
"Muriel Lake",44,15,20,80,1,92,"49 deg 08 min","125 deg 36 min"
"Muriel Lake",44,15,20,80,2,410,"49 deg 08 min","125 deg 36 min"
"Muriel Lake",44,15,20,80,3,256,"49 deg 08 min","125 deg 36 min"
"Muriel Lake",44,15,20,80,4,487,"49 deg 08 min","125 deg 36 min"
"Muriel Lake",44,15,20,80,5,759,"49 deg 08 min","125 deg 36 min"
"Muriel Lake",44,15,20,80,6,510,"49 deg 08 min","125 deg 36 min"
"Muriel Lake",44,15,20,80,7,645,"49 deg 08 min","125 deg 36 min"
"Muriel Lake",44,15,20,80,8,570,"49 deg 08 min","125 deg 36 min"
"Muriel Lake",44,15,20,80,9,415,"49 deg 08 min","125 deg 36 min"
"Muriel Lake",44,15,20,80,10,45,"49 deg 08 min","125 deg 36 min"
"Muriel Lake",44,20,30,54,1,0,"49 deg 08 min","125 deg 36 min"
"Muriel Lake",44,20,30,54,2,325,"49 deg 08 min","125 deg 36 min"
"Muriel Lake",44,20,30,54,3,215,"49 deg 08 min","125 deg 36 min"
"Muriel Lake",44,20,30,54,4,289,"49 deg 08 min","125 deg 36 min"
"Muriel Lake",44,20,30,54,5,423,"49 deg 08 min","125 deg 36 min"
"Muriel Lake",44,20,30,54,6,465,"49 deg 08 min","125 deg 36 min"
"Muriel Lake",44,20,30,54,7,449,"49 deg 08 min","125 deg 36 min"
"Muriel Lake",44,20,30,54,8,490,"49 deg 08 min","125 deg 36 min"
"Muriel Lake",44,20,30,54,9,362,"49 deg 08 min","125 deg 36 min"
"Muriel Lake",44,20,30,54,10,15,"49 deg 08 min","125 deg 36 min"
"Muriel Lake",44,30,40,27,1,0,"49 deg 08 min","125 deg 36 min"
"Muriel Lake",44,30,40,27,2,262,"49 deg 08 min","125 deg 36 min"
"Muriel Lake",44,30,40,27,3,168,"49 deg 08 min","125 deg 36 min"
"Muriel Lake",44,30,40,27,4,144,"49 deg 08 min","125 deg 36 min"
"Muriel Lake",44,30,40,27,5,307,"49 deg 08 min","125 deg 36 min"
"Muriel Lake",44,30,40,27,6,415,"49 deg 08 min","125 deg 36 min"
"Muriel Lake",44,30,40,27,7,170,"49 deg 08 min","125 deg 36 min"
"Muriel Lake",44,30,40,27,8,270,"49 deg 08 min","125 deg 36 min"
"Muriel Lake",44,30,40,27,9,240,"49 deg 08 min","125 deg 36 min"
"Muriel Lake",44,30,40,27,10,0,"49 deg 08 min","125 deg 36 min"
"Muriel Lake",44,40,50,9,1,0,"49 deg 08 min","125 deg 36 min"
"Muriel Lake",44,40,50,9,2,0,"49 deg 08 min","125 deg 36 min"
"Muriel Lake",44,40,50,9,3,0,"49 deg 08 min","125 deg 36 min"
"Muriel Lake",44,40,50,9,4,0,"49 deg 08 min","125 deg 36 min"
"Muriel Lake",44,40,50,9,5,236,"49 deg 08 min","125 deg 36 min"
"Muriel Lake",44,40,50,9,6,120,"49 deg 08 min","125 deg 36 min"
"Muriel Lake",44,40,50,9,7,70,"49 deg 08 min","125 deg 36 min"
"Muriel Lake",44,40,50,9,8,0,"49 deg 08 min","125 deg 36 min"
"Muriel Lake",44,40,50,9,9,0,"49 deg 08 min","125 deg 36 min"
"Muriel Lake",44,40,50,9,10,0,"49 deg 08 min","125 deg 36 min"
"Muriel Lake S-1",165,NA,NA,NA,NA,NA,"49 deg 08 min","125 deg 37 min"
"Nahmint Bay",197,NA,NA,NA,NA,NA,NA,NA
"Nahmint Lake",153,2,5,711,1,662,"49 deg 09 min","125 deg 00 min"
"Nahmint Lake",153,2,5,711,2,801,"49 deg 09 min","125 deg 00 min"
"Nahmint Lake",153,2,5,711,3,525,"49 deg 09 min","125 deg 00 min"
"Nahmint Lake",153,2,5,711,4,672,"49 deg 09 min","125 deg 00 min"
"Nahmint Lake",153,2,5,711,5,582,"49 deg 09 min","125 deg 00 min"
"Nahmint Lake",153,3,5,711,1,662,"49 deg 09 min","125 deg 00 min"
"Nahmint Lake",153,3,5,711,2,801,"49 deg 09 min","125 deg 00 min"
"Nahmint Lake",153,3,5,711,3,525,"49 deg 09 min","125 deg 00 min"
"Nahmint Lake",153,3,5,711,4,672,"49 deg 09 min","125 deg 00 min"
"Nahmint Lake",153,3,5,711,5,582,"49 deg 09 min","125 deg 00 min"
"Nahmint Lake",153,5,10,692,1,649,"49 deg 09 min","125 deg 00 min"
"Nahmint Lake",153,5,10,692,2,792,"49 deg 09 min","125 deg 00 min"
"Nahmint Lake",153,5,10,692,3,504,"49 deg 09 min","125 deg 00 min"
"Nahmint Lake",153,5,10,692,4,653,"49 deg 09 min","125 deg 00 min"
"Nahmint Lake",153,5,10,692,5,568,"49 deg 09 min","125 deg 00 min"
"Nahmint Lake",153,10,15,673,1,633,"49 deg 09 min","125 deg 00 min"
"Nahmint Lake",153,10,15,673,2,781,"49 deg 09 min","125 deg 00 min"
"Nahmint Lake",153,10,15,673,3,491,"49 deg 09 min","125 deg 00 min"
"Nahmint Lake",153,10,15,673,4,635,"49 deg 09 min","125 deg 00 min"
"Nahmint Lake",153,10,15,673,5,546,"49 deg 09 min","125 deg 00 min"
"Nahmint Lake",153,15,20,654,1,614,"49 deg 09 min","125 deg 00 min"
"Nahmint Lake",153,15,20,654,2,774,"49 deg 09 min","125 deg 00 min"
"Nahmint Lake",153,15,20,654,3,477,"49 deg 09 min","125 deg 00 min"
"Nahmint Lake",153,15,20,654,4,619,"49 deg 09 min","125 deg 00 min"
"Nahmint Lake",153,15,20,654,5,475,"49 deg 09 min","125 deg 00 min"
"Nahmint Lake",153,20,30,625,1,590,"49 deg 09 min","125 deg 00 min"
"Nahmint Lake",153,20,30,625,2,746,"49 deg 09 min","125 deg 00 min"
"Nahmint Lake",153,20,30,625,3,454,"49 deg 09 min","125 deg 00 min"
"Nahmint Lake",153,20,30,625,4,593,"49 deg 09 min","125 deg 00 min"
"Nahmint Lake",153,20,30,625,5,447,"49 deg 09 min","125 deg 00 min"
"Nahmint Lake",153,30,40,581,1,564,"49 deg 09 min","125 deg 00 min"
"Nahmint Lake",153,30,40,581,2,706,"49 deg 09 min","125 deg 00 min"
"Nahmint Lake",153,30,40,581,3,427,"49 deg 09 min","125 deg 00 min"
"Nahmint Lake",153,30,40,581,4,552,"49 deg 09 min","125 deg 00 min"
"Nahmint Lake",153,30,40,581,5,411,"49 deg 09 min","125 deg 00 min"
"Nahmint Lake",153,40,50,565,1,537,"49 deg 09 min","125 deg 00 min"
"Nahmint Lake",153,40,50,565,2,670,"49 deg 09 min","125 deg 00 min"
"Nahmint Lake",153,40,50,565,3,395,"49 deg 09 min","125 deg 00 min"
"Nahmint Lake",153,40,50,565,4,524,"49 deg 09 min","125 deg 00 min"
"Nahmint Lake",153,40,50,565,5,381,"49 deg 09 min","125 deg 00 min"
"Nahmint Lake",153,50,60,533,1,516,"49 deg 09 min","125 deg 00 min"
"Nahmint Lake",153,50,60,533,2,646,"49 deg 09 min","125 deg 00 min"
"Nahmint Lake",153,50,60,533,3,370,"49 deg 09 min","125 deg 00 min"
"Nahmint Lake",153,50,60,533,4,483,"49 deg 09 min","125 deg 00 min"
"Nahmint Lake",153,50,60,533,5,352,"49 deg 09 min","125 deg 00 min"
"Nahwitti Lake",121,2,5,222,1,735,"50 deg 43 min","127 deg 51 min"
"Nahwitti Lake",121,2,5,222,2,685,"50 deg 43 min","127 deg 51 min"
"Nahwitti Lake",121,2,5,222,3,640,"50 deg 43 min","127 deg 51 min"
"Nahwitti Lake",121,2,5,222,4,350,"50 deg 43 min","127 deg 51 min"
"Nahwitti Lake",121,2,5,222,5,565,"50 deg 43 min","127 deg 51 min"
"Nahwitti Lake",121,3,5,222,1,735,"50 deg 43 min","127 deg 51 min"
"Nahwitti Lake",121,3,5,222,2,685,"50 deg 43 min","127 deg 51 min"
"Nahwitti Lake",121,3,5,222,3,640,"50 deg 43 min","127 deg 51 min"
"Nahwitti Lake",121,3,5,222,4,350,"50 deg 43 min","127 deg 51 min"
"Nahwitti Lake",121,3,5,222,5,565,"50 deg 43 min","127 deg 51 min"
"Nahwitti Lake",121,5,10,207,1,720,"50 deg 43 min","127 deg 51 min"
"Nahwitti Lake",121,5,10,207,2,660,"50 deg 43 min","127 deg 51 min"
"Nahwitti Lake",121,5,10,207,3,625,"50 deg 43 min","127 deg 51 min"
"Nahwitti Lake",121,5,10,207,4,335,"50 deg 43 min","127 deg 51 min"
"Nahwitti Lake",121,5,10,207,5,515,"50 deg 43 min","127 deg 51 min"
"Nahwitti Lake",121,10,15,192,1,700,"50 deg 43 min","127 deg 51 min"
"Nahwitti Lake",121,10,15,192,2,625,"50 deg 43 min","127 deg 51 min"
"Nahwitti Lake",121,10,15,192,3,610,"50 deg 43 min","127 deg 51 min"
"Nahwitti Lake",121,10,15,192,4,300,"50 deg 43 min","127 deg 51 min"
"Nahwitti Lake",121,10,15,192,5,440,"50 deg 43 min","127 deg 51 min"
"Nahwitti Lake",121,15,20,175,1,680,"50 deg 43 min","127 deg 51 min"
"Nahwitti Lake",121,15,20,175,2,605,"50 deg 43 min","127 deg 51 min"
"Nahwitti Lake",121,15,20,175,3,590,"50 deg 43 min","127 deg 51 min"
"Nahwitti Lake",121,15,20,175,4,265,"50 deg 43 min","127 deg 51 min"
"Nahwitti Lake",121,15,20,175,5,390,"50 deg 43 min","127 deg 51 min"
"Nahwitti Lake",121,20,30,144,1,635,"50 deg 43 min","127 deg 51 min"
"Nahwitti Lake",121,20,30,144,2,550,"50 deg 43 min","127 deg 51 min"
"Nahwitti Lake",121,20,30,144,3,600,"50 deg 43 min","127 deg 51 min"
"Nahwitti Lake",121,20,30,144,4,205,"50 deg 43 min","127 deg 51 min"
"Nahwitti Lake",121,20,30,144,5,325,"50 deg 43 min","127 deg 51 min"
"Nahwitti Lake",121,30,40,75,1,160,"50 deg 43 min","127 deg 51 min"
"Nahwitti Lake",121,30,40,75,2,245,"50 deg 43 min","127 deg 51 min"
"Nahwitti Lake",121,30,40,75,3,295,"50 deg 43 min","127 deg 51 min"
"Nahwitti Lake",121,30,40,75,4,100,"50 deg 43 min","127 deg 51 min"
"Nahwitti Lake",121,30,40,75,5,225,"50 deg 43 min","127 deg 51 min"
"Nahwitti Lake",121,40,50,14,1,0,"50 deg 43 min","127 deg 51 min"
"Nahwitti Lake",121,40,50,14,2,130,"50 deg 43 min","127 deg 51 min"
"Nahwitti Lake",121,40,50,14,3,0,"50 deg 43 min","127 deg 51 min"
"Nahwitti Lake",121,40,50,14,4,0,"50 deg 43 min","127 deg 51 min"
"Nahwitti Lake",121,40,50,14,5,70,"50 deg 43 min","127 deg 51 min"
"Nahwitti_2005",247,2,5,222,1,600,NA,NA
"Nahwitti_2005",247,2,5,222,2,400,NA,NA
"Nahwitti_2005",247,2,5,222,3,700,NA,NA
"Nahwitti_2005",247,2,5,222,4,900,NA,NA
"Nahwitti_2005",247,2,5,222,5,800,NA,NA
"Nahwitti_2005",247,2,5,222,6,800,NA,NA
"Nahwitti_2005",247,2,5,222,7,900,NA,NA
"Nahwitti_2005",247,2,5,222,8,800,NA,NA
"Nahwitti_2005",247,3,5,222,1,600,NA,NA
"Nahwitti_2005",247,3,5,222,2,400,NA,NA
"Nahwitti_2005",247,3,5,222,3,700,NA,NA
"Nahwitti_2005",247,3,5,222,4,900,NA,NA
"Nahwitti_2005",247,3,5,222,5,800,NA,NA
"Nahwitti_2005",247,3,5,222,6,800,NA,NA
"Nahwitti_2005",247,3,5,222,7,900,NA,NA
"Nahwitti_2005",247,3,5,222,8,800,NA,NA
"Nahwitti_2005",247,5,10,207,1,511,NA,NA
"Nahwitti_2005",247,5,10,207,2,388,NA,NA
"Nahwitti_2005",247,5,10,207,3,672,NA,NA
"Nahwitti_2005",247,5,10,207,4,892,NA,NA
"Nahwitti_2005",247,5,10,207,5,794,NA,NA
"Nahwitti_2005",247,5,10,207,6,796,NA,NA
"Nahwitti_2005",247,5,10,207,7,890,NA,NA
"Nahwitti_2005",247,5,10,207,8,787,NA,NA
"Nahwitti_2005",247,10,15,192,1,301,NA,NA
"Nahwitti_2005",247,10,15,192,2,304,NA,NA
"Nahwitti_2005",247,10,15,192,3,633,NA,NA
"Nahwitti_2005",247,10,15,192,4,865,NA,NA
"Nahwitti_2005",247,10,15,192,5,763,NA,NA
"Nahwitti_2005",247,10,15,192,6,782,NA,NA
"Nahwitti_2005",247,10,15,192,7,873,NA,NA
"Nahwitti_2005",247,10,15,192,8,766,NA,NA
"Nahwitti_2005",247,15,20,175,1,255,NA,NA
"Nahwitti_2005",247,15,20,175,2,236,NA,NA
"Nahwitti_2005",247,15,20,175,3,633,NA,NA
"Nahwitti_2005",247,15,20,175,4,833,NA,NA
"Nahwitti_2005",247,15,20,175,5,739,NA,NA
"Nahwitti_2005",247,15,20,175,6,750,NA,NA
"Nahwitti_2005",247,15,20,175,7,846,NA,NA
"Nahwitti_2005",247,15,20,175,8,735,NA,NA
"Nahwitti_2005",247,20,30,144,1,191,NA,NA
"Nahwitti_2005",247,20,30,144,2,41,NA,NA
"Nahwitti_2005",247,20,30,144,3,495,NA,NA
"Nahwitti_2005",247,20,30,144,4,796,NA,NA
"Nahwitti_2005",247,20,30,144,5,695,NA,NA
"Nahwitti_2005",247,20,30,144,6,720,NA,NA
"Nahwitti_2005",247,20,30,144,7,813,NA,NA
"Nahwitti_2005",247,20,30,144,8,675,NA,NA
"Nahwitti_2005",247,30,40,75,1,0,NA,NA
"Nahwitti_2005",247,30,40,75,2,0,NA,NA
"Nahwitti_2005",247,30,40,75,3,342,NA,NA
"Nahwitti_2005",247,30,40,75,4,486,NA,NA
"Nahwitti_2005",247,30,40,75,5,330,NA,NA
"Nahwitti_2005",247,30,40,75,6,270,NA,NA
"Nahwitti_2005",247,30,40,75,7,339,NA,NA
"Nahwitti_2005",247,30,40,75,8,199,NA,NA
"Nahwitti_2005",247,40,50,14,1,0,NA,NA
"Nahwitti_2005",247,40,50,14,2,0,NA,NA
"Nahwitti_2005",247,40,50,14,3,108,NA,NA
"Nahwitti_2005",247,40,50,14,4,0,NA,NA
"Nahwitti_2005",247,40,50,14,5,0,NA,NA
"Nahwitti_2005",247,40,50,14,6,114,NA,NA
"Nahwitti_2005",247,40,50,14,7,176,NA,NA
"Nahwitti_2005",247,40,50,14,8,0,NA,NA
"Nakina Lake",224,2,5,452.6,1,535,NA,NA
"Nakina Lake",224,2,5,452.6,2,611.4,NA,NA
"Nakina Lake",224,2,5,452.6,3,809,NA,NA
"Nakina Lake",224,2,5,452.6,4,438.6,NA,NA
"Nakina Lake",224,2,5,452.6,5,807.8,NA,NA
"Nakina Lake",224,2,5,452.6,6,261,NA,NA
"Nakina Lake",224,2,5,452.6,7,338.6,NA,NA
"Nakina Lake",224,3,5,452.6,1,535,NA,NA
"Nakina Lake",224,3,5,452.6,2,611.4,NA,NA
"Nakina Lake",224,3,5,452.6,3,809,NA,NA
"Nakina Lake",224,3,5,452.6,4,438.6,NA,NA
"Nakina Lake",224,3,5,452.6,5,807.8,NA,NA
"Nakina Lake",224,3,5,452.6,6,261,NA,NA
"Nakina Lake",224,3,5,452.6,7,338.6,NA,NA
"Nakina Lake",224,5,10,366.8,1,440.9,NA,NA
"Nakina Lake",224,5,10,366.8,2,543.2,NA,NA
"Nakina Lake",224,5,10,366.8,3,711.4,NA,NA
"Nakina Lake",224,5,10,366.8,4,362.2,NA,NA
"Nakina Lake",224,5,10,366.8,5,771.4,NA,NA
"Nakina Lake",224,5,10,366.8,6,0,NA,NA
"Nakina Lake",224,5,10,366.8,7,284.6,NA,NA
"Nakina Lake",224,10,15,272.4,1,410.4,NA,NA
"Nakina Lake",224,10,15,272.4,2,465.6,NA,NA
"Nakina Lake",224,10,15,272.4,3,575,NA,NA
"Nakina Lake",224,10,15,272.4,4,338.6,NA,NA
"Nakina Lake",224,10,15,272.4,5,224.6,NA,NA
"Nakina Lake",224,10,15,272.4,6,0,NA,NA
"Nakina Lake",224,10,15,272.4,7,80,NA,NA
"Nakina Lake",224,15,20,191.1,1,323.4,NA,NA
"Nakina Lake",224,15,20,191.1,2,415.1,NA,NA
"Nakina Lake",224,15,20,191.1,3,397.4,NA,NA
"Nakina Lake",224,15,20,191.1,4,303.4,NA,NA
"Nakina Lake",224,15,20,191.1,5,77.6,NA,NA
"Nakina Lake",224,15,20,191.1,6,0,NA,NA
"Nakina Lake",224,15,20,191.1,7,0,NA,NA
"Nakina Lake",224,20,30,118.7,1,255.2,NA,NA
"Nakina Lake",224,20,30,118.7,2,262.2,NA,NA
"Nakina Lake",224,20,30,118.7,3,209.3,NA,NA
"Nakina Lake",224,20,30,118.7,4,82.3,NA,NA
"Nakina Lake",224,20,30,118.7,5,0,NA,NA
"Nakina Lake",224,20,30,118.7,6,0,NA,NA
"Nakina Lake",224,20,30,118.7,7,0,NA,NA
"Nakina Lake",224,30,40,45.5,1,0,NA,NA
"Nakina Lake",224,30,40,45.5,2,252.8,NA,NA
"Nakina Lake",224,30,40,45.5,3,0,NA,NA
"Nakina Lake",224,30,40,45.5,4,0,NA,NA
"Nakina Lake",224,30,40,45.5,5,0,NA,NA
"Nakina Lake",224,30,40,45.5,6,0,NA,NA
"Nakina Lake",224,30,40,45.5,7,0,NA,NA
"Namu Lake",150,NA,NA,NA,NA,NA,"51 deg 53 min","127 deg 50 min"
"Nanat Bay",198,NA,NA,NA,NA,NA,NA,NA
"Neskataheen Lake",58,NA,NA,NA,NA,NA,"60 deg 10 min","137 deg 05 min"
"Nimpkish Lake",21,2,5,3628,1,806,"50 deg 25 min","125 deg 40 min"
"Nimpkish Lake",21,2,5,3628,2,1344,"50 deg 25 min","125 deg 40 min"
"Nimpkish Lake",21,2,5,3628,3,1269,"50 deg 25 min","125 deg 40 min"
"Nimpkish Lake",21,2,5,3628,4,1702,"50 deg 25 min","125 deg 40 min"
"Nimpkish Lake",21,2,5,3628,5,1729,"50 deg 25 min","125 deg 40 min"
"Nimpkish Lake",21,2,5,3628,6,1843,"50 deg 25 min","125 deg 40 min"
"Nimpkish Lake",21,2,5,3628,7,1537,"50 deg 25 min","125 deg 40 min"
"Nimpkish Lake",21,2,5,3628,8,1093,"50 deg 25 min","125 deg 40 min"
"Nimpkish Lake",21,3,5,3628,1,806,"50 deg 25 min","125 deg 40 min"
"Nimpkish Lake",21,3,5,3628,2,1344,"50 deg 25 min","125 deg 40 min"
"Nimpkish Lake",21,3,5,3628,3,1269,"50 deg 25 min","125 deg 40 min"
"Nimpkish Lake",21,3,5,3628,4,1702,"50 deg 25 min","125 deg 40 min"
"Nimpkish Lake",21,3,5,3628,5,1729,"50 deg 25 min","125 deg 40 min"
"Nimpkish Lake",21,3,5,3628,6,1843,"50 deg 25 min","125 deg 40 min"
"Nimpkish Lake",21,3,5,3628,7,1537,"50 deg 25 min","125 deg 40 min"
"Nimpkish Lake",21,3,5,3628,8,1093,"50 deg 25 min","125 deg 40 min"
"Nimpkish Lake",21,5,10,3604,1,799,"50 deg 25 min","125 deg 40 min"
"Nimpkish Lake",21,5,10,3604,2,1331,"50 deg 25 min","125 deg 40 min"
"Nimpkish Lake",21,5,10,3604,3,1254,"50 deg 25 min","125 deg 40 min"
"Nimpkish Lake",21,5,10,3604,4,1679,"50 deg 25 min","125 deg 40 min"
"Nimpkish Lake",21,5,10,3604,5,1712,"50 deg 25 min","125 deg 40 min"
"Nimpkish Lake",21,5,10,3604,6,1838,"50 deg 25 min","125 deg 40 min"
"Nimpkish Lake",21,5,10,3604,7,1522,"50 deg 25 min","125 deg 40 min"
"Nimpkish Lake",21,5,10,3604,8,1049,"50 deg 25 min","125 deg 40 min"
"Nimpkish Lake",21,10,15,3554,1,791,"50 deg 25 min","125 deg 40 min"
"Nimpkish Lake",21,10,15,3554,2,1330,"50 deg 25 min","125 deg 40 min"
"Nimpkish Lake",21,10,15,3554,3,1246,"50 deg 25 min","125 deg 40 min"
"Nimpkish Lake",21,10,15,3554,4,1657,"50 deg 25 min","125 deg 40 min"
"Nimpkish Lake",21,10,15,3554,5,1700,"50 deg 25 min","125 deg 40 min"
"Nimpkish Lake",21,10,15,3554,6,1819,"50 deg 25 min","125 deg 40 min"
"Nimpkish Lake",21,10,15,3554,7,1505,"50 deg 25 min","125 deg 40 min"
"Nimpkish Lake",21,10,15,3554,8,973,"50 deg 25 min","125 deg 40 min"
"Nimpkish Lake",21,15,20,3424,1,731,"50 deg 25 min","125 deg 40 min"
"Nimpkish Lake",21,15,20,3424,2,1282,"50 deg 25 min","125 deg 40 min"
"Nimpkish Lake",21,15,20,3424,3,1225,"50 deg 25 min","125 deg 40 min"
"Nimpkish Lake",21,15,20,3424,4,1646,"50 deg 25 min","125 deg 40 min"
"Nimpkish Lake",21,15,20,3424,5,1690,"50 deg 25 min","125 deg 40 min"
"Nimpkish Lake",21,15,20,3424,6,1796,"50 deg 25 min","125 deg 40 min"
"Nimpkish Lake",21,15,20,3424,7,1481,"50 deg 25 min","125 deg 40 min"
"Nimpkish Lake",21,15,20,3424,8,891,"50 deg 25 min","125 deg 40 min"
"Nimpkish Lake",21,20,30,3282,1,656,"50 deg 25 min","125 deg 40 min"
"Nimpkish Lake",21,20,30,3282,2,1184,"50 deg 25 min","125 deg 40 min"
"Nimpkish Lake",21,20,30,3282,3,1184,"50 deg 25 min","125 deg 40 min"
"Nimpkish Lake",21,20,30,3282,4,1617,"50 deg 25 min","125 deg 40 min"
"Nimpkish Lake",21,20,30,3282,5,1664,"50 deg 25 min","125 deg 40 min"
"Nimpkish Lake",21,20,30,3282,6,1773,"50 deg 25 min","125 deg 40 min"
"Nimpkish Lake",21,20,30,3282,7,1440,"50 deg 25 min","125 deg 40 min"
"Nimpkish Lake",21,20,30,3282,8,763,"50 deg 25 min","125 deg 40 min"
"Nimpkish Lake",21,30,40,3104,1,576,"50 deg 25 min","125 deg 40 min"
"Nimpkish Lake",21,30,40,3104,2,1162,"50 deg 25 min","125 deg 40 min"
"Nimpkish Lake",21,30,40,3104,3,1144,"50 deg 25 min","125 deg 40 min"
"Nimpkish Lake",21,30,40,3104,4,1573,"50 deg 25 min","125 deg 40 min"
"Nimpkish Lake",21,30,40,3104,5,1627,"50 deg 25 min","125 deg 40 min"
"Nimpkish Lake",21,30,40,3104,6,1738,"50 deg 25 min","125 deg 40 min"
"Nimpkish Lake",21,30,40,3104,7,1390,"50 deg 25 min","125 deg 40 min"
"Nimpkish Lake",21,30,40,3104,8,685,"50 deg 25 min","125 deg 40 min"
"Nimpkish Lake",21,40,50,2976,1,512,"50 deg 25 min","125 deg 40 min"
"Nimpkish Lake",21,40,50,2976,2,1106,"50 deg 25 min","125 deg 40 min"
"Nimpkish Lake",21,40,50,2976,3,1109,"50 deg 25 min","125 deg 40 min"
"Nimpkish Lake",21,40,50,2976,4,1528,"50 deg 25 min","125 deg 40 min"
"Nimpkish Lake",21,40,50,2976,5,1582,"50 deg 25 min","125 deg 40 min"
"Nimpkish Lake",21,40,50,2976,6,1708,"50 deg 25 min","125 deg 40 min"
"Nimpkish Lake",21,40,50,2976,7,1351,"50 deg 25 min","125 deg 40 min"
"Nimpkish Lake",21,40,50,2976,8,612,"50 deg 25 min","125 deg 40 min"
"Nimpkish Lake",21,50,60,2865,1,452,"50 deg 25 min","125 deg 40 min"
"Nimpkish Lake",21,50,60,2865,2,995,"50 deg 25 min","125 deg 40 min"
"Nimpkish Lake",21,50,60,2865,3,1074,"50 deg 25 min","125 deg 40 min"
"Nimpkish Lake",21,50,60,2865,4,1461,"50 deg 25 min","125 deg 40 min"
"Nimpkish Lake",21,50,60,2865,5,1544,"50 deg 25 min","125 deg 40 min"
"Nimpkish Lake",21,50,60,2865,6,1668,"50 deg 25 min","125 deg 40 min"
"Nimpkish Lake",21,50,60,2865,7,1307,"50 deg 25 min","125 deg 40 min"
"Nimpkish Lake",21,50,60,2865,8,551,"50 deg 25 min","125 deg 40 min"
"Nimpkish Lake",21,60,70,2727,1,0,"50 deg 25 min","125 deg 40 min"
"Nimpkish Lake",21,60,70,2727,2,970,"50 deg 25 min","125 deg 40 min"
"Nimpkish Lake",21,60,70,2727,3,1044,"50 deg 25 min","125 deg 40 min"
"Nimpkish Lake",21,60,70,2727,4,1421,"50 deg 25 min","125 deg 40 min"
"Nimpkish Lake",21,60,70,2727,5,1508,"50 deg 25 min","125 deg 40 min"
"Nimpkish Lake",21,60,70,2727,6,1627,"50 deg 25 min","125 deg 40 min"
"Nimpkish Lake",21,60,70,2727,7,1275,"50 deg 25 min","125 deg 40 min"
"Nimpkish Lake",21,60,70,2727,8,504,"50 deg 25 min","125 deg 40 min"
"Nimpkish Lake",21,70,80,2607,1,0,"50 deg 25 min","125 deg 40 min"
"Nimpkish Lake",21,70,80,2607,2,950,"50 deg 25 min","125 deg 40 min"
"Nimpkish Lake",21,70,80,2607,3,1014,"50 deg 25 min","125 deg 40 min"
"Nimpkish Lake",21,70,80,2607,4,1380,"50 deg 25 min","125 deg 40 min"
"Nimpkish Lake",21,70,80,2607,5,1465,"50 deg 25 min","125 deg 40 min"
"Nimpkish Lake",21,70,80,2607,6,1564,"50 deg 25 min","125 deg 40 min"
"Nimpkish Lake",21,70,80,2607,7,1244,"50 deg 25 min","125 deg 40 min"
"Nimpkish Lake",21,70,80,2607,8,464,"50 deg 25 min","125 deg 40 min"
"Niska Lake",218,NA,NA,NA,NA,NA,NA,NA
"Nitinat Lake",132,NA,NA,NA,NA,NA,"48 deg 45 min","124 deg 45 min"
"No-Name Lake",124,NA,NA,NA,NA,NA,"52 deg 00 min","120 deg 32 min"
"Osoyoos Lake",237,NA,NA,NA,NA,NA,"49 deg 01 min","119 deg 27 min"
"Osoyoos Lake C",239,2,5,179,1,1746,"49 deg 01 min","119 deg 27 min"
"Osoyoos Lake C",239,2,5,179,2,1261,"49 deg 01 min","119 deg 27 min"
"Osoyoos Lake C",239,3,5,179,1,1746,"49 deg 01 min","119 deg 27 min"
"Osoyoos Lake C",239,3,5,179,2,1261,"49 deg 01 min","119 deg 27 min"
"Osoyoos Lake C",239,5,10,140,1,1707,"49 deg 01 min","119 deg 27 min"
"Osoyoos Lake C",239,5,10,140,2,1261,"49 deg 01 min","119 deg 27 min"
"Osoyoos Lake C",239,10,15,101,1,1424,"49 deg 01 min","119 deg 27 min"
"Osoyoos Lake C",239,10,15,101,2,1207,"49 deg 01 min","119 deg 27 min"
"Osoyoos Lake C",239,15,20,50,1,977,"49 deg 01 min","119 deg 27 min"
"Osoyoos Lake C",239,15,20,50,2,1084,"49 deg 01 min","119 deg 27 min"
"Osoyoos Lake C",239,20,30,24,1,911,"49 deg 01 min","119 deg 27 min"
"Osoyoos Lake C",239,20,30,24,2,0,"49 deg 01 min","119 deg 27 min"
"Osoyoos Lake N",238,2,5,933,1,828,"49 deg 08 min","119 deg 29 min"
"Osoyoos Lake N",238,2,5,933,2,1152,"49 deg 08 min","119 deg 29 min"
"Osoyoos Lake N",238,2,5,933,3,1407,"49 deg 08 min","119 deg 29 min"
"Osoyoos Lake N",238,2,5,933,4,1151,"49 deg 08 min","119 deg 29 min"
"Osoyoos Lake N",238,2,5,933,5,752,"49 deg 08 min","119 deg 29 min"
"Osoyoos Lake N",238,2,5,933,6,814,"49 deg 08 min","119 deg 29 min"
"Osoyoos Lake N",238,2,5,933,7,1466,"49 deg 08 min","119 deg 29 min"
"Osoyoos Lake N",238,2,5,933,8,1310,"49 deg 08 min","119 deg 29 min"
"Osoyoos Lake N",238,2,5,933,9,1181,"49 deg 08 min","119 deg 29 min"
"Osoyoos Lake N",238,2,5,933,10,2300,"49 deg 08 min","119 deg 29 min"
"Osoyoos Lake N",238,3,5,933,1,828,"49 deg 08 min","119 deg 29 min"
"Osoyoos Lake N",238,3,5,933,2,1152,"49 deg 08 min","119 deg 29 min"
"Osoyoos Lake N",238,3,5,933,3,1407,"49 deg 08 min","119 deg 29 min"
"Osoyoos Lake N",238,3,5,933,4,1151,"49 deg 08 min","119 deg 29 min"
"Osoyoos Lake N",238,3,5,933,5,752,"49 deg 08 min","119 deg 29 min"
"Osoyoos Lake N",238,3,5,933,6,813,"49 deg 08 min","119 deg 29 min"
"Osoyoos Lake N",238,3,5,933,7,1465,"49 deg 08 min","119 deg 29 min"
"Osoyoos Lake N",238,3,5,933,8,1310,"49 deg 08 min","119 deg 29 min"
"Osoyoos Lake N",238,3,5,933,9,1180,"49 deg 08 min","119 deg 29 min"
"Osoyoos Lake N",238,3,5,933,10,2300,"49 deg 08 min","119 deg 29 min"
"Osoyoos Lake N",238,5,10,883,1,827,"49 deg 08 min","119 deg 29 min"
"Osoyoos Lake N",238,5,10,883,2,1136,"49 deg 08 min","119 deg 29 min"
"Osoyoos Lake N",238,5,10,883,3,1402,"49 deg 08 min","119 deg 29 min"
"Osoyoos Lake N",238,5,10,883,4,1151,"49 deg 08 min","119 deg 29 min"
"Osoyoos Lake N",238,5,10,883,5,752,"49 deg 08 min","119 deg 29 min"
"Osoyoos Lake N",238,5,10,883,6,813,"49 deg 08 min","119 deg 29 min"
"Osoyoos Lake N",238,5,10,883,7,1465,"49 deg 08 min","119 deg 29 min"
"Osoyoos Lake N",238,5,10,883,8,1286,"49 deg 08 min","119 deg 29 min"
"Osoyoos Lake N",238,5,10,883,9,1169,"49 deg 08 min","119 deg 29 min"
"Osoyoos Lake N",238,5,10,883,10,2232,"49 deg 08 min","119 deg 29 min"
"Osoyoos Lake N",238,10,15,810,1,809,"49 deg 08 min","119 deg 29 min"
"Osoyoos Lake N",238,10,15,810,2,1122,"49 deg 08 min","119 deg 29 min"
"Osoyoos Lake N",238,10,15,810,3,1380,"49 deg 08 min","119 deg 29 min"
"Osoyoos Lake N",238,10,15,810,4,1128,"49 deg 08 min","119 deg 29 min"
"Osoyoos Lake N",238,10,15,810,5,752,"49 deg 08 min","119 deg 29 min"
"Osoyoos Lake N",238,10,15,810,6,800,"49 deg 08 min","119 deg 29 min"
"Osoyoos Lake N",238,10,15,810,7,1441,"49 deg 08 min","119 deg 29 min"
"Osoyoos Lake N",238,10,15,810,8,1247,"49 deg 08 min","119 deg 29 min"
"Osoyoos Lake N",238,10,15,810,9,1150,"49 deg 08 min","119 deg 29 min"
"Osoyoos Lake N",238,10,15,810,10,2198,"49 deg 08 min","119 deg 29 min"
"Osoyoos Lake N",238,15,20,734,1,790,"49 deg 08 min","119 deg 29 min"
"Osoyoos Lake N",238,15,20,734,2,1108,"49 deg 08 min","119 deg 29 min"
"Osoyoos Lake N",238,15,20,734,3,1302,"49 deg 08 min","119 deg 29 min"
"Osoyoos Lake N",238,15,20,734,4,1038,"49 deg 08 min","119 deg 29 min"
"Osoyoos Lake N",238,15,20,734,5,731,"49 deg 08 min","119 deg 29 min"
"Osoyoos Lake N",238,15,20,734,6,778,"49 deg 08 min","119 deg 29 min"
"Osoyoos Lake N",238,15,20,734,7,1329,"49 deg 08 min","119 deg 29 min"
"Osoyoos Lake N",238,15,20,734,8,1145,"49 deg 08 min","119 deg 29 min"
"Osoyoos Lake N",238,15,20,734,9,1079,"49 deg 08 min","119 deg 29 min"
"Osoyoos Lake N",238,15,20,734,10,2149,"49 deg 08 min","119 deg 29 min"
"Osoyoos Lake N",238,20,30,613,1,760,"49 deg 08 min","119 deg 29 min"
"Osoyoos Lake N",238,20,30,613,2,1073,"49 deg 08 min","119 deg 29 min"
"Osoyoos Lake N",238,20,30,613,3,1245,"49 deg 08 min","119 deg 29 min"
"Osoyoos Lake N",238,20,30,613,4,976,"49 deg 08 min","119 deg 29 min"
"Osoyoos Lake N",238,20,30,613,5,652,"49 deg 08 min","119 deg 29 min"
"Osoyoos Lake N",238,20,30,613,6,662,"49 deg 08 min","119 deg 29 min"
"Osoyoos Lake N",238,20,30,613,7,1247,"49 deg 08 min","119 deg 29 min"
"Osoyoos Lake N",238,20,30,613,8,956,"49 deg 08 min","119 deg 29 min"
"Osoyoos Lake N",238,20,30,613,9,882,"49 deg 08 min","119 deg 29 min"
"Osoyoos Lake N",238,20,30,613,10,2008,"49 deg 08 min","119 deg 29 min"
"Osoyoos Lake N",238,30,40,374,1,611,"49 deg 08 min","119 deg 29 min"
"Osoyoos Lake N",238,30,40,374,2,973,"49 deg 08 min","119 deg 29 min"
"Osoyoos Lake N",238,30,40,374,3,1042,"49 deg 08 min","119 deg 29 min"
"Osoyoos Lake N",238,30,40,374,4,735,"49 deg 08 min","119 deg 29 min"
"Osoyoos Lake N",238,30,40,374,5,423,"49 deg 08 min","119 deg 29 min"
"Osoyoos Lake N",238,30,40,374,6,419,"49 deg 08 min","119 deg 29 min"
"Osoyoos Lake N",238,30,40,374,7,1072,"49 deg 08 min","119 deg 29 min"
"Osoyoos Lake N",238,30,40,374,8,0,"49 deg 08 min","119 deg 29 min"
"Osoyoos Lake N",238,30,40,374,9,809,"49 deg 08 min","119 deg 29 min"
"Osoyoos Lake N",238,30,40,374,10,1673,"49 deg 08 min","119 deg 29 min"
"Osoyoos Lake S",240,2,5,898,1,936,"48 deg 58 min","119 deg 26 min"
"Osoyoos Lake S",240,2,5,898,2,905,"48 deg 58 min","119 deg 26 min"
"Osoyoos Lake S",240,2,5,898,3,1168,"48 deg 58 min","119 deg 26 min"
"Osoyoos Lake S",240,2,5,898,4,524,"48 deg 58 min","119 deg 26 min"
"Osoyoos Lake S",240,2,5,898,5,1313,"48 deg 58 min","119 deg 26 min"
"Osoyoos Lake S",240,2,5,898,6,1744,"48 deg 58 min","119 deg 26 min"
"Osoyoos Lake S",240,2,5,898,7,2072,"48 deg 58 min","119 deg 26 min"
"Osoyoos Lake S",240,2,5,898,8,1128,"48 deg 58 min","119 deg 26 min"
"Osoyoos Lake S",240,3,5,898,1,936,"48 deg 58 min","119 deg 26 min"
"Osoyoos Lake S",240,3,5,898,2,905,"48 deg 58 min","119 deg 26 min"
"Osoyoos Lake S",240,3,5,898,3,1168,"48 deg 58 min","119 deg 26 min"
"Osoyoos Lake S",240,3,5,898,4,524,"48 deg 58 min","119 deg 26 min"
"Osoyoos Lake S",240,3,5,898,5,1202,"48 deg 58 min","119 deg 26 min"
"Osoyoos Lake S",240,3,5,898,6,1715,"48 deg 58 min","119 deg 26 min"
"Osoyoos Lake S",240,3,5,898,7,1912,"48 deg 58 min","119 deg 26 min"
"Osoyoos Lake S",240,3,5,898,8,915,"48 deg 58 min","119 deg 26 min"
"Osoyoos Lake S",240,5,10,782,1,927,"48 deg 58 min","119 deg 26 min"
"Osoyoos Lake S",240,5,10,782,2,897,"48 deg 58 min","119 deg 26 min"
"Osoyoos Lake S",240,5,10,782,3,1157,"48 deg 58 min","119 deg 26 min"
"Osoyoos Lake S",240,5,10,782,4,387,"48 deg 58 min","119 deg 26 min"
"Osoyoos Lake S",240,5,10,782,5,1150,"48 deg 58 min","119 deg 26 min"
"Osoyoos Lake S",240,5,10,782,6,1504,"48 deg 58 min","119 deg 26 min"
"Osoyoos Lake S",240,5,10,782,7,1741,"48 deg 58 min","119 deg 26 min"
"Osoyoos Lake S",240,5,10,782,8,586,"48 deg 58 min","119 deg 26 min"
"Osoyoos Lake S",240,10,15,625,1,894,"48 deg 58 min","119 deg 26 min"
"Osoyoos Lake S",240,10,15,625,2,825,"48 deg 58 min","119 deg 26 min"
"Osoyoos Lake S",240,10,15,625,3,1109,"48 deg 58 min","119 deg 26 min"
"Osoyoos Lake S",240,10,15,625,4,278,"48 deg 58 min","119 deg 26 min"
"Osoyoos Lake S",240,10,15,625,5,934,"48 deg 58 min","119 deg 26 min"
"Osoyoos Lake S",240,10,15,625,6,1081,"48 deg 58 min","119 deg 26 min"
"Osoyoos Lake S",240,10,15,625,7,0,"48 deg 58 min","119 deg 26 min"
"Osoyoos Lake S",240,10,15,625,8,0,"48 deg 58 min","119 deg 26 min"
"Osoyoos Lake S",240,15,20,285,1,729,"48 deg 58 min","119 deg 26 min"
"Osoyoos Lake S",240,15,20,285,2,580,"48 deg 58 min","119 deg 26 min"
"Osoyoos Lake S",240,15,20,285,3,0,"48 deg 58 min","119 deg 26 min"
"Osoyoos Lake S",240,15,20,285,4,0,"48 deg 58 min","119 deg 26 min"
"Osoyoos Lake S",240,15,20,285,5,0,"48 deg 58 min","119 deg 26 min"
"Osoyoos Lake S",240,15,20,285,6,0,"48 deg 58 min","119 deg 26 min"
"Osoyoos Lake S",240,15,20,285,7,0,"48 deg 58 min","119 deg 26 min"
"Osoyoos Lake S",240,15,20,285,8,0,"48 deg 58 min","119 deg 26 min"
"Osoyoos Lake S",240,20,30,129,1,573,"48 deg 58 min","119 deg 26 min"
"Osoyoos Lake S",240,20,30,129,2,0,"48 deg 58 min","119 deg 26 min"
"Osoyoos Lake S",240,20,30,129,3,0,"48 deg 58 min","119 deg 26 min"
"Osoyoos Lake S",240,20,30,129,4,0,"48 deg 58 min","119 deg 26 min"
"Osoyoos Lake S",240,20,30,129,5,0,"48 deg 58 min","119 deg 26 min"
"Osoyoos Lake S",240,20,30,129,6,0,"48 deg 58 min","119 deg 26 min"
"Osoyoos Lake S",240,20,30,129,7,0,"48 deg 58 min","119 deg 26 min"
"Osoyoos Lake S",240,20,30,129,8,0,"48 deg 58 min","119 deg 26 min"
"Osoyoos_2005",251,2,5,933,1,828,NA,NA
"Osoyoos_2005",251,2,5,933,2,1152,NA,NA
"Osoyoos_2005",251,2,5,933,3,1407,NA,NA
"Osoyoos_2005",251,2,5,933,4,1151,NA,NA
"Osoyoos_2005",251,2,5,933,5,752,NA,NA
"Osoyoos_2005",251,2,5,933,6,814,NA,NA
"Osoyoos_2005",251,2,5,933,7,1466,NA,NA
"Osoyoos_2005",251,2,5,933,8,1310,NA,NA
"Osoyoos_2005",251,2,5,933,9,1181,NA,NA
"Osoyoos_2005",251,2,5,933,10,2300,NA,NA
"Osoyoos_2005",251,2,5,933,11,1400,NA,NA
"Osoyoos_2005",251,2,5,933,12,1600,NA,NA
"Osoyoos_2005",251,2,5,933,13,2000,NA,NA
"Osoyoos_2005",251,2,5,933,14,2900,NA,NA
"Osoyoos_2005",251,3,5,933,1,828,NA,NA
"Osoyoos_2005",251,3,5,933,2,1152,NA,NA
"Osoyoos_2005",251,3,5,933,3,1407,NA,NA
"Osoyoos_2005",251,3,5,933,4,1151,NA,NA
"Osoyoos_2005",251,3,5,933,5,752,NA,NA
"Osoyoos_2005",251,3,5,933,6,813,NA,NA
"Osoyoos_2005",251,3,5,933,7,1465,NA,NA
"Osoyoos_2005",251,3,5,933,8,1310,NA,NA
"Osoyoos_2005",251,3,5,933,9,1180,NA,NA
"Osoyoos_2005",251,3,5,933,10,2300,NA,NA
"Osoyoos_2005",251,3,5,933,11,1400,NA,NA
"Osoyoos_2005",251,3,5,933,12,1600,NA,NA
"Osoyoos_2005",251,3,5,933,13,2000,NA,NA
"Osoyoos_2005",251,3,5,933,14,2900,NA,NA
"Osoyoos_2005",251,5,10,883,1,827,NA,NA
"Osoyoos_2005",251,5,10,883,2,1136,NA,NA
"Osoyoos_2005",251,5,10,883,3,1402,NA,NA
"Osoyoos_2005",251,5,10,883,4,1151,NA,NA
"Osoyoos_2005",251,5,10,883,5,752,NA,NA
"Osoyoos_2005",251,5,10,883,6,813,NA,NA
"Osoyoos_2005",251,5,10,883,7,1465,NA,NA
"Osoyoos_2005",251,5,10,883,8,1286,NA,NA
"Osoyoos_2005",251,5,10,883,9,1169,NA,NA
"Osoyoos_2005",251,5,10,883,10,2232,NA,NA
"Osoyoos_2005",251,5,10,883,11,1379,NA,NA
"Osoyoos_2005",251,5,10,883,12,1576,NA,NA
"Osoyoos_2005",251,5,10,883,13,2000,NA,NA
"Osoyoos_2005",251,5,10,883,14,2892,NA,NA
"Osoyoos_2005",251,10,15,810,1,809,NA,NA
"Osoyoos_2005",251,10,15,810,2,1122,NA,NA
"Osoyoos_2005",251,10,15,810,3,1380,NA,NA
"Osoyoos_2005",251,10,15,810,4,1128,NA,NA
"Osoyoos_2005",251,10,15,810,5,752,NA,NA
"Osoyoos_2005",251,10,15,810,6,800,NA,NA
"Osoyoos_2005",251,10,15,810,7,1441,NA,NA
"Osoyoos_2005",251,10,15,810,8,1247,NA,NA
"Osoyoos_2005",251,10,15,810,9,1150,NA,NA
"Osoyoos_2005",251,10,15,810,10,2198,NA,NA
"Osoyoos_2005",251,10,15,810,11,1142,NA,NA
"Osoyoos_2005",251,10,15,810,12,1448,NA,NA
"Osoyoos_2005",251,10,15,810,13,1705,NA,NA
"Osoyoos_2005",251,10,15,810,14,2827,NA,NA
"Osoyoos_2005",251,15,20,734,1,790,NA,NA
"Osoyoos_2005",251,15,20,734,2,1108,NA,NA
"Osoyoos_2005",251,15,20,734,3,1302,NA,NA
"Osoyoos_2005",251,15,20,734,4,1038,NA,NA
"Osoyoos_2005",251,15,20,734,5,731,NA,NA
"Osoyoos_2005",251,15,20,734,6,778,NA,NA
"Osoyoos_2005",251,15,20,734,7,1329,NA,NA
"Osoyoos_2005",251,15,20,734,8,1145,NA,NA
"Osoyoos_2005",251,15,20,734,9,1079,NA,NA
"Osoyoos_2005",251,15,20,734,10,2149,NA,NA
"Osoyoos_2005",251,15,20,734,11,1008,NA,NA
"Osoyoos_2005",251,15,20,734,12,968,NA,NA
"Osoyoos_2005",251,15,20,734,13,1589,NA,NA
"Osoyoos_2005",251,15,20,734,14,2634,NA,NA
"Osoyoos_2005",251,20,30,613,1,760,NA,NA
"Osoyoos_2005",251,20,30,613,2,1073,NA,NA
"Osoyoos_2005",251,20,30,613,3,1245,NA,NA
"Osoyoos_2005",251,20,30,613,4,976,NA,NA
"Osoyoos_2005",251,20,30,613,5,652,NA,NA
"Osoyoos_2005",251,20,30,613,6,662,NA,NA
"Osoyoos_2005",251,20,30,613,7,1247,NA,NA
"Osoyoos_2005",251,20,30,613,8,956,NA,NA
"Osoyoos_2005",251,20,30,613,9,882,NA,NA
"Osoyoos_2005",251,20,30,613,10,2008,NA,NA
"Osoyoos_2005",251,20,30,613,11,792,NA,NA
"Osoyoos_2005",251,20,30,613,12,719,NA,NA
"Osoyoos_2005",251,20,30,613,13,1375,NA,NA
"Osoyoos_2005",251,20,30,613,14,2295,NA,NA
"Osoyoos_2005",251,30,40,374,1,611,NA,NA
"Osoyoos_2005",251,30,40,374,2,973,NA,NA
"Osoyoos_2005",251,30,40,374,3,1042,NA,NA
"Osoyoos_2005",251,30,40,374,4,735,NA,NA
"Osoyoos_2005",251,30,40,374,5,423,NA,NA
"Osoyoos_2005",251,30,40,374,6,419,NA,NA
"Osoyoos_2005",251,30,40,374,7,1072,NA,NA
"Osoyoos_2005",251,30,40,374,8,0,NA,NA
"Osoyoos_2005",251,30,40,374,9,809,NA,NA
"Osoyoos_2005",251,30,40,374,10,1673,NA,NA
"Osoyoos_2005",251,30,40,374,11,82,NA,NA
"Osoyoos_2005",251,30,40,374,12,541,NA,NA
"Osoyoos_2005",251,30,40,374,13,1063,NA,NA
"Osoyoos_2005",251,30,40,374,14,1450,NA,NA
"Oweegee Lake",219,NA,NA,NA,NA,NA,NA,NA
"Owikeno Lake",18,NA,NA,NA,NA,NA,"51 deg 41 min","126 deg 55 min"
"Owikeno Lake (A)",228,2,5,6625,1,1644,"51 deg 41 min","126 deg 55 min"
"Owikeno Lake (A)",228,2,5,6625,2,1833,"51 deg 41 min","126 deg 55 min"
"Owikeno Lake (A)",228,2,5,6625,3,2000,"51 deg 41 min","126 deg 55 min"
"Owikeno Lake (A)",228,2,5,6625,4,1788,"51 deg 41 min","126 deg 55 min"
"Owikeno Lake (A)",228,2,5,6625,5,1661,"51 deg 41 min","126 deg 55 min"
"Owikeno Lake (A)",228,2,5,6625,6,1770,"51 deg 41 min","126 deg 55 min"
"Owikeno Lake (A)",228,2,5,6625,7,1600,"51 deg 41 min","126 deg 55 min"
"Owikeno Lake (A)",228,2,5,6625,8,1900,"51 deg 41 min","126 deg 55 min"
"Owikeno Lake (A)",228,2,5,6625,9,2000,"51 deg 41 min","126 deg 55 min"
"Owikeno Lake (A)",228,2,5,6625,10,2000,"51 deg 41 min","126 deg 55 min"
"Owikeno Lake (A)",228,2,5,6625,11,2600,"51 deg 41 min","126 deg 55 min"
"Owikeno Lake (A)",228,2,5,6625,12,1600,"51 deg 41 min","126 deg 55 min"
"Owikeno Lake (A)",228,2,5,6625,13,1900,"51 deg 41 min","126 deg 55 min"
"Owikeno Lake (A)",228,3,5,6625,1,1644,"51 deg 41 min","126 deg 55 min"
"Owikeno Lake (A)",228,3,5,6625,2,1833,"51 deg 41 min","126 deg 55 min"
"Owikeno Lake (A)",228,3,5,6625,3,2000,"51 deg 41 min","126 deg 55 min"
"Owikeno Lake (A)",228,3,5,6625,4,1788,"51 deg 41 min","126 deg 55 min"
"Owikeno Lake (A)",228,3,5,6625,5,1661,"51 deg 41 min","126 deg 55 min"
"Owikeno Lake (A)",228,3,5,6625,6,1770,"51 deg 41 min","126 deg 55 min"
"Owikeno Lake (A)",228,3,5,6625,7,1600,"51 deg 41 min","126 deg 55 min"
"Owikeno Lake (A)",228,3,5,6625,8,1900,"51 deg 41 min","126 deg 55 min"
"Owikeno Lake (A)",228,3,5,6625,9,2000,"51 deg 41 min","126 deg 55 min"
"Owikeno Lake (A)",228,3,5,6625,10,2000,"51 deg 41 min","126 deg 55 min"
"Owikeno Lake (A)",228,3,5,6625,11,2600,"51 deg 41 min","126 deg 55 min"
"Owikeno Lake (A)",228,3,5,6625,12,1600,"51 deg 41 min","126 deg 55 min"
"Owikeno Lake (A)",228,3,5,6625,13,1900,"51 deg 41 min","126 deg 55 min"
"Owikeno Lake (A)",228,5,10,6526,1,1644,"51 deg 41 min","126 deg 55 min"
"Owikeno Lake (A)",228,5,10,6526,2,1827,"51 deg 41 min","126 deg 55 min"
"Owikeno Lake (A)",228,5,10,6526,3,2000,"51 deg 41 min","126 deg 55 min"
"Owikeno Lake (A)",228,5,10,6526,4,1786,"51 deg 41 min","126 deg 55 min"
"Owikeno Lake (A)",228,5,10,6526,5,1661,"51 deg 41 min","126 deg 55 min"
"Owikeno Lake (A)",228,5,10,6526,6,1767,"51 deg 41 min","126 deg 55 min"
"Owikeno Lake (A)",228,5,10,6526,7,1591,"51 deg 41 min","126 deg 55 min"
"Owikeno Lake (A)",228,5,10,6526,8,1886,"51 deg 41 min","126 deg 55 min"
"Owikeno Lake (A)",228,5,10,6526,9,1985,"51 deg 41 min","126 deg 55 min"
"Owikeno Lake (A)",228,5,10,6526,10,2000,"51 deg 41 min","126 deg 55 min"
"Owikeno Lake (A)",228,5,10,6526,11,2580,"51 deg 41 min","126 deg 55 min"
"Owikeno Lake (A)",228,5,10,6526,12,1593,"51 deg 41 min","126 deg 55 min"
"Owikeno Lake (A)",228,5,10,6526,13,1863,"51 deg 41 min","126 deg 55 min"
"Owikeno Lake (A)",228,10,15,6393,1,1638,"51 deg 41 min","126 deg 55 min"
"Owikeno Lake (A)",228,10,15,6393,2,1805,"51 deg 41 min","126 deg 55 min"
"Owikeno Lake (A)",228,10,15,6393,3,1974,"51 deg 41 min","126 deg 55 min"
"Owikeno Lake (A)",228,10,15,6393,4,1775,"51 deg 41 min","126 deg 55 min"
"Owikeno Lake (A)",228,10,15,6393,5,1657,"51 deg 41 min","126 deg 55 min"
"Owikeno Lake (A)",228,10,15,6393,6,1752,"51 deg 41 min","126 deg 55 min"
"Owikeno Lake (A)",228,10,15,6393,7,1567,"51 deg 41 min","126 deg 55 min"
"Owikeno Lake (A)",228,10,15,6393,8,1880,"51 deg 41 min","126 deg 55 min"
"Owikeno Lake (A)",228,10,15,6393,9,1900,"51 deg 41 min","126 deg 55 min"
"Owikeno Lake (A)",228,10,15,6393,10,2000,"51 deg 41 min","126 deg 55 min"
"Owikeno Lake (A)",228,10,15,6393,11,2557,"51 deg 41 min","126 deg 55 min"
"Owikeno Lake (A)",228,10,15,6393,12,1573,"51 deg 41 min","126 deg 55 min"
"Owikeno Lake (A)",228,10,15,6393,13,1839,"51 deg 41 min","126 deg 55 min"
"Owikeno Lake (A)",228,15,20,6260,1,1626,"51 deg 41 min","126 deg 55 min"
"Owikeno Lake (A)",228,15,20,6260,2,1783,"51 deg 41 min","126 deg 55 min"
"Owikeno Lake (A)",228,15,20,6260,3,1935,"51 deg 41 min","126 deg 55 min"
"Owikeno Lake (A)",228,15,20,6260,4,1761,"51 deg 41 min","126 deg 55 min"
"Owikeno Lake (A)",228,15,20,6260,5,1640,"51 deg 41 min","126 deg 55 min"
"Owikeno Lake (A)",228,15,20,6260,6,1732,"51 deg 41 min","126 deg 55 min"
"Owikeno Lake (A)",228,15,20,6260,7,1553,"51 deg 41 min","126 deg 55 min"
"Owikeno Lake (A)",228,15,20,6260,8,1873,"51 deg 41 min","126 deg 55 min"
"Owikeno Lake (A)",228,15,20,6260,9,1886,"51 deg 41 min","126 deg 55 min"
"Owikeno Lake (A)",228,15,20,6260,10,1972,"51 deg 41 min","126 deg 55 min"
"Owikeno Lake (A)",228,15,20,6260,11,2533,"51 deg 41 min","126 deg 55 min"
"Owikeno Lake (A)",228,15,20,6260,12,1553,"51 deg 41 min","126 deg 55 min"
"Owikeno Lake (A)",228,15,20,6260,13,1827,"51 deg 41 min","126 deg 55 min"
"Owikeno Lake (A)",228,20,30,6090,1,1607,"51 deg 41 min","126 deg 55 min"
"Owikeno Lake (A)",228,20,30,6090,2,1752,"51 deg 41 min","126 deg 55 min"
"Owikeno Lake (A)",228,20,30,6090,3,1899,"51 deg 41 min","126 deg 55 min"
"Owikeno Lake (A)",228,20,30,6090,4,1741,"51 deg 41 min","126 deg 55 min"
"Owikeno Lake (A)",228,20,30,6090,5,1611,"51 deg 41 min","126 deg 55 min"
"Owikeno Lake (A)",228,20,30,6090,6,1707,"51 deg 41 min","126 deg 55 min"
"Owikeno Lake (A)",228,20,30,6090,7,1535,"51 deg 41 min","126 deg 55 min"
"Owikeno Lake (A)",228,20,30,6090,8,1860,"51 deg 41 min","126 deg 55 min"
"Owikeno Lake (A)",228,20,30,6090,9,1871,"51 deg 41 min","126 deg 55 min"
"Owikeno Lake (A)",228,20,30,6090,10,1944,"51 deg 41 min","126 deg 55 min"
"Owikeno Lake (A)",228,20,30,6090,11,2514,"51 deg 41 min","126 deg 55 min"
"Owikeno Lake (A)",228,20,30,6090,12,1540,"51 deg 41 min","126 deg 55 min"
"Owikeno Lake (A)",228,20,30,6090,13,1797,"51 deg 41 min","126 deg 55 min"
"Owikeno Lake (A)",228,30,40,5883,1,1581,"51 deg 41 min","126 deg 55 min"
"Owikeno Lake (A)",228,30,40,5883,2,1707,"51 deg 41 min","126 deg 55 min"
"Owikeno Lake (A)",228,30,40,5883,3,1854,"51 deg 41 min","126 deg 55 min"
"Owikeno Lake (A)",228,30,40,5883,4,1712,"51 deg 41 min","126 deg 55 min"
"Owikeno Lake (A)",228,30,40,5883,5,1577,"51 deg 41 min","126 deg 55 min"
"Owikeno Lake (A)",228,30,40,5883,6,1676,"51 deg 41 min","126 deg 55 min"
"Owikeno Lake (A)",228,30,40,5883,7,1494,"51 deg 41 min","126 deg 55 min"
"Owikeno Lake (A)",228,30,40,5883,8,1847,"51 deg 41 min","126 deg 55 min"
"Owikeno Lake (A)",228,30,40,5883,9,1843,"51 deg 41 min","126 deg 55 min"
"Owikeno Lake (A)",228,30,40,5883,10,1896,"51 deg 41 min","126 deg 55 min"
"Owikeno Lake (A)",228,30,40,5883,11,2476,"51 deg 41 min","126 deg 55 min"
"Owikeno Lake (A)",228,30,40,5883,12,1507,"51 deg 41 min","126 deg 55 min"
"Owikeno Lake (A)",228,30,40,5883,13,1760,"51 deg 41 min","126 deg 55 min"
"Owikeno Lake (A)",228,40,50,5691,1,1551,"51 deg 41 min","126 deg 55 min"
"Owikeno Lake (A)",228,40,50,5691,2,1664,"51 deg 41 min","126 deg 55 min"
"Owikeno Lake (A)",228,40,50,5691,3,1813,"51 deg 41 min","126 deg 55 min"
"Owikeno Lake (A)",228,40,50,5691,4,1682,"51 deg 41 min","126 deg 55 min"
"Owikeno Lake (A)",228,40,50,5691,5,1550,"51 deg 41 min","126 deg 55 min"
"Owikeno Lake (A)",228,40,50,5691,6,1647,"51 deg 41 min","126 deg 55 min"
"Owikeno Lake (A)",228,40,50,5691,7,1447,"51 deg 41 min","126 deg 55 min"
"Owikeno Lake (A)",228,40,50,5691,8,1828,"51 deg 41 min","126 deg 55 min"
"Owikeno Lake (A)",228,40,50,5691,9,1800,"51 deg 41 min","126 deg 55 min"
"Owikeno Lake (A)",228,40,50,5691,10,1868,"51 deg 41 min","126 deg 55 min"
"Owikeno Lake (A)",228,40,50,5691,11,2447,"51 deg 41 min","126 deg 55 min"
"Owikeno Lake (A)",228,40,50,5691,12,1461,"51 deg 41 min","126 deg 55 min"
"Owikeno Lake (A)",228,40,50,5691,13,1724,"51 deg 41 min","126 deg 55 min"
"Owikeno Lake (A)",228,50,60,5514,1,1521,"51 deg 41 min","126 deg 55 min"
"Owikeno Lake (A)",228,50,60,5514,2,1613,"51 deg 41 min","126 deg 55 min"
"Owikeno Lake (A)",228,50,60,5514,3,1776,"51 deg 41 min","126 deg 55 min"
"Owikeno Lake (A)",228,50,60,5514,4,1656,"51 deg 41 min","126 deg 55 min"
"Owikeno Lake (A)",228,50,60,5514,5,1521,"51 deg 41 min","126 deg 55 min"
"Owikeno Lake (A)",228,50,60,5514,6,1614,"51 deg 41 min","126 deg 55 min"
"Owikeno Lake (A)",228,50,60,5514,7,1447,"51 deg 41 min","126 deg 55 min"
"Owikeno Lake (A)",228,50,60,5514,8,1828,"51 deg 41 min","126 deg 55 min"
"Owikeno Lake (A)",228,50,60,5514,9,1800,"51 deg 41 min","126 deg 55 min"
"Owikeno Lake (A)",228,50,60,5514,10,1868,"51 deg 41 min","126 deg 55 min"
"Owikeno Lake (A)",228,50,60,5514,11,2447,"51 deg 41 min","126 deg 55 min"
"Owikeno Lake (A)",228,50,60,5514,12,1461,"51 deg 41 min","126 deg 55 min"
"Owikeno Lake (A)",228,50,60,5514,13,1724,"51 deg 41 min","126 deg 55 min"
"Owikeno Lake (A)",228,60,70,5357,1,1487,"51 deg 41 min","126 deg 55 min"
"Owikeno Lake (A)",228,60,70,5357,2,1559,"51 deg 41 min","126 deg 55 min"
"Owikeno Lake (A)",228,60,70,5357,3,1741,"51 deg 41 min","126 deg 55 min"
"Owikeno Lake (A)",228,60,70,5357,4,1628,"51 deg 41 min","126 deg 55 min"
"Owikeno Lake (A)",228,60,70,5357,5,1490,"51 deg 41 min","126 deg 55 min"
"Owikeno Lake (A)",228,60,70,5357,6,1632,"51 deg 41 min","126 deg 55 min"
"Owikeno Lake (A)",228,60,70,5357,7,1447,"51 deg 41 min","126 deg 55 min"
"Owikeno Lake (A)",228,60,70,5357,8,1828,"51 deg 41 min","126 deg 55 min"
"Owikeno Lake (A)",228,60,70,5357,9,1800,"51 deg 41 min","126 deg 55 min"
"Owikeno Lake (A)",228,60,70,5357,10,1868,"51 deg 41 min","126 deg 55 min"
"Owikeno Lake (A)",228,60,70,5357,11,2447,"51 deg 41 min","126 deg 55 min"
"Owikeno Lake (A)",228,60,70,5357,12,1461,"51 deg 41 min","126 deg 55 min"
"Owikeno Lake (A)",228,60,70,5357,13,1724,"51 deg 41 min","126 deg 55 min"
"Owikeno Lake (A)",228,70,80,5220,1,1450,"51 deg 41 min","126 deg 55 min"
"Owikeno Lake (A)",228,70,80,5220,2,1525,"51 deg 41 min","126 deg 55 min"
"Owikeno Lake (A)",228,70,80,5220,3,1712,"51 deg 41 min","126 deg 55 min"
"Owikeno Lake (A)",228,70,80,5220,4,1603,"51 deg 41 min","126 deg 55 min"
"Owikeno Lake (A)",228,70,80,5220,5,1461,"51 deg 41 min","126 deg 55 min"
"Owikeno Lake (A)",228,70,80,5220,6,1661,"51 deg 41 min","126 deg 55 min"
"Owikeno Lake (A)",228,70,80,5220,7,1447,"51 deg 41 min","126 deg 55 min"
"Owikeno Lake (A)",228,70,80,5220,8,1828,"51 deg 41 min","126 deg 55 min"
"Owikeno Lake (A)",228,70,80,5220,9,1800,"51 deg 41 min","126 deg 55 min"
"Owikeno Lake (A)",228,70,80,5220,10,1868,"51 deg 41 min","126 deg 55 min"
"Owikeno Lake (A)",228,70,80,5220,11,2447,"51 deg 41 min","126 deg 55 min"
"Owikeno Lake (A)",228,70,80,5220,12,1461,"51 deg 41 min","126 deg 55 min"
"Owikeno Lake (A)",228,70,80,5220,13,1724,"51 deg 41 min","126 deg 55 min"
"Owikeno Lake (A)",228,80,90,5081,1,1421,"51 deg 41 min","126 deg 55 min"
"Owikeno Lake (A)",228,80,90,5081,2,1501,"51 deg 41 min","126 deg 55 min"
"Owikeno Lake (A)",228,80,90,5081,3,1687,"51 deg 41 min","126 deg 55 min"
"Owikeno Lake (A)",228,80,90,5081,4,1577,"51 deg 41 min","126 deg 55 min"
"Owikeno Lake (A)",228,80,90,5081,5,1427,"51 deg 41 min","126 deg 55 min"
"Owikeno Lake (A)",228,80,90,5081,6,1650,"51 deg 41 min","126 deg 55 min"
"Owikeno Lake (A)",228,80,90,5081,7,1447,"51 deg 41 min","126 deg 55 min"
"Owikeno Lake (A)",228,80,90,5081,8,1828,"51 deg 41 min","126 deg 55 min"
"Owikeno Lake (A)",228,80,90,5081,9,1800,"51 deg 41 min","126 deg 55 min"
"Owikeno Lake (A)",228,80,90,5081,10,1868,"51 deg 41 min","126 deg 55 min"
"Owikeno Lake (A)",228,80,90,5081,11,2447,"51 deg 41 min","126 deg 55 min"
"Owikeno Lake (A)",228,80,90,5081,12,1461,"51 deg 41 min","126 deg 55 min"
"Owikeno Lake (A)",228,80,90,5081,13,1724,"51 deg 41 min","126 deg 55 min"
"Owikeno Lake (A)",228,90,100,4939,1,1394,"51 deg 41 min","126 deg 55 min"
"Owikeno Lake (A)",228,90,100,4939,2,1475,"51 deg 41 min","126 deg 55 min"
"Owikeno Lake (A)",228,90,100,4939,3,1662,"51 deg 41 min","126 deg 55 min"
"Owikeno Lake (A)",228,90,100,4939,4,1551,"51 deg 41 min","126 deg 55 min"
"Owikeno Lake (A)",228,90,100,4939,5,1398,"51 deg 41 min","126 deg 55 min"
"Owikeno Lake (A)",228,90,100,4939,6,1639,"51 deg 41 min","126 deg 55 min"
"Owikeno Lake (A)",228,90,100,4939,7,1447,"51 deg 41 min","126 deg 55 min"
"Owikeno Lake (A)",228,90,100,4939,8,1828,"51 deg 41 min","126 deg 55 min"
"Owikeno Lake (A)",228,90,100,4939,9,1800,"51 deg 41 min","126 deg 55 min"
"Owikeno Lake (A)",228,90,100,4939,10,1868,"51 deg 41 min","126 deg 55 min"
"Owikeno Lake (A)",228,90,100,4939,11,2447,"51 deg 41 min","126 deg 55 min"
"Owikeno Lake (A)",228,90,100,4939,12,1461,"51 deg 41 min","126 deg 55 min"
"Owikeno Lake (A)",228,90,100,4939,13,1724,"51 deg 41 min","126 deg 55 min"
"Owikeno Lake (B)",229,2,5,1960,1,1841,"51 deg 41 min","126 deg 55 min"
"Owikeno Lake (B)",229,2,5,1960,2,1674,"51 deg 41 min","126 deg 55 min"
"Owikeno Lake (B)",229,2,5,1960,3,1529,"51 deg 41 min","126 deg 55 min"
"Owikeno Lake (B)",229,2,5,1960,4,1750,"51 deg 41 min","126 deg 55 min"
"Owikeno Lake (B)",229,2,5,1960,5,2040,"51 deg 41 min","126 deg 55 min"
"Owikeno Lake (B)",229,2,5,1960,6,1500,"51 deg 41 min","126 deg 55 min"
"Owikeno Lake (B)",229,2,5,1960,7,1800,"51 deg 41 min","126 deg 55 min"
"Owikeno Lake (B)",229,2,5,1960,8,2200,"51 deg 41 min","126 deg 55 min"
"Owikeno Lake (B)",229,3,5,1960,1,1841,"51 deg 41 min","126 deg 55 min"
"Owikeno Lake (B)",229,3,5,1960,2,1674,"51 deg 41 min","126 deg 55 min"
"Owikeno Lake (B)",229,3,5,1960,3,1529,"51 deg 41 min","126 deg 55 min"
"Owikeno Lake (B)",229,3,5,1960,4,1750,"51 deg 41 min","126 deg 55 min"
"Owikeno Lake (B)",229,3,5,1960,5,2040,"51 deg 41 min","126 deg 55 min"
"Owikeno Lake (B)",229,3,5,1960,6,1500,"51 deg 41 min","126 deg 55 min"
"Owikeno Lake (B)",229,3,5,1960,7,1800,"51 deg 41 min","126 deg 55 min"
"Owikeno Lake (B)",229,3,5,1960,8,2200,"51 deg 41 min","126 deg 55 min"
"Owikeno Lake (B)",229,5,10,1901,1,1816,"51 deg 41 min","126 deg 55 min"
"Owikeno Lake (B)",229,5,10,1901,2,1662,"51 deg 41 min","126 deg 55 min"
"Owikeno Lake (B)",229,5,10,1901,3,1504,"51 deg 41 min","126 deg 55 min"
"Owikeno Lake (B)",229,5,10,1901,4,1734,"51 deg 41 min","126 deg 55 min"
"Owikeno Lake (B)",229,5,10,1901,5,2017,"51 deg 41 min","126 deg 55 min"
"Owikeno Lake (B)",229,5,10,1901,6,1485,"51 deg 41 min","126 deg 55 min"
"Owikeno Lake (B)",229,5,10,1901,7,1795,"51 deg 41 min","126 deg 55 min"
"Owikeno Lake (B)",229,5,10,1901,8,2200,"51 deg 41 min","126 deg 55 min"
"Owikeno Lake (B)",229,10,15,1825,1,1792,"51 deg 41 min","126 deg 55 min"
"Owikeno Lake (B)",229,10,15,1825,2,1643,"51 deg 41 min","126 deg 55 min"
"Owikeno Lake (B)",229,10,15,1825,3,1460,"51 deg 41 min","126 deg 55 min"
"Owikeno Lake (B)",229,10,15,1825,4,1716,"51 deg 41 min","126 deg 55 min"
"Owikeno Lake (B)",229,10,15,1825,5,1994,"51 deg 41 min","126 deg 55 min"
"Owikeno Lake (B)",229,10,15,1825,6,1461,"51 deg 41 min","126 deg 55 min"
"Owikeno Lake (B)",229,10,15,1825,7,1795,"51 deg 41 min","126 deg 55 min"
"Owikeno Lake (B)",229,10,15,1825,8,2200,"51 deg 41 min","126 deg 55 min"
"Owikeno Lake (B)",229,15,20,1750,1,1764,"51 deg 41 min","126 deg 55 min"
"Owikeno Lake (B)",229,15,20,1750,2,1624,"51 deg 41 min","126 deg 55 min"
"Owikeno Lake (B)",229,15,20,1750,3,1430,"51 deg 41 min","126 deg 55 min"
"Owikeno Lake (B)",229,15,20,1750,4,1697,"51 deg 41 min","126 deg 55 min"
"Owikeno Lake (B)",229,15,20,1750,5,1957,"51 deg 41 min","126 deg 55 min"
"Owikeno Lake (B)",229,15,20,1750,6,1452,"51 deg 41 min","126 deg 55 min"
"Owikeno Lake (B)",229,15,20,1750,7,1787,"51 deg 41 min","126 deg 55 min"
"Owikeno Lake (B)",229,15,20,1750,8,2186,"51 deg 41 min","126 deg 55 min"
"Owikeno Lake (B)",229,20,30,1607,1,1720,"51 deg 41 min","126 deg 55 min"
"Owikeno Lake (B)",229,20,30,1607,2,1596,"51 deg 41 min","126 deg 55 min"
"Owikeno Lake (B)",229,20,30,1607,3,1400,"51 deg 41 min","126 deg 55 min"
"Owikeno Lake (B)",229,20,30,1607,4,1673,"51 deg 41 min","126 deg 55 min"
"Owikeno Lake (B)",229,20,30,1607,5,1920,"51 deg 41 min","126 deg 55 min"
"Owikeno Lake (B)",229,20,30,1607,6,1428,"51 deg 41 min","126 deg 55 min"
"Owikeno Lake (B)",229,20,30,1607,7,1770,"51 deg 41 min","126 deg 55 min"
"Owikeno Lake (B)",229,20,30,1607,8,2145,"51 deg 41 min","126 deg 55 min"
"Owikeno Lake (B)",229,30,40,1543,1,1663,"51 deg 41 min","126 deg 55 min"
"Owikeno Lake (B)",229,30,40,1543,2,1551,"51 deg 41 min","126 deg 55 min"
"Owikeno Lake (B)",229,30,40,1543,3,1365,"51 deg 41 min","126 deg 55 min"
"Owikeno Lake (B)",229,30,40,1543,4,1641,"51 deg 41 min","126 deg 55 min"
"Owikeno Lake (B)",229,30,40,1543,5,1838,"51 deg 41 min","126 deg 55 min"
"Owikeno Lake (B)",229,30,40,1543,6,1404,"51 deg 41 min","126 deg 55 min"
"Owikeno Lake (B)",229,30,40,1543,7,1716,"51 deg 41 min","126 deg 55 min"
"Owikeno Lake (B)",229,30,40,1543,8,2100,"51 deg 41 min","126 deg 55 min"
"Owikeno Lake (B)",229,40,50,1476,1,1604,"51 deg 41 min","126 deg 55 min"
"Owikeno Lake (B)",229,40,50,1476,2,1505,"51 deg 41 min","126 deg 55 min"
"Owikeno Lake (B)",229,40,50,1476,3,1334,"51 deg 41 min","126 deg 55 min"
"Owikeno Lake (B)",229,40,50,1476,4,1605,"51 deg 41 min","126 deg 55 min"
"Owikeno Lake (B)",229,40,50,1476,5,1806,"51 deg 41 min","126 deg 55 min"
"Owikeno Lake (B)",229,40,50,1476,6,1371,"51 deg 41 min","126 deg 55 min"
"Owikeno Lake (B)",229,40,50,1476,7,1691,"51 deg 41 min","126 deg 55 min"
"Owikeno Lake (B)",229,40,50,1476,8,2024,"51 deg 41 min","126 deg 55 min"
"Owikeno Lake (B)",229,50,60,1408,1,1590,"51 deg 41 min","126 deg 55 min"
"Owikeno Lake (B)",229,50,60,1408,2,1470,"51 deg 41 min","126 deg 55 min"
"Owikeno Lake (B)",229,50,60,1408,3,1279,"51 deg 41 min","126 deg 55 min"
"Owikeno Lake (B)",229,50,60,1408,4,1568,"51 deg 41 min","126 deg 55 min"
"Owikeno Lake (B)",229,50,60,1408,5,1769,"51 deg 41 min","126 deg 55 min"
"Owikeno Lake (B)",229,50,60,1408,6,1232,"51 deg 41 min","126 deg 55 min"
"Owikeno Lake (B)",229,50,60,1408,7,1653,"51 deg 41 min","126 deg 55 min"
"Owikeno Lake (B)",229,50,60,1408,8,1925,"51 deg 41 min","126 deg 55 min"
"Owikeno Lake (B)",229,60,70,1336,1,1426,"51 deg 41 min","126 deg 55 min"
"Owikeno Lake (B)",229,60,70,1336,2,1439,"51 deg 41 min","126 deg 55 min"
"Owikeno Lake (B)",229,60,70,1336,3,1222,"51 deg 41 min","126 deg 55 min"
"Owikeno Lake (B)",229,60,70,1336,4,1587,"51 deg 41 min","126 deg 55 min"
"Owikeno Lake (B)",229,60,70,1336,5,1769,"51 deg 41 min","126 deg 55 min"
"Owikeno Lake (B)",229,60,70,1336,6,1232,"51 deg 41 min","126 deg 55 min"
"Owikeno Lake (B)",229,60,70,1336,7,1653,"51 deg 41 min","126 deg 55 min"
"Owikeno Lake (B)",229,60,70,1336,8,1925,"51 deg 41 min","126 deg 55 min"
"Owikeno Lake (B)",229,70,80,1261,1,1012,"51 deg 41 min","126 deg 55 min"
"Owikeno Lake (B)",229,70,80,1261,2,1405,"51 deg 41 min","126 deg 55 min"
"Owikeno Lake (B)",229,70,80,1261,3,1179,"51 deg 41 min","126 deg 55 min"
"Owikeno Lake (B)",229,70,80,1261,4,1608,"51 deg 41 min","126 deg 55 min"
"Owikeno Lake (B)",229,70,80,1261,5,1769,"51 deg 41 min","126 deg 55 min"
"Owikeno Lake (B)",229,70,80,1261,6,1232,"51 deg 41 min","126 deg 55 min"
"Owikeno Lake (B)",229,70,80,1261,7,1653,"51 deg 41 min","126 deg 55 min"
"Owikeno Lake (B)",229,70,80,1261,8,1925,"51 deg 41 min","126 deg 55 min"
"Owikeno Lake (B)",229,80,90,1190,1,389,"51 deg 41 min","126 deg 55 min"
"Owikeno Lake (B)",229,80,90,1190,2,1367,"51 deg 41 min","126 deg 55 min"
"Owikeno Lake (B)",229,80,90,1190,3,1138,"51 deg 41 min","126 deg 55 min"
"Owikeno Lake (B)",229,80,90,1190,4,1578,"51 deg 41 min","126 deg 55 min"
"Owikeno Lake (B)",229,80,90,1190,5,1769,"51 deg 41 min","126 deg 55 min"
"Owikeno Lake (B)",229,80,90,1190,6,1232,"51 deg 41 min","126 deg 55 min"
"Owikeno Lake (B)",229,80,90,1190,7,1653,"51 deg 41 min","126 deg 55 min"
"Owikeno Lake (B)",229,80,90,1190,8,1925,"51 deg 41 min","126 deg 55 min"
"Owikeno Lake (B)",229,90,100,1125,1,0,"51 deg 41 min","126 deg 55 min"
"Owikeno Lake (B)",229,90,100,1125,2,1334,"51 deg 41 min","126 deg 55 min"
"Owikeno Lake (B)",229,90,100,1125,3,1100,"51 deg 41 min","126 deg 55 min"
"Owikeno Lake (B)",229,90,100,1125,4,1557,"51 deg 41 min","126 deg 55 min"
"Owikeno Lake (B)",229,90,100,1125,5,1769,"51 deg 41 min","126 deg 55 min"
"Owikeno Lake (B)",229,90,100,1125,6,1232,"51 deg 41 min","126 deg 55 min"
"Owikeno Lake (B)",229,90,100,1125,7,1653,"51 deg 41 min","126 deg 55 min"
"Owikeno Lake (B)",229,90,100,1125,8,1925,"51 deg 41 min","126 deg 55 min"
"Owikeno Lake (C)",230,2,5,177,1,691,"51 deg 41 min","126 deg 55 min"
"Owikeno Lake (C)",230,3,5,177,1,691,"51 deg 41 min","126 deg 55 min"
"Owikeno Lake (C)",230,5,10,161,1,682,"51 deg 41 min","126 deg 55 min"
"Owikeno Lake (C)",230,10,15,143,1,667,"51 deg 41 min","126 deg 55 min"
"Owikeno Lake (C)",230,15,20,129,1,655,"51 deg 41 min","126 deg 55 min"
"Owikeno Lake (C)",230,20,30,108,1,636,"51 deg 41 min","126 deg 55 min"
"Owikeno Lake (C)",230,30,40,871,1,615,"51 deg 41 min","126 deg 55 min"
"Owikeno Lake (C)",230,40,50,73,1,599,"51 deg 41 min","126 deg 55 min"
"Owikeno Lake (C)",230,50,60,56,1,574,"51 deg 41 min","126 deg 55 min"
"Owikeno Lake (C)",230,60,70,39,1,536,"51 deg 41 min","126 deg 55 min"
"Owikeno Lake (C)",230,70,80,27,1,499,"51 deg 41 min","126 deg 55 min"
"Owikeno Lake (D)",231,2,5,376.3,1,1034,"51 deg 41 min","126 deg 55 min"
"Owikeno Lake (D)",231,2,5,376.3,2,861,"51 deg 41 min","126 deg 55 min"
"Owikeno Lake (D)",231,2,5,376.3,3,621,"51 deg 41 min","126 deg 55 min"
"Owikeno Lake (D)",231,2,5,376.3,4,1300,"51 deg 41 min","126 deg 55 min"
"Owikeno Lake (D)",231,3,5,376.3,1,1034,"51 deg 41 min","126 deg 55 min"
"Owikeno Lake (D)",231,3,5,376.3,2,861,"51 deg 41 min","126 deg 55 min"
"Owikeno Lake (D)",231,3,5,376.3,3,621,"51 deg 41 min","126 deg 55 min"
"Owikeno Lake (D)",231,3,5,376.3,4,1300,"51 deg 41 min","126 deg 55 min"
"Owikeno Lake (D)",231,5,10,357.2,1,994,"51 deg 41 min","126 deg 55 min"
"Owikeno Lake (D)",231,5,10,357.2,2,849,"51 deg 41 min","126 deg 55 min"
"Owikeno Lake (D)",231,5,10,357.2,3,609,"51 deg 41 min","126 deg 55 min"
"Owikeno Lake (D)",231,5,10,357.2,4,1243,"51 deg 41 min","126 deg 55 min"
"Owikeno Lake (D)",231,10,15,336.4,1,972,"51 deg 41 min","126 deg 55 min"
"Owikeno Lake (D)",231,10,15,336.4,2,837,"51 deg 41 min","126 deg 55 min"
"Owikeno Lake (D)",231,10,15,336.4,3,589,"51 deg 41 min","126 deg 55 min"
"Owikeno Lake (D)",231,10,15,336.4,4,1206,"51 deg 41 min","126 deg 55 min"
"Owikeno Lake (D)",231,15,20,321.5,1,940,"51 deg 41 min","126 deg 55 min"
"Owikeno Lake (D)",231,15,20,321.5,2,820,"51 deg 41 min","126 deg 55 min"
"Owikeno Lake (D)",231,15,20,321.5,3,569,"51 deg 41 min","126 deg 55 min"
"Owikeno Lake (D)",231,15,20,321.5,4,1169,"51 deg 41 min","126 deg 55 min"
"Owikeno Lake (D)",231,20,30,297.8,1,882,"51 deg 41 min","126 deg 55 min"
"Owikeno Lake (D)",231,20,30,297.8,2,783,"51 deg 41 min","126 deg 55 min"
"Owikeno Lake (D)",231,20,30,297.8,3,537,"51 deg 41 min","126 deg 55 min"
"Owikeno Lake (D)",231,20,30,297.8,4,1103,"51 deg 41 min","126 deg 55 min"
"Owikeno Lake (D)",231,30,40,264,1,795,"51 deg 41 min","126 deg 55 min"
"Owikeno Lake (D)",231,30,40,264,2,709,"51 deg 41 min","126 deg 55 min"
"Owikeno Lake (D)",231,30,40,264,3,494,"51 deg 41 min","126 deg 55 min"
"Owikeno Lake (D)",231,30,40,264,4,1010,"51 deg 41 min","126 deg 55 min"
"Owikeno Lake (D)",231,40,50,228.8,1,701,"51 deg 41 min","126 deg 55 min"
"Owikeno Lake (D)",231,40,50,228.8,2,619,"51 deg 41 min","126 deg 55 min"
"Owikeno Lake (D)",231,40,50,228.8,3,450,"51 deg 41 min","126 deg 55 min"
"Owikeno Lake (D)",231,40,50,228.8,4,925,"51 deg 41 min","126 deg 55 min"
"Owikeno Lake (D)",231,50,60,191.7,1,593,"51 deg 41 min","126 deg 55 min"
"Owikeno Lake (D)",231,50,60,191.7,2,513,"51 deg 41 min","126 deg 55 min"
"Owikeno Lake (D)",231,50,60,191.7,3,410,"51 deg 41 min","126 deg 55 min"
"Owikeno Lake (D)",231,50,60,191.7,4,832,"51 deg 41 min","126 deg 55 min"
"Owikeno Lake (D)",231,60,70,145.5,1,0,"51 deg 41 min","126 deg 55 min"
"Owikeno Lake (D)",231,60,70,145.5,2,398,"51 deg 41 min","126 deg 55 min"
"Owikeno Lake (D)",231,60,70,145.5,3,366,"51 deg 41 min","126 deg 55 min"
"Owikeno Lake (D)",231,60,70,145.5,4,832,"51 deg 41 min","126 deg 55 min"
"Owikeno Lake (D)",231,70,80,83.1,1,0,"51 deg 41 min","126 deg 55 min"
"Owikeno Lake (D)",231,70,80,83.1,2,0,"51 deg 41 min","126 deg 55 min"
"Owikeno Lake (D)",231,70,80,83.1,3,295,"51 deg 41 min","126 deg 55 min"
"Owikeno Lake (D)",231,70,80,83.1,4,832,"51 deg 41 min","126 deg 55 min"
"Patterson Lake",73,NA,NA,NA,NA,NA,"50 deg 04 min","125 deg 40 min"
"Phillips Lake",59,2,5,295,1,850,"50 deg 35 min","125 deg 21 min"
"Phillips Lake",59,2,5,295,2,845,"50 deg 35 min","125 deg 21 min"
"Phillips Lake",59,2,5,295,3,870,"50 deg 35 min","125 deg 21 min"
"Phillips Lake",59,2,5,295,4,690,"50 deg 35 min","125 deg 21 min"
"Phillips Lake",59,2,5,295,5,580,"50 deg 35 min","125 deg 21 min"
"Phillips Lake",59,2,5,295,6,1049,"50 deg 35 min","125 deg 21 min"
"Phillips Lake",59,2,5,295,7,1147,"50 deg 35 min","125 deg 21 min"
"Phillips Lake",59,2,5,295,8,1254,"50 deg 35 min","125 deg 21 min"
"Phillips Lake",59,2,5,295,9,969,"50 deg 35 min","125 deg 21 min"
"Phillips Lake",59,3,5,295,1,850,"50 deg 35 min","125 deg 21 min"
"Phillips Lake",59,3,5,295,2,845,"50 deg 35 min","125 deg 21 min"
"Phillips Lake",59,3,5,295,3,870,"50 deg 35 min","125 deg 21 min"
"Phillips Lake",59,3,5,295,4,690,"50 deg 35 min","125 deg 21 min"
"Phillips Lake",59,3,5,295,5,580,"50 deg 35 min","125 deg 21 min"
"Phillips Lake",59,3,5,295,6,1049,"50 deg 35 min","125 deg 21 min"
"Phillips Lake",59,3,5,295,7,1147,"50 deg 35 min","125 deg 21 min"
"Phillips Lake",59,3,5,295,8,1254,"50 deg 35 min","125 deg 21 min"
"Phillips Lake",59,3,5,295,9,969,"50 deg 35 min","125 deg 21 min"
"Phillips Lake",59,5,10,280,1,835,"50 deg 35 min","125 deg 21 min"
"Phillips Lake",59,5,10,280,2,835,"50 deg 35 min","125 deg 21 min"
"Phillips Lake",59,5,10,280,3,865,"50 deg 35 min","125 deg 21 min"
"Phillips Lake",59,5,10,280,4,665,"50 deg 35 min","125 deg 21 min"
"Phillips Lake",59,5,10,280,5,560,"50 deg 35 min","125 deg 21 min"
"Phillips Lake",59,5,10,280,6,1019,"50 deg 35 min","125 deg 21 min"
"Phillips Lake",59,5,10,280,7,1142,"50 deg 35 min","125 deg 21 min"
"Phillips Lake",59,5,10,280,8,1251,"50 deg 35 min","125 deg 21 min"
"Phillips Lake",59,5,10,280,9,937,"50 deg 35 min","125 deg 21 min"
"Phillips Lake",59,10,15,266,1,795,"50 deg 35 min","125 deg 21 min"
"Phillips Lake",59,10,15,266,2,805,"50 deg 35 min","125 deg 21 min"
"Phillips Lake",59,10,15,266,3,840,"50 deg 35 min","125 deg 21 min"
"Phillips Lake",59,10,15,266,4,650,"50 deg 35 min","125 deg 21 min"
"Phillips Lake",59,10,15,266,5,515,"50 deg 35 min","125 deg 21 min"
"Phillips Lake",59,10,15,266,6,980,"50 deg 35 min","125 deg 21 min"
"Phillips Lake",59,10,15,266,7,1125,"50 deg 35 min","125 deg 21 min"
"Phillips Lake",59,10,15,266,8,1205,"50 deg 35 min","125 deg 21 min"
"Phillips Lake",59,10,15,266,9,900,"50 deg 35 min","125 deg 21 min"
"Phillips Lake",59,15,20,255,1,755,"50 deg 35 min","125 deg 21 min"
"Phillips Lake",59,15,20,255,2,775,"50 deg 35 min","125 deg 21 min"
"Phillips Lake",59,15,20,255,3,830,"50 deg 35 min","125 deg 21 min"
"Phillips Lake",59,15,20,255,4,630,"50 deg 35 min","125 deg 21 min"
"Phillips Lake",59,15,20,255,5,495,"50 deg 35 min","125 deg 21 min"
"Phillips Lake",59,15,20,255,6,947,"50 deg 35 min","125 deg 21 min"
"Phillips Lake",59,15,20,255,7,1102,"50 deg 35 min","125 deg 21 min"
"Phillips Lake",59,15,20,255,8,1168,"50 deg 35 min","125 deg 21 min"
"Phillips Lake",59,15,20,255,9,868,"50 deg 35 min","125 deg 21 min"
"Phillips Lake",59,20,30,233,1,695,"50 deg 35 min","125 deg 21 min"
"Phillips Lake",59,20,30,233,2,730,"50 deg 35 min","125 deg 21 min"
"Phillips Lake",59,20,30,233,3,805,"50 deg 35 min","125 deg 21 min"
"Phillips Lake",59,20,30,233,4,595,"50 deg 35 min","125 deg 21 min"
"Phillips Lake",59,20,30,233,5,405,"50 deg 35 min","125 deg 21 min"
"Phillips Lake",59,20,30,233,6,900,"50 deg 35 min","125 deg 21 min"
"Phillips Lake",59,20,30,233,7,1058,"50 deg 35 min","125 deg 21 min"
"Phillips Lake",59,20,30,233,8,1106,"50 deg 35 min","125 deg 21 min"
"Phillips Lake",59,20,30,233,9,828,"50 deg 35 min","125 deg 21 min"
"Phillips Lake",59,30,40,199,1,585,"50 deg 35 min","125 deg 21 min"
"Phillips Lake",59,30,40,199,2,635,"50 deg 35 min","125 deg 21 min"
"Phillips Lake",59,30,40,199,3,775,"50 deg 35 min","125 deg 21 min"
"Phillips Lake",59,30,40,199,4,560,"50 deg 35 min","125 deg 21 min"
"Phillips Lake",59,30,40,199,5,130,"50 deg 35 min","125 deg 21 min"
"Phillips Lake",59,30,40,199,6,770,"50 deg 35 min","125 deg 21 min"
"Phillips Lake",59,30,40,199,7,970,"50 deg 35 min","125 deg 21 min"
"Phillips Lake",59,30,40,199,8,997,"50 deg 35 min","125 deg 21 min"
"Phillips Lake",59,30,40,199,9,784,"50 deg 35 min","125 deg 21 min"
"Phillips Lake",59,40,50,167,1,470,"50 deg 35 min","125 deg 21 min"
"Phillips Lake",59,40,50,167,2,510,"50 deg 35 min","125 deg 21 min"
"Phillips Lake",59,40,50,167,3,740,"50 deg 35 min","125 deg 21 min"
"Phillips Lake",59,40,50,167,4,535,"50 deg 35 min","125 deg 21 min"
"Phillips Lake",59,40,50,167,5,0,"50 deg 35 min","125 deg 21 min"
"Phillips Lake",59,40,50,167,6,573,"50 deg 35 min","125 deg 21 min"
"Phillips Lake",59,40,50,167,7,918,"50 deg 35 min","125 deg 21 min"
"Phillips Lake",59,40,50,167,8,892,"50 deg 35 min","125 deg 21 min"
"Phillips Lake",59,40,50,167,9,727,"50 deg 35 min","125 deg 21 min"
"Phillips_2005",249,2,5,295,1,743,NA,NA
"Phillips_2005",249,2,5,295,2,1059,NA,NA
"Phillips_2005",249,2,5,295,3,914,NA,NA
"Phillips_2005",249,2,5,295,4,1059,NA,NA
"Phillips_2005",249,2,5,295,5,1000,NA,NA
"Phillips_2005",249,2,5,295,6,891,NA,NA
"Phillips_2005",249,2,5,295,7,1011,NA,NA
"Phillips_2005",249,2,5,295,8,602,NA,NA
"Phillips_2005",249,3,5,295,1,743,NA,NA
"Phillips_2005",249,3,5,295,2,1059,NA,NA
"Phillips_2005",249,3,5,295,3,914,NA,NA
"Phillips_2005",249,3,5,295,4,1059,NA,NA
"Phillips_2005",249,3,5,295,5,1000,NA,NA
"Phillips_2005",249,3,5,295,6,891,NA,NA
"Phillips_2005",249,3,5,295,7,1011,NA,NA
"Phillips_2005",249,3,5,295,8,602,NA,NA
"Phillips_2005",249,5,10,280,1,728,NA,NA
"Phillips_2005",249,5,10,280,2,1055,NA,NA
"Phillips_2005",249,5,10,280,3,901,NA,NA
"Phillips_2005",249,5,10,280,4,1051,NA,NA
"Phillips_2005",249,5,10,280,5,1000,NA,NA
"Phillips_2005",249,5,10,280,6,859,NA,NA
"Phillips_2005",249,5,10,280,7,991,NA,NA
"Phillips_2005",249,5,10,280,8,593,NA,NA
"Phillips_2005",249,10,15,266,1,688,NA,NA
"Phillips_2005",249,10,15,266,2,1022,NA,NA
"Phillips_2005",249,10,15,266,3,881,NA,NA
"Phillips_2005",249,10,15,266,4,1040,NA,NA
"Phillips_2005",249,10,15,266,5,1000,NA,NA
"Phillips_2005",249,10,15,266,6,805,NA,NA
"Phillips_2005",249,10,15,266,7,928,NA,NA
"Phillips_2005",249,10,15,266,8,545,NA,NA
"Phillips_2005",249,15,20,255,1,605,NA,NA
"Phillips_2005",249,15,20,255,2,987,NA,NA
"Phillips_2005",249,15,20,255,3,853,NA,NA
"Phillips_2005",249,15,20,255,4,1024,NA,NA
"Phillips_2005",249,15,20,255,5,1000,NA,NA
"Phillips_2005",249,15,20,255,6,736,NA,NA
"Phillips_2005",249,15,20,255,7,874,NA,NA
"Phillips_2005",249,15,20,255,8,479,NA,NA
"Phillips_2005",249,20,30,233,1,494,NA,NA
"Phillips_2005",249,20,30,233,2,952,NA,NA
"Phillips_2005",249,20,30,233,3,795,NA,NA
"Phillips_2005",249,20,30,233,4,982,NA,NA
"Phillips_2005",249,20,30,233,5,968,NA,NA
"Phillips_2005",249,20,30,233,6,670,NA,NA
"Phillips_2005",249,20,30,233,7,766,NA,NA
"Phillips_2005",249,20,30,233,8,426,NA,NA
"Phillips_2005",249,30,40,199,1,425,NA,NA
"Phillips_2005",249,30,40,199,2,921,NA,NA
"Phillips_2005",249,30,40,199,3,747,NA,NA
"Phillips_2005",249,30,40,199,4,938,NA,NA
"Phillips_2005",249,30,40,199,5,936,NA,NA
"Phillips_2005",249,30,40,199,6,558,NA,NA
"Phillips_2005",249,30,40,199,7,653,NA,NA
"Phillips_2005",249,30,40,199,8,0,NA,NA
"Phillips_2005",249,40,50,167,1,311,NA,NA
"Phillips_2005",249,40,50,167,2,838,NA,NA
"Phillips_2005",249,40,50,167,3,696,NA,NA
"Phillips_2005",249,40,50,167,4,886,NA,NA
"Phillips_2005",249,40,50,167,5,872,NA,NA
"Phillips_2005",249,40,50,167,6,415,NA,NA
"Phillips_2005",249,40,50,167,7,394,NA,NA
"Phillips_2005",249,40,50,167,8,0,NA,NA
"Pitt Lake",76,NA,NA,NA,NA,NA,"49 deg 25 min","122 deg 33 min"
"Polly Pt.",200,NA,NA,NA,NA,NA,NA,NA
"Port John Lake",110,2,5,85,1,400,"52 deg 07 min","127 deg 49 min"
"Port John Lake",110,2,5,85,2,400,"52 deg 07 min","127 deg 49 min"
"Port John Lake",110,2,5,85,3,330,"52 deg 07 min","127 deg 49 min"
"Port John Lake",110,2,5,85,4,300,"52 deg 07 min","127 deg 49 min"
"Port John Lake",110,2,5,85,5,265,"52 deg 07 min","127 deg 49 min"
"Port John Lake",110,3,5,85,1,400,"52 deg 07 min","127 deg 49 min"
"Port John Lake",110,3,5,85,2,400,"52 deg 07 min","127 deg 49 min"
"Port John Lake",110,3,5,85,3,330,"52 deg 07 min","127 deg 49 min"
"Port John Lake",110,3,5,85,4,300,"52 deg 07 min","127 deg 49 min"
"Port John Lake",110,3,5,85,5,265,"52 deg 07 min","127 deg 49 min"
"Port John Lake",110,5,10,75,1,374,"52 deg 07 min","127 deg 49 min"
"Port John Lake",110,5,10,75,2,373,"52 deg 07 min","127 deg 49 min"
"Port John Lake",110,5,10,75,3,315,"52 deg 07 min","127 deg 49 min"
"Port John Lake",110,5,10,75,4,276,"52 deg 07 min","127 deg 49 min"
"Port John Lake",110,5,10,75,5,265,"52 deg 07 min","127 deg 49 min"
"Port John Lake",110,10,15,67,1,342,"52 deg 07 min","127 deg 49 min"
"Port John Lake",110,10,15,67,2,345,"52 deg 07 min","127 deg 49 min"
"Port John Lake",110,10,15,67,3,268,"52 deg 07 min","127 deg 49 min"
"Port John Lake",110,10,15,67,4,240,"52 deg 07 min","127 deg 49 min"
"Port John Lake",110,10,15,67,5,256,"52 deg 07 min","127 deg 49 min"
"Port John Lake",110,15,20,61,1,303,"52 deg 07 min","127 deg 49 min"
"Port John Lake",110,15,20,61,2,327,"52 deg 07 min","127 deg 49 min"
"Port John Lake",110,15,20,61,3,207,"52 deg 07 min","127 deg 49 min"
"Port John Lake",110,15,20,61,4,120,"52 deg 07 min","127 deg 49 min"
"Port John Lake",110,15,20,61,5,218,"52 deg 07 min","127 deg 49 min"
"Port John Lake",110,20,30,42,1,161,"52 deg 07 min","127 deg 49 min"
"Port John Lake",110,20,30,42,2,209,"52 deg 07 min","127 deg 49 min"
"Port John Lake",110,20,30,42,3,153,"52 deg 07 min","127 deg 49 min"
"Port John Lake",110,20,30,42,4,0,"52 deg 07 min","127 deg 49 min"
"Port John Lake",110,20,30,42,5,161,"52 deg 07 min","127 deg 49 min"
"Port John Lake",110,30,40,19,1,0,"52 deg 07 min","127 deg 49 min"
"Port John Lake",110,30,40,19,2,64,"52 deg 07 min","127 deg 49 min"
"Port John Lake",110,30,40,19,3,108,"52 deg 07 min","127 deg 49 min"
"Port John Lake",110,30,40,19,4,0,"52 deg 07 min","127 deg 49 min"
"Port John Lake",110,30,40,19,5,0,"52 deg 07 min","127 deg 49 min"
"Port John Lake",110,40,50,13,1,0,"52 deg 07 min","127 deg 49 min"
"Port John Lake",110,40,50,13,2,0,"52 deg 07 min","127 deg 49 min"
"Port John Lake",110,40,50,13,3,54,"52 deg 07 min","127 deg 49 min"
"Port John Lake",110,40,50,13,4,0,"52 deg 07 min","127 deg 49 min"
"Port John Lake",110,40,50,13,5,0,"52 deg 07 min","127 deg 49 min"
"Power Lake",157,2,5,61,1,699,"50 deg 12 min","127 deg 29 min"
"Power Lake",157,2,5,61,2,338,"50 deg 12 min","127 deg 29 min"
"Power Lake",157,2,5,61,3,650,"50 deg 12 min","127 deg 29 min"
"Power Lake",157,2,5,61,4,167,"50 deg 12 min","127 deg 29 min"
"Power Lake",157,2,5,61,5,488,"50 deg 12 min","127 deg 29 min"
"Power Lake",157,2,5,61,6,1925,"50 deg 12 min","127 deg 29 min"
"Power Lake",157,3,5,61,1,699,"50 deg 12 min","127 deg 29 min"
"Power Lake",157,3,5,61,2,338,"50 deg 12 min","127 deg 29 min"
"Power Lake",157,3,5,61,3,650,"50 deg 12 min","127 deg 29 min"
"Power Lake",157,3,5,61,4,167,"50 deg 12 min","127 deg 29 min"
"Power Lake",157,3,5,61,5,488,"50 deg 12 min","127 deg 29 min"
"Power Lake",157,3,5,61,6,1925,"50 deg 12 min","127 deg 29 min"
"Power Lake",157,5,10,53,1,660,"50 deg 12 min","127 deg 29 min"
"Power Lake",157,5,10,53,2,304,"50 deg 12 min","127 deg 29 min"
"Power Lake",157,5,10,53,3,616,"50 deg 12 min","127 deg 29 min"
"Power Lake",157,5,10,53,4,153,"50 deg 12 min","127 deg 29 min"
"Power Lake",157,5,10,53,5,414,"50 deg 12 min","127 deg 29 min"
"Power Lake",157,5,10,53,6,1837,"50 deg 12 min","127 deg 29 min"
"Power Lake",157,10,15,45,1,592,"50 deg 12 min","127 deg 29 min"
"Power Lake",157,10,15,45,2,239,"50 deg 12 min","127 deg 29 min"
"Power Lake",157,10,15,45,3,569,"50 deg 12 min","127 deg 29 min"
"Power Lake",157,10,15,45,4,135,"50 deg 12 min","127 deg 29 min"
"Power Lake",157,10,15,45,5,333,"50 deg 12 min","127 deg 29 min"
"Power Lake",157,10,15,45,6,1742,"50 deg 12 min","127 deg 29 min"
"Power Lake",157,15,20,38,1,553,"50 deg 12 min","127 deg 29 min"
"Power Lake",157,15,20,38,2,202,"50 deg 12 min","127 deg 29 min"
"Power Lake",157,15,20,38,3,540,"50 deg 12 min","127 deg 29 min"
"Power Lake",157,15,20,38,4,112,"50 deg 12 min","127 deg 29 min"
"Power Lake",157,15,20,38,5,270,"50 deg 12 min","127 deg 29 min"
"Power Lake",157,15,20,38,6,1637,"50 deg 12 min","127 deg 29 min"
"Power Lake",157,20,30,30,1,504,"50 deg 12 min","127 deg 29 min"
"Power Lake",157,20,30,30,2,161,"50 deg 12 min","127 deg 29 min"
"Power Lake",157,20,30,30,3,498,"50 deg 12 min","127 deg 29 min"
"Power Lake",157,20,30,30,4,62,"50 deg 12 min","127 deg 29 min"
"Power Lake",157,20,30,30,5,0,"50 deg 12 min","127 deg 29 min"
"Power Lake",157,20,30,30,6,1307,"50 deg 12 min","127 deg 29 min"
"Power Lake",157,30,40,20,1,326,"50 deg 12 min","127 deg 29 min"
"Power Lake",157,30,40,20,2,108,"50 deg 12 min","127 deg 29 min"
"Power Lake",157,30,40,20,3,263,"50 deg 12 min","127 deg 29 min"
"Power Lake",157,30,40,20,4,0,"50 deg 12 min","127 deg 29 min"
"Power Lake",157,30,40,20,5,0,"50 deg 12 min","127 deg 29 min"
"Power Lake",157,30,40,20,6,682,"50 deg 12 min","127 deg 29 min"
"Quatansta Lake",60,NA,NA,NA,NA,NA,"53 deg 31 min","130 deg 14 min"
"Quatse Lake",122,2,5,119,1,105,"50 deg 38 min","127 deg 34 min"
"Quatse Lake",122,2,5,119,2,485,"50 deg 38 min","127 deg 34 min"
"Quatse Lake",122,2,5,119,3,470,"50 deg 38 min","127 deg 34 min"
"Quatse Lake",122,2,5,119,4,550,"50 deg 38 min","127 deg 34 min"
"Quatse Lake",122,2,5,119,5,515,"50 deg 38 min","127 deg 34 min"
"Quatse Lake",122,3,5,119,1,105,"50 deg 38 min","127 deg 34 min"
"Quatse Lake",122,3,5,119,2,485,"50 deg 38 min","127 deg 34 min"
"Quatse Lake",122,3,5,119,3,470,"50 deg 38 min","127 deg 34 min"
"Quatse Lake",122,3,5,119,4,550,"50 deg 38 min","127 deg 34 min"
"Quatse Lake",122,3,5,119,5,515,"50 deg 38 min","127 deg 34 min"
"Quatse Lake",122,5,10,73,1,50,"50 deg 38 min","127 deg 34 min"
"Quatse Lake",122,5,10,73,2,430,"50 deg 38 min","127 deg 34 min"
"Quatse Lake",122,5,10,73,3,400,"50 deg 38 min","127 deg 34 min"
"Quatse Lake",122,5,10,73,4,460,"50 deg 38 min","127 deg 34 min"
"Quatse Lake",122,5,10,73,5,375,"50 deg 38 min","127 deg 34 min"
"Quatse Lake",122,10,15,36,1,0,"50 deg 38 min","127 deg 34 min"
"Quatse Lake",122,10,15,36,2,275,"50 deg 38 min","127 deg 34 min"
"Quatse Lake",122,10,15,36,3,250,"50 deg 38 min","127 deg 34 min"
"Quatse Lake",122,10,15,36,4,180,"50 deg 38 min","127 deg 34 min"
"Quatse Lake",122,10,15,36,5,0,"50 deg 38 min","127 deg 34 min"
"Quatse Lake",122,15,20,10,1,0,"50 deg 38 min","127 deg 34 min"
"Quatse Lake",122,15,20,10,2,200,"50 deg 38 min","127 deg 34 min"
"Quatse Lake",122,15,20,10,3,75,"50 deg 38 min","127 deg 34 min"
"Quatse Lake",122,15,20,10,4,60,"50 deg 38 min","127 deg 34 min"
"Quatse Lake",122,15,20,10,5,0,"50 deg 38 min","127 deg 34 min"
"Quatse_2005",252,2,5,119,1,400,NA,NA
"Quatse_2005",252,2,5,119,2,500,NA,NA
"Quatse_2005",252,2,5,119,3,500,NA,NA
"Quatse_2005",252,2,5,119,4,500,NA,NA
"Quatse_2005",252,2,5,119,5,600,NA,NA
"Quatse_2005",252,2,5,119,6,500,NA,NA
"Quatse_2005",252,2,5,119,7,800,NA,NA
"Quatse_2005",252,3,5,119,1,400,NA,NA
"Quatse_2005",252,3,5,119,2,500,NA,NA
"Quatse_2005",252,3,5,119,3,500,NA,NA
"Quatse_2005",252,3,5,119,4,500,NA,NA
"Quatse_2005",252,3,5,119,5,600,NA,NA
"Quatse_2005",252,3,5,119,6,500,NA,NA
"Quatse_2005",252,3,5,119,7,719,NA,NA
"Quatse_2005",252,5,10,73,1,316,NA,NA
"Quatse_2005",252,5,10,73,2,432,NA,NA
"Quatse_2005",252,5,10,73,3,380,NA,NA
"Quatse_2005",252,5,10,73,4,196,NA,NA
"Quatse_2005",252,5,10,73,5,508,NA,NA
"Quatse_2005",252,5,10,73,6,422,NA,NA
"Quatse_2005",252,5,10,73,7,637,NA,NA
"Quatse_2005",252,10,15,36,1,211,NA,NA
"Quatse_2005",252,10,15,36,2,159,NA,NA
"Quatse_2005",252,10,15,36,3,120,NA,NA
"Quatse_2005",252,10,15,36,4,0,NA,NA
"Quatse_2005",252,10,15,36,5,383,NA,NA
"Quatse_2005",252,10,15,36,6,281,NA,NA
"Quatse_2005",252,10,15,36,7,302,NA,NA
"Quatse_2005",252,15,20,10,1,126,NA,NA
"Quatse_2005",252,15,20,10,2,0,NA,NA
"Quatse_2005",252,15,20,10,3,0,NA,NA
"Quatse_2005",252,15,20,10,4,0,NA,NA
"Quatse_2005",252,15,20,10,5,208,NA,NA
"Quatse_2005",252,15,20,10,6,117,NA,NA
"Quatse_2005",252,15,20,10,7,0,NA,NA
"Quesnel Lake",80,NA,NA,NA,NA,NA,"52 deg 31 min","121 deg 00 min"
"Quiet Lake",101,NA,NA,NA,NA,NA,"61 deg 05 min","133 deg 05 min"
"Rainy Bay",208,NA,NA,NA,NA,NA,NA,NA
"Red Bluff Lake",183,NA,NA,NA,NA,NA,"53 deg 27 min","129 deg 35 min"
"Robertson Creek",141,NA,NA,NA,NA,NA,"49 deg 20 min","124 deg 59 min"
"Roderick Lake",222,NA,NA,NA,NA,NA,"52 deg 36 min","128 deg 21 min"
"Ruby Lake",246,2,5,466,1,940,NA,NA
"Ruby Lake",246,2,5,466,2,845,NA,NA
"Ruby Lake",246,2,5,466,3,800,NA,NA
"Ruby Lake",246,2,5,466,4,600,NA,NA
"Ruby Lake",246,2,5,466,5,1200,NA,NA
"Ruby Lake",246,2,5,466,6,1500,NA,NA
"Ruby Lake",246,2,5,466,7,900,NA,NA
"Ruby Lake",246,3,5,466,1,940,NA,NA
"Ruby Lake",246,3,5,466,2,845,NA,NA
"Ruby Lake",246,3,5,466,3,800,NA,NA
"Ruby Lake",246,3,5,466,4,600,NA,NA
"Ruby Lake",246,3,5,466,5,1200,NA,NA
"Ruby Lake",246,3,5,466,6,1500,NA,NA
"Ruby Lake",246,3,5,466,7,900,NA,NA
"Ruby Lake",246,5,10,432,1,920,NA,NA
"Ruby Lake",246,5,10,432,2,829,NA,NA
"Ruby Lake",246,5,10,432,3,800,NA,NA
"Ruby Lake",246,5,10,432,4,600,NA,NA
"Ruby Lake",246,5,10,432,5,1200,NA,NA
"Ruby Lake",246,5,10,432,6,1500,NA,NA
"Ruby Lake",246,5,10,432,7,892,NA,NA
"Ruby Lake",246,10,15,396,1,873,NA,NA
"Ruby Lake",246,10,15,396,2,807,NA,NA
"Ruby Lake",246,10,15,396,3,766,NA,NA
"Ruby Lake",246,10,15,396,4,590,NA,NA
"Ruby Lake",246,10,15,396,5,1152,NA,NA
"Ruby Lake",246,10,15,396,6,1463,NA,NA
"Ruby Lake",246,10,15,396,7,879,NA,NA
"Ruby Lake",246,15,20,376,1,840,NA,NA
"Ruby Lake",246,15,20,376,2,763,NA,NA
"Ruby Lake",246,15,20,376,3,738,NA,NA
"Ruby Lake",246,15,20,376,4,586,NA,NA
"Ruby Lake",246,15,20,376,5,1064,NA,NA
"Ruby Lake",246,15,20,376,6,1436,NA,NA
"Ruby Lake",246,15,20,376,7,863,NA,NA
"Ruby Lake",246,20,30,352,1,793,NA,NA
"Ruby Lake",246,20,30,352,2,741,NA,NA
"Ruby Lake",246,20,30,352,3,608,NA,NA
"Ruby Lake",246,20,30,352,4,547,NA,NA
"Ruby Lake",246,20,30,352,5,1016,NA,NA
"Ruby Lake",246,20,30,352,6,1409,NA,NA
"Ruby Lake",246,20,30,352,7,834,NA,NA
"Ruby Lake",246,30,40,317,1,720,NA,NA
"Ruby Lake",246,30,40,317,2,713,NA,NA
"Ruby Lake",246,30,40,317,3,569,NA,NA
"Ruby Lake",246,30,40,317,4,509,NA,NA
"Ruby Lake",246,30,40,317,5,902,NA,NA
"Ruby Lake",246,30,40,317,6,1377,NA,NA
"Ruby Lake",246,30,40,317,7,805,NA,NA
"Ruby Lake",246,40,50,254,1,520,NA,NA
"Ruby Lake",246,40,50,254,2,675,NA,NA
"Ruby Lake",246,40,50,254,3,530,NA,NA
"Ruby Lake",246,40,50,254,4,394,NA,NA
"Ruby Lake",246,40,50,254,5,867,NA,NA
"Ruby Lake",246,40,50,254,6,1345,NA,NA
"Ruby Lake",246,40,50,254,7,763,NA,NA
"Ruby Lake",246,50,60,213,1,320,NA,NA
"Ruby Lake",246,50,60,213,2,587,NA,NA
"Ruby Lake",246,50,60,213,3,490,NA,NA
"Ruby Lake",246,50,60,213,4,197,NA,NA
"Ruby Lake",246,50,60,213,5,793,NA,NA
"Ruby Lake",246,50,60,213,6,1243,NA,NA
"Ruby Lake",246,50,60,213,7,593,NA,NA
"Rutley Is.",210,NA,NA,NA,NA,NA,NA,NA
"Sakinaw Lake",61,2,5,816,1,200,"49 deg 41 min","124 deg 02 min"
"Sakinaw Lake",61,2,5,816,2,200,"49 deg 41 min","124 deg 02 min"
"Sakinaw Lake",61,2,5,816,3,900,"49 deg 41 min","124 deg 02 min"
"Sakinaw Lake",61,2,5,816,4,600,"49 deg 41 min","124 deg 02 min"
"Sakinaw Lake",61,2,5,816,5,700,"49 deg 41 min","124 deg 02 min"
"Sakinaw Lake",61,2,5,816,6,400,"49 deg 41 min","124 deg 02 min"
"Sakinaw Lake",61,2,5,816,7,900,"49 deg 41 min","124 deg 02 min"
"Sakinaw Lake",61,2,5,816,8,800,"49 deg 41 min","124 deg 02 min"
"Sakinaw Lake",61,2,5,816,9,800,"49 deg 41 min","124 deg 02 min"
"Sakinaw Lake",61,2,5,816,10,700,"49 deg 41 min","124 deg 02 min"
"Sakinaw Lake",61,2,5,816,11,200,"49 deg 41 min","124 deg 02 min"
"Sakinaw Lake",61,2,5,816,12,700,"49 deg 41 min","124 deg 02 min"
"Sakinaw Lake",61,2,5,816,13,500,"49 deg 41 min","124 deg 02 min"
"Sakinaw Lake",61,2,5,816,14,600,"49 deg 41 min","124 deg 02 min"
"Sakinaw Lake",61,3,5,816,1,200,"49 deg 41 min","124 deg 02 min"
"Sakinaw Lake",61,3,5,816,2,200,"49 deg 41 min","124 deg 02 min"
"Sakinaw Lake",61,3,5,816,3,900,"49 deg 41 min","124 deg 02 min"
"Sakinaw Lake",61,3,5,816,4,600,"49 deg 41 min","124 deg 02 min"
"Sakinaw Lake",61,3,5,816,5,700,"49 deg 41 min","124 deg 02 min"
"Sakinaw Lake",61,3,5,816,6,400,"49 deg 41 min","124 deg 02 min"
"Sakinaw Lake",61,3,5,816,7,900,"49 deg 41 min","124 deg 02 min"
"Sakinaw Lake",61,3,5,816,8,800,"49 deg 41 min","124 deg 02 min"
"Sakinaw Lake",61,3,5,816,9,800,"49 deg 41 min","124 deg 02 min"
"Sakinaw Lake",61,3,5,816,10,700,"49 deg 41 min","124 deg 02 min"
"Sakinaw Lake",61,3,5,816,11,200,"49 deg 41 min","124 deg 02 min"
"Sakinaw Lake",61,3,5,816,12,700,"49 deg 41 min","124 deg 02 min"
"Sakinaw Lake",61,3,5,816,13,500,"49 deg 41 min","124 deg 02 min"
"Sakinaw Lake",61,3,5,816,14,600,"49 deg 41 min","124 deg 02 min"
"Sakinaw Lake",61,5,10,727,1,158,"49 deg 41 min","124 deg 02 min"
"Sakinaw Lake",61,5,10,727,2,200,"49 deg 41 min","124 deg 02 min"
"Sakinaw Lake",61,5,10,727,3,878,"49 deg 41 min","124 deg 02 min"
"Sakinaw Lake",61,5,10,727,4,591,"49 deg 41 min","124 deg 02 min"
"Sakinaw Lake",61,5,10,727,5,700,"49 deg 41 min","124 deg 02 min"
"Sakinaw Lake",61,5,10,727,6,395,"49 deg 41 min","124 deg 02 min"
"Sakinaw Lake",61,5,10,727,7,890,"49 deg 41 min","124 deg 02 min"
"Sakinaw Lake",61,5,10,727,8,800,"49 deg 41 min","124 deg 02 min"
"Sakinaw Lake",61,5,10,727,9,790,"49 deg 41 min","124 deg 02 min"
"Sakinaw Lake",61,5,10,727,10,695,"49 deg 41 min","124 deg 02 min"
"Sakinaw Lake",61,5,10,727,11,177,"49 deg 41 min","124 deg 02 min"
"Sakinaw Lake",61,5,10,727,12,666,"49 deg 41 min","124 deg 02 min"
"Sakinaw Lake",61,5,10,727,13,495,"49 deg 41 min","124 deg 02 min"
"Sakinaw Lake",61,5,10,727,14,600,"49 deg 41 min","124 deg 02 min"
"Sakinaw Lake",61,10,15,686,1,140,"49 deg 41 min","124 deg 02 min"
"Sakinaw Lake",61,10,15,686,2,181,"49 deg 41 min","124 deg 02 min"
"Sakinaw Lake",61,10,15,686,3,856,"49 deg 41 min","124 deg 02 min"
"Sakinaw Lake",61,10,15,686,4,586,"49 deg 41 min","124 deg 02 min"
"Sakinaw Lake",61,10,15,686,5,675,"49 deg 41 min","124 deg 02 min"
"Sakinaw Lake",61,10,15,686,6,380,"49 deg 41 min","124 deg 02 min"
"Sakinaw Lake",61,10,15,686,7,865,"49 deg 41 min","124 deg 02 min"
"Sakinaw Lake",61,10,15,686,8,744,"49 deg 41 min","124 deg 02 min"
"Sakinaw Lake",61,10,15,686,9,766,"49 deg 41 min","124 deg 02 min"
"Sakinaw Lake",61,10,15,686,10,667,"49 deg 41 min","124 deg 02 min"
"Sakinaw Lake",61,10,15,686,11,158,"49 deg 41 min","124 deg 02 min"
"Sakinaw Lake",61,10,15,686,12,656,"49 deg 41 min","124 deg 02 min"
"Sakinaw Lake",61,10,15,686,13,452,"49 deg 41 min","124 deg 02 min"
"Sakinaw Lake",61,10,15,686,14,572,"49 deg 41 min","124 deg 02 min"
"Sakinaw Lake",61,15,20,628,1,125,"49 deg 41 min","124 deg 02 min"
"Sakinaw Lake",61,15,20,628,2,168,"49 deg 41 min","124 deg 02 min"
"Sakinaw Lake",61,15,20,628,3,828,"49 deg 41 min","124 deg 02 min"
"Sakinaw Lake",61,15,20,628,4,567,"49 deg 41 min","124 deg 02 min"
"Sakinaw Lake",61,15,20,628,5,665,"49 deg 41 min","124 deg 02 min"
"Sakinaw Lake",61,15,20,628,6,359,"49 deg 41 min","124 deg 02 min"
"Sakinaw Lake",61,15,20,628,7,840,"49 deg 41 min","124 deg 02 min"
"Sakinaw Lake",61,15,20,628,8,713,"49 deg 41 min","124 deg 02 min"
"Sakinaw Lake",61,15,20,628,9,738,"49 deg 41 min","124 deg 02 min"
"Sakinaw Lake",61,15,20,628,10,639,"49 deg 41 min","124 deg 02 min"
"Sakinaw Lake",61,15,20,628,11,139,"49 deg 41 min","124 deg 02 min"
"Sakinaw Lake",61,15,20,628,12,642,"49 deg 41 min","124 deg 02 min"
"Sakinaw Lake",61,15,20,628,13,429,"49 deg 41 min","124 deg 02 min"
"Sakinaw Lake",61,15,20,628,14,555,"49 deg 41 min","124 deg 02 min"
"Sakinaw Lake",61,20,30,525,1,43,"49 deg 41 min","124 deg 02 min"
"Sakinaw Lake",61,20,30,525,2,158,"49 deg 41 min","124 deg 02 min"
"Sakinaw Lake",61,20,30,525,3,800,"49 deg 41 min","124 deg 02 min"
"Sakinaw Lake",61,20,30,525,4,529,"49 deg 41 min","124 deg 02 min"
"Sakinaw Lake",61,20,30,525,5,640,"49 deg 41 min","124 deg 02 min"
"Sakinaw Lake",61,20,30,525,6,339,"49 deg 41 min","124 deg 02 min"
"Sakinaw Lake",61,20,30,525,7,825,"49 deg 41 min","124 deg 02 min"
"Sakinaw Lake",61,20,30,525,8,683,"49 deg 41 min","124 deg 02 min"
"Sakinaw Lake",61,20,30,525,9,704,"49 deg 41 min","124 deg 02 min"
"Sakinaw Lake",61,20,30,525,10,592,"49 deg 41 min","124 deg 02 min"
"Sakinaw Lake",61,20,30,525,11,100,"49 deg 41 min","124 deg 02 min"
"Sakinaw Lake",61,20,30,525,12,598,"49 deg 41 min","124 deg 02 min"
"Sakinaw Lake",61,20,30,525,13,381,"49 deg 41 min","124 deg 02 min"
"Sakinaw Lake",61,20,30,525,14,533,"49 deg 41 min","124 deg 02 min"
"Sakinaw Lake",61,30,40,422,1,0,"49 deg 41 min","124 deg 02 min"
"Sakinaw Lake",61,30,40,422,2,141,"49 deg 41 min","124 deg 02 min"
"Sakinaw Lake",61,30,40,422,3,772,"49 deg 41 min","124 deg 02 min"
"Sakinaw Lake",61,30,40,422,4,463,"49 deg 41 min","124 deg 02 min"
"Sakinaw Lake",61,30,40,422,5,539,"49 deg 41 min","124 deg 02 min"
"Sakinaw Lake",61,30,40,422,6,294,"49 deg 41 min","124 deg 02 min"
"Sakinaw Lake",61,30,40,422,7,799,"49 deg 41 min","124 deg 02 min"
"Sakinaw Lake",61,30,40,422,8,647,"49 deg 41 min","124 deg 02 min"
"Sakinaw Lake",61,30,40,422,9,680,"49 deg 41 min","124 deg 02 min"
"Sakinaw Lake",61,30,40,422,10,540,"49 deg 41 min","124 deg 02 min"
"Sakinaw Lake",61,30,40,422,11,65,"49 deg 41 min","124 deg 02 min"
"Sakinaw Lake",61,30,40,422,12,496,"49 deg 41 min","124 deg 02 min"
"Sakinaw Lake",61,30,40,422,13,329,"49 deg 41 min","124 deg 02 min"
"Sakinaw Lake",61,30,40,422,14,493,"49 deg 41 min","124 deg 02 min"
"Sakinaw Lake",61,40,50,358,1,0,"49 deg 41 min","124 deg 02 min"
"Sakinaw Lake",61,40,50,358,2,116,"49 deg 41 min","124 deg 02 min"
"Sakinaw Lake",61,40,50,358,3,733,"49 deg 41 min","124 deg 02 min"
"Sakinaw Lake",61,40,50,358,4,430,"49 deg 41 min","124 deg 02 min"
"Sakinaw Lake",61,40,50,358,5,504,"49 deg 41 min","124 deg 02 min"
"Sakinaw Lake",61,40,50,358,6,273,"49 deg 41 min","124 deg 02 min"
"Sakinaw Lake",61,40,50,358,7,764,"49 deg 41 min","124 deg 02 min"
"Sakinaw Lake",61,40,50,358,8,611,"49 deg 41 min","124 deg 02 min"
"Sakinaw Lake",61,40,50,358,9,632,"49 deg 41 min","124 deg 02 min"
"Sakinaw Lake",61,40,50,358,10,474,"49 deg 41 min","124 deg 02 min"
"Sakinaw Lake",61,40,50,358,11,0,"49 deg 41 min","124 deg 02 min"
"Sakinaw Lake",61,40,50,358,12,384,"49 deg 41 min","124 deg 02 min"
"Sakinaw Lake",61,40,50,358,13,114,"49 deg 41 min","124 deg 02 min"
"Sakinaw Lake",61,40,50,358,14,460,"49 deg 41 min","124 deg 02 min"
"Sand R",232,NA,NA,NA,NA,NA,NA,NA
"Schoen Lake",24,2,5,243,1,643,"50 deg 10 min","126 deg 16 min"
"Schoen Lake",24,2,5,243,2,945,"50 deg 10 min","126 deg 16 min"
"Schoen Lake",24,2,5,243,3,399,"50 deg 10 min","126 deg 16 min"
"Schoen Lake",24,2,5,243,4,805,"50 deg 10 min","126 deg 16 min"
"Schoen Lake",24,3,5,243,1,643,"50 deg 10 min","126 deg 16 min"
"Schoen Lake",24,3,5,243,2,945,"50 deg 10 min","126 deg 16 min"
"Schoen Lake",24,3,5,243,3,399,"50 deg 10 min","126 deg 16 min"
"Schoen Lake",24,3,5,243,4,805,"50 deg 10 min","126 deg 16 min"
"Schoen Lake",24,5,10,224,1,614,"50 deg 10 min","126 deg 16 min"
"Schoen Lake",24,5,10,224,2,902,"50 deg 10 min","126 deg 16 min"
"Schoen Lake",24,5,10,224,3,399,"50 deg 10 min","126 deg 16 min"
"Schoen Lake",24,5,10,224,4,795,"50 deg 10 min","126 deg 16 min"
"Schoen Lake",24,10,15,208,1,614,"50 deg 10 min","126 deg 16 min"
"Schoen Lake",24,10,15,208,2,807,"50 deg 10 min","126 deg 16 min"
"Schoen Lake",24,10,15,208,3,368,"50 deg 10 min","126 deg 16 min"
"Schoen Lake",24,10,15,208,4,786,"50 deg 10 min","126 deg 16 min"
"Schoen Lake",24,15,20,196,1,595,"50 deg 10 min","126 deg 16 min"
"Schoen Lake",24,15,20,196,2,687,"50 deg 10 min","126 deg 16 min"
"Schoen Lake",24,15,20,196,3,345,"50 deg 10 min","126 deg 16 min"
"Schoen Lake",24,15,20,196,4,776,"50 deg 10 min","126 deg 16 min"
"Schoen Lake",24,20,30,172,1,538,"50 deg 10 min","126 deg 16 min"
"Schoen Lake",24,20,30,172,2,601,"50 deg 10 min","126 deg 16 min"
"Schoen Lake",24,20,30,172,3,322,"50 deg 10 min","126 deg 16 min"
"Schoen Lake",24,20,30,172,4,701,"50 deg 10 min","126 deg 16 min"
"Schoen Lake",24,30,40,137,1,336,"50 deg 10 min","126 deg 16 min"
"Schoen Lake",24,30,40,137,2,472,"50 deg 10 min","126 deg 16 min"
"Schoen Lake",24,30,40,137,3,238,"50 deg 10 min","126 deg 16 min"
"Schoen Lake",24,30,40,137,4,634,"50 deg 10 min","126 deg 16 min"
"Schoen Lake",24,40,50,83,1,0,"50 deg 10 min","126 deg 16 min"
"Schoen Lake",24,40,50,83,2,412,"50 deg 10 min","126 deg 16 min"
"Schoen Lake",24,40,50,83,3,184,"50 deg 10 min","126 deg 16 min"
"Schoen Lake",24,40,50,83,4,549,"50 deg 10 min","126 deg 16 min"
"Schoen Lake",24,50,60,32,1,0,"50 deg 10 min","126 deg 16 min"
"Schoen Lake",24,50,60,32,2,0,"50 deg 10 min","126 deg 16 min"
"Schoen Lake",24,50,60,32,3,138,"50 deg 10 min","126 deg 16 min"
"Schoen Lake",24,50,60,32,4,454,"50 deg 10 min","126 deg 16 min"
"Sekulmun Lake",102,NA,NA,NA,NA,NA,"61 deg 26 min","137 deg 33 min"
"Seton Lake",85,NA,NA,NA,NA,NA,"50 deg 43 min","122 deg 10 min"
"Shuswap Lake",77,NA,NA,NA,NA,NA,"50 deg 57 min","119 deg 10 min"
"Simpson Lake",19,NA,NA,NA,NA,NA,"53 deg 37 min","129 deg 33 min"
"Skaha Lake",241,2,5,1946,1,2271,"49 deg 24 min","119 deg 35 min"
"Skaha Lake",241,2,5,1946,2,1750,"49 deg 24 min","119 deg 35 min"
"Skaha Lake",241,2,5,1946,3,1833,"49 deg 24 min","119 deg 35 min"
"Skaha Lake",241,2,5,1946,4,688,"49 deg 24 min","119 deg 35 min"
"Skaha Lake",241,2,5,1946,5,3021,"49 deg 24 min","119 deg 35 min"
"Skaha Lake",241,2,5,1946,6,2630,"49 deg 24 min","119 deg 35 min"
"Skaha Lake",241,2,5,1946,7,2580,"49 deg 24 min","119 deg 35 min"
"Skaha Lake",241,2,5,1946,8,1900,"49 deg 24 min","119 deg 35 min"
"Skaha Lake",241,2,5,1946,9,2740,"49 deg 24 min","119 deg 35 min"
"Skaha Lake",241,3,5,1635,1,2271,"49 deg 24 min","119 deg 35 min"
"Skaha Lake",241,3,5,1635,2,1732,"49 deg 24 min","119 deg 35 min"
"Skaha Lake",241,3,5,1635,3,1819,"49 deg 24 min","119 deg 35 min"
"Skaha Lake",241,3,5,1635,4,658,"49 deg 24 min","119 deg 35 min"
"Skaha Lake",241,3,5,1635,5,3021,"49 deg 24 min","119 deg 35 min"
"Skaha Lake",241,3,5,1635,6,2630,"49 deg 24 min","119 deg 35 min"
"Skaha Lake",241,3,5,1635,7,2580,"49 deg 24 min","119 deg 35 min"
"Skaha Lake",241,3,5,1635,8,1900,"49 deg 24 min","119 deg 35 min"
"Skaha Lake",241,3,5,1635,9,2740,"49 deg 24 min","119 deg 35 min"
"Skaha Lake",241,5,10,1503,1,2254,"49 deg 24 min","119 deg 35 min"
"Skaha Lake",241,5,10,1503,2,1710,"49 deg 24 min","119 deg 35 min"
"Skaha Lake",241,5,10,1503,3,1782,"49 deg 24 min","119 deg 35 min"
"Skaha Lake",241,5,10,1503,4,581,"49 deg 24 min","119 deg 35 min"
"Skaha Lake",241,5,10,1503,5,3021,"49 deg 24 min","119 deg 35 min"
"Skaha Lake",241,5,10,1503,6,2630,"49 deg 24 min","119 deg 35 min"
"Skaha Lake",241,5,10,1503,7,2464,"49 deg 24 min","119 deg 35 min"
"Skaha Lake",241,5,10,1503,8,1834,"49 deg 24 min","119 deg 35 min"
"Skaha Lake",241,5,10,1503,9,2657,"49 deg 24 min","119 deg 35 min"
"Skaha Lake",241,10,15,1342,1,2088,"49 deg 24 min","119 deg 35 min"
"Skaha Lake",241,10,15,1342,2,1674,"49 deg 24 min","119 deg 35 min"
"Skaha Lake",241,10,15,1342,3,1712,"49 deg 24 min","119 deg 35 min"
"Skaha Lake",241,10,15,1342,4,540,"49 deg 24 min","119 deg 35 min"
"Skaha Lake",241,10,15,1342,5,2944,"49 deg 24 min","119 deg 35 min"
"Skaha Lake",241,10,15,1342,6,2571,"49 deg 24 min","119 deg 35 min"
"Skaha Lake",241,10,15,1342,7,2377,"49 deg 24 min","119 deg 35 min"
"Skaha Lake",241,10,15,1342,8,1671,"49 deg 24 min","119 deg 35 min"
"Skaha Lake",241,10,15,1342,9,2468,"49 deg 24 min","119 deg 35 min"
"Skaha Lake",241,15,20,1129,1,1902,"49 deg 24 min","119 deg 35 min"
"Skaha Lake",241,15,20,1129,2,1624,"49 deg 24 min","119 deg 35 min"
"Skaha Lake",241,15,20,1129,3,1522,"49 deg 24 min","119 deg 35 min"
"Skaha Lake",241,15,20,1129,4,487,"49 deg 24 min","119 deg 35 min"
"Skaha Lake",241,15,20,1129,5,2732,"49 deg 24 min","119 deg 35 min"
"Skaha Lake",241,15,20,1129,6,2360,"49 deg 24 min","119 deg 35 min"
"Skaha Lake",241,15,20,1129,7,2196,"49 deg 24 min","119 deg 35 min"
"Skaha Lake",241,15,20,1129,8,1146,"49 deg 24 min","119 deg 35 min"
"Skaha Lake",241,15,20,1129,9,2158,"49 deg 24 min","119 deg 35 min"
"Skaha Lake",241,20,30,929,1,1822,"49 deg 24 min","119 deg 35 min"
"Skaha Lake",241,20,30,929,2,1548,"49 deg 24 min","119 deg 35 min"
"Skaha Lake",241,20,30,929,3,1410,"49 deg 24 min","119 deg 35 min"
"Skaha Lake",241,20,30,929,4,346,"49 deg 24 min","119 deg 35 min"
"Skaha Lake",241,20,30,929,5,2623,"49 deg 24 min","119 deg 35 min"
"Skaha Lake",241,20,30,929,6,2252,"49 deg 24 min","119 deg 35 min"
"Skaha Lake",241,20,30,929,7,2015,"49 deg 24 min","119 deg 35 min"
"Skaha Lake",241,20,30,929,8,1095,"49 deg 24 min","119 deg 35 min"
"Skaha Lake",241,20,30,929,9,1925,"49 deg 24 min","119 deg 35 min"
"Skaha Lake",241,30,40,736,1,1591,"49 deg 24 min","119 deg 35 min"
"Skaha Lake",241,30,40,736,2,1426,"49 deg 24 min","119 deg 35 min"
"Skaha Lake",241,30,40,736,3,1224,"49 deg 24 min","119 deg 35 min"
"Skaha Lake",241,30,40,736,4,0,"49 deg 24 min","119 deg 35 min"
"Skaha Lake",241,30,40,736,5,2360,"49 deg 24 min","119 deg 35 min"
"Skaha Lake",241,30,40,736,6,2004,"49 deg 24 min","119 deg 35 min"
"Skaha Lake",241,30,40,736,7,1268,"49 deg 24 min","119 deg 35 min"
"Skaha Lake",241,30,40,736,8,560,"49 deg 24 min","119 deg 35 min"
"Skaha Lake",241,30,40,736,9,1719,"49 deg 24 min","119 deg 35 min"
"Skaha Lake",241,40,50,664,1,1242,"49 deg 24 min","119 deg 35 min"
"Skaha Lake",241,40,50,664,2,1246,"49 deg 24 min","119 deg 35 min"
"Skaha Lake",241,40,50,664,3,791,"49 deg 24 min","119 deg 35 min"
"Skaha Lake",241,40,50,664,4,0,"49 deg 24 min","119 deg 35 min"
"Skaha Lake",241,40,50,664,5,2128,"49 deg 24 min","119 deg 35 min"
"Skaha Lake",241,40,50,664,6,1474,"49 deg 24 min","119 deg 35 min"
"Skaha Lake",241,40,50,664,7,0,"49 deg 24 min","119 deg 35 min"
"Skaha Lake",241,40,50,664,8,0,"49 deg 24 min","119 deg 35 min"
"Skaha Lake",241,40,50,664,9,0,"49 deg 24 min","119 deg 35 min"
"Skaha Lake",241,50,60,351,1,0,"49 deg 24 min","119 deg 35 min"
"Skaha Lake",241,50,60,351,2,674,"49 deg 24 min","119 deg 35 min"
"Skaha Lake",241,50,60,351,3,0,"49 deg 24 min","119 deg 35 min"
"Skaha Lake",241,50,60,351,4,0,"49 deg 24 min","119 deg 35 min"
"Skaha Lake",241,50,60,351,5,1095,"49 deg 24 min","119 deg 35 min"
"Skaha Lake",241,50,60,351,6,108,"49 deg 24 min","119 deg 35 min"
"Skaha Lake",241,50,60,351,7,0,"49 deg 24 min","119 deg 35 min"
"Skaha Lake",241,50,60,351,8,0,"49 deg 24 min","119 deg 35 min"
"Skaha Lake",241,50,60,351,9,0,"49 deg 24 min","119 deg 35 min"
"Skaha Lake",241,60,70,0,1,0,"49 deg 24 min","119 deg 35 min"
"Skaha Lake",241,60,70,0,2,0,"49 deg 24 min","119 deg 35 min"
"Skaha Lake",241,60,70,0,3,0,"49 deg 24 min","119 deg 35 min"
"Skaha Lake",241,60,70,0,4,0,"49 deg 24 min","119 deg 35 min"
"Skaha Lake",241,60,70,0,5,0,"49 deg 24 min","119 deg 35 min"
"Skaha Lake",241,60,70,0,6,0,"49 deg 24 min","119 deg 35 min"
"Skaha Lake",241,60,70,0,7,0,"49 deg 24 min","119 deg 35 min"
"Skaha Lake",241,60,70,0,8,0,"49 deg 24 min","119 deg 35 min"
"Skaha Lake",241,60,70,0,9,0,"49 deg 24 min","119 deg 35 min"
"Skaha_2007",255,2,5,1946,1,2271,NA,NA
"Skaha_2007",255,2,5,1946,2,1750,NA,NA
"Skaha_2007",255,2,5,1946,3,1833,NA,NA
"Skaha_2007",255,2,5,1946,4,688,NA,NA
"Skaha_2007",255,2,5,1946,5,3021,NA,NA
"Skaha_2007",255,2,5,1946,6,2630,NA,NA
"Skaha_2007",255,2,5,1946,7,2580,NA,NA
"Skaha_2007",255,2,5,1946,8,1900,NA,NA
"Skaha_2007",255,2,5,1946,9,2740,NA,NA
"Skaha_2007",255,2,5,1946,10,1284,NA,NA
"Skaha_2007",255,2,5,1946,11,800,NA,NA
"Skaha_2007",255,2,5,1946,12,2000,NA,NA
"Skaha_2007",255,2,5,1946,13,2100,NA,NA
"Skaha_2007",255,2,5,1946,14,2700,NA,NA
"Skaha_2007",255,2,5,1946,15,2700,NA,NA
"Skaha_2007",255,3,5,1635,1,2271,NA,NA
"Skaha_2007",255,3,5,1635,2,1732,NA,NA
"Skaha_2007",255,3,5,1635,3,1819,NA,NA
"Skaha_2007",255,3,5,1635,4,658,NA,NA
"Skaha_2007",255,3,5,1635,5,3021,NA,NA
"Skaha_2007",255,3,5,1635,6,2630,NA,NA
"Skaha_2007",255,3,5,1635,7,2580,NA,NA
"Skaha_2007",255,3,5,1635,8,1900,NA,NA
"Skaha_2007",255,3,5,1635,9,2740,NA,NA
"Skaha_2007",255,3,5,1635,10,1284,NA,NA
"Skaha_2007",255,3,5,1635,11,800,NA,NA
"Skaha_2007",255,3,5,1635,12,2000,NA,NA
"Skaha_2007",255,3,5,1635,13,2100,NA,NA
"Skaha_2007",255,3,5,1635,14,2700,NA,NA
"Skaha_2007",255,3,5,1635,15,2700,NA,NA
"Skaha_2007",255,5,10,1503,1,2254,NA,NA
"Skaha_2007",255,5,10,1503,2,1710,NA,NA
"Skaha_2007",255,5,10,1503,3,1782,NA,NA
"Skaha_2007",255,5,10,1503,4,581,NA,NA
"Skaha_2007",255,5,10,1503,5,3021,NA,NA
"Skaha_2007",255,5,10,1503,6,2630,NA,NA
"Skaha_2007",255,5,10,1503,7,2464,NA,NA
"Skaha_2007",255,5,10,1503,8,1834,NA,NA
"Skaha_2007",255,5,10,1503,9,2657,NA,NA
"Skaha_2007",255,5,10,1503,10,1260,NA,NA
"Skaha_2007",255,5,10,1503,11,786,NA,NA
"Skaha_2007",255,5,10,1503,12,2000,NA,NA
"Skaha_2007",255,5,10,1503,13,2100,NA,NA
"Skaha_2007",255,5,10,1503,14,2700,NA,NA
"Skaha_2007",255,5,10,1503,15,2700,NA,NA
"Skaha_2007",255,10,15,1342,1,2088,NA,NA
"Skaha_2007",255,10,15,1342,2,1674,NA,NA
"Skaha_2007",255,10,15,1342,3,1712,NA,NA
"Skaha_2007",255,10,15,1342,4,540,NA,NA
"Skaha_2007",255,10,15,1342,5,2944,NA,NA
"Skaha_2007",255,10,15,1342,6,2571,NA,NA
"Skaha_2007",255,10,15,1342,7,2377,NA,NA
"Skaha_2007",255,10,15,1342,8,1671,NA,NA
"Skaha_2007",255,10,15,1342,9,2468,NA,NA
"Skaha_2007",255,10,15,1342,10,1222,NA,NA
"Skaha_2007",255,10,15,1342,11,611,NA,NA
"Skaha_2007",255,10,15,1342,12,1973,NA,NA
"Skaha_2007",255,10,15,1342,13,2006,NA,NA
"Skaha_2007",255,10,15,1342,14,2629,NA,NA
"Skaha_2007",255,10,15,1342,15,2700,NA,NA
"Skaha_2007",255,15,20,1129,1,1902,NA,NA
"Skaha_2007",255,15,20,1129,2,1624,NA,NA
"Skaha_2007",255,15,20,1129,3,1522,NA,NA
"Skaha_2007",255,15,20,1129,4,487,NA,NA
"Skaha_2007",255,15,20,1129,5,2732,NA,NA
"Skaha_2007",255,15,20,1129,6,2360,NA,NA
"Skaha_2007",255,15,20,1129,7,2196,NA,NA
"Skaha_2007",255,15,20,1129,8,1146,NA,NA
"Skaha_2007",255,15,20,1129,9,2158,NA,NA
"Skaha_2007",255,15,20,1129,10,1176,NA,NA
"Skaha_2007",255,15,20,1129,11,546,NA,NA
"Skaha_2007",255,15,20,1129,12,1635,NA,NA
"Skaha_2007",255,15,20,1129,13,1936,NA,NA
"Skaha_2007",255,15,20,1129,14,2414,NA,NA
"Skaha_2007",255,15,20,1129,15,2569,NA,NA
"Skaha_2007",255,20,30,929,1,1822,NA,NA
"Skaha_2007",255,20,30,929,2,1548,NA,NA
"Skaha_2007",255,20,30,929,3,1410,NA,NA
"Skaha_2007",255,20,30,929,4,346,NA,NA
"Skaha_2007",255,20,30,929,5,2623,NA,NA
"Skaha_2007",255,20,30,929,6,2252,NA,NA
"Skaha_2007",255,20,30,929,7,2015,NA,NA
"Skaha_2007",255,20,30,929,8,1095,NA,NA
"Skaha_2007",255,20,30,929,9,1925,NA,NA
"Skaha_2007",255,20,30,929,10,700,NA,NA
"Skaha_2007",255,20,30,929,11,487,NA,NA
"Skaha_2007",255,20,30,929,12,1342,NA,NA
"Skaha_2007",255,20,30,929,13,1818,NA,NA
"Skaha_2007",255,20,30,929,14,2314,NA,NA
"Skaha_2007",255,20,30,929,15,2450,NA,NA
"Skaha_2007",255,30,40,736,1,1591,NA,NA
"Skaha_2007",255,30,40,736,2,1426,NA,NA
"Skaha_2007",255,30,40,736,3,1224,NA,NA
"Skaha_2007",255,30,40,736,4,0,NA,NA
"Skaha_2007",255,30,40,736,5,2360,NA,NA
"Skaha_2007",255,30,40,736,6,2004,NA,NA
"Skaha_2007",255,30,40,736,7,1268,NA,NA
"Skaha_2007",255,30,40,736,8,560,NA,NA
"Skaha_2007",255,30,40,736,9,1719,NA,NA
"Skaha_2007",255,30,40,736,10,0,NA,NA
"Skaha_2007",255,30,40,736,11,385,NA,NA
"Skaha_2007",255,30,40,736,12,384,NA,NA
"Skaha_2007",255,30,40,736,13,1443,NA,NA
"Skaha_2007",255,30,40,736,14,1900,NA,NA
"Skaha_2007",255,30,40,736,15,1998,NA,NA
"Skaha_2007",255,40,50,664,1,1242,NA,NA
"Skaha_2007",255,40,50,664,2,1246,NA,NA
"Skaha_2007",255,40,50,664,3,791,NA,NA
"Skaha_2007",255,40,50,664,4,0,NA,NA
"Skaha_2007",255,40,50,664,5,2128,NA,NA
"Skaha_2007",255,40,50,664,6,1474,NA,NA
"Skaha_2007",255,40,50,664,7,0,NA,NA
"Skaha_2007",255,40,50,664,8,0,NA,NA
"Skaha_2007",255,40,50,664,9,1159,NA,NA
"Skaha_2007",255,40,50,664,10,0,NA,NA
"Skaha_2007",255,40,50,664,11,0,NA,NA
"Skaha_2007",255,40,50,664,12,0,NA,NA
"Skaha_2007",255,40,50,664,13,1079,NA,NA
"Skaha_2007",255,40,50,664,14,1386,NA,NA
"Skaha_2007",255,40,50,664,15,345,NA,NA
"Skaha_2007",255,50,60,351,1,0,NA,NA
"Skaha_2007",255,50,60,351,2,674,NA,NA
"Skaha_2007",255,50,60,351,3,0,NA,NA
"Skaha_2007",255,50,60,351,4,0,NA,NA
"Skaha_2007",255,50,60,351,5,1095,NA,NA
"Skaha_2007",255,50,60,351,6,108,NA,NA
"Skaha_2007",255,50,60,351,7,0,NA,NA
"Skaha_2007",255,50,60,351,8,0,NA,NA
"Skaha_2007",255,50,60,351,9,0,NA,NA
"Skaha_2007",255,50,60,351,10,0,NA,NA
"Skaha_2007",255,50,60,351,11,0,NA,NA
"Skaha_2007",255,50,60,351,12,0,NA,NA
"Skaha_2007",255,50,60,351,13,0,NA,NA
"Skaha_2007",255,50,60,351,14,0,NA,NA
"Skaha_2007",255,50,60,351,15,0,NA,NA
"Skaha_2007",255,60,70,0,1,0,NA,NA
"Skaha_2007",255,60,70,0,2,0,NA,NA
"Skaha_2007",255,60,70,0,3,0,NA,NA
"Skaha_2007",255,60,70,0,4,0,NA,NA
"Skaha_2007",255,60,70,0,5,0,NA,NA
"Skaha_2007",255,60,70,0,6,0,NA,NA
"Skaha_2007",255,60,70,0,7,0,NA,NA
"Skaha_2007",255,60,70,0,8,0,NA,NA
"Skaha_2007",255,60,70,0,9,0,NA,NA
"Skaha_2007",255,60,70,0,10,0,NA,NA
"Skaha_2007",255,60,70,0,11,0,NA,NA
"Skaha_2007",255,60,70,0,12,0,NA,NA
"Skaha_2007",255,60,70,0,13,0,NA,NA
"Skaha_2007",255,60,70,0,14,0,NA,NA
"Skaha_2007",255,60,70,0,15,0,NA,NA
"Skidegate Lake",62,NA,NA,NA,NA,NA,"53 deg 05 min","131 deg 56 min"
"Skidegate Lake NE",156,2,5,378,1,801,"53 deg 05 min","131 deg 54 min"
"Skidegate Lake NE",156,2,5,378,2,1770,"53 deg 05 min","131 deg 54 min"
"Skidegate Lake NE",156,2,5,378,3,864,"53 deg 05 min","131 deg 54 min"
"Skidegate Lake NE",156,2,5,378,4,1957,"53 deg 05 min","131 deg 54 min"
"Skidegate Lake NE",156,2,5,378,5,926,"53 deg 05 min","131 deg 54 min"
"Skidegate Lake NE",156,2,5,378,6,1490,"53 deg 05 min","131 deg 54 min"
"Skidegate Lake NE",156,2,5,378,7,1037,"53 deg 05 min","131 deg 54 min"
"Skidegate Lake NE",156,3,5,378,1,801,"53 deg 05 min","131 deg 54 min"
"Skidegate Lake NE",156,3,5,378,2,1770,"53 deg 05 min","131 deg 54 min"
"Skidegate Lake NE",156,3,5,378,3,864,"53 deg 05 min","131 deg 54 min"
"Skidegate Lake NE",156,3,5,378,4,1957,"53 deg 05 min","131 deg 54 min"
"Skidegate Lake NE",156,3,5,378,5,926,"53 deg 05 min","131 deg 54 min"
"Skidegate Lake NE",156,3,5,378,6,1490,"53 deg 05 min","131 deg 54 min"
"Skidegate Lake NE",156,3,5,378,7,1037,"53 deg 05 min","131 deg 54 min"
"Skidegate Lake NE",156,5,10,314,1,724,"53 deg 05 min","131 deg 54 min"
"Skidegate Lake NE",156,5,10,314,2,1606,"53 deg 05 min","131 deg 54 min"
"Skidegate Lake NE",156,5,10,314,3,844,"53 deg 05 min","131 deg 54 min"
"Skidegate Lake NE",156,5,10,314,4,1919,"53 deg 05 min","131 deg 54 min"
"Skidegate Lake NE",156,5,10,314,5,858,"53 deg 05 min","131 deg 54 min"
"Skidegate Lake NE",156,5,10,314,6,1422,"53 deg 05 min","131 deg 54 min"
"Skidegate Lake NE",156,5,10,314,7,1015,"53 deg 05 min","131 deg 54 min"
"Skidegate Lake NE",156,10,15,235,1,166,"53 deg 05 min","131 deg 54 min"
"Skidegate Lake NE",156,10,15,235,2,1340,"53 deg 05 min","131 deg 54 min"
"Skidegate Lake NE",156,10,15,235,3,725,"53 deg 05 min","131 deg 54 min"
"Skidegate Lake NE",156,10,15,235,4,1473,"53 deg 05 min","131 deg 54 min"
"Skidegate Lake NE",156,10,15,235,5,573,"53 deg 05 min","131 deg 54 min"
"Skidegate Lake NE",156,10,15,235,6,1252,"53 deg 05 min","131 deg 54 min"
"Skidegate Lake NE",156,10,15,235,7,827,"53 deg 05 min","131 deg 54 min"
"Skidegate Lake NE",156,15,20,188,1,0,"53 deg 05 min","131 deg 54 min"
"Skidegate Lake NE",156,15,20,188,2,1130,"53 deg 05 min","131 deg 54 min"
"Skidegate Lake NE",156,15,20,188,3,387,"53 deg 05 min","131 deg 54 min"
"Skidegate Lake NE",156,15,20,188,4,638,"53 deg 05 min","131 deg 54 min"
"Skidegate Lake NE",156,15,20,188,5,164,"53 deg 05 min","131 deg 54 min"
"Skidegate Lake NE",156,15,20,188,6,0,"53 deg 05 min","131 deg 54 min"
"Skidegate Lake NE",156,15,20,188,7,630,"53 deg 05 min","131 deg 54 min"
"Skidegate Lake SW",155,2,5,211,1,486,"53 deg 05 min","131 deg 58 min"
"Skidegate Lake SW",155,2,5,211,2,780,"53 deg 05 min","131 deg 58 min"
"Skidegate Lake SW",155,2,5,211,3,1012,"53 deg 05 min","131 deg 58 min"
"Skidegate Lake SW",155,3,5,211,1,486,"53 deg 05 min","131 deg 58 min"
"Skidegate Lake SW",155,3,5,211,2,780,"53 deg 05 min","131 deg 58 min"
"Skidegate Lake SW",155,3,5,211,3,1012,"53 deg 05 min","131 deg 58 min"
"Skidegate Lake SW",155,5,10,148,1,388,"53 deg 05 min","131 deg 58 min"
"Skidegate Lake SW",155,5,10,148,2,373,"53 deg 05 min","131 deg 58 min"
"Skidegate Lake SW",155,5,10,148,3,845,"53 deg 05 min","131 deg 58 min"
"Smokehouse Ck",191,NA,NA,NA,NA,NA,NA,NA
"Snafu Lake",103,NA,NA,NA,NA,NA,"60 deg 11 min","133 deg 26 min"
"Somass River",140,NA,NA,NA,NA,NA,"49 deg 14 min","124 deg 49 min"
"Sproat Lake",2,2,5,3775,1,630,"49 deg 14 min","125 deg 06 min"
"Sproat Lake",2,2,5,3775,2,1060,"49 deg 14 min","125 deg 06 min"
"Sproat Lake",2,2,5,3775,3,1060,"49 deg 14 min","125 deg 06 min"
"Sproat Lake",2,2,5,3775,4,1650,"49 deg 14 min","125 deg 06 min"
"Sproat Lake",2,2,5,3775,5,1150,"49 deg 14 min","125 deg 06 min"
"Sproat Lake",2,2,5,3775,6,860,"49 deg 14 min","125 deg 06 min"
"Sproat Lake",2,2,5,3775,7,765,"49 deg 14 min","125 deg 06 min"
"Sproat Lake",2,2,5,3775,8,1500,"49 deg 14 min","125 deg 06 min"
"Sproat Lake",2,2,5,3775,9,1025,"49 deg 14 min","125 deg 06 min"
"Sproat Lake",2,2,5,3775,10,1540,"49 deg 14 min","125 deg 06 min"
"Sproat Lake",2,2,5,3775,11,1400,"49 deg 14 min","125 deg 06 min"
"Sproat Lake",2,3,5,3775,1,630,"49 deg 14 min","125 deg 06 min"
"Sproat Lake",2,3,5,3775,2,1060,"49 deg 14 min","125 deg 06 min"
"Sproat Lake",2,3,5,3775,3,1060,"49 deg 14 min","125 deg 06 min"
"Sproat Lake",2,3,5,3775,4,1650,"49 deg 14 min","125 deg 06 min"
"Sproat Lake",2,3,5,3775,5,1150,"49 deg 14 min","125 deg 06 min"
"Sproat Lake",2,3,5,3775,6,860,"49 deg 14 min","125 deg 06 min"
"Sproat Lake",2,3,5,3775,7,765,"49 deg 14 min","125 deg 06 min"
"Sproat Lake",2,3,5,3775,8,1500,"49 deg 14 min","125 deg 06 min"
"Sproat Lake",2,3,5,3775,9,1025,"49 deg 14 min","125 deg 06 min"
"Sproat Lake",2,3,5,3775,10,1540,"49 deg 14 min","125 deg 06 min"
"Sproat Lake",2,3,5,3775,11,1400,"49 deg 14 min","125 deg 06 min"
"Sproat Lake",2,5,10,3725,1,630,"49 deg 14 min","125 deg 06 min"
"Sproat Lake",2,5,10,3725,2,1060,"49 deg 14 min","125 deg 06 min"
"Sproat Lake",2,5,10,3725,3,1060,"49 deg 14 min","125 deg 06 min"
"Sproat Lake",2,5,10,3725,4,1650,"49 deg 14 min","125 deg 06 min"
"Sproat Lake",2,5,10,3725,5,1150,"49 deg 14 min","125 deg 06 min"
"Sproat Lake",2,5,10,3725,6,825,"49 deg 14 min","125 deg 06 min"
"Sproat Lake",2,5,10,3725,7,760,"49 deg 14 min","125 deg 06 min"
"Sproat Lake",2,5,10,3725,8,1490,"49 deg 14 min","125 deg 06 min"
"Sproat Lake",2,5,10,3725,9,1000,"49 deg 14 min","125 deg 06 min"
"Sproat Lake",2,5,10,3725,10,1410,"49 deg 14 min","125 deg 06 min"
"Sproat Lake",2,5,10,3725,11,1380,"49 deg 14 min","125 deg 06 min"
"Sproat Lake",2,10,15,3675,1,620,"49 deg 14 min","125 deg 06 min"
"Sproat Lake",2,10,15,3675,2,1054,"49 deg 14 min","125 deg 06 min"
"Sproat Lake",2,10,15,3675,3,1048,"49 deg 14 min","125 deg 06 min"
"Sproat Lake",2,10,15,3675,4,1642,"49 deg 14 min","125 deg 06 min"
"Sproat Lake",2,10,15,3675,5,1140,"49 deg 14 min","125 deg 06 min"
"Sproat Lake",2,10,15,3675,6,800,"49 deg 14 min","125 deg 06 min"
"Sproat Lake",2,10,15,3675,7,755,"49 deg 14 min","125 deg 06 min"
"Sproat Lake",2,10,15,3675,8,1485,"49 deg 14 min","125 deg 06 min"
"Sproat Lake",2,10,15,3675,9,955,"49 deg 14 min","125 deg 06 min"
"Sproat Lake",2,10,15,3675,10,1300,"49 deg 14 min","125 deg 06 min"
"Sproat Lake",2,10,15,3675,11,1270,"49 deg 14 min","125 deg 06 min"
"Sproat Lake",2,15,20,3580,1,610,"49 deg 14 min","125 deg 06 min"
"Sproat Lake",2,15,20,3580,2,1050,"49 deg 14 min","125 deg 06 min"
"Sproat Lake",2,15,20,3580,3,1027,"49 deg 14 min","125 deg 06 min"
"Sproat Lake",2,15,20,3580,4,1640,"49 deg 14 min","125 deg 06 min"
"Sproat Lake",2,15,20,3580,5,1130,"49 deg 14 min","125 deg 06 min"
"Sproat Lake",2,15,20,3580,6,755,"49 deg 14 min","125 deg 06 min"
"Sproat Lake",2,15,20,3580,7,750,"49 deg 14 min","125 deg 06 min"
"Sproat Lake",2,15,20,3580,8,1480,"49 deg 14 min","125 deg 06 min"
"Sproat Lake",2,15,20,3580,9,935,"49 deg 14 min","125 deg 06 min"
"Sproat Lake",2,15,20,3580,10,1300,"49 deg 14 min","125 deg 06 min"
"Sproat Lake",2,15,20,3580,11,1050,"49 deg 14 min","125 deg 06 min"
"Sproat Lake",2,20,30,3375,1,600,"49 deg 14 min","125 deg 06 min"
"Sproat Lake",2,20,30,3375,2,1042,"49 deg 14 min","125 deg 06 min"
"Sproat Lake",2,20,30,3375,3,1010,"49 deg 14 min","125 deg 06 min"
"Sproat Lake",2,20,30,3375,4,1631,"49 deg 14 min","125 deg 06 min"
"Sproat Lake",2,20,30,3375,5,1120,"49 deg 14 min","125 deg 06 min"
"Sproat Lake",2,20,30,3375,6,750,"49 deg 14 min","125 deg 06 min"
"Sproat Lake",2,20,30,3375,7,725,"49 deg 14 min","125 deg 06 min"
"Sproat Lake",2,20,30,3375,8,1440,"49 deg 14 min","125 deg 06 min"
"Sproat Lake",2,20,30,3375,9,890,"49 deg 14 min","125 deg 06 min"
"Sproat Lake",2,20,30,3375,10,1110,"49 deg 14 min","125 deg 06 min"
"Sproat Lake",2,20,30,3375,11,1030,"49 deg 14 min","125 deg 06 min"
"Sproat Lake",2,30,40,3070,1,540,"49 deg 14 min","125 deg 06 min"
"Sproat Lake",2,30,40,3070,2,1000,"49 deg 14 min","125 deg 06 min"
"Sproat Lake",2,30,40,3070,3,990,"49 deg 14 min","125 deg 06 min"
"Sproat Lake",2,30,40,3070,4,1590,"49 deg 14 min","125 deg 06 min"
"Sproat Lake",2,30,40,3070,5,1090,"49 deg 14 min","125 deg 06 min"
"Sproat Lake",2,30,40,3070,6,385,"49 deg 14 min","125 deg 06 min"
"Sproat Lake",2,30,40,3070,7,695,"49 deg 14 min","125 deg 06 min"
"Sproat Lake",2,30,40,3070,8,1400,"49 deg 14 min","125 deg 06 min"
"Sproat Lake",2,30,40,3070,9,840,"49 deg 14 min","125 deg 06 min"
"Sproat Lake",2,30,40,3070,10,1070,"49 deg 14 min","125 deg 06 min"
"Sproat Lake",2,30,40,3070,11,820,"49 deg 14 min","125 deg 06 min"
"Sproat Lake",2,40,50,2875,1,520,"49 deg 14 min","125 deg 06 min"
"Sproat Lake",2,40,50,2875,2,956,"49 deg 14 min","125 deg 06 min"
"Sproat Lake",2,40,50,2875,3,950,"49 deg 14 min","125 deg 06 min"
"Sproat Lake",2,40,50,2875,4,1540,"49 deg 14 min","125 deg 06 min"
"Sproat Lake",2,40,50,2875,5,1060,"49 deg 14 min","125 deg 06 min"
"Sproat Lake",2,40,50,2875,6,290,"49 deg 14 min","125 deg 06 min"
"Sproat Lake",2,40,50,2875,7,660,"49 deg 14 min","125 deg 06 min"
"Sproat Lake",2,40,50,2875,8,1360,"49 deg 14 min","125 deg 06 min"
"Sproat Lake",2,40,50,2875,9,735,"49 deg 14 min","125 deg 06 min"
"Sproat Lake",2,40,50,2875,10,958,"49 deg 14 min","125 deg 06 min"
"Sproat Lake",2,40,50,2875,11,593,"49 deg 14 min","125 deg 06 min"
"Sproat Lake",2,50,60,2645,1,480,"49 deg 14 min","125 deg 06 min"
"Sproat Lake",2,50,60,2645,2,933,"49 deg 14 min","125 deg 06 min"
"Sproat Lake",2,50,60,2645,3,940,"49 deg 14 min","125 deg 06 min"
"Sproat Lake",2,50,60,2645,4,1430,"49 deg 14 min","125 deg 06 min"
"Sproat Lake",2,50,60,2645,5,1030,"49 deg 14 min","125 deg 06 min"
"Sproat Lake",2,50,60,2645,6,225,"49 deg 14 min","125 deg 06 min"
"Sproat Lake",2,50,60,2645,7,640,"49 deg 14 min","125 deg 06 min"
"Sproat Lake",2,50,60,2645,8,1310,"49 deg 14 min","125 deg 06 min"
"Sproat Lake",2,50,60,2645,9,665,"49 deg 14 min","125 deg 06 min"
"Sproat Lake",2,50,60,2645,10,884,"49 deg 14 min","125 deg 06 min"
"Sproat Lake",2,50,60,2645,11,300,"49 deg 14 min","125 deg 06 min"
"Sproat Lake",2,60,70,2465,1,460,"49 deg 14 min","125 deg 06 min"
"Sproat Lake",2,60,70,2465,2,930,"49 deg 14 min","125 deg 06 min"
"Sproat Lake",2,60,70,2465,3,930,"49 deg 14 min","125 deg 06 min"
"Sproat Lake",2,60,70,2465,4,1350,"49 deg 14 min","125 deg 06 min"
"Sproat Lake",2,60,70,2465,5,960,"49 deg 14 min","125 deg 06 min"
"Sproat Lake",2,60,70,2465,6,185,"49 deg 14 min","125 deg 06 min"
"Sproat Lake",2,60,70,2465,7,560,"49 deg 14 min","125 deg 06 min"
"Sproat Lake",2,60,70,2465,8,1295,"49 deg 14 min","125 deg 06 min"
"Sproat Lake",2,60,70,2465,9,605,"49 deg 14 min","125 deg 06 min"
"Sproat Lake",2,60,70,2465,10,820,"49 deg 14 min","125 deg 06 min"
"Sproat Lake",2,60,70,2465,11,0,"49 deg 14 min","125 deg 06 min"
"Sproat Lake",2,70,80,1410,1,427,"49 deg 14 min","125 deg 06 min"
"Sproat Lake",2,70,80,1410,2,913,"49 deg 14 min","125 deg 06 min"
"Sproat Lake",2,70,80,1410,3,910,"49 deg 14 min","125 deg 06 min"
"Sproat Lake",2,70,80,1410,4,1250,"49 deg 14 min","125 deg 06 min"
"Sproat Lake",2,70,80,1410,5,875,"49 deg 14 min","125 deg 06 min"
"Sproat Lake",2,70,80,1410,6,0,"49 deg 14 min","125 deg 06 min"
"Sproat Lake",2,70,80,1410,7,0,"49 deg 14 min","125 deg 06 min"
"Sproat Lake",2,70,80,1410,8,1285,"49 deg 14 min","125 deg 06 min"
"Sproat Lake",2,70,80,1410,9,0,"49 deg 14 min","125 deg 06 min"
"Sproat Lake",2,70,80,1410,10,710,"49 deg 14 min","125 deg 06 min"
"Sproat Lake",2,70,80,1410,11,0,"49 deg 14 min","125 deg 06 min"
"Sproat Lake (Outlt)",164,NA,NA,NA,NA,NA,"49 deg 16 min","124 deg 59 min"
"Sproat Lake (Strlng)",163,NA,NA,NA,NA,NA,"49 deg 15 min","124 deg 55 min"
"Sproat Lake (Taylor)",160,NA,NA,NA,NA,NA,"49 deg 17 min","125 deg 03 min"
"Sproat Lake (Two R)",159,2,5,616,1,765,"49 deg 15 min","125 deg 00 min"
"Sproat Lake (Two R)",159,2,5,616,2,1500,"49 deg 15 min","125 deg 00 min"
"Sproat Lake (Two R)",159,3,5,616,1,765,"49 deg 15 min","125 deg 00 min"
"Sproat Lake (Two R)",159,3,5,616,2,1500,"49 deg 15 min","125 deg 00 min"
"Sproat Lake (Two R)",159,5,10,608,1,760,"49 deg 15 min","125 deg 00 min"
"Sproat Lake (Two R)",159,5,10,608,2,1490,"49 deg 15 min","125 deg 00 min"
"Sproat Lake (Two R)",159,10,15,600,1,755,"49 deg 15 min","125 deg 00 min"
"Sproat Lake (Two R)",159,10,15,600,2,1485,"49 deg 15 min","125 deg 00 min"
"Sproat Lake (Two R)",159,15,20,585,1,750,"49 deg 15 min","125 deg 00 min"
"Sproat Lake (Two R)",159,15,20,585,2,1480,"49 deg 15 min","125 deg 00 min"
"Sproat Lake (Two R)",159,20,30,552,1,725,"49 deg 15 min","125 deg 00 min"
"Sproat Lake (Two R)",159,20,30,552,2,1440,"49 deg 15 min","125 deg 00 min"
"Sproat Lake (Two R)",159,30,40,502,1,695,"49 deg 15 min","125 deg 00 min"
"Sproat Lake (Two R)",159,30,40,502,2,1400,"49 deg 15 min","125 deg 00 min"
"Sproat Lake (Two R)",159,40,50,470,1,660,"49 deg 15 min","125 deg 00 min"
"Sproat Lake (Two R)",159,40,50,470,2,1360,"49 deg 15 min","125 deg 00 min"
"Sproat Lake (Two R)",159,50,60,432,1,640,"49 deg 15 min","125 deg 00 min"
"Sproat Lake (Two R)",159,50,60,432,2,1310,"49 deg 15 min","125 deg 00 min"
"Sproat Lake (Two R)",159,60,70,403,1,560,"49 deg 15 min","125 deg 00 min"
"Sproat Lake (Two R)",159,60,70,403,2,1295,"49 deg 15 min","125 deg 00 min"
"Sproat Lake (Two R)",159,70,80,230,1,0,"49 deg 15 min","125 deg 00 min"
"Sproat Lake (Two R)",159,70,80,230,2,1285,"49 deg 15 min","125 deg 00 min"
"Sproat Narrows",194,NA,NA,NA,NA,NA,NA,NA
"Sproat River",142,NA,NA,NA,NA,NA,"49 deg 18 min","124 deg 53 min"
"Squalicum Lake",138,2,5,197.4,1,352,"48 deg 45 min","124 deg 49 min"
"Squalicum Lake",138,2,5,197.4,2,472,"48 deg 45 min","124 deg 49 min"
"Squalicum Lake",138,2,5,197.4,3,849,"48 deg 45 min","124 deg 49 min"
"Squalicum Lake",138,2,5,197.4,4,672,"48 deg 45 min","124 deg 49 min"
"Squalicum Lake",138,2,5,197.4,5,636,"48 deg 45 min","124 deg 49 min"
"Squalicum Lake",138,3,5,0,1,0,"48 deg 45 min","124 deg 49 min"
"Squalicum Lake",138,3,5,0,2,0,"48 deg 45 min","124 deg 49 min"
"Squalicum Lake",138,3,5,0,3,0,"48 deg 45 min","124 deg 49 min"
"Squalicum Lake",138,3,5,0,4,0,"48 deg 45 min","124 deg 49 min"
"Squalicum Lake",138,3,5,0,5,0,"48 deg 45 min","124 deg 49 min"
"Squalicum Lake",138,5,10,181,1,328,"48 deg 45 min","124 deg 49 min"
"Squalicum Lake",138,5,10,181,2,454,"48 deg 45 min","124 deg 49 min"
"Squalicum Lake",138,5,10,181,3,807,"48 deg 45 min","124 deg 49 min"
"Squalicum Lake",138,5,10,181,4,629,"48 deg 45 min","124 deg 49 min"
"Squalicum Lake",138,5,10,181,5,590,"48 deg 45 min","124 deg 49 min"
"Squalicum Lake",138,10,15,164.6,1,300,"48 deg 45 min","124 deg 49 min"
"Squalicum Lake",138,10,15,164.6,2,437,"48 deg 45 min","124 deg 49 min"
"Squalicum Lake",138,10,15,164.6,3,767,"48 deg 45 min","124 deg 49 min"
"Squalicum Lake",138,10,15,164.6,4,570,"48 deg 45 min","124 deg 49 min"
"Squalicum Lake",138,10,15,164.6,5,503,"48 deg 45 min","124 deg 49 min"
"Squalicum Lake",138,15,20,150.5,1,236,"48 deg 45 min","124 deg 49 min"
"Squalicum Lake",138,15,20,150.5,2,414,"48 deg 45 min","124 deg 49 min"
"Squalicum Lake",138,15,20,150.5,3,723,"48 deg 45 min","124 deg 49 min"
"Squalicum Lake",138,15,20,150.5,4,549,"48 deg 45 min","124 deg 49 min"
"Squalicum Lake",138,15,20,150.5,5,379,"48 deg 45 min","124 deg 49 min"
"Squalicum Lake",138,20,30,122.2,1,115,"48 deg 45 min","124 deg 49 min"
"Squalicum Lake",138,20,30,122.2,2,270,"48 deg 45 min","124 deg 49 min"
"Squalicum Lake",138,20,30,122.2,3,633,"48 deg 45 min","124 deg 49 min"
"Squalicum Lake",138,20,30,122.2,4,505,"48 deg 45 min","124 deg 49 min"
"Squalicum Lake",138,20,30,122.2,5,220,"48 deg 45 min","124 deg 49 min"
"Squalicum Lake",138,30,40,87.3,1,0,"48 deg 45 min","124 deg 49 min"
"Squalicum Lake",138,30,40,87.3,2,66,"48 deg 45 min","124 deg 49 min"
"Squalicum Lake",138,30,40,87.3,3,505,"48 deg 45 min","124 deg 49 min"
"Squalicum Lake",138,30,40,87.3,4,471,"48 deg 45 min","124 deg 49 min"
"Squalicum Lake",138,30,40,87.3,5,142,"48 deg 45 min","124 deg 49 min"
"Squalicum Lake",138,40,50,55.3,1,0,"48 deg 45 min","124 deg 49 min"
"Squalicum Lake",138,40,50,55.3,2,0,"48 deg 45 min","124 deg 49 min"
"Squalicum Lake",138,40,50,55.3,3,442,"48 deg 45 min","124 deg 49 min"
"Squalicum Lake",138,40,50,55.3,4,426,"48 deg 45 min","124 deg 49 min"
"Squalicum Lake",138,40,50,55.3,5,54,"48 deg 45 min","124 deg 49 min"
"Squalicum Lake",138,50,60,31,1,0,"48 deg 45 min","124 deg 49 min"
"Squalicum Lake",138,50,60,31,2,0,"48 deg 45 min","124 deg 49 min"
"Squalicum Lake",138,50,60,31,3,333,"48 deg 45 min","124 deg 49 min"
"Squalicum Lake",138,50,60,31,4,320,"48 deg 45 min","124 deg 49 min"
"Squalicum Lake",138,50,60,31,5,0,"48 deg 45 min","124 deg 49 min"
"Stamp Falls",125,NA,NA,NA,NA,NA,"49 deg 20 min","124 deg 55 min"
"Stamp R",9,NA,NA,NA,NA,NA,"49 deg 19 min","124 deg 55 min"
"Stephens Lake",14,NA,NA,NA,NA,NA,"55 deg 45 min","128 deg 35 min"
"Stuart Lake",63,NA,NA,NA,NA,NA,"54 deg 36 min","124 deg 45 min"
"Sustut Lake",225,2,5,174.1,1,352.9,NA,NA
"Sustut Lake",225,2,5,174.1,2,409,NA,NA
"Sustut Lake",225,2,5,174.1,3,440.5,NA,NA
"Sustut Lake",225,2,5,174.1,4,392.1,NA,NA
"Sustut Lake",225,2,5,174.1,5,276.5,NA,NA
"Sustut Lake",225,3,5,174.1,1,353.9,NA,NA
"Sustut Lake",225,3,5,174.1,2,409,NA,NA
"Sustut Lake",225,3,5,174.1,3,440.5,NA,NA
"Sustut Lake",225,3,5,174.1,4,392.1,NA,NA
"Sustut Lake",225,3,5,174.1,5,276.5,NA,NA
"Sustut Lake",225,5,10,88.5,1,161.4,NA,NA
"Sustut Lake",225,5,10,88.5,2,176.1,NA,NA
"Sustut Lake",225,5,10,88.5,3,333.4,NA,NA
"Sustut Lake",225,5,10,88.5,4,164.7,NA,NA
"Sustut Lake",225,5,10,88.5,5,111.4,NA,NA
"Sustut Lake",225,10,15,19.5,1,0,NA,NA
"Sustut Lake",225,10,15,19.5,2,0,NA,NA
"Sustut Lake",225,10,15,19.5,3,197.2,NA,NA
"Sustut Lake",225,10,15,19.5,4,0,NA,NA
"Sustut Lake",225,10,15,19.5,5,0,NA,NA
"Sustut Lake",225,15,20,6,1,0,NA,NA
"Sustut Lake",225,15,20,6,2,0,NA,NA
"Sustut Lake",225,15,20,6,3,71.3,NA,NA
"Sustut Lake",225,15,20,6,4,0,NA,NA
"Sustut Lake",225,15,20,6,5,0,NA,NA
"Swale Rock",204,NA,NA,NA,NA,NA,NA,NA
"Swan Lake",13,2,5,1593,1,976,"55 deg 46 min","128 deg 39 min"
"Swan Lake",13,2,5,1593,2,1658,"55 deg 46 min","128 deg 39 min"
"Swan Lake",13,2,5,1593,3,1236,"55 deg 46 min","128 deg 39 min"
"Swan Lake",13,2,5,1593,4,755,"55 deg 46 min","128 deg 39 min"
"Swan Lake",13,2,5,1593,5,2419,"55 deg 46 min","128 deg 39 min"
"Swan Lake",13,2,5,1593,6,451,"55 deg 46 min","128 deg 39 min"
"Swan Lake",13,2,5,1593,7,641,"55 deg 46 min","128 deg 39 min"
"Swan Lake",13,2,5,1593,8,913,"55 deg 46 min","128 deg 39 min"
"Swan Lake",13,3,5,1593,1,976,"55 deg 46 min","128 deg 39 min"
"Swan Lake",13,3,5,1593,2,1658,"55 deg 46 min","128 deg 39 min"
"Swan Lake",13,3,5,1593,3,1236,"55 deg 46 min","128 deg 39 min"
"Swan Lake",13,3,5,1593,4,755,"55 deg 46 min","128 deg 39 min"
"Swan Lake",13,3,5,1593,5,2419,"55 deg 46 min","128 deg 39 min"
"Swan Lake",13,3,5,1593,6,451,"55 deg 46 min","128 deg 39 min"
"Swan Lake",13,3,5,1593,7,641,"55 deg 46 min","128 deg 39 min"
"Swan Lake",13,3,5,1593,8,913,"55 deg 46 min","128 deg 39 min"
"Swan Lake",13,5,10,1414,1,976,"55 deg 46 min","128 deg 39 min"
"Swan Lake",13,5,10,1414,2,1514,"55 deg 46 min","128 deg 39 min"
"Swan Lake",13,5,10,1414,3,1044,"55 deg 46 min","128 deg 39 min"
"Swan Lake",13,5,10,1414,4,737,"55 deg 46 min","128 deg 39 min"
"Swan Lake",13,5,10,1414,5,2419,"55 deg 46 min","128 deg 39 min"
"Swan Lake",13,5,10,1414,6,451,"55 deg 46 min","128 deg 39 min"
"Swan Lake",13,5,10,1414,7,572,"55 deg 46 min","128 deg 39 min"
"Swan Lake",13,5,10,1414,8,747,"55 deg 46 min","128 deg 39 min"
"Swan Lake",13,10,15,1190,1,953,"55 deg 46 min","128 deg 39 min"
"Swan Lake",13,10,15,1190,2,1357,"55 deg 46 min","128 deg 39 min"
"Swan Lake",13,10,15,1190,3,760,"55 deg 46 min","128 deg 39 min"
"Swan Lake",13,10,15,1190,4,704,"55 deg 46 min","128 deg 39 min"
"Swan Lake",13,10,15,1190,5,2059,"55 deg 46 min","128 deg 39 min"
"Swan Lake",13,10,15,1190,6,299,"55 deg 46 min","128 deg 39 min"
"Swan Lake",13,10,15,1190,7,412,"55 deg 46 min","128 deg 39 min"
"Swan Lake",13,10,15,1190,8,609,"55 deg 46 min","128 deg 39 min"
"Swan Lake",13,15,20,966,1,929,"55 deg 46 min","128 deg 39 min"
"Swan Lake",13,15,20,966,2,1136,"55 deg 46 min","128 deg 39 min"
"Swan Lake",13,15,20,966,3,557,"55 deg 46 min","128 deg 39 min"
"Swan Lake",13,15,20,966,4,681,"55 deg 46 min","128 deg 39 min"
"Swan Lake",13,15,20,966,5,1975,"55 deg 46 min","128 deg 39 min"
"Swan Lake",13,15,20,966,6,260,"55 deg 46 min","128 deg 39 min"
"Swan Lake",13,15,20,966,7,356,"55 deg 46 min","128 deg 39 min"
"Swan Lake",13,15,20,966,8,435,"55 deg 46 min","128 deg 39 min"
"Swan Lake",13,20,30,704,1,901,"55 deg 46 min","128 deg 39 min"
"Swan Lake",13,20,30,704,2,1006,"55 deg 46 min","128 deg 39 min"
"Swan Lake",13,20,30,704,3,387,"55 deg 46 min","128 deg 39 min"
"Swan Lake",13,20,30,704,4,565,"55 deg 46 min","128 deg 39 min"
"Swan Lake",13,20,30,704,5,1607,"55 deg 46 min","128 deg 39 min"
"Swan Lake",13,20,30,704,6,114,"55 deg 46 min","128 deg 39 min"
"Swan Lake",13,20,30,704,7,225,"55 deg 46 min","128 deg 39 min"
"Swan Lake",13,20,30,704,8,225,"55 deg 46 min","128 deg 39 min"
"Swan Lake",13,30,40,405,1,677,"55 deg 46 min","128 deg 39 min"
"Swan Lake",13,30,40,405,2,721,"55 deg 46 min","128 deg 39 min"
"Swan Lake",13,30,40,405,3,162,"55 deg 46 min","128 deg 39 min"
"Swan Lake",13,30,40,405,4,444,"55 deg 46 min","128 deg 39 min"
"Swan Lake",13,30,40,405,5,1060,"55 deg 46 min","128 deg 39 min"
"Swan Lake",13,30,40,405,6,0,"55 deg 46 min","128 deg 39 min"
"Swan Lake",13,30,40,405,7,140,"55 deg 46 min","128 deg 39 min"
"Swan Lake",13,30,40,405,8,0,"55 deg 46 min","128 deg 39 min"
"Swan Lake",13,40,50,195,1,539,"55 deg 46 min","128 deg 39 min"
"Swan Lake",13,40,50,195,2,534,"55 deg 46 min","128 deg 39 min"
"Swan Lake",13,40,50,195,3,30,"55 deg 46 min","128 deg 39 min"
"Swan Lake",13,40,50,195,4,303,"55 deg 46 min","128 deg 39 min"
"Swan Lake",13,40,50,195,5,756,"55 deg 46 min","128 deg 39 min"
"Swan Lake",13,40,50,195,6,0,"55 deg 46 min","128 deg 39 min"
"Swan Lake",13,40,50,195,7,0,"55 deg 46 min","128 deg 39 min"
"Swan Lake",13,40,50,195,8,0,"55 deg 46 min","128 deg 39 min"
"Swan Lake",13,50,60,76,1,0,"55 deg 46 min","128 deg 39 min"
"Swan Lake",13,50,60,76,2,296,"55 deg 46 min","128 deg 39 min"
"Swan Lake",13,50,60,76,3,0,"55 deg 46 min","128 deg 39 min"
"Swan Lake",13,50,60,76,4,141,"55 deg 46 min","128 deg 39 min"
"Swan Lake",13,50,60,76,5,170,"55 deg 46 min","128 deg 39 min"
"Swan Lake",13,50,60,76,6,0,"55 deg 46 min","128 deg 39 min"
"Swan Lake",13,50,60,76,7,0,"55 deg 46 min","128 deg 39 min"
"Swan Lake",13,50,60,76,8,0,"55 deg 46 min","128 deg 39 min"
"Sylvia Lake",184,NA,NA,NA,NA,NA,"53 deg 31 min","129 deg 38 min"
"Tahltan Lake",64,2,5,460,1,384,"57 deg 57 min","131 deg 37 min"
"Tahltan Lake",64,2,5,460,2,588,"57 deg 57 min","131 deg 37 min"
"Tahltan Lake",64,2,5,460,3,1145,"57 deg 57 min","131 deg 37 min"
"Tahltan Lake",64,2,5,460,4,703,"57 deg 57 min","131 deg 37 min"
"Tahltan Lake",64,2,5,460,5,855,"57 deg 57 min","131 deg 37 min"
"Tahltan Lake",64,2,5,460,6,632,"57 deg 57 min","131 deg 37 min"
"Tahltan Lake",64,2,5,460,7,630,"57 deg 57 min","131 deg 37 min"
"Tahltan Lake",64,2,5,460,8,495,"57 deg 57 min","131 deg 37 min"
"Tahltan Lake",64,2,5,460,9,1054,"57 deg 57 min","131 deg 37 min"
"Tahltan Lake",64,2,5,460,10,612,"57 deg 57 min","131 deg 37 min"
"Tahltan Lake",64,2,5,460,11,1017,"57 deg 57 min","131 deg 37 min"
"Tahltan Lake",64,2,5,460,12,748,"57 deg 57 min","131 deg 37 min"
"Tahltan Lake",64,2,5,460,13,1244,"57 deg 57 min","131 deg 37 min"
"Tahltan Lake",64,2,5,460,14,1090,"57 deg 57 min","131 deg 37 min"
"Tahltan Lake",64,3,5,460,1,384,"57 deg 57 min","131 deg 37 min"
"Tahltan Lake",64,3,5,460,2,588,"57 deg 57 min","131 deg 37 min"
"Tahltan Lake",64,3,5,460,3,1145,"57 deg 57 min","131 deg 37 min"
"Tahltan Lake",64,3,5,460,4,703,"57 deg 57 min","131 deg 37 min"
"Tahltan Lake",64,3,5,460,5,855,"57 deg 57 min","131 deg 37 min"
"Tahltan Lake",64,3,5,460,6,632,"57 deg 57 min","131 deg 37 min"
"Tahltan Lake",64,3,5,460,7,630,"57 deg 57 min","131 deg 37 min"
"Tahltan Lake",64,3,5,460,8,495,"57 deg 57 min","131 deg 37 min"
"Tahltan Lake",64,3,5,460,9,1054,"57 deg 57 min","131 deg 37 min"
"Tahltan Lake",64,3,5,460,10,612,"57 deg 57 min","131 deg 37 min"
"Tahltan Lake",64,3,5,460,11,1017,"57 deg 57 min","131 deg 37 min"
"Tahltan Lake",64,3,5,460,12,748,"57 deg 57 min","131 deg 37 min"
"Tahltan Lake",64,3,5,460,13,1244,"57 deg 57 min","131 deg 37 min"
"Tahltan Lake",64,3,5,460,14,1090,"57 deg 57 min","131 deg 37 min"
"Tahltan Lake",64,5,10,402,1,356,"57 deg 57 min","131 deg 37 min"
"Tahltan Lake",64,5,10,402,2,563,"57 deg 57 min","131 deg 37 min"
"Tahltan Lake",64,5,10,402,3,1058,"57 deg 57 min","131 deg 37 min"
"Tahltan Lake",64,5,10,402,4,644,"57 deg 57 min","131 deg 37 min"
"Tahltan Lake",64,5,10,402,5,816,"57 deg 57 min","131 deg 37 min"
"Tahltan Lake",64,5,10,402,6,551,"57 deg 57 min","131 deg 37 min"
"Tahltan Lake",64,5,10,402,7,562,"57 deg 57 min","131 deg 37 min"
"Tahltan Lake",64,5,10,402,8,446,"57 deg 57 min","131 deg 37 min"
"Tahltan Lake",64,5,10,402,9,1008,"57 deg 57 min","131 deg 37 min"
"Tahltan Lake",64,5,10,402,10,239,"57 deg 57 min","131 deg 37 min"
"Tahltan Lake",64,5,10,402,11,982,"57 deg 57 min","131 deg 37 min"
"Tahltan Lake",64,5,10,402,12,699,"57 deg 57 min","131 deg 37 min"
"Tahltan Lake",64,5,10,402,13,1201,"57 deg 57 min","131 deg 37 min"
"Tahltan Lake",64,5,10,402,14,1049,"57 deg 57 min","131 deg 37 min"
"Tahltan Lake",64,10,15,345,1,325,"57 deg 57 min","131 deg 37 min"
"Tahltan Lake",64,10,15,345,2,525,"57 deg 57 min","131 deg 37 min"
"Tahltan Lake",64,10,15,345,3,911,"57 deg 57 min","131 deg 37 min"
"Tahltan Lake",64,10,15,345,4,620,"57 deg 57 min","131 deg 37 min"
"Tahltan Lake",64,10,15,345,5,789,"57 deg 57 min","131 deg 37 min"
"Tahltan Lake",64,10,15,345,6,425,"57 deg 57 min","131 deg 37 min"
"Tahltan Lake",64,10,15,345,7,502,"57 deg 57 min","131 deg 37 min"
"Tahltan Lake",64,10,15,345,8,410,"57 deg 57 min","131 deg 37 min"
"Tahltan Lake",64,10,15,345,9,885,"57 deg 57 min","131 deg 37 min"
"Tahltan Lake",64,10,15,345,10,206,"57 deg 57 min","131 deg 37 min"
"Tahltan Lake",64,10,15,345,11,952,"57 deg 57 min","131 deg 37 min"
"Tahltan Lake",64,10,15,345,12,648,"57 deg 57 min","131 deg 37 min"
"Tahltan Lake",64,10,15,345,13,1061,"57 deg 57 min","131 deg 37 min"
"Tahltan Lake",64,10,15,345,14,1005,"57 deg 57 min","131 deg 37 min"
"Tahltan Lake",64,15,20,296,1,293,"57 deg 57 min","131 deg 37 min"
"Tahltan Lake",64,15,20,296,2,502,"57 deg 57 min","131 deg 37 min"
"Tahltan Lake",64,15,20,296,3,880,"57 deg 57 min","131 deg 37 min"
"Tahltan Lake",64,15,20,296,4,581,"57 deg 57 min","131 deg 37 min"
"Tahltan Lake",64,15,20,296,5,542,"57 deg 57 min","131 deg 37 min"
"Tahltan Lake",64,15,20,296,6,400,"57 deg 57 min","131 deg 37 min"
"Tahltan Lake",64,15,20,296,7,450,"57 deg 57 min","131 deg 37 min"
"Tahltan Lake",64,15,20,296,8,342,"57 deg 57 min","131 deg 37 min"
"Tahltan Lake",64,15,20,296,9,735,"57 deg 57 min","131 deg 37 min"
"Tahltan Lake",64,15,20,296,10,0,"57 deg 57 min","131 deg 37 min"
"Tahltan Lake",64,15,20,296,11,933,"57 deg 57 min","131 deg 37 min"
"Tahltan Lake",64,15,20,296,12,627,"57 deg 57 min","131 deg 37 min"
"Tahltan Lake",64,15,20,296,13,955,"57 deg 57 min","131 deg 37 min"
"Tahltan Lake",64,15,20,296,14,0,"57 deg 57 min","131 deg 37 min"
"Tahltan Lake",64,20,30,235,1,259,"57 deg 57 min","131 deg 37 min"
"Tahltan Lake",64,20,30,235,2,462,"57 deg 57 min","131 deg 37 min"
"Tahltan Lake",64,20,30,235,3,826,"57 deg 57 min","131 deg 37 min"
"Tahltan Lake",64,20,30,235,4,545,"57 deg 57 min","131 deg 37 min"
"Tahltan Lake",64,20,30,235,5,436,"57 deg 57 min","131 deg 37 min"
"Tahltan Lake",64,20,30,235,6,0,"57 deg 57 min","131 deg 37 min"
"Tahltan Lake",64,20,30,235,7,0,"57 deg 57 min","131 deg 37 min"
"Tahltan Lake",64,20,30,235,8,0,"57 deg 57 min","131 deg 37 min"
"Tahltan Lake",64,20,30,235,9,0,"57 deg 57 min","131 deg 37 min"
"Tahltan Lake",64,20,30,235,10,0,"57 deg 57 min","131 deg 37 min"
"Tahltan Lake",64,20,30,235,11,789,"57 deg 57 min","131 deg 37 min"
"Tahltan Lake",64,20,30,235,12,593,"57 deg 57 min","131 deg 37 min"
"Tahltan Lake",64,20,30,235,13,825,"57 deg 57 min","131 deg 37 min"
"Tahltan Lake",64,20,30,235,14,0,"57 deg 57 min","131 deg 37 min"
"Tahltan Lake",64,30,40,144,1,204,"57 deg 57 min","131 deg 37 min"
"Tahltan Lake",64,30,40,144,2,0,"57 deg 57 min","131 deg 37 min"
"Tahltan Lake",64,30,40,144,3,593,"57 deg 57 min","131 deg 37 min"
"Tahltan Lake",64,30,40,144,4,479,"57 deg 57 min","131 deg 37 min"
"Tahltan Lake",64,30,40,144,5,345,"57 deg 57 min","131 deg 37 min"
"Tahltan Lake",64,30,40,144,6,0,"57 deg 57 min","131 deg 37 min"
"Tahltan Lake",64,30,40,144,7,0,"57 deg 57 min","131 deg 37 min"
"Tahltan Lake",64,30,40,144,8,0,"57 deg 57 min","131 deg 37 min"
"Tahltan Lake",64,30,40,144,9,0,"57 deg 57 min","131 deg 37 min"
"Tahltan Lake",64,30,40,144,10,0,"57 deg 57 min","131 deg 37 min"
"Tahltan Lake",64,30,40,144,11,204,"57 deg 57 min","131 deg 37 min"
"Tahltan Lake",64,30,40,144,12,475,"57 deg 57 min","131 deg 37 min"
"Tahltan Lake",64,30,40,144,13,429,"57 deg 57 min","131 deg 37 min"
"Tahltan Lake",64,30,40,144,14,0,"57 deg 57 min","131 deg 37 min"
"Takla Lake",65,2,5,26999,1,914,"55 deg 23 min","125 deg 50 min"
"Takla Lake",65,2,5,26999,2,1189,"55 deg 23 min","125 deg 50 min"
"Takla Lake",65,2,5,26999,3,2377,"55 deg 23 min","125 deg 50 min"
"Takla Lake",65,2,5,26999,4,2057,"55 deg 23 min","125 deg 50 min"
"Takla Lake",65,2,5,26999,5,1417,"55 deg 23 min","125 deg 50 min"
"Takla Lake",65,2,5,26999,6,732,"55 deg 23 min","125 deg 50 min"
"Takla Lake",65,2,5,26999,7,1737,"55 deg 23 min","125 deg 50 min"
"Takla Lake",65,2,5,26999,8,2423,"55 deg 23 min","125 deg 50 min"
"Takla Lake",65,2,5,26999,9,2240,"55 deg 23 min","125 deg 50 min"
"Takla Lake",65,2,5,26999,10,2423,"55 deg 23 min","125 deg 50 min"
"Takla Lake",65,2,5,26999,11,2652,"55 deg 23 min","125 deg 50 min"
"Takla Lake",65,2,5,26999,12,1509,"55 deg 23 min","125 deg 50 min"
"Takla Lake",65,2,5,26999,13,2972,"55 deg 23 min","125 deg 50 min"
"Takla Lake",65,3,5,26999,1,914,"55 deg 23 min","125 deg 50 min"
"Takla Lake",65,3,5,26999,2,1189,"55 deg 23 min","125 deg 50 min"
"Takla Lake",65,3,5,26999,3,2377,"55 deg 23 min","125 deg 50 min"
"Takla Lake",65,3,5,26999,4,2057,"55 deg 23 min","125 deg 50 min"
"Takla Lake",65,3,5,26999,5,1417,"55 deg 23 min","125 deg 50 min"
"Takla Lake",65,3,5,26999,6,732,"55 deg 23 min","125 deg 50 min"
"Takla Lake",65,3,5,26999,7,1737,"55 deg 23 min","125 deg 50 min"
"Takla Lake",65,3,5,26999,8,2423,"55 deg 23 min","125 deg 50 min"
"Takla Lake",65,3,5,26999,9,2240,"55 deg 23 min","125 deg 50 min"
"Takla Lake",65,3,5,26999,10,2423,"55 deg 23 min","125 deg 50 min"
"Takla Lake",65,3,5,26999,11,2652,"55 deg 23 min","125 deg 50 min"
"Takla Lake",65,3,5,26999,12,1509,"55 deg 23 min","125 deg 50 min"
"Takla Lake",65,3,5,26999,13,2972,"55 deg 23 min","125 deg 50 min"
"Takla Lake",65,5,10,26240,1,812,"55 deg 23 min","125 deg 50 min"
"Takla Lake",65,5,10,26240,2,991,"55 deg 23 min","125 deg 50 min"
"Takla Lake",65,5,10,26240,3,2356,"55 deg 23 min","125 deg 50 min"
"Takla Lake",65,5,10,26240,4,1939,"55 deg 23 min","125 deg 50 min"
"Takla Lake",65,5,10,26240,5,1382,"55 deg 23 min","125 deg 50 min"
"Takla Lake",65,5,10,26240,6,695,"55 deg 23 min","125 deg 50 min"
"Takla Lake",65,5,10,26240,7,1663,"55 deg 23 min","125 deg 50 min"
"Takla Lake",65,5,10,26240,8,2375,"55 deg 23 min","125 deg 50 min"
"Takla Lake",65,5,10,26240,9,2210,"55 deg 23 min","125 deg 50 min"
"Takla Lake",65,5,10,26240,10,2420,"55 deg 23 min","125 deg 50 min"
"Takla Lake",65,5,10,26240,11,2587,"55 deg 23 min","125 deg 50 min"
"Takla Lake",65,5,10,26240,12,1490,"55 deg 23 min","125 deg 50 min"
"Takla Lake",65,5,10,26240,13,2882,"55 deg 23 min","125 deg 50 min"
"Takla Lake",65,10,15,25481,1,736,"55 deg 23 min","125 deg 50 min"
"Takla Lake",65,10,15,25481,2,927,"55 deg 23 min","125 deg 50 min"
"Takla Lake",65,10,15,25481,3,2330,"55 deg 23 min","125 deg 50 min"
"Takla Lake",65,10,15,25481,4,1908,"55 deg 23 min","125 deg 50 min"
"Takla Lake",65,10,15,25481,5,1359,"55 deg 23 min","125 deg 50 min"
"Takla Lake",65,10,15,25481,6,673,"55 deg 23 min","125 deg 50 min"
"Takla Lake",65,10,15,25481,7,1634,"55 deg 23 min","125 deg 50 min"
"Takla Lake",65,10,15,25481,8,2334,"55 deg 23 min","125 deg 50 min"
"Takla Lake",65,10,15,25481,9,2170,"55 deg 23 min","125 deg 50 min"
"Takla Lake",65,10,15,25481,10,2413,"55 deg 23 min","125 deg 50 min"
"Takla Lake",65,10,15,25481,11,2561,"55 deg 23 min","125 deg 50 min"
"Takla Lake",65,10,15,25481,12,1479,"55 deg 23 min","125 deg 50 min"
"Takla Lake",65,10,15,25481,13,2847,"55 deg 23 min","125 deg 50 min"
"Takla Lake",65,15,20,24723,1,695,"55 deg 23 min","125 deg 50 min"
"Takla Lake",65,15,20,24723,2,884,"55 deg 23 min","125 deg 50 min"
"Takla Lake",65,15,20,24723,3,2310,"55 deg 23 min","125 deg 50 min"
"Takla Lake",65,15,20,24723,4,1886,"55 deg 23 min","125 deg 50 min"
"Takla Lake",65,15,20,24723,5,1317,"55 deg 23 min","125 deg 50 min"
"Takla Lake",65,15,20,24723,6,651,"55 deg 23 min","125 deg 50 min"
"Takla Lake",65,15,20,24723,7,1606,"55 deg 23 min","125 deg 50 min"
"Takla Lake",65,15,20,24723,8,2299,"55 deg 23 min","125 deg 50 min"
"Takla Lake",65,15,20,24723,9,2131,"55 deg 23 min","125 deg 50 min"
"Takla Lake",65,15,20,24723,10,2392,"55 deg 23 min","125 deg 50 min"
"Takla Lake",65,15,20,24723,11,2527,"55 deg 23 min","125 deg 50 min"
"Takla Lake",65,15,20,24723,12,1469,"55 deg 23 min","125 deg 50 min"
"Takla Lake",65,15,20,24723,13,2780,"55 deg 23 min","125 deg 50 min"
"Takla Lake",65,20,30,23585,1,638,"55 deg 23 min","125 deg 50 min"
"Takla Lake",65,20,30,23585,2,832,"55 deg 23 min","125 deg 50 min"
"Takla Lake",65,20,30,23585,3,2274,"55 deg 23 min","125 deg 50 min"
"Takla Lake",65,20,30,23585,4,1844,"55 deg 23 min","125 deg 50 min"
"Takla Lake",65,20,30,23585,5,1177,"55 deg 23 min","125 deg 50 min"
"Takla Lake",65,20,30,23585,6,624,"55 deg 23 min","125 deg 50 min"
"Takla Lake",65,20,30,23585,7,1555,"55 deg 23 min","125 deg 50 min"
"Takla Lake",65,20,30,23585,8,2237,"55 deg 23 min","125 deg 50 min"
"Takla Lake",65,20,30,23585,9,2087,"55 deg 23 min","125 deg 50 min"
"Takla Lake",65,20,30,23585,10,2350,"55 deg 23 min","125 deg 50 min"
"Takla Lake",65,20,30,23585,11,2498,"55 deg 23 min","125 deg 50 min"
"Takla Lake",65,20,30,23585,12,1430,"55 deg 23 min","125 deg 50 min"
"Takla Lake",65,20,30,23585,13,2624,"55 deg 23 min","125 deg 50 min"
"Takla Lake",65,30,40,21900,1,257,"55 deg 23 min","125 deg 50 min"
"Takla Lake",65,30,40,21900,2,694,"55 deg 23 min","125 deg 50 min"
"Takla Lake",65,30,40,21900,3,2225,"55 deg 23 min","125 deg 50 min"
"Takla Lake",65,30,40,21900,4,1794,"55 deg 23 min","125 deg 50 min"
"Takla Lake",65,30,40,21900,5,1031,"55 deg 23 min","125 deg 50 min"
"Takla Lake",65,30,40,21900,6,574,"55 deg 23 min","125 deg 50 min"
"Takla Lake",65,30,40,21900,7,1469,"55 deg 23 min","125 deg 50 min"
"Takla Lake",65,30,40,21900,8,2148,"55 deg 23 min","125 deg 50 min"
"Takla Lake",65,30,40,21900,9,2027,"55 deg 23 min","125 deg 50 min"
"Takla Lake",65,30,40,21900,10,2258,"55 deg 23 min","125 deg 50 min"
"Takla Lake",65,30,40,21900,11,2461,"55 deg 23 min","125 deg 50 min"
"Takla Lake",65,30,40,21900,12,1359,"55 deg 23 min","125 deg 50 min"
"Takla Lake",65,30,40,21900,13,2232,"55 deg 23 min","125 deg 50 min"
"Takla Lake",65,40,50,20402,1,151,"55 deg 23 min","125 deg 50 min"
"Takla Lake",65,40,50,20402,2,507,"55 deg 23 min","125 deg 50 min"
"Takla Lake",65,40,50,20402,3,2183,"55 deg 23 min","125 deg 50 min"
"Takla Lake",65,40,50,20402,4,1733,"55 deg 23 min","125 deg 50 min"
"Takla Lake",65,40,50,20402,5,939,"55 deg 23 min","125 deg 50 min"
"Takla Lake",65,40,50,20402,6,309,"55 deg 23 min","125 deg 50 min"
"Takla Lake",65,40,50,20402,7,1289,"55 deg 23 min","125 deg 50 min"
"Takla Lake",65,40,50,20402,8,2065,"55 deg 23 min","125 deg 50 min"
"Takla Lake",65,40,50,20402,9,1973,"55 deg 23 min","125 deg 50 min"
"Takla Lake",65,40,50,20402,10,2196,"55 deg 23 min","125 deg 50 min"
"Takla Lake",65,40,50,20402,11,2413,"55 deg 23 min","125 deg 50 min"
"Takla Lake",65,40,50,20402,12,1309,"55 deg 23 min","125 deg 50 min"
"Takla Lake",65,40,50,20402,13,1801,"55 deg 23 min","125 deg 50 min"
"Takla Lake",65,50,60,18770,1,0,"55 deg 23 min","125 deg 50 min"
"Takla Lake",65,50,60,18770,2,357,"55 deg 23 min","125 deg 50 min"
"Takla Lake",65,50,60,18770,3,2121,"55 deg 23 min","125 deg 50 min"
"Takla Lake",65,50,60,18770,4,1653,"55 deg 23 min","125 deg 50 min"
"Takla Lake",65,50,60,18770,5,866,"55 deg 23 min","125 deg 50 min"
"Takla Lake",65,50,60,18770,6,0,"55 deg 23 min","125 deg 50 min"
"Takla Lake",65,50,60,18770,7,1139,"55 deg 23 min","125 deg 50 min"
"Takla Lake",65,50,60,18770,8,1962,"55 deg 23 min","125 deg 50 min"
"Takla Lake",65,50,60,18770,9,1919,"55 deg 23 min","125 deg 50 min"
"Takla Lake",65,50,60,18770,10,2155,"55 deg 23 min","125 deg 50 min"
"Takla Lake",65,50,60,18770,11,2356,"55 deg 23 min","125 deg 50 min"
"Takla Lake",65,50,60,18770,12,1279,"55 deg 23 min","125 deg 50 min"
"Takla Lake",65,50,60,18770,13,1723,"55 deg 23 min","125 deg 50 min"
"Tankeeah R",186,NA,NA,NA,NA,NA,NA,NA
"Taseko Lake",78,NA,NA,NA,NA,NA,"51 deg 15 min","123 deg 35 min"
"Tatsamenie Lake",66,2,5,1622,1,911,"58 deg 20 min","132 deg 20 min"
"Tatsamenie Lake",66,2,5,1622,2,483,"58 deg 20 min","132 deg 20 min"
"Tatsamenie Lake",66,2,5,1622,3,1357,"58 deg 20 min","132 deg 20 min"
"Tatsamenie Lake",66,2,5,1622,4,1034,"58 deg 20 min","132 deg 20 min"
"Tatsamenie Lake",66,2,5,1622,5,994,"58 deg 20 min","132 deg 20 min"
"Tatsamenie Lake",66,2,5,1622,6,1035,"58 deg 20 min","132 deg 20 min"
"Tatsamenie Lake",66,2,5,1622,7,701,"58 deg 20 min","132 deg 20 min"
"Tatsamenie Lake",66,2,5,1622,8,1000,"58 deg 20 min","132 deg 20 min"
"Tatsamenie Lake",66,2,5,1622,9,1300,"58 deg 20 min","132 deg 20 min"
"Tatsamenie Lake",66,2,5,1622,10,700,"58 deg 20 min","132 deg 20 min"
"Tatsamenie Lake",66,2,5,1622,11,1100,"58 deg 20 min","132 deg 20 min"
"Tatsamenie Lake",66,2,5,1622,12,810,"58 deg 20 min","132 deg 20 min"
"Tatsamenie Lake",66,2,5,1622,13,780,"58 deg 20 min","132 deg 20 min"
"Tatsamenie Lake",66,2,5,1622,14,2830,"58 deg 20 min","132 deg 20 min"
"Tatsamenie Lake",66,2,5,1622,15,2680,"58 deg 20 min","132 deg 20 min"
"Tatsamenie Lake",66,2,5,1622,16,2660,"58 deg 20 min","132 deg 20 min"
"Tatsamenie Lake",66,3,5,1622,1,911,"58 deg 20 min","132 deg 20 min"
"Tatsamenie Lake",66,3,5,1622,2,483,"58 deg 20 min","132 deg 20 min"
"Tatsamenie Lake",66,3,5,1622,3,1357,"58 deg 20 min","132 deg 20 min"
"Tatsamenie Lake",66,3,5,1622,4,1034,"58 deg 20 min","132 deg 20 min"
"Tatsamenie Lake",66,3,5,1622,5,994,"58 deg 20 min","132 deg 20 min"
"Tatsamenie Lake",66,3,5,1622,6,1035,"58 deg 20 min","132 deg 20 min"
"Tatsamenie Lake",66,3,5,1622,7,701,"58 deg 20 min","132 deg 20 min"
"Tatsamenie Lake",66,3,5,1622,8,1000,"58 deg 20 min","132 deg 20 min"
"Tatsamenie Lake",66,3,5,1622,9,1300,"58 deg 20 min","132 deg 20 min"
"Tatsamenie Lake",66,3,5,1622,10,700,"58 deg 20 min","132 deg 20 min"
"Tatsamenie Lake",66,3,5,1622,11,1100,"58 deg 20 min","132 deg 20 min"
"Tatsamenie Lake",66,3,5,1622,12,810,"58 deg 20 min","132 deg 20 min"
"Tatsamenie Lake",66,3,5,1622,13,780,"58 deg 20 min","132 deg 20 min"
"Tatsamenie Lake",66,3,5,1622,14,2811,"58 deg 20 min","132 deg 20 min"
"Tatsamenie Lake",66,3,5,1622,15,2604,"58 deg 20 min","132 deg 20 min"
"Tatsamenie Lake",66,3,5,1622,16,2660,"58 deg 20 min","132 deg 20 min"
"Tatsamenie Lake",66,5,10,1508,1,898,"58 deg 20 min","132 deg 20 min"
"Tatsamenie Lake",66,5,10,1508,2,458,"58 deg 20 min","132 deg 20 min"
"Tatsamenie Lake",66,5,10,1508,3,1305,"58 deg 20 min","132 deg 20 min"
"Tatsamenie Lake",66,5,10,1508,4,1001,"58 deg 20 min","132 deg 20 min"
"Tatsamenie Lake",66,5,10,1508,5,961,"58 deg 20 min","132 deg 20 min"
"Tatsamenie Lake",66,5,10,1508,6,1015,"58 deg 20 min","132 deg 20 min"
"Tatsamenie Lake",66,5,10,1508,7,678,"58 deg 20 min","132 deg 20 min"
"Tatsamenie Lake",66,5,10,1508,8,987,"58 deg 20 min","132 deg 20 min"
"Tatsamenie Lake",66,5,10,1508,9,1256,"58 deg 20 min","132 deg 20 min"
"Tatsamenie Lake",66,5,10,1508,10,700,"58 deg 20 min","132 deg 20 min"
"Tatsamenie Lake",66,5,10,1508,11,1100,"58 deg 20 min","132 deg 20 min"
"Tatsamenie Lake",66,5,10,1508,12,810,"58 deg 20 min","132 deg 20 min"
"Tatsamenie Lake",66,5,10,1508,13,755,"58 deg 20 min","132 deg 20 min"
"Tatsamenie Lake",66,5,10,1508,14,2801,"58 deg 20 min","132 deg 20 min"
"Tatsamenie Lake",66,5,10,1508,15,2528,"58 deg 20 min","132 deg 20 min"
"Tatsamenie Lake",66,5,10,1508,16,2501,"58 deg 20 min","132 deg 20 min"
"Tatsamenie Lake",66,10,15,1410,1,887,"58 deg 20 min","132 deg 20 min"
"Tatsamenie Lake",66,10,15,1410,2,435,"58 deg 20 min","132 deg 20 min"
"Tatsamenie Lake",66,10,15,1410,3,1260,"58 deg 20 min","132 deg 20 min"
"Tatsamenie Lake",66,10,15,1410,4,965,"58 deg 20 min","132 deg 20 min"
"Tatsamenie Lake",66,10,15,1410,5,941,"58 deg 20 min","132 deg 20 min"
"Tatsamenie Lake",66,10,15,1410,6,989,"58 deg 20 min","132 deg 20 min"
"Tatsamenie Lake",66,10,15,1410,7,646,"58 deg 20 min","132 deg 20 min"
"Tatsamenie Lake",66,10,15,1410,8,962,"58 deg 20 min","132 deg 20 min"
"Tatsamenie Lake",66,10,15,1410,9,1194,"58 deg 20 min","132 deg 20 min"
"Tatsamenie Lake",66,10,15,1410,10,688,"58 deg 20 min","132 deg 20 min"
"Tatsamenie Lake",66,10,15,1410,11,999,"58 deg 20 min","132 deg 20 min"
"Tatsamenie Lake",66,10,15,1410,12,769,"58 deg 20 min","132 deg 20 min"
"Tatsamenie Lake",66,10,15,1410,13,684,"58 deg 20 min","132 deg 20 min"
"Tatsamenie Lake",66,10,15,1410,14,2792,"58 deg 20 min","132 deg 20 min"
"Tatsamenie Lake",66,10,15,1410,15,2375,"58 deg 20 min","132 deg 20 min"
"Tatsamenie Lake",66,10,15,1410,16,2451,"58 deg 20 min","132 deg 20 min"
"Tatsamenie Lake",66,15,20,1326,1,865,"58 deg 20 min","132 deg 20 min"
"Tatsamenie Lake",66,15,20,1326,2,413,"58 deg 20 min","132 deg 20 min"
"Tatsamenie Lake",66,15,20,1326,3,1094,"58 deg 20 min","132 deg 20 min"
"Tatsamenie Lake",66,15,20,1326,4,934,"58 deg 20 min","132 deg 20 min"
"Tatsamenie Lake",66,15,20,1326,5,919,"58 deg 20 min","132 deg 20 min"
"Tatsamenie Lake",66,15,20,1326,6,965,"58 deg 20 min","132 deg 20 min"
"Tatsamenie Lake",66,15,20,1326,7,609,"58 deg 20 min","132 deg 20 min"
"Tatsamenie Lake",66,15,20,1326,8,927,"58 deg 20 min","132 deg 20 min"
"Tatsamenie Lake",66,15,20,1326,9,1125,"58 deg 20 min","132 deg 20 min"
"Tatsamenie Lake",66,15,20,1326,10,649,"58 deg 20 min","132 deg 20 min"
"Tatsamenie Lake",66,15,20,1326,11,896,"58 deg 20 min","132 deg 20 min"
"Tatsamenie Lake",66,15,20,1326,12,739,"58 deg 20 min","132 deg 20 min"
"Tatsamenie Lake",66,15,20,1326,13,640,"58 deg 20 min","132 deg 20 min"
"Tatsamenie Lake",66,15,20,1326,14,2706,"58 deg 20 min","132 deg 20 min"
"Tatsamenie Lake",66,15,20,1326,15,2299,"58 deg 20 min","132 deg 20 min"
"Tatsamenie Lake",66,15,20,1326,16,2392,"58 deg 20 min","132 deg 20 min"
"Tatsamenie Lake",66,20,30,1198,1,825,"58 deg 20 min","132 deg 20 min"
"Tatsamenie Lake",66,20,30,1198,2,382,"58 deg 20 min","132 deg 20 min"
"Tatsamenie Lake",66,20,30,1198,3,935,"58 deg 20 min","132 deg 20 min"
"Tatsamenie Lake",66,20,30,1198,4,889,"58 deg 20 min","132 deg 20 min"
"Tatsamenie Lake",66,20,30,1198,5,886,"58 deg 20 min","132 deg 20 min"
"Tatsamenie Lake",66,20,30,1198,6,914,"58 deg 20 min","132 deg 20 min"
"Tatsamenie Lake",66,20,30,1198,7,532,"58 deg 20 min","132 deg 20 min"
"Tatsamenie Lake",66,20,30,1198,8,877,"58 deg 20 min","132 deg 20 min"
"Tatsamenie Lake",66,20,30,1198,9,1013,"58 deg 20 min","132 deg 20 min"
"Tatsamenie Lake",66,20,30,1198,10,590,"58 deg 20 min","132 deg 20 min"
"Tatsamenie Lake",66,20,30,1198,11,808,"58 deg 20 min","132 deg 20 min"
"Tatsamenie Lake",66,20,30,1198,12,714,"58 deg 20 min","132 deg 20 min"
"Tatsamenie Lake",66,20,30,1198,13,502,"58 deg 20 min","132 deg 20 min"
"Tatsamenie Lake",66,20,30,1198,14,2624,"58 deg 20 min","132 deg 20 min"
"Tatsamenie Lake",66,20,30,1198,15,2139,"58 deg 20 min","132 deg 20 min"
"Tatsamenie Lake",66,20,30,1198,16,2287,"58 deg 20 min","132 deg 20 min"
"Tatsamenie Lake",66,30,40,1048,1,781,"58 deg 20 min","132 deg 20 min"
"Tatsamenie Lake",66,30,40,1048,2,337,"58 deg 20 min","132 deg 20 min"
"Tatsamenie Lake",66,30,40,1048,3,779,"58 deg 20 min","132 deg 20 min"
"Tatsamenie Lake",66,30,40,1048,4,772,"58 deg 20 min","132 deg 20 min"
"Tatsamenie Lake",66,30,40,1048,5,830,"58 deg 20 min","132 deg 20 min"
"Tatsamenie Lake",66,30,40,1048,6,854,"58 deg 20 min","132 deg 20 min"
"Tatsamenie Lake",66,30,40,1048,7,310,"58 deg 20 min","132 deg 20 min"
"Tatsamenie Lake",66,30,40,1048,8,826,"58 deg 20 min","132 deg 20 min"
"Tatsamenie Lake",66,30,40,1048,9,625,"58 deg 20 min","132 deg 20 min"
"Tatsamenie Lake",66,30,40,1048,10,497,"58 deg 20 min","132 deg 20 min"
"Tatsamenie Lake",66,30,40,1048,11,742,"58 deg 20 min","132 deg 20 min"
"Tatsamenie Lake",66,30,40,1048,12,619,"58 deg 20 min","132 deg 20 min"
"Tatsamenie Lake",66,30,40,1048,13,374,"58 deg 20 min","132 deg 20 min"
"Tatsamenie Lake",66,30,40,1048,14,2467,"58 deg 20 min","132 deg 20 min"
"Tatsamenie Lake",66,30,40,1048,15,1972,"58 deg 20 min","132 deg 20 min"
"Tatsamenie Lake",66,30,40,1048,16,2103,"58 deg 20 min","132 deg 20 min"
"Tatsamenie Lake",66,40,50,927,1,744,"58 deg 20 min","132 deg 20 min"
"Tatsamenie Lake",66,40,50,927,2,301,"58 deg 20 min","132 deg 20 min"
"Tatsamenie Lake",66,40,50,927,3,731,"58 deg 20 min","132 deg 20 min"
"Tatsamenie Lake",66,40,50,927,4,710,"58 deg 20 min","132 deg 20 min"
"Tatsamenie Lake",66,40,50,927,5,780,"58 deg 20 min","132 deg 20 min"
"Tatsamenie Lake",66,40,50,927,6,761,"58 deg 20 min","132 deg 20 min"
"Tatsamenie Lake",66,40,50,927,7,0,"58 deg 20 min","132 deg 20 min"
"Tatsamenie Lake",66,40,50,927,8,774,"58 deg 20 min","132 deg 20 min"
"Tatsamenie Lake",66,40,50,927,9,533,"58 deg 20 min","132 deg 20 min"
"Tatsamenie Lake",66,40,50,927,10,469,"58 deg 20 min","132 deg 20 min"
"Tatsamenie Lake",66,40,50,927,11,668,"58 deg 20 min","132 deg 20 min"
"Tatsamenie Lake",66,40,50,927,12,531,"58 deg 20 min","132 deg 20 min"
"Tatsamenie Lake",66,40,50,927,13,308,"58 deg 20 min","132 deg 20 min"
"Tatsamenie Lake",66,40,50,927,14,2433,"58 deg 20 min","132 deg 20 min"
"Tatsamenie Lake",66,40,50,927,15,1827,"58 deg 20 min","132 deg 20 min"
"Tatsamenie Lake",66,40,50,927,16,2034,"58 deg 20 min","132 deg 20 min"
"Tatsamenie Lake",66,50,60,813,1,704,"58 deg 20 min","132 deg 20 min"
"Tatsamenie Lake",66,50,60,813,2,247,"58 deg 20 min","132 deg 20 min"
"Tatsamenie Lake",66,50,60,813,3,649,"58 deg 20 min","132 deg 20 min"
"Tatsamenie Lake",66,50,60,813,4,657,"58 deg 20 min","132 deg 20 min"
"Tatsamenie Lake",66,50,60,813,5,735,"58 deg 20 min","132 deg 20 min"
"Tatsamenie Lake",66,50,60,813,6,642,"58 deg 20 min","132 deg 20 min"
"Tatsamenie Lake",66,50,60,813,7,0,"58 deg 20 min","132 deg 20 min"
"Tatsamenie Lake",66,50,60,813,8,774,"58 deg 20 min","132 deg 20 min"
"Tatsamenie Lake",66,50,60,813,9,533,"58 deg 20 min","132 deg 20 min"
"Tatsamenie Lake",66,50,60,813,10,469,"58 deg 20 min","132 deg 20 min"
"Tatsamenie Lake",66,50,60,813,11,668,"58 deg 20 min","132 deg 20 min"
"Tatsamenie Lake",66,50,60,813,12,531,"58 deg 20 min","132 deg 20 min"
"Tatsamenie Lake",66,50,60,813,13,308,"58 deg 20 min","132 deg 20 min"
"Tatsamenie Lake",66,50,60,813,14,2342,"58 deg 20 min","132 deg 20 min"
"Tatsamenie Lake",66,50,60,813,15,1705,"58 deg 20 min","132 deg 20 min"
"Tatsamenie Lake",66,50,60,813,16,1929,"58 deg 20 min","132 deg 20 min"
"Taye Lake",133,NA,NA,NA,NA,NA,"60 deg 56 min","136 deg 21 min"
"Toquart Lake",112,NA,NA,NA,NA,NA,"49 deg 05 min","125 deg 21 min"
"Trapper Lake",67,2,5,542,1,849,"58 deg 28 min","132 deg 38 min"
"Trapper Lake",67,2,5,542,2,827,"58 deg 28 min","132 deg 38 min"
"Trapper Lake",67,2,5,542,3,476,"58 deg 28 min","132 deg 38 min"
"Trapper Lake",67,2,5,542,4,1637,"58 deg 28 min","132 deg 38 min"
"Trapper Lake",67,2,5,542,5,628,"58 deg 28 min","132 deg 38 min"
"Trapper Lake",67,3,5,542,1,849,"58 deg 28 min","132 deg 38 min"
"Trapper Lake",67,3,5,542,2,827,"58 deg 28 min","132 deg 38 min"
"Trapper Lake",67,3,5,542,3,476,"58 deg 28 min","132 deg 38 min"
"Trapper Lake",67,3,5,542,4,1637,"58 deg 28 min","132 deg 38 min"
"Trapper Lake",67,3,5,542,5,628,"58 deg 28 min","132 deg 38 min"
"Trapper Lake",67,5,10,513,1,835,"58 deg 28 min","132 deg 38 min"
"Trapper Lake",67,5,10,513,2,815,"58 deg 28 min","132 deg 38 min"
"Trapper Lake",67,5,10,513,3,465,"58 deg 28 min","132 deg 38 min"
"Trapper Lake",67,5,10,513,4,1617,"58 deg 28 min","132 deg 38 min"
"Trapper Lake",67,5,10,513,5,607,"58 deg 28 min","132 deg 38 min"
"Trapper Lake",67,10,15,490,1,823,"58 deg 28 min","132 deg 38 min"
"Trapper Lake",67,10,15,490,2,800,"58 deg 28 min","132 deg 38 min"
"Trapper Lake",67,10,15,490,3,460,"58 deg 28 min","132 deg 38 min"
"Trapper Lake",67,10,15,490,4,1599,"58 deg 28 min","132 deg 38 min"
"Trapper Lake",67,10,15,490,5,586,"58 deg 28 min","132 deg 38 min"
"Trapper Lake",67,15,20,472,1,818,"58 deg 28 min","132 deg 38 min"
"Trapper Lake",67,15,20,472,2,779,"58 deg 28 min","132 deg 38 min"
"Trapper Lake",67,15,20,472,3,454,"58 deg 28 min","132 deg 38 min"
"Trapper Lake",67,15,20,472,4,1568,"58 deg 28 min","132 deg 38 min"
"Trapper Lake",67,15,20,472,5,565,"58 deg 28 min","132 deg 38 min"
"Trapper Lake",67,20,30,445,1,797,"58 deg 28 min","132 deg 38 min"
"Trapper Lake",67,20,30,445,2,761,"58 deg 28 min","132 deg 38 min"
"Trapper Lake",67,20,30,445,3,439,"58 deg 28 min","132 deg 38 min"
"Trapper Lake",67,20,30,445,4,1462,"58 deg 28 min","132 deg 38 min"
"Trapper Lake",67,20,30,445,5,527,"58 deg 28 min","132 deg 38 min"
"Trapper Lake",67,30,40,410,1,763,"58 deg 28 min","132 deg 38 min"
"Trapper Lake",67,30,40,410,2,731,"58 deg 28 min","132 deg 38 min"
"Trapper Lake",67,30,40,410,3,423,"58 deg 28 min","132 deg 38 min"
"Trapper Lake",67,30,40,410,4,1410,"58 deg 28 min","132 deg 38 min"
"Trapper Lake",67,30,40,410,5,485,"58 deg 28 min","132 deg 38 min"
"Trapper Lake",67,40,50,374,1,751,"58 deg 28 min","132 deg 38 min"
"Trapper Lake",67,40,50,374,2,704,"58 deg 28 min","132 deg 38 min"
"Trapper Lake",67,40,50,374,3,396,"58 deg 28 min","132 deg 38 min"
"Trapper Lake",67,40,50,374,4,1286,"58 deg 28 min","132 deg 38 min"
"Trapper Lake",67,40,50,374,5,412,"58 deg 28 min","132 deg 38 min"
"Trapper Lake",67,50,60,312,1,720,"58 deg 28 min","132 deg 38 min"
"Trapper Lake",67,50,60,312,2,774,"58 deg 28 min","132 deg 38 min"
"Trapper Lake",67,50,60,312,3,383,"58 deg 28 min","132 deg 38 min"
"Trapper Lake",67,50,60,312,4,1111,"58 deg 28 min","132 deg 38 min"
"Trapper Lake",67,50,60,312,5,0,"58 deg 28 min","132 deg 38 min"
"Trembleur Lake",68,NA,NA,NA,NA,NA,"54 deg 49 min","125 deg 09 min"
"Tsusiat Lake",137,2,5,283.3,1,556,"48 deg 44 min","124 deg 53 min"
"Tsusiat Lake",137,2,5,283.3,2,577,"48 deg 44 min","124 deg 53 min"
"Tsusiat Lake",137,2,5,283.3,3,502,"48 deg 44 min","124 deg 53 min"
"Tsusiat Lake",137,2,5,283.3,4,339,"48 deg 44 min","124 deg 53 min"
"Tsusiat Lake",137,2,5,283.3,5,672,"48 deg 44 min","124 deg 53 min"
"Tsusiat Lake",137,2,5,283.3,6,381,"48 deg 44 min","124 deg 53 min"
"Tsusiat Lake",137,2,5,283.3,7,175,"48 deg 44 min","124 deg 53 min"
"Tsusiat Lake",137,3,5,0,1,0,"48 deg 44 min","124 deg 53 min"
"Tsusiat Lake",137,3,5,0,2,0,"48 deg 44 min","124 deg 53 min"
"Tsusiat Lake",137,3,5,0,3,0,"48 deg 44 min","124 deg 53 min"
"Tsusiat Lake",137,3,5,0,4,0,"48 deg 44 min","124 deg 53 min"
"Tsusiat Lake",137,3,5,0,5,0,"48 deg 44 min","124 deg 53 min"
"Tsusiat Lake",137,3,5,0,6,0,"48 deg 44 min","124 deg 53 min"
"Tsusiat Lake",137,3,5,0,7,0,"48 deg 44 min","124 deg 53 min"
"Tsusiat Lake",137,5,10,253.8,1,495,"48 deg 44 min","124 deg 53 min"
"Tsusiat Lake",137,5,10,253.8,2,557,"48 deg 44 min","124 deg 53 min"
"Tsusiat Lake",137,5,10,253.8,3,488,"48 deg 44 min","124 deg 53 min"
"Tsusiat Lake",137,5,10,253.8,4,277,"48 deg 44 min","124 deg 53 min"
"Tsusiat Lake",137,5,10,253.8,5,455,"48 deg 44 min","124 deg 53 min"
"Tsusiat Lake",137,5,10,253.8,6,360,"48 deg 44 min","124 deg 53 min"
"Tsusiat Lake",137,5,10,253.8,7,155,"48 deg 44 min","124 deg 53 min"
"Tsusiat Lake",137,10,15,228.3,1,387,"48 deg 44 min","124 deg 53 min"
"Tsusiat Lake",137,10,15,228.3,2,498,"48 deg 44 min","124 deg 53 min"
"Tsusiat Lake",137,10,15,228.3,3,461,"48 deg 44 min","124 deg 53 min"
"Tsusiat Lake",137,10,15,228.3,4,0,"48 deg 44 min","124 deg 53 min"
"Tsusiat Lake",137,10,15,228.3,5,352,"48 deg 44 min","124 deg 53 min"
"Tsusiat Lake",137,10,15,228.3,6,314,"48 deg 44 min","124 deg 53 min"
"Tsusiat Lake",137,10,15,228.3,7,118,"48 deg 44 min","124 deg 53 min"
"Tsusiat Lake",137,15,20,194.1,1,132,"48 deg 44 min","124 deg 53 min"
"Tsusiat Lake",137,15,20,194.1,2,466,"48 deg 44 min","124 deg 53 min"
"Tsusiat Lake",137,15,20,194.1,3,436,"48 deg 44 min","124 deg 53 min"
"Tsusiat Lake",137,15,20,194.1,4,0,"48 deg 44 min","124 deg 53 min"
"Tsusiat Lake",137,15,20,194.1,5,300,"48 deg 44 min","124 deg 53 min"
"Tsusiat Lake",137,15,20,194.1,6,73,"48 deg 44 min","124 deg 53 min"
"Tsusiat Lake",137,15,20,194.1,7,0,"48 deg 44 min","124 deg 53 min"
"Tsusiat Lake",137,20,30,145.2,1,0,"48 deg 44 min","124 deg 53 min"
"Tsusiat Lake",137,20,30,145.2,2,417,"48 deg 44 min","124 deg 53 min"
"Tsusiat Lake",137,20,30,145.2,3,392,"48 deg 44 min","124 deg 53 min"
"Tsusiat Lake",137,20,30,145.2,4,0,"48 deg 44 min","124 deg 53 min"
"Tsusiat Lake",137,20,30,145.2,5,0,"48 deg 44 min","124 deg 53 min"
"Tsusiat Lake",137,20,30,145.2,6,0,"48 deg 44 min","124 deg 53 min"
"Tsusiat Lake",137,20,30,145.2,7,0,"48 deg 44 min","124 deg 53 min"
"Tsusiat Lake",137,30,40,104.9,1,0,"48 deg 44 min","124 deg 53 min"
"Tsusiat Lake",137,30,40,104.9,2,345,"48 deg 44 min","124 deg 53 min"
"Tsusiat Lake",137,30,40,104.9,3,294,"48 deg 44 min","124 deg 53 min"
"Tsusiat Lake",137,30,40,104.9,4,0,"48 deg 44 min","124 deg 53 min"
"Tsusiat Lake",137,30,40,104.9,5,0,"48 deg 44 min","124 deg 53 min"
"Tsusiat Lake",137,30,40,104.9,6,0,"48 deg 44 min","124 deg 53 min"
"Tsusiat Lake",137,30,40,104.9,7,0,"48 deg 44 min","124 deg 53 min"
"Tsusiat Lake",137,40,50,70.3,1,0,"48 deg 44 min","124 deg 53 min"
"Tsusiat Lake",137,40,50,70.3,2,0,"48 deg 44 min","124 deg 53 min"
"Tsusiat Lake",137,40,50,70.3,3,0,"48 deg 44 min","124 deg 53 min"
"Tsusiat Lake",137,40,50,70.3,4,0,"48 deg 44 min","124 deg 53 min"
"Tsusiat Lake",137,40,50,70.3,5,0,"48 deg 44 min","124 deg 53 min"
"Tsusiat Lake",137,40,50,70.3,6,0,"48 deg 44 min","124 deg 53 min"
"Tsusiat Lake",137,40,50,70.3,7,0,"48 deg 44 min","124 deg 53 min"
"Tsusiat Lake",137,50,60,33.4,1,0,"48 deg 44 min","124 deg 53 min"
"Tsusiat Lake",137,50,60,33.4,2,0,"48 deg 44 min","124 deg 53 min"
"Tsusiat Lake",137,50,60,33.4,3,0,"48 deg 44 min","124 deg 53 min"
"Tsusiat Lake",137,50,60,33.4,4,0,"48 deg 44 min","124 deg 53 min"
"Tsusiat Lake",137,50,60,33.4,5,0,"48 deg 44 min","124 deg 53 min"
"Tsusiat Lake",137,50,60,33.4,6,0,"48 deg 44 min","124 deg 53 min"
"Tsusiat Lake",137,50,60,33.4,7,0,"48 deg 44 min","124 deg 53 min"
"Tuya Lake",175,2,5,2948,1,1511,"59 deg 05 min","130 deg 34 min"
"Tuya Lake",175,2,5,2948,2,2191,"59 deg 05 min","130 deg 34 min"
"Tuya Lake",175,2,5,2948,3,3105,"59 deg 05 min","130 deg 34 min"
"Tuya Lake",175,2,5,2948,4,2251,"59 deg 05 min","130 deg 34 min"
"Tuya Lake",175,2,5,2948,5,2647,"59 deg 05 min","130 deg 34 min"
"Tuya Lake",175,2,5,2948,6,873,"59 deg 05 min","130 deg 34 min"
"Tuya Lake",175,2,5,2948,7,1214,"59 deg 05 min","130 deg 34 min"
"Tuya Lake",175,2,5,2948,8,1215,"59 deg 05 min","130 deg 34 min"
"Tuya Lake",175,2,5,2948,9,1779,"59 deg 05 min","130 deg 34 min"
"Tuya Lake",175,2,5,2948,10,1426,"59 deg 05 min","130 deg 34 min"
"Tuya Lake",175,3,5,2948,1,1511,"59 deg 05 min","130 deg 34 min"
"Tuya Lake",175,3,5,2948,2,2191,"59 deg 05 min","130 deg 34 min"
"Tuya Lake",175,3,5,2948,3,3105,"59 deg 05 min","130 deg 34 min"
"Tuya Lake",175,3,5,2948,4,2251,"59 deg 05 min","130 deg 34 min"
"Tuya Lake",175,3,5,2948,5,2647,"59 deg 05 min","130 deg 34 min"
"Tuya Lake",175,3,5,2948,6,873,"59 deg 05 min","130 deg 34 min"
"Tuya Lake",175,3,5,2948,7,1214,"59 deg 05 min","130 deg 34 min"
"Tuya Lake",175,3,5,2948,8,1215,"59 deg 05 min","130 deg 34 min"
"Tuya Lake",175,3,5,2948,9,1779,"59 deg 05 min","130 deg 34 min"
"Tuya Lake",175,3,5,2948,10,1426,"59 deg 05 min","130 deg 34 min"
"Tuya Lake",175,5,10,2615,1,1485,"59 deg 05 min","130 deg 34 min"
"Tuya Lake",175,5,10,2615,2,2007,"59 deg 05 min","130 deg 34 min"
"Tuya Lake",175,5,10,2615,3,3019,"59 deg 05 min","130 deg 34 min"
"Tuya Lake",175,5,10,2615,4,2181,"59 deg 05 min","130 deg 34 min"
"Tuya Lake",175,5,10,2615,5,2365,"59 deg 05 min","130 deg 34 min"
"Tuya Lake",175,5,10,2615,6,198,"59 deg 05 min","130 deg 34 min"
"Tuya Lake",175,5,10,2615,7,1173,"59 deg 05 min","130 deg 34 min"
"Tuya Lake",175,5,10,2615,8,1118,"59 deg 05 min","130 deg 34 min"
"Tuya Lake",175,5,10,2615,9,1616,"59 deg 05 min","130 deg 34 min"
"Tuya Lake",175,5,10,2615,10,1349,"59 deg 05 min","130 deg 34 min"
"Tuya Lake",175,10,15,2353,1,1448,"59 deg 05 min","130 deg 34 min"
"Tuya Lake",175,10,15,2353,2,1882,"59 deg 05 min","130 deg 34 min"
"Tuya Lake",175,10,15,2353,3,2865,"59 deg 05 min","130 deg 34 min"
"Tuya Lake",175,10,15,2353,4,1919,"59 deg 05 min","130 deg 34 min"
"Tuya Lake",175,10,15,2353,5,2162,"59 deg 05 min","130 deg 34 min"
"Tuya Lake",175,10,15,2353,6,0,"59 deg 05 min","130 deg 34 min"
"Tuya Lake",175,10,15,2353,7,1119,"59 deg 05 min","130 deg 34 min"
"Tuya Lake",175,10,15,2353,8,909,"59 deg 05 min","130 deg 34 min"
"Tuya Lake",175,10,15,2353,9,1583,"59 deg 05 min","130 deg 34 min"
"Tuya Lake",175,10,15,2353,10,1265,"59 deg 05 min","130 deg 34 min"
"Tuya Lake",175,15,20,9097,1,1375,"59 deg 05 min","130 deg 34 min"
"Tuya Lake",175,15,20,9097,2,1639,"59 deg 05 min","130 deg 34 min"
"Tuya Lake",175,15,20,9097,3,2730,"59 deg 05 min","130 deg 34 min"
"Tuya Lake",175,15,20,9097,4,1809,"59 deg 05 min","130 deg 34 min"
"Tuya Lake",175,15,20,9097,5,1976,"59 deg 05 min","130 deg 34 min"
"Tuya Lake",175,15,20,9097,6,0,"59 deg 05 min","130 deg 34 min"
"Tuya Lake",175,15,20,9097,7,1066,"59 deg 05 min","130 deg 34 min"
"Tuya Lake",175,15,20,9097,8,849,"59 deg 05 min","130 deg 34 min"
"Tuya Lake",175,15,20,9097,9,1498,"59 deg 05 min","130 deg 34 min"
"Tuya Lake",175,15,20,9097,10,1193,"59 deg 05 min","130 deg 34 min"
"Tuya Lake",175,20,30,1450,1,1110,"59 deg 05 min","130 deg 34 min"
"Tuya Lake",175,20,30,1450,2,1112,"59 deg 05 min","130 deg 34 min"
"Tuya Lake",175,20,30,1450,3,2341,"59 deg 05 min","130 deg 34 min"
"Tuya Lake",175,20,30,1450,4,1279,"59 deg 05 min","130 deg 34 min"
"Tuya Lake",175,20,30,1450,5,0,"59 deg 05 min","130 deg 34 min"
"Tuya Lake",175,20,30,1450,6,0,"59 deg 05 min","130 deg 34 min"
"Tuya Lake",175,20,30,1450,7,933,"59 deg 05 min","130 deg 34 min"
"Tuya Lake",175,20,30,1450,8,300,"59 deg 05 min","130 deg 34 min"
"Tuya Lake",175,20,30,1450,9,1136,"59 deg 05 min","130 deg 34 min"
"Tuya Lake",175,20,30,1450,10,971,"59 deg 05 min","130 deg 34 min"
"Tuya Lake",175,30,40,603,1,0,"59 deg 05 min","130 deg 34 min"
"Tuya Lake",175,30,40,603,2,857,"59 deg 05 min","130 deg 34 min"
"Tuya Lake",175,30,40,603,3,1724,"59 deg 05 min","130 deg 34 min"
"Tuya Lake",175,30,40,603,4,189,"59 deg 05 min","130 deg 34 min"
"Tuya Lake",175,30,40,603,5,0,"59 deg 05 min","130 deg 34 min"
"Tuya Lake",175,30,40,603,6,0,"59 deg 05 min","130 deg 34 min"
"Tuya Lake",175,30,40,603,7,0,"59 deg 05 min","130 deg 34 min"
"Tuya Lake",175,30,40,603,8,0,"59 deg 05 min","130 deg 34 min"
"Tuya Lake",175,30,40,603,9,635,"59 deg 05 min","130 deg 34 min"
"Tuya Lake",175,30,40,603,10,187,"59 deg 05 min","130 deg 34 min"
"Tuya Lake",175,40,50,155,1,0,"59 deg 05 min","130 deg 34 min"
"Tuya Lake",175,40,50,155,2,364,"59 deg 05 min","130 deg 34 min"
"Tuya Lake",175,40,50,155,3,0,"59 deg 05 min","130 deg 34 min"
"Tuya Lake",175,40,50,155,4,0,"59 deg 05 min","130 deg 34 min"
"Tuya Lake",175,40,50,155,5,0,"59 deg 05 min","130 deg 34 min"
"Tuya Lake",175,40,50,155,6,0,"59 deg 05 min","130 deg 34 min"
"Tuya Lake",175,40,50,155,7,0,"59 deg 05 min","130 deg 34 min"
"Tuya Lake",175,40,50,155,8,0,"59 deg 05 min","130 deg 34 min"
"Tuya Lake",175,40,50,155,9,103,"59 deg 05 min","130 deg 34 min"
"Tuya Lake",175,40,50,155,10,0,"59 deg 05 min","130 deg 34 min"
"Twin Lake",104,NA,NA,NA,NA,NA,"61 deg 42 min","135 deg 59 min"
"U Kennedy R M74",235,NA,NA,NA,NA,NA,NA,NA
"Uchuck Lake",115,2,5,92,1,490,"49 deg 02 min","125 deg 05 min"
"Uchuck Lake",115,2,5,92,2,617,"49 deg 02 min","125 deg 05 min"
"Uchuck Lake",115,2,5,92,3,475,"49 deg 02 min","125 deg 05 min"
"Uchuck Lake",115,2,5,92,4,393,"49 deg 02 min","125 deg 05 min"
"Uchuck Lake",115,2,5,92,5,2564,"49 deg 02 min","125 deg 05 min"
"Uchuck Lake",115,3,5,92,1,490,"49 deg 02 min","125 deg 05 min"
"Uchuck Lake",115,3,5,92,2,617,"49 deg 02 min","125 deg 05 min"
"Uchuck Lake",115,3,5,92,3,475,"49 deg 02 min","125 deg 05 min"
"Uchuck Lake",115,3,5,92,4,393,"49 deg 02 min","125 deg 05 min"
"Uchuck Lake",115,3,5,92,5,2564,"49 deg 02 min","125 deg 05 min"
"Uchuck Lake",115,5,10,68,1,425,"49 deg 02 min","125 deg 05 min"
"Uchuck Lake",115,5,10,68,2,587,"49 deg 02 min","125 deg 05 min"
"Uchuck Lake",115,5,10,68,3,453,"49 deg 02 min","125 deg 05 min"
"Uchuck Lake",115,5,10,68,4,379,"49 deg 02 min","125 deg 05 min"
"Uchuck Lake",115,5,10,68,5,2384,"49 deg 02 min","125 deg 05 min"
"Uchuck Lake",115,10,15,57,1,352,"49 deg 02 min","125 deg 05 min"
"Uchuck Lake",115,10,15,57,2,562,"49 deg 02 min","125 deg 05 min"
"Uchuck Lake",115,10,15,57,3,435,"49 deg 02 min","125 deg 05 min"
"Uchuck Lake",115,10,15,57,4,348,"49 deg 02 min","125 deg 05 min"
"Uchuck Lake",115,10,15,57,5,2243,"49 deg 02 min","125 deg 05 min"
"Uchuck Lake",115,15,20,50,1,268,"49 deg 02 min","125 deg 05 min"
"Uchuck Lake",115,15,20,50,2,537,"49 deg 02 min","125 deg 05 min"
"Uchuck Lake",115,15,20,50,3,405,"49 deg 02 min","125 deg 05 min"
"Uchuck Lake",115,15,20,50,4,324,"49 deg 02 min","125 deg 05 min"
"Uchuck Lake",115,15,20,50,5,2129,"49 deg 02 min","125 deg 05 min"
"Uchuck Lake",115,20,30,39,1,123,"49 deg 02 min","125 deg 05 min"
"Uchuck Lake",115,20,30,39,2,491,"49 deg 02 min","125 deg 05 min"
"Uchuck Lake",115,20,30,39,3,375,"49 deg 02 min","125 deg 05 min"
"Uchuck Lake",115,20,30,39,4,143,"49 deg 02 min","125 deg 05 min"
"Uchuck Lake",115,20,30,39,5,1992,"49 deg 02 min","125 deg 05 min"
"Uchuck Lake",115,30,40,26,1,0,"49 deg 02 min","125 deg 05 min"
"Uchuck Lake",115,30,40,26,2,398,"49 deg 02 min","125 deg 05 min"
"Uchuck Lake",115,30,40,26,3,271,"49 deg 02 min","125 deg 05 min"
"Uchuck Lake",115,30,40,26,4,0,"49 deg 02 min","125 deg 05 min"
"Uchuck Lake",115,30,40,26,5,1368,"49 deg 02 min","125 deg 05 min"
"Uchuck Lake",115,40,50,7,1,0,"49 deg 02 min","125 deg 05 min"
"Uchuck Lake",115,40,50,7,2,252,"49 deg 02 min","125 deg 05 min"
"Uchuck Lake",115,40,50,7,3,0,"49 deg 02 min","125 deg 05 min"
"Uchuck Lake",115,40,50,7,4,0,"49 deg 02 min","125 deg 05 min"
"Uchuck Lake",115,40,50,7,5,0,"49 deg 02 min","125 deg 05 min"
"Underwood Cove",202,NA,NA,NA,NA,NA,NA,NA
"Upper Mikado Lake",130,NA,NA,NA,NA,NA,"53 deg 28 min","129 deg 48 min"
"Vernon Bay",201,NA,NA,NA,NA,NA,NA,NA
"Vernon Lake",23,2,5,810,1,626,"50 deg 62 min","126 deg 26 min"
"Vernon Lake",23,2,5,810,2,1324,"50 deg 62 min","126 deg 26 min"
"Vernon Lake",23,2,5,810,3,1111,"50 deg 62 min","126 deg 26 min"
"Vernon Lake",23,2,5,810,4,1104,"50 deg 62 min","126 deg 26 min"
"Vernon Lake",23,2,5,810,5,2100,"50 deg 62 min","126 deg 26 min"
"Vernon Lake",23,2,5,810,6,2000,"50 deg 62 min","126 deg 26 min"
"Vernon Lake",23,2,5,810,7,2200,"50 deg 62 min","126 deg 26 min"
"Vernon Lake",23,3,5,810,1,626,"50 deg 62 min","126 deg 26 min"
"Vernon Lake",23,3,5,810,2,1324,"50 deg 62 min","126 deg 26 min"
"Vernon Lake",23,3,5,810,3,1111,"50 deg 62 min","126 deg 26 min"
"Vernon Lake",23,3,5,810,4,1104,"50 deg 62 min","126 deg 26 min"
"Vernon Lake",23,3,5,810,5,2065,"50 deg 62 min","126 deg 26 min"
"Vernon Lake",23,3,5,810,6,1981,"50 deg 62 min","126 deg 26 min"
"Vernon Lake",23,3,5,810,7,2172,"50 deg 62 min","126 deg 26 min"
"Vernon Lake",23,5,10,771,1,612,"50 deg 62 min","126 deg 26 min"
"Vernon Lake",23,5,10,771,2,1313,"50 deg 62 min","126 deg 26 min"
"Vernon Lake",23,5,10,771,3,1091,"50 deg 62 min","126 deg 26 min"
"Vernon Lake",23,5,10,771,4,1066,"50 deg 62 min","126 deg 26 min"
"Vernon Lake",23,5,10,771,5,2046,"50 deg 62 min","126 deg 26 min"
"Vernon Lake",23,5,10,771,6,1973,"50 deg 62 min","126 deg 26 min"
"Vernon Lake",23,5,10,771,7,2160,"50 deg 62 min","126 deg 26 min"
"Vernon Lake",23,10,15,726,1,585,"50 deg 62 min","126 deg 26 min"
"Vernon Lake",23,10,15,726,2,1251,"50 deg 62 min","126 deg 26 min"
"Vernon Lake",23,10,15,726,3,1064,"50 deg 62 min","126 deg 26 min"
"Vernon Lake",23,10,15,726,4,1007,"50 deg 62 min","126 deg 26 min"
"Vernon Lake",23,10,15,726,5,2026,"50 deg 62 min","126 deg 26 min"
"Vernon Lake",23,10,15,726,6,1943,"50 deg 62 min","126 deg 26 min"
"Vernon Lake",23,10,15,726,7,2120,"50 deg 62 min","126 deg 26 min"
"Vernon Lake",23,15,20,682,1,563,"50 deg 62 min","126 deg 26 min"
"Vernon Lake",23,15,20,682,2,1211,"50 deg 62 min","126 deg 26 min"
"Vernon Lake",23,15,20,682,3,1032,"50 deg 62 min","126 deg 26 min"
"Vernon Lake",23,15,20,682,4,1000,"50 deg 62 min","126 deg 26 min"
"Vernon Lake",23,15,20,682,5,2007,"50 deg 62 min","126 deg 26 min"
"Vernon Lake",23,15,20,682,6,1917,"50 deg 62 min","126 deg 26 min"
"Vernon Lake",23,15,20,682,7,2088,"50 deg 62 min","126 deg 26 min"
"Vernon Lake",23,20,30,636,1,533,"50 deg 62 min","126 deg 26 min"
"Vernon Lake",23,20,30,636,2,1170,"50 deg 62 min","126 deg 26 min"
"Vernon Lake",23,20,30,636,3,991,"50 deg 62 min","126 deg 26 min"
"Vernon Lake",23,20,30,636,4,972,"50 deg 62 min","126 deg 26 min"
"Vernon Lake",23,20,30,636,5,1980,"50 deg 62 min","126 deg 26 min"
"Vernon Lake",23,20,30,636,6,1883,"50 deg 62 min","126 deg 26 min"
"Vernon Lake",23,20,30,636,7,2025,"50 deg 62 min","126 deg 26 min"
"Vernon Lake",23,30,40,583,1,472,"50 deg 62 min","126 deg 26 min"
"Vernon Lake",23,30,40,583,2,1111,"50 deg 62 min","126 deg 26 min"
"Vernon Lake",23,30,40,583,3,944,"50 deg 62 min","126 deg 26 min"
"Vernon Lake",23,30,40,583,4,913,"50 deg 62 min","126 deg 26 min"
"Vernon Lake",23,30,40,583,5,1938,"50 deg 62 min","126 deg 26 min"
"Vernon Lake",23,30,40,583,6,1681,"50 deg 62 min","126 deg 26 min"
"Vernon Lake",23,30,40,583,7,1790,"50 deg 62 min","126 deg 26 min"
"Vernon Lake",23,40,50,527,1,404,"50 deg 62 min","126 deg 26 min"
"Vernon Lake",23,40,50,527,2,1049,"50 deg 62 min","126 deg 26 min"
"Vernon Lake",23,40,50,527,3,895,"50 deg 62 min","126 deg 26 min"
"Vernon Lake",23,40,50,527,4,674,"50 deg 62 min","126 deg 26 min"
"Vernon Lake",23,40,50,527,5,1710,"50 deg 62 min","126 deg 26 min"
"Vernon Lake",23,40,50,527,6,1617,"50 deg 62 min","126 deg 26 min"
"Vernon Lake",23,40,50,527,7,1663,"50 deg 62 min","126 deg 26 min"
"Vernon Lake",23,50,60,427,1,288,"50 deg 62 min","126 deg 26 min"
"Vernon Lake",23,50,60,427,2,982,"50 deg 62 min","126 deg 26 min"
"Vernon Lake",23,50,60,427,3,833,"50 deg 62 min","126 deg 26 min"
"Vernon Lake",23,50,60,427,4,601,"50 deg 62 min","126 deg 26 min"
"Vernon Lake",23,50,60,427,5,1618,"50 deg 62 min","126 deg 26 min"
"Vernon Lake",23,50,60,427,6,1530,"50 deg 62 min","126 deg 26 min"
"Vernon Lake",23,50,60,427,7,1501,"50 deg 62 min","126 deg 26 min"
"Village Bay_2005",253,2,5,322,1,400,NA,NA
"Village Bay_2005",253,2,5,322,2,400,NA,NA
"Village Bay_2005",253,2,5,322,3,700,NA,NA
"Village Bay_2005",253,2,5,322,4,1400,NA,NA
"Village Bay_2005",253,2,5,322,5,1400,NA,NA
"Village Bay_2005",253,2,5,322,6,700,NA,NA
"Village Bay_2005",253,2,5,322,7,600,NA,NA
"Village Bay_2005",253,2,5,322,8,700,NA,NA
"Village Bay_2005",253,2,5,322,9,400,NA,NA
"Village Bay_2005",253,2,5,322,10,400,NA,NA
"Village Bay_2005",253,3,5,322,1,400,NA,NA
"Village Bay_2005",253,3,5,322,2,400,NA,NA
"Village Bay_2005",253,3,5,322,3,700,NA,NA
"Village Bay_2005",253,3,5,322,4,1400,NA,NA
"Village Bay_2005",253,3,5,322,5,1400,NA,NA
"Village Bay_2005",253,3,5,322,6,700,NA,NA
"Village Bay_2005",253,3,5,322,7,600,NA,NA
"Village Bay_2005",253,3,5,322,8,700,NA,NA
"Village Bay_2005",253,3,5,322,9,400,NA,NA
"Village Bay_2005",253,3,5,322,10,400,NA,NA
"Village Bay_2005",253,5,10,306,1,373,NA,NA
"Village Bay_2005",253,5,10,306,2,349,NA,NA
"Village Bay_2005",253,5,10,306,3,691,NA,NA
"Village Bay_2005",253,5,10,306,4,1381,NA,NA
"Village Bay_2005",253,5,10,306,5,1379,NA,NA
"Village Bay_2005",253,5,10,306,6,682,NA,NA
"Village Bay_2005",253,5,10,306,7,593,NA,NA
"Village Bay_2005",253,5,10,306,8,697,NA,NA
"Village Bay_2005",253,5,10,306,9,396,NA,NA
"Village Bay_2005",253,5,10,306,10,373,NA,NA
"Village Bay_2005",253,10,15,264,1,343,NA,NA
"Village Bay_2005",253,10,15,264,2,273,NA,NA
"Village Bay_2005",253,10,15,264,3,638,NA,NA
"Village Bay_2005",253,10,15,264,4,1351,NA,NA
"Village Bay_2005",253,10,15,264,5,1340,NA,NA
"Village Bay_2005",253,10,15,264,6,574,NA,NA
"Village Bay_2005",253,10,15,264,7,561,NA,NA
"Village Bay_2005",253,10,15,264,8,663,NA,NA
"Village Bay_2005",253,10,15,264,9,361,NA,NA
"Village Bay_2005",253,10,15,264,10,351,NA,NA
"Village Bay_2005",253,15,20,201,1,313,NA,NA
"Village Bay_2005",253,15,20,201,2,210,NA,NA
"Village Bay_2005",253,15,20,201,3,610,NA,NA
"Village Bay_2005",253,15,20,201,4,1299,NA,NA
"Village Bay_2005",253,15,20,201,5,1246,NA,NA
"Village Bay_2005",253,15,20,201,6,532,NA,NA
"Village Bay_2005",253,15,20,201,7,524,NA,NA
"Village Bay_2005",253,15,20,201,8,629,NA,NA
"Village Bay_2005",253,15,20,201,9,342,NA,NA
"Village Bay_2005",253,15,20,201,10,327,NA,NA
"Village Bay_2005",253,20,30,185,1,286,NA,NA
"Village Bay_2005",253,20,30,185,2,172,NA,NA
"Village Bay_2005",253,20,30,185,3,575,NA,NA
"Village Bay_2005",253,20,30,185,4,1248,NA,NA
"Village Bay_2005",253,20,30,185,5,1177,NA,NA
"Village Bay_2005",253,20,30,185,6,486,NA,NA
"Village Bay_2005",253,20,30,185,7,473,NA,NA
"Village Bay_2005",253,20,30,185,8,599,NA,NA
"Village Bay_2005",253,20,30,185,9,323,NA,NA
"Village Bay_2005",253,20,30,185,10,301,NA,NA
"Village Bay_2005",253,30,40,152,1,256,NA,NA
"Village Bay_2005",253,30,40,152,2,121,NA,NA
"Village Bay_2005",253,30,40,152,3,485,NA,NA
"Village Bay_2005",253,30,40,152,4,1170,NA,NA
"Village Bay_2005",253,30,40,152,5,1092,NA,NA
"Village Bay_2005",253,30,40,152,6,426,NA,NA
"Village Bay_2005",253,30,40,152,7,435,NA,NA
"Village Bay_2005",253,30,40,152,8,554,NA,NA
"Village Bay_2005",253,30,40,152,9,213,NA,NA
"Village Bay_2005",253,30,40,152,10,180,NA,NA
"Village Bay_2005",253,40,50,61.7,1,0,NA,NA
"Village Bay_2005",253,40,50,61.7,2,0,NA,NA
"Village Bay_2005",253,40,50,61.7,3,0,NA,NA
"Village Bay_2005",253,40,50,61.7,4,1031,NA,NA
"Village Bay_2005",253,40,50,61.7,5,893,NA,NA
"Village Bay_2005",253,40,50,61.7,6,0,NA,NA
"Village Bay_2005",253,40,50,61.7,7,203,NA,NA
"Village Bay_2005",253,40,50,61.7,8,0,NA,NA
"Village Bay_2005",253,40,50,61.7,9,0,NA,NA
"Village Bay_2005",253,40,50,61.7,10,0,NA,NA
"Wannock R",192,NA,NA,NA,NA,NA,NA,NA
"Weare Lake",71,NA,NA,NA,NA,NA,"53 deg 34 min","129 deg 29 min"
"Wellesley Lake",105,NA,NA,NA,NA,NA,"62 deg 21 min","139 deg 49 min"
"Wenatchee Lake",888,NA,NA,NA,NA,NA,NA,NA
"Wolf Lake",106,NA,NA,NA,NA,NA,"60 deg 39 min","131 deg 40 min"
"Woss Lake",22,2,5,1291,1,1253,"50 deg 08 min","126 deg 38 min"
"Woss Lake",22,2,5,1291,2,1487,"50 deg 08 min","126 deg 38 min"
"Woss Lake",22,2,5,1291,3,852,"50 deg 08 min","126 deg 38 min"
"Woss Lake",22,2,5,1291,4,743,"50 deg 08 min","126 deg 38 min"
"Woss Lake",22,2,5,1291,5,593,"50 deg 08 min","126 deg 38 min"
"Woss Lake",22,2,5,1291,6,490,"50 deg 08 min","126 deg 38 min"
"Woss Lake",22,2,5,1291,7,605,"50 deg 08 min","126 deg 38 min"
"Woss Lake",22,2,5,1291,8,611,"50 deg 08 min","126 deg 38 min"
"Woss Lake",22,2,5,1291,9,808,"50 deg 08 min","126 deg 38 min"
"Woss Lake",22,2,5,1291,10,618,"50 deg 08 min","126 deg 38 min"
"Woss Lake",22,2,5,1291,11,596,"50 deg 08 min","126 deg 38 min"
"Woss Lake",22,2,5,1291,12,754,"50 deg 08 min","126 deg 38 min"
"Woss Lake",22,2,5,1291,13,1430,"50 deg 08 min","126 deg 38 min"
"Woss Lake",22,2,5,1291,14,1150,"50 deg 08 min","126 deg 38 min"
"Woss Lake",22,3,5,1291,1,1253,"50 deg 08 min","126 deg 38 min"
"Woss Lake",22,3,5,1291,2,1487,"50 deg 08 min","126 deg 38 min"
"Woss Lake",22,3,5,1291,3,852,"50 deg 08 min","126 deg 38 min"
"Woss Lake",22,3,5,1291,4,743,"50 deg 08 min","126 deg 38 min"
"Woss Lake",22,3,5,1291,5,593,"50 deg 08 min","126 deg 38 min"
"Woss Lake",22,3,5,1291,6,490,"50 deg 08 min","126 deg 38 min"
"Woss Lake",22,3,5,1291,7,605,"50 deg 08 min","126 deg 38 min"
"Woss Lake",22,3,5,1291,8,611,"50 deg 08 min","126 deg 38 min"
"Woss Lake",22,3,5,1291,9,808,"50 deg 08 min","126 deg 38 min"
"Woss Lake",22,3,5,1291,10,618,"50 deg 08 min","126 deg 38 min"
"Woss Lake",22,3,5,1291,11,596,"50 deg 08 min","126 deg 38 min"
"Woss Lake",22,3,5,1291,12,754,"50 deg 08 min","126 deg 38 min"
"Woss Lake",22,3,5,1291,13,1430,"50 deg 08 min","126 deg 38 min"
"Woss Lake",22,3,5,1291,14,1150,"50 deg 08 min","126 deg 38 min"
"Woss Lake",22,5,10,1285,1,1238,"50 deg 08 min","126 deg 38 min"
"Woss Lake",22,5,10,1285,2,1472,"50 deg 08 min","126 deg 38 min"
"Woss Lake",22,5,10,1285,3,836,"50 deg 08 min","126 deg 38 min"
"Woss Lake",22,5,10,1285,4,726,"50 deg 08 min","126 deg 38 min"
"Woss Lake",22,5,10,1285,5,508,"50 deg 08 min","126 deg 38 min"
"Woss Lake",22,5,10,1285,6,490,"50 deg 08 min","126 deg 38 min"
"Woss Lake",22,5,10,1285,7,579,"50 deg 08 min","126 deg 38 min"
"Woss Lake",22,5,10,1285,8,611,"50 deg 08 min","126 deg 38 min"
"Woss Lake",22,5,10,1285,9,808,"50 deg 08 min","126 deg 38 min"
"Woss Lake",22,5,10,1285,10,618,"50 deg 08 min","126 deg 38 min"
"Woss Lake",22,5,10,1285,11,596,"50 deg 08 min","126 deg 38 min"
"Woss Lake",22,5,10,1285,12,754,"50 deg 08 min","126 deg 38 min"
"Woss Lake",22,5,10,1285,13,1430,"50 deg 08 min","126 deg 38 min"
"Woss Lake",22,5,10,1285,14,1150,"50 deg 08 min","126 deg 38 min"
"Woss Lake",22,10,15,1236,1,1088,"50 deg 08 min","126 deg 38 min"
"Woss Lake",22,10,15,1236,2,1450,"50 deg 08 min","126 deg 38 min"
"Woss Lake",22,10,15,1236,3,811,"50 deg 08 min","126 deg 38 min"
"Woss Lake",22,10,15,1236,4,700,"50 deg 08 min","126 deg 38 min"
"Woss Lake",22,10,15,1236,5,473,"50 deg 08 min","126 deg 38 min"
"Woss Lake",22,10,15,1236,6,490,"50 deg 08 min","126 deg 38 min"
"Woss Lake",22,10,15,1236,7,519,"50 deg 08 min","126 deg 38 min"
"Woss Lake",22,10,15,1236,8,592,"50 deg 08 min","126 deg 38 min"
"Woss Lake",22,10,15,1236,9,789,"50 deg 08 min","126 deg 38 min"
"Woss Lake",22,10,15,1236,10,591,"50 deg 08 min","126 deg 38 min"
"Woss Lake",22,10,15,1236,11,593,"50 deg 08 min","126 deg 38 min"
"Woss Lake",22,10,15,1236,12,754,"50 deg 08 min","126 deg 38 min"
"Woss Lake",22,10,15,1236,13,1390,"50 deg 08 min","126 deg 38 min"
"Woss Lake",22,10,15,1236,14,1150,"50 deg 08 min","126 deg 38 min"
"Woss Lake",22,15,20,1188,1,971,"50 deg 08 min","126 deg 38 min"
"Woss Lake",22,15,20,1188,2,1411,"50 deg 08 min","126 deg 38 min"
"Woss Lake",22,15,20,1188,3,786,"50 deg 08 min","126 deg 38 min"
"Woss Lake",22,15,20,1188,4,667,"50 deg 08 min","126 deg 38 min"
"Woss Lake",22,15,20,1188,5,444,"50 deg 08 min","126 deg 38 min"
"Woss Lake",22,15,20,1188,6,468,"50 deg 08 min","126 deg 38 min"
"Woss Lake",22,15,20,1188,7,490,"50 deg 08 min","126 deg 38 min"
"Woss Lake",22,15,20,1188,8,576,"50 deg 08 min","126 deg 38 min"
"Woss Lake",22,15,20,1188,9,744,"50 deg 08 min","126 deg 38 min"
"Woss Lake",22,15,20,1188,10,570,"50 deg 08 min","126 deg 38 min"
"Woss Lake",22,15,20,1188,11,562,"50 deg 08 min","126 deg 38 min"
"Woss Lake",22,15,20,1188,12,751,"50 deg 08 min","126 deg 38 min"
"Woss Lake",22,15,20,1188,13,1315,"50 deg 08 min","126 deg 38 min"
"Woss Lake",22,15,20,1188,14,1150,"50 deg 08 min","126 deg 38 min"
"Woss Lake",22,20,30,1118,1,793,"50 deg 08 min","126 deg 38 min"
"Woss Lake",22,20,30,1118,2,1360,"50 deg 08 min","126 deg 38 min"
"Woss Lake",22,20,30,1118,3,756,"50 deg 08 min","126 deg 38 min"
"Woss Lake",22,20,30,1118,4,638,"50 deg 08 min","126 deg 38 min"
"Woss Lake",22,20,30,1118,5,414,"50 deg 08 min","126 deg 38 min"
"Woss Lake",22,20,30,1118,6,423,"50 deg 08 min","126 deg 38 min"
"Woss Lake",22,20,30,1118,7,465,"50 deg 08 min","126 deg 38 min"
"Woss Lake",22,20,30,1118,8,523,"50 deg 08 min","126 deg 38 min"
"Woss Lake",22,20,30,1118,9,679,"50 deg 08 min","126 deg 38 min"
"Woss Lake",22,20,30,1118,10,537,"50 deg 08 min","126 deg 38 min"
"Woss Lake",22,20,30,1118,11,504,"50 deg 08 min","126 deg 38 min"
"Woss Lake",22,20,30,1118,12,721,"50 deg 08 min","126 deg 38 min"
"Woss Lake",22,20,30,1118,13,1236,"50 deg 08 min","126 deg 38 min"
"Woss Lake",22,20,30,1118,14,1125,"50 deg 08 min","126 deg 38 min"
"Woss Lake",22,30,40,1030,1,731,"50 deg 08 min","126 deg 38 min"
"Woss Lake",22,30,40,1030,2,1269,"50 deg 08 min","126 deg 38 min"
"Woss Lake",22,30,40,1030,3,714,"50 deg 08 min","126 deg 38 min"
"Woss Lake",22,30,40,1030,4,608,"50 deg 08 min","126 deg 38 min"
"Woss Lake",22,30,40,1030,5,366,"50 deg 08 min","126 deg 38 min"
"Woss Lake",22,30,40,1030,6,351,"50 deg 08 min","126 deg 38 min"
"Woss Lake",22,30,40,1030,7,424,"50 deg 08 min","126 deg 38 min"
"Woss Lake",22,30,40,1030,8,453,"50 deg 08 min","126 deg 38 min"
"Woss Lake",22,30,40,1030,9,615,"50 deg 08 min","126 deg 38 min"
"Woss Lake",22,30,40,1030,10,438,"50 deg 08 min","126 deg 38 min"
"Woss Lake",22,30,40,1030,11,462,"50 deg 08 min","126 deg 38 min"
"Woss Lake",22,30,40,1030,12,662,"50 deg 08 min","126 deg 38 min"
"Woss Lake",22,30,40,1030,13,1154,"50 deg 08 min","126 deg 38 min"
"Woss Lake",22,30,40,1030,14,767,"50 deg 08 min","126 deg 38 min"
"Woss Lake",22,40,50,951,1,665,"50 deg 08 min","126 deg 38 min"
"Woss Lake",22,40,50,951,2,1139,"50 deg 08 min","126 deg 38 min"
"Woss Lake",22,40,50,951,3,664,"50 deg 08 min","126 deg 38 min"
"Woss Lake",22,40,50,951,4,545,"50 deg 08 min","126 deg 38 min"
"Woss Lake",22,40,50,951,5,305,"50 deg 08 min","126 deg 38 min"
"Woss Lake",22,40,50,951,6,308,"50 deg 08 min","126 deg 38 min"
"Woss Lake",22,40,50,951,7,373,"50 deg 08 min","126 deg 38 min"
"Woss Lake",22,40,50,951,8,399,"50 deg 08 min","126 deg 38 min"
"Woss Lake",22,40,50,951,9,546,"50 deg 08 min","126 deg 38 min"
"Woss Lake",22,40,50,951,10,407,"50 deg 08 min","126 deg 38 min"
"Woss Lake",22,40,50,951,11,434,"50 deg 08 min","126 deg 38 min"
"Woss Lake",22,40,50,951,12,582,"50 deg 08 min","126 deg 38 min"
"Woss Lake",22,40,50,951,13,1054,"50 deg 08 min","126 deg 38 min"
"Woss Lake",22,40,50,951,14,719,"50 deg 08 min","126 deg 38 min"
"Woss Lake",22,50,60,870,1,612,"50 deg 08 min","126 deg 38 min"
"Woss Lake",22,50,60,870,2,1049,"50 deg 08 min","126 deg 38 min"
"Woss Lake",22,50,60,870,3,630,"50 deg 08 min","126 deg 38 min"
"Woss Lake",22,50,60,870,4,502,"50 deg 08 min","126 deg 38 min"
"Woss Lake",22,50,60,870,5,270,"50 deg 08 min","126 deg 38 min"
"Woss Lake",22,50,60,870,6,308,"50 deg 08 min","126 deg 38 min"
"Woss Lake",22,50,60,870,7,373,"50 deg 08 min","126 deg 38 min"
"Woss Lake",22,50,60,870,8,399,"50 deg 08 min","126 deg 38 min"
"Woss Lake",22,50,60,870,9,546,"50 deg 08 min","126 deg 38 min"
"Woss Lake",22,50,60,870,10,407,"50 deg 08 min","126 deg 38 min"
"Woss Lake",22,50,60,870,11,434,"50 deg 08 min","126 deg 38 min"
"Woss Lake",22,50,60,870,12,582,"50 deg 08 min","126 deg 38 min"
"Woss Lake",22,50,60,870,13,1054,"50 deg 08 min","126 deg 38 min"
"Woss Lake",22,50,60,870,14,719,"50 deg 08 min","126 deg 38 min"
"Woss Lake",22,60,70,790,1,505,"50 deg 08 min","126 deg 38 min"
"Woss Lake",22,60,70,790,2,995,"50 deg 08 min","126 deg 38 min"
"Woss Lake",22,60,70,790,3,580,"50 deg 08 min","126 deg 38 min"
"Woss Lake",22,60,70,790,4,483,"50 deg 08 min","126 deg 38 min"
"Woss Lake",22,60,70,790,5,0,"50 deg 08 min","126 deg 38 min"
"Woss Lake",22,60,70,790,6,308,"50 deg 08 min","126 deg 38 min"
"Woss Lake",22,60,70,790,7,373,"50 deg 08 min","126 deg 38 min"
"Woss Lake",22,60,70,790,8,399,"50 deg 08 min","126 deg 38 min"
"Woss Lake",22,60,70,790,9,546,"50 deg 08 min","126 deg 38 min"
"Woss Lake",22,60,70,790,10,407,"50 deg 08 min","126 deg 38 min"
"Woss Lake",22,60,70,790,11,434,"50 deg 08 min","126 deg 38 min"
"Woss Lake",22,60,70,790,12,582,"50 deg 08 min","126 deg 38 min"
"Woss Lake",22,60,70,790,13,1054,"50 deg 08 min","126 deg 38 min"
"Woss Lake",22,60,70,790,14,719,"50 deg 08 min","126 deg 38 min"
"Woss Lake",22,70,80,723,1,400,"50 deg 08 min","126 deg 38 min"
"Woss Lake",22,70,80,723,2,929,"50 deg 08 min","126 deg 38 min"
"Woss Lake",22,70,80,723,3,534,"50 deg 08 min","126 deg 38 min"
"Woss Lake",22,70,80,723,4,448,"50 deg 08 min","126 deg 38 min"
"Woss Lake",22,70,80,723,5,0,"50 deg 08 min","126 deg 38 min"
"Woss Lake",22,70,80,723,6,308,"50 deg 08 min","126 deg 38 min"
"Woss Lake",22,70,80,723,7,373,"50 deg 08 min","126 deg 38 min"
"Woss Lake",22,70,80,723,8,399,"50 deg 08 min","126 deg 38 min"
"Woss Lake",22,70,80,723,9,546,"50 deg 08 min","126 deg 38 min"
"Woss Lake",22,70,80,723,10,407,"50 deg 08 min","126 deg 38 min"
"Woss Lake",22,70,80,723,11,434,"50 deg 08 min","126 deg 38 min"
"Woss Lake",22,70,80,723,12,582,"50 deg 08 min","126 deg 38 min"
"Woss Lake",22,70,80,723,13,1054,"50 deg 08 min","126 deg 38 min"
"Woss Lake",22,70,80,723,14,719,"50 deg 08 min","126 deg 38 min"
"Wyclees Lagoon",134,NA,NA,NA,NA,NA,"51 deg 15 min","127 deg 21 min"
"Yakoun Lake",69,2,5,781,1,812,"53 deg 19 min","132 deg 17 min"
"Yakoun Lake",69,2,5,781,2,1145,"53 deg 19 min","132 deg 17 min"
"Yakoun Lake",69,2,5,781,3,892,"53 deg 19 min","132 deg 17 min"
"Yakoun Lake",69,2,5,781,4,1092,"53 deg 19 min","132 deg 17 min"
"Yakoun Lake",69,2,5,781,5,1140,"53 deg 19 min","132 deg 17 min"
"Yakoun Lake",69,2,5,781,6,1061,"53 deg 19 min","132 deg 17 min"
"Yakoun Lake",69,2,5,781,7,957,"53 deg 19 min","132 deg 17 min"
"Yakoun Lake",69,2,5,781,8,1050,"53 deg 19 min","132 deg 17 min"
"Yakoun Lake",69,2,5,781,9,1216,"53 deg 19 min","132 deg 17 min"
"Yakoun Lake",69,2,5,781,10,1598,"53 deg 19 min","132 deg 17 min"
"Yakoun Lake",69,2,5,781,11,1086,"53 deg 19 min","132 deg 17 min"
"Yakoun Lake",69,2,5,781,12,1412,"53 deg 19 min","132 deg 17 min"
"Yakoun Lake",69,3,5,781,1,812,"53 deg 19 min","132 deg 17 min"
"Yakoun Lake",69,3,5,781,2,1145,"53 deg 19 min","132 deg 17 min"
"Yakoun Lake",69,3,5,781,3,892,"53 deg 19 min","132 deg 17 min"
"Yakoun Lake",69,3,5,781,4,1092,"53 deg 19 min","132 deg 17 min"
"Yakoun Lake",69,3,5,781,5,1140,"53 deg 19 min","132 deg 17 min"
"Yakoun Lake",69,3,5,781,6,1061,"53 deg 19 min","132 deg 17 min"
"Yakoun Lake",69,3,5,781,7,957,"53 deg 19 min","132 deg 17 min"
"Yakoun Lake",69,3,5,781,8,984,"53 deg 19 min","132 deg 17 min"
"Yakoun Lake",69,3,5,781,9,1191,"53 deg 19 min","132 deg 17 min"
"Yakoun Lake",69,3,5,781,10,1432,"53 deg 19 min","132 deg 17 min"
"Yakoun Lake",69,3,5,781,11,1070,"53 deg 19 min","132 deg 17 min"
"Yakoun Lake",69,3,5,781,12,1396,"53 deg 19 min","132 deg 17 min"
"Yakoun Lake",69,5,10,711,1,727,"53 deg 19 min","132 deg 17 min"
"Yakoun Lake",69,5,10,711,2,1098,"53 deg 19 min","132 deg 17 min"
"Yakoun Lake",69,5,10,711,3,865,"53 deg 19 min","132 deg 17 min"
"Yakoun Lake",69,5,10,711,4,1073,"53 deg 19 min","132 deg 17 min"
"Yakoun Lake",69,5,10,711,5,1119,"53 deg 19 min","132 deg 17 min"
"Yakoun Lake",69,5,10,711,6,1005,"53 deg 19 min","132 deg 17 min"
"Yakoun Lake",69,5,10,711,7,941,"53 deg 19 min","132 deg 17 min"
"Yakoun Lake",69,5,10,711,8,764,"53 deg 19 min","132 deg 17 min"
"Yakoun Lake",69,5,10,711,9,1164,"53 deg 19 min","132 deg 17 min"
"Yakoun Lake",69,5,10,711,10,1376,"53 deg 19 min","132 deg 17 min"
"Yakoun Lake",69,5,10,711,11,986,"53 deg 19 min","132 deg 17 min"
"Yakoun Lake",69,5,10,711,12,1375,"53 deg 19 min","132 deg 17 min"
"Yakoun Lake",69,10,15,640,1,684,"53 deg 19 min","132 deg 17 min"
"Yakoun Lake",69,10,15,640,2,1051,"53 deg 19 min","132 deg 17 min"
"Yakoun Lake",69,10,15,640,3,823,"53 deg 19 min","132 deg 17 min"
"Yakoun Lake",69,10,15,640,4,1054,"53 deg 19 min","132 deg 17 min"
"Yakoun Lake",69,10,15,640,5,1097,"53 deg 19 min","132 deg 17 min"
"Yakoun Lake",69,10,15,640,6,876,"53 deg 19 min","132 deg 17 min"
"Yakoun Lake",69,10,15,640,7,812,"53 deg 19 min","132 deg 17 min"
"Yakoun Lake",69,10,15,640,8,495,"53 deg 19 min","132 deg 17 min"
"Yakoun Lake",69,10,15,640,9,1088,"53 deg 19 min","132 deg 17 min"
"Yakoun Lake",69,10,15,640,10,1335,"53 deg 19 min","132 deg 17 min"
"Yakoun Lake",69,10,15,640,11,883,"53 deg 19 min","132 deg 17 min"
"Yakoun Lake",69,10,15,640,12,1284,"53 deg 19 min","132 deg 17 min"
"Yakoun Lake",69,15,20,567,1,620,"53 deg 19 min","132 deg 17 min"
"Yakoun Lake",69,15,20,567,2,996,"53 deg 19 min","132 deg 17 min"
"Yakoun Lake",69,15,20,567,3,795,"53 deg 19 min","132 deg 17 min"
"Yakoun Lake",69,15,20,567,4,1035,"53 deg 19 min","132 deg 17 min"
"Yakoun Lake",69,15,20,567,5,1075,"53 deg 19 min","132 deg 17 min"
"Yakoun Lake",69,15,20,567,6,780,"53 deg 19 min","132 deg 17 min"
"Yakoun Lake",69,15,20,567,7,684,"53 deg 19 min","132 deg 17 min"
"Yakoun Lake",69,15,20,567,8,424,"53 deg 19 min","132 deg 17 min"
"Yakoun Lake",69,15,20,567,9,966,"53 deg 19 min","132 deg 17 min"
"Yakoun Lake",69,15,20,567,10,1282,"53 deg 19 min","132 deg 17 min"
"Yakoun Lake",69,15,20,567,11,839,"53 deg 19 min","132 deg 17 min"
"Yakoun Lake",69,15,20,567,12,576,"53 deg 19 min","132 deg 17 min"
"Yakoun Lake",69,20,30,475,1,520,"53 deg 19 min","132 deg 17 min"
"Yakoun Lake",69,20,30,475,2,769,"53 deg 19 min","132 deg 17 min"
"Yakoun Lake",69,20,30,475,3,761,"53 deg 19 min","132 deg 17 min"
"Yakoun Lake",69,20,30,475,4,1003,"53 deg 19 min","132 deg 17 min"
"Yakoun Lake",69,20,30,475,5,1017,"53 deg 19 min","132 deg 17 min"
"Yakoun Lake",69,20,30,475,6,587,"53 deg 19 min","132 deg 17 min"
"Yakoun Lake",69,20,30,475,7,595,"53 deg 19 min","132 deg 17 min"
"Yakoun Lake",69,20,30,475,8,297,"53 deg 19 min","132 deg 17 min"
"Yakoun Lake",69,20,30,475,9,631,"53 deg 19 min","132 deg 17 min"
"Yakoun Lake",69,20,30,475,10,1090,"53 deg 19 min","132 deg 17 min"
"Yakoun Lake",69,20,30,475,11,689,"53 deg 19 min","132 deg 17 min"
"Yakoun Lake",69,20,30,475,12,419,"53 deg 19 min","132 deg 17 min"
"Yakoun Lake",69,30,40,350,1,235,"53 deg 19 min","132 deg 17 min"
"Yakoun Lake",69,30,40,350,2,510,"53 deg 19 min","132 deg 17 min"
"Yakoun Lake",69,30,40,350,3,629,"53 deg 19 min","132 deg 17 min"
"Yakoun Lake",69,30,40,350,4,953,"53 deg 19 min","132 deg 17 min"
"Yakoun Lake",69,30,40,350,5,835,"53 deg 19 min","132 deg 17 min"
"Yakoun Lake",69,30,40,350,6,426,"53 deg 19 min","132 deg 17 min"
"Yakoun Lake",69,30,40,350,7,402,"53 deg 19 min","132 deg 17 min"
"Yakoun Lake",69,30,40,350,8,116,"53 deg 19 min","132 deg 17 min"
"Yakoun Lake",69,30,40,350,9,403,"53 deg 19 min","132 deg 17 min"
"Yakoun Lake",69,30,40,350,10,985,"53 deg 19 min","132 deg 17 min"
"Yakoun Lake",69,30,40,350,11,457,"53 deg 19 min","132 deg 17 min"
"Yakoun Lake",69,30,40,350,12,0,"53 deg 19 min","132 deg 17 min"
"Yakoun Lake",69,40,50,239,1,0,"53 deg 19 min","132 deg 17 min"
"Yakoun Lake",69,40,50,239,2,392,"53 deg 19 min","132 deg 17 min"
"Yakoun Lake",69,40,50,239,3,546,"53 deg 19 min","132 deg 17 min"
"Yakoun Lake",69,40,50,239,4,908,"53 deg 19 min","132 deg 17 min"
"Yakoun Lake",69,40,50,239,5,516,"53 deg 19 min","132 deg 17 min"
"Yakoun Lake",69,40,50,239,6,113,"53 deg 19 min","132 deg 17 min"
"Yakoun Lake",69,40,50,239,7,153,"53 deg 19 min","132 deg 17 min"
"Yakoun Lake",69,40,50,239,8,0,"53 deg 19 min","132 deg 17 min"
"Yakoun Lake",69,40,50,239,9,218,"53 deg 19 min","132 deg 17 min"
"Yakoun Lake",69,40,50,239,10,846,"53 deg 19 min","132 deg 17 min"
"Yakoun Lake",69,40,50,239,11,376,"53 deg 19 min","132 deg 17 min"
"Yakoun Lake",69,40,50,239,12,0,"53 deg 19 min","132 deg 17 min"
"Yakoun Lake",69,50,60,174,1,0,"53 deg 19 min","132 deg 17 min"
"Yakoun Lake",69,50,60,174,2,353,"53 deg 19 min","132 deg 17 min"
"Yakoun Lake",69,50,60,174,3,450,"53 deg 19 min","132 deg 17 min"
"Yakoun Lake",69,50,60,174,4,800,"53 deg 19 min","132 deg 17 min"
"Yakoun Lake",69,50,60,174,5,465,"53 deg 19 min","132 deg 17 min"
"Yakoun Lake",69,50,60,174,6,40,"53 deg 19 min","132 deg 17 min"
"Yakoun Lake",69,50,60,174,7,0,"53 deg 19 min","132 deg 17 min"
"Yakoun Lake",69,50,60,174,8,0,"53 deg 19 min","132 deg 17 min"
"Yakoun Lake",69,50,60,174,9,0,"53 deg 19 min","132 deg 17 min"
"Yakoun Lake",69,50,60,174,10,0,"53 deg 19 min","132 deg 17 min"
"Yakoun Lake",69,50,60,174,11,0,"53 deg 19 min","132 deg 17 min"
"Yakoun Lake",69,50,60,174,12,0,"53 deg 19 min","132 deg 17 min"
"Yakoun Lake",69,60,70,132,1,0,"53 deg 19 min","132 deg 17 min"
"Yakoun Lake",69,60,70,132,2,0,"53 deg 19 min","132 deg 17 min"
"Yakoun Lake",69,60,70,132,3,344,"53 deg 19 min","132 deg 17 min"
"Yakoun Lake",69,60,70,132,4,691,"53 deg 19 min","132 deg 17 min"
"Yakoun Lake",69,60,70,132,5,330,"53 deg 19 min","132 deg 17 min"
"Yakoun Lake",69,60,70,132,6,0,"53 deg 19 min","132 deg 17 min"
"Yakoun Lake",69,60,70,132,7,0,"53 deg 19 min","132 deg 17 min"
"Yakoun Lake",69,60,70,132,8,0,"53 deg 19 min","132 deg 17 min"
"Yakoun Lake",69,60,70,132,9,0,"53 deg 19 min","132 deg 17 min"
"Yakoun Lake",69,60,70,132,10,0,"53 deg 19 min","132 deg 17 min"
"Yakoun Lake",69,60,70,132,11,0,"53 deg 19 min","132 deg 17 min"
"Yakoun Lake",69,60,70,132,12,0,"53 deg 19 min","132 deg 17 min"
