"lk.name","lake_code","depth_min","depth_max","Area","Transect","Length","lake_name","lake_latitude","lake_longitude"
NA,10,NA,NA,NA,NA,NA,"A23 TF (Alberni)","49 deg 05 min","124 deg 50 min"
NA,33,NA,NA,NA,NA,NA,"A23 TF (Barkley)","48 deg 51 min","125 deg 23 min"
NA,30,NA,NA,NA,NA,NA,"A23 TF (Uchuckl)","49 deg 00 min","125 deg 00 min"
NA,162,NA,NA,NA,NA,NA,"A23 TF (total)","49 deg 05 min","124 deg 50 min"
NA,81,NA,NA,NA,NA,NA,"Adams Lake","51 deg 09 min","119 deg 39 min"
"ALISTAIR LAKE",12,2,5,685,1,1030,"Alastair Lake","54 deg 05 min","129 deg 11 min"
"ALISTAIR LAKE",12,2,5,685,2,987,"Alastair Lake","54 deg 05 min","129 deg 11 min"
"ALISTAIR LAKE",12,2,5,685,3,891,"Alastair Lake","54 deg 05 min","129 deg 11 min"
"ALISTAIR LAKE",12,2,5,685,4,785,"Alastair Lake","54 deg 05 min","129 deg 11 min"
"ALISTAIR LAKE",12,2,5,685,5,664,"Alastair Lake","54 deg 05 min","129 deg 11 min"
"ALISTAIR LAKE",12,3,5,685,1,1030,"Alastair Lake","54 deg 05 min","129 deg 11 min"
"ALISTAIR LAKE",12,3,5,685,2,987,"Alastair Lake","54 deg 05 min","129 deg 11 min"
"ALISTAIR LAKE",12,3,5,685,3,891,"Alastair Lake","54 deg 05 min","129 deg 11 min"
"ALISTAIR LAKE",12,3,5,685,4,785,"Alastair Lake","54 deg 05 min","129 deg 11 min"
"ALISTAIR LAKE",12,3,5,685,5,664,"Alastair Lake","54 deg 05 min","129 deg 11 min"
"ALISTAIR LAKE",12,5,10,623,1,974,"Alastair Lake","54 deg 05 min","129 deg 11 min"
"ALISTAIR LAKE",12,5,10,623,2,963,"Alastair Lake","54 deg 05 min","129 deg 11 min"
"ALISTAIR LAKE",12,5,10,623,3,836,"Alastair Lake","54 deg 05 min","129 deg 11 min"
"ALISTAIR LAKE",12,5,10,623,4,775,"Alastair Lake","54 deg 05 min","129 deg 11 min"
"ALISTAIR LAKE",12,5,10,623,5,648,"Alastair Lake","54 deg 05 min","129 deg 11 min"
"ALISTAIR LAKE",12,10,15,562,1,699,"Alastair Lake","54 deg 05 min","129 deg 11 min"
"ALISTAIR LAKE",12,10,15,562,2,915,"Alastair Lake","54 deg 05 min","129 deg 11 min"
"ALISTAIR LAKE",12,10,15,562,3,789,"Alastair Lake","54 deg 05 min","129 deg 11 min"
"ALISTAIR LAKE",12,10,15,562,4,736,"Alastair Lake","54 deg 05 min","129 deg 11 min"
"ALISTAIR LAKE",12,10,15,562,5,627,"Alastair Lake","54 deg 05 min","129 deg 11 min"
"ALISTAIR LAKE",12,15,20,484,1,532,"Alastair Lake","54 deg 05 min","129 deg 11 min"
"ALISTAIR LAKE",12,15,20,484,2,849,"Alastair Lake","54 deg 05 min","129 deg 11 min"
"ALISTAIR LAKE",12,15,20,484,3,752,"Alastair Lake","54 deg 05 min","129 deg 11 min"
"ALISTAIR LAKE",12,15,20,484,4,715,"Alastair Lake","54 deg 05 min","129 deg 11 min"
"ALISTAIR LAKE",12,15,20,484,5,605,"Alastair Lake","54 deg 05 min","129 deg 11 min"
"ALISTAIR LAKE",12,20,30,377,1,0,"Alastair Lake","54 deg 05 min","129 deg 11 min"
"ALISTAIR LAKE",12,20,30,377,2,427,"Alastair Lake","54 deg 05 min","129 deg 11 min"
"ALISTAIR LAKE",12,20,30,377,3,710,"Alastair Lake","54 deg 05 min","129 deg 11 min"
"ALISTAIR LAKE",12,20,30,377,4,697,"Alastair Lake","54 deg 05 min","129 deg 11 min"
"ALISTAIR LAKE",12,20,30,377,5,575,"Alastair Lake","54 deg 05 min","129 deg 11 min"
"ALISTAIR LAKE",12,30,40,278,1,0,"Alastair Lake","54 deg 05 min","129 deg 11 min"
"ALISTAIR LAKE",12,30,40,278,2,0,"Alastair Lake","54 deg 05 min","129 deg 11 min"
"ALISTAIR LAKE",12,30,40,278,3,618,"Alastair Lake","54 deg 05 min","129 deg 11 min"
"ALISTAIR LAKE",12,30,40,278,4,641,"Alastair Lake","54 deg 05 min","129 deg 11 min"
"ALISTAIR LAKE",12,30,40,278,5,535,"Alastair Lake","54 deg 05 min","129 deg 11 min"
"ALISTAIR LAKE",12,40,50,216,1,0,"Alastair Lake","54 deg 05 min","129 deg 11 min"
"ALISTAIR LAKE",12,40,50,216,2,0,"Alastair Lake","54 deg 05 min","129 deg 11 min"
"ALISTAIR LAKE",12,40,50,216,3,518,"Alastair Lake","54 deg 05 min","129 deg 11 min"
"ALISTAIR LAKE",12,40,50,216,4,583,"Alastair Lake","54 deg 05 min","129 deg 11 min"
"ALISTAIR LAKE",12,40,50,216,5,493,"Alastair Lake","54 deg 05 min","129 deg 11 min"
"ALISTAIR LAKE",12,50,60,180,1,0,"Alastair Lake","54 deg 05 min","129 deg 11 min"
"ALISTAIR LAKE",12,50,60,180,2,0,"Alastair Lake","54 deg 05 min","129 deg 11 min"
"ALISTAIR LAKE",12,50,60,180,3,419,"Alastair Lake","54 deg 05 min","129 deg 11 min"
"ALISTAIR LAKE",12,50,60,180,4,533,"Alastair Lake","54 deg 05 min","129 deg 11 min"
"ALISTAIR LAKE",12,50,60,180,5,437,"Alastair Lake","54 deg 05 min","129 deg 11 min"
NA,90,NA,NA,NA,NA,NA,"Alligator Lake","60 deg 23 min","135 deg 21 min"
NA,72,NA,NA,NA,NA,NA,"Amor Lake","50 deg 10 min","125 deg 34 min"
NA,86,NA,NA,NA,NA,NA,"Anderson Lake","50 deg 38 min","122 deg 25 min"
NA,126,NA,NA,NA,NA,NA,"Anutz Lake","50 deg 18 min","126 deg 55 min"
NA,4,NA,NA,NA,NA,NA,"Area 23 Cm Fshry","48 deg 55 min","125 deg 23 min"
NA,172,NA,NA,NA,NA,NA,"Ark Lake","48 deg 30 min","123 deg 36 min"
NA,127,NA,NA,NA,NA,NA,"Atluck Lake","50 deg 12 min","126 deg 57 min"
NA,187,NA,NA,NA,NA,NA,"Atnarko R",NA,NA
"AWUN LAKE",27,2,5,465,1,648,"Awun Lake","53 deg 36 min","132 deg 35 min"
"AWUN LAKE",27,2,5,465,2,928,"Awun Lake","53 deg 36 min","132 deg 35 min"
"AWUN LAKE",27,2,5,465,3,650,"Awun Lake","53 deg 36 min","132 deg 35 min"
"AWUN LAKE",27,2,5,465,4,295,"Awun Lake","53 deg 36 min","132 deg 35 min"
"AWUN LAKE",27,3,5,465,1,648,"Awun Lake","53 deg 36 min","132 deg 35 min"
"AWUN LAKE",27,3,5,465,2,928,"Awun Lake","53 deg 36 min","132 deg 35 min"
"AWUN LAKE",27,3,5,465,3,650,"Awun Lake","53 deg 36 min","132 deg 35 min"
"AWUN LAKE",27,3,5,465,4,295,"Awun Lake","53 deg 36 min","132 deg 35 min"
"AWUN LAKE",27,5,10,440,1,628,"Awun Lake","53 deg 36 min","132 deg 35 min"
"AWUN LAKE",27,5,10,440,2,917,"Awun Lake","53 deg 36 min","132 deg 35 min"
"AWUN LAKE",27,5,10,440,3,635,"Awun Lake","53 deg 36 min","132 deg 35 min"
"AWUN LAKE",27,5,10,440,4,284,"Awun Lake","53 deg 36 min","132 deg 35 min"
"AWUN LAKE",27,10,15,420,1,592,"Awun Lake","53 deg 36 min","132 deg 35 min"
"AWUN LAKE",27,10,15,420,2,893,"Awun Lake","53 deg 36 min","132 deg 35 min"
"AWUN LAKE",27,10,15,420,3,616,"Awun Lake","53 deg 36 min","132 deg 35 min"
"AWUN LAKE",27,10,15,420,4,266,"Awun Lake","53 deg 36 min","132 deg 35 min"
"AWUN LAKE",27,15,20,400,1,556,"Awun Lake","53 deg 36 min","132 deg 35 min"
"AWUN LAKE",27,15,20,400,2,870,"Awun Lake","53 deg 36 min","132 deg 35 min"
"AWUN LAKE",27,15,20,400,3,594,"Awun Lake","53 deg 36 min","132 deg 35 min"
"AWUN LAKE",27,15,20,400,4,249,"Awun Lake","53 deg 36 min","132 deg 35 min"
"AWUN LAKE",27,20,30,370,1,496,"Awun Lake","53 deg 36 min","132 deg 35 min"
"AWUN LAKE",27,20,30,370,2,831,"Awun Lake","53 deg 36 min","132 deg 35 min"
"AWUN LAKE",27,20,30,370,3,566,"Awun Lake","53 deg 36 min","132 deg 35 min"
"AWUN LAKE",27,20,30,370,4,221,"Awun Lake","53 deg 36 min","132 deg 35 min"
"AWUN LAKE",27,30,40,323,1,433,"Awun Lake","53 deg 36 min","132 deg 35 min"
"AWUN LAKE",27,30,40,323,2,779,"Awun Lake","53 deg 36 min","132 deg 35 min"
"AWUN LAKE",27,30,40,323,3,512,"Awun Lake","53 deg 36 min","132 deg 35 min"
"AWUN LAKE",27,30,40,323,4,156,"Awun Lake","53 deg 36 min","132 deg 35 min"
"AWUN LAKE",27,40,50,274,1,336,"Awun Lake","53 deg 36 min","132 deg 35 min"
"AWUN LAKE",27,40,50,274,2,675,"Awun Lake","53 deg 36 min","132 deg 35 min"
"AWUN LAKE",27,40,50,274,3,464,"Awun Lake","53 deg 36 min","132 deg 35 min"
"AWUN LAKE",27,40,50,274,4,0,"Awun Lake","53 deg 36 min","132 deg 35 min"
"AWUN LAKE",27,50,60,211,1,240,"Awun Lake","53 deg 36 min","132 deg 35 min"
"AWUN LAKE",27,50,60,211,2,575,"Awun Lake","53 deg 36 min","132 deg 35 min"
"AWUN LAKE",27,50,60,211,3,429,"Awun Lake","53 deg 36 min","132 deg 35 min"
"AWUN LAKE",27,50,60,211,4,0,"Awun Lake","53 deg 36 min","132 deg 35 min"
"AWUN LAKE",27,60,70,136,1,0,"Awun Lake","53 deg 36 min","132 deg 35 min"
"AWUN LAKE",27,60,70,136,2,0,"Awun Lake","53 deg 36 min","132 deg 35 min"
"AWUN LAKE",27,60,70,136,3,0,"Awun Lake","53 deg 36 min","132 deg 35 min"
"AWUN LAKE",27,60,70,136,4,0,"Awun Lake","53 deg 36 min","132 deg 35 min"
NA,46,NA,NA,NA,NA,NA,"Babine Lake","54 deg 45 min","126 deg 00 min"
"Bear Lk",16,2,5,1880,1,538,"Bear Lake","56 deg 08 min","126 deg 49 min"
"Bear Lk",16,2,5,1880,2,1213,"Bear Lake","56 deg 08 min","126 deg 49 min"
"Bear Lk",16,2,5,1880,3,495,"Bear Lake","56 deg 08 min","126 deg 49 min"
"Bear Lk",16,2,5,1880,4,779,"Bear Lake","56 deg 08 min","126 deg 49 min"
"Bear Lk",16,2,5,1880,5,521,"Bear Lake","56 deg 08 min","126 deg 49 min"
"Bear Lk",16,2,5,1880,6,305,"Bear Lake","56 deg 08 min","126 deg 49 min"
"Bear Lk",16,3,5,1484,1,538,"Bear Lake","56 deg 08 min","126 deg 49 min"
"Bear Lk",16,3,5,1484,2,1213,"Bear Lake","56 deg 08 min","126 deg 49 min"
"Bear Lk",16,3,5,1484,3,495,"Bear Lake","56 deg 08 min","126 deg 49 min"
"Bear Lk",16,3,5,1484,4,779,"Bear Lake","56 deg 08 min","126 deg 49 min"
"Bear Lk",16,3,5,1484,5,521,"Bear Lake","56 deg 08 min","126 deg 49 min"
"Bear Lk",16,3,5,1484,6,305,"Bear Lake","56 deg 08 min","126 deg 49 min"
"Bear Lk",16,5,10,1084,1,454,"Bear Lake","56 deg 08 min","126 deg 49 min"
"Bear Lk",16,5,10,1084,2,1170,"Bear Lake","56 deg 08 min","126 deg 49 min"
"Bear Lk",16,5,10,1084,3,306,"Bear Lake","56 deg 08 min","126 deg 49 min"
"Bear Lk",16,5,10,1084,4,676,"Bear Lake","56 deg 08 min","126 deg 49 min"
"Bear Lk",16,5,10,1084,5,521,"Bear Lake","56 deg 08 min","126 deg 49 min"
"Bear Lk",16,5,10,1084,6,305,"Bear Lake","56 deg 08 min","126 deg 49 min"
"Bear Lk",16,10,15,723,1,364,"Bear Lake","56 deg 08 min","126 deg 49 min"
"Bear Lk",16,10,15,723,2,615,"Bear Lake","56 deg 08 min","126 deg 49 min"
"Bear Lk",16,10,15,723,3,232,"Bear Lake","56 deg 08 min","126 deg 49 min"
"Bear Lk",16,10,15,723,4,624,"Bear Lake","56 deg 08 min","126 deg 49 min"
"Bear Lk",16,10,15,723,5,509,"Bear Lake","56 deg 08 min","126 deg 49 min"
"Bear Lk",16,10,15,723,6,284,"Bear Lake","56 deg 08 min","126 deg 49 min"
"Bear Lk",16,15,20,540,1,213,"Bear Lake","56 deg 08 min","126 deg 49 min"
"Bear Lk",16,15,20,540,2,248,"Bear Lake","56 deg 08 min","126 deg 49 min"
"Bear Lk",16,15,20,540,3,153,"Bear Lake","56 deg 08 min","126 deg 49 min"
"Bear Lk",16,15,20,540,4,412,"Bear Lake","56 deg 08 min","126 deg 49 min"
"Bear Lk",16,15,20,540,5,484,"Bear Lake","56 deg 08 min","126 deg 49 min"
"Bear Lk",16,15,20,540,6,263,"Bear Lake","56 deg 08 min","126 deg 49 min"
"Bear Lk",16,20,30,363,1,73,"Bear Lake","56 deg 08 min","126 deg 49 min"
"Bear Lk",16,20,30,363,2,0,"Bear Lake","56 deg 08 min","126 deg 49 min"
"Bear Lk",16,20,30,363,3,43,"Bear Lake","56 deg 08 min","126 deg 49 min"
"Bear Lk",16,20,30,363,4,92,"Bear Lake","56 deg 08 min","126 deg 49 min"
"Bear Lk",16,20,30,363,5,453,"Bear Lake","56 deg 08 min","126 deg 49 min"
"Bear Lk",16,20,30,363,6,200,"Bear Lake","56 deg 08 min","126 deg 49 min"
"Bear Lk",16,30,40,168,1,0,"Bear Lake","56 deg 08 min","126 deg 49 min"
"Bear Lk",16,30,40,168,2,0,"Bear Lake","56 deg 08 min","126 deg 49 min"
"Bear Lk",16,30,40,168,3,0,"Bear Lake","56 deg 08 min","126 deg 49 min"
"Bear Lk",16,30,40,168,4,0,"Bear Lake","56 deg 08 min","126 deg 49 min"
"Bear Lk",16,30,40,168,5,391,"Bear Lake","56 deg 08 min","126 deg 49 min"
"Bear Lk",16,30,40,168,6,200,"Bear Lake","56 deg 08 min","126 deg 49 min"
"Bear Lk",16,40,50,70,1,0,"Bear Lake","56 deg 08 min","126 deg 49 min"
"Bear Lk",16,40,50,70,2,0,"Bear Lake","56 deg 08 min","126 deg 49 min"
"Bear Lk",16,40,50,70,3,0,"Bear Lake","56 deg 08 min","126 deg 49 min"
"Bear Lk",16,40,50,70,4,0,"Bear Lake","56 deg 08 min","126 deg 49 min"
"Bear Lk",16,40,50,70,5,273,"Bear Lake","56 deg 08 min","126 deg 49 min"
"Bear Lk",16,40,50,70,6,114,"Bear Lake","56 deg 08 min","126 deg 49 min"
"Bear Lk",16,50,60,50,1,0,"Bear Lake","56 deg 08 min","126 deg 49 min"
"Bear Lk",16,50,60,50,2,0,"Bear Lake","56 deg 08 min","126 deg 49 min"
"Bear Lk",16,50,60,50,3,0,"Bear Lake","56 deg 08 min","126 deg 49 min"
"Bear Lk",16,50,60,50,4,0,"Bear Lake","56 deg 08 min","126 deg 49 min"
"Bear Lk",16,50,60,50,5,143,"Bear Lake","56 deg 08 min","126 deg 49 min"
"Bear Lk",16,50,60,50,6,51,"Bear Lake","56 deg 08 min","126 deg 49 min"
NA,199,NA,NA,NA,NA,NA,"Bernard Pt.",NA,NA
NA,91,NA,NA,NA,NA,NA,"Bigkalzas Lake","63 deg 15 min","134 deg 35 min"
NA,116,NA,NA,NA,NA,NA,"Black Lake","48 deg 46 min","124 deg 54 min"
NA,34,NA,NA,NA,NA,NA,"Bonanza Lake","50 deg 22 min","126 deg 46 min"
"BONILLA LAKE",31,2,5,207,1,273,"Bonilla Lake","53 deg 31 min","130 deg 15 min"
"BONILLA LAKE",31,2,5,207,2,668,"Bonilla Lake","53 deg 31 min","130 deg 15 min"
"BONILLA LAKE",31,2,5,207,3,672,"Bonilla Lake","53 deg 31 min","130 deg 15 min"
"BONILLA LAKE",31,2,5,207,4,225,"Bonilla Lake","53 deg 31 min","130 deg 15 min"
"BONILLA LAKE",31,3,5,207,1,273,"Bonilla Lake","53 deg 31 min","130 deg 15 min"
"BONILLA LAKE",31,3,5,207,2,668,"Bonilla Lake","53 deg 31 min","130 deg 15 min"
"BONILLA LAKE",31,3,5,207,3,672,"Bonilla Lake","53 deg 31 min","130 deg 15 min"
"BONILLA LAKE",31,3,5,207,4,225,"Bonilla Lake","53 deg 31 min","130 deg 15 min"
"BONILLA LAKE",31,5,10,186,1,252,"Bonilla Lake","53 deg 31 min","130 deg 15 min"
"BONILLA LAKE",31,5,10,186,2,649,"Bonilla Lake","53 deg 31 min","130 deg 15 min"
"BONILLA LAKE",31,5,10,186,3,648,"Bonilla Lake","53 deg 31 min","130 deg 15 min"
"BONILLA LAKE",31,5,10,186,4,206,"Bonilla Lake","53 deg 31 min","130 deg 15 min"
"BONILLA LAKE",31,10,15,167,1,233,"Bonilla Lake","53 deg 31 min","130 deg 15 min"
"BONILLA LAKE",31,10,15,167,2,643,"Bonilla Lake","53 deg 31 min","130 deg 15 min"
"BONILLA LAKE",31,10,15,167,3,613,"Bonilla Lake","53 deg 31 min","130 deg 15 min"
"BONILLA LAKE",31,10,15,167,4,183,"Bonilla Lake","53 deg 31 min","130 deg 15 min"
"BONILLA LAKE",31,15,20,149,1,215,"Bonilla Lake","53 deg 31 min","130 deg 15 min"
"BONILLA LAKE",31,15,20,149,2,564,"Bonilla Lake","53 deg 31 min","130 deg 15 min"
"BONILLA LAKE",31,15,20,149,3,590,"Bonilla Lake","53 deg 31 min","130 deg 15 min"
"BONILLA LAKE",31,15,20,149,4,154,"Bonilla Lake","53 deg 31 min","130 deg 15 min"
"BONILLA LAKE",31,20,30,127,1,190,"Bonilla Lake","53 deg 31 min","130 deg 15 min"
"BONILLA LAKE",31,20,30,127,2,547,"Bonilla Lake","53 deg 31 min","130 deg 15 min"
"BONILLA LAKE",31,20,30,127,3,551,"Bonilla Lake","53 deg 31 min","130 deg 15 min"
"BONILLA LAKE",31,20,30,127,4,86,"Bonilla Lake","53 deg 31 min","130 deg 15 min"
"BONILLA LAKE",31,30,40,102,1,164,"Bonilla Lake","53 deg 31 min","130 deg 15 min"
"BONILLA LAKE",31,30,40,102,2,456,"Bonilla Lake","53 deg 31 min","130 deg 15 min"
"BONILLA LAKE",31,30,40,102,3,484,"Bonilla Lake","53 deg 31 min","130 deg 15 min"
"BONILLA LAKE",31,30,40,102,4,0,"Bonilla Lake","53 deg 31 min","130 deg 15 min"
"BONILLA LAKE",31,40,50,78,1,153,"Bonilla Lake","53 deg 31 min","130 deg 15 min"
"BONILLA LAKE",31,40,50,78,2,364,"Bonilla Lake","53 deg 31 min","130 deg 15 min"
"BONILLA LAKE",31,40,50,78,3,403,"Bonilla Lake","53 deg 31 min","130 deg 15 min"
"BONILLA LAKE",31,40,50,78,4,0,"Bonilla Lake","53 deg 31 min","130 deg 15 min"
"Bonney Lk",220,2,5,340,1,300,"Bonney Lake",NA,NA
"Bonney Lk",220,2,5,340,2,409,"Bonney Lake",NA,NA
"Bonney Lk",220,2,5,340,3,440,"Bonney Lake",NA,NA
"Bonney Lk",220,2,5,340,4,610,"Bonney Lake",NA,NA
"Bonney Lk",220,2,5,340,5,410,"Bonney Lake",NA,NA
"Bonney Lk",220,2,5,340,6,794,"Bonney Lake",NA,NA
"Bonney Lk",220,2,5,340,7,758,"Bonney Lake",NA,NA
"Bonney Lk",220,2,5,340,8,859,"Bonney Lake",NA,NA
"Bonney Lk",220,2,5,340,9,763,"Bonney Lake",NA,NA
"Bonney Lk",220,3,5,0,1,0,"Bonney Lake",NA,NA
"Bonney Lk",220,3,5,0,2,0,"Bonney Lake",NA,NA
"Bonney Lk",220,3,5,0,3,0,"Bonney Lake",NA,NA
"Bonney Lk",220,3,5,0,4,0,"Bonney Lake",NA,NA
"Bonney Lk",220,3,5,0,5,0,"Bonney Lake",NA,NA
"Bonney Lk",220,3,5,0,6,0,"Bonney Lake",NA,NA
"Bonney Lk",220,3,5,0,7,0,"Bonney Lake",NA,NA
"Bonney Lk",220,3,5,0,8,0,"Bonney Lake",NA,NA
"Bonney Lk",220,3,5,0,9,0,"Bonney Lake",NA,NA
"Bonney Lk",220,5,10,282,1,255,"Bonney Lake",NA,NA
"Bonney Lk",220,5,10,282,2,378,"Bonney Lake",NA,NA
"Bonney Lk",220,5,10,282,3,420,"Bonney Lake",NA,NA
"Bonney Lk",220,5,10,282,4,518,"Bonney Lake",NA,NA
"Bonney Lk",220,5,10,282,5,290,"Bonney Lake",NA,NA
"Bonney Lk",220,5,10,282,6,760,"Bonney Lake",NA,NA
"Bonney Lk",220,5,10,282,7,741,"Bonney Lake",NA,NA
"Bonney Lk",220,5,10,282,8,807,"Bonney Lake",NA,NA
"Bonney Lk",220,5,10,282,9,734,"Bonney Lake",NA,NA
"Bonney Lk",220,10,15,217,1,217,"Bonney Lake",NA,NA
"Bonney Lk",220,10,15,217,2,335,"Bonney Lake",NA,NA
"Bonney Lk",220,10,15,217,3,370,"Bonney Lake",NA,NA
"Bonney Lk",220,10,15,217,4,424,"Bonney Lake",NA,NA
"Bonney Lk",220,10,15,217,5,147,"Bonney Lake",NA,NA
"Bonney Lk",220,10,15,217,6,703,"Bonney Lake",NA,NA
"Bonney Lk",220,10,15,217,7,696,"Bonney Lake",NA,NA
"Bonney Lk",220,10,15,217,8,738,"Bonney Lake",NA,NA
"Bonney Lk",220,10,15,217,9,715,"Bonney Lake",NA,NA
"Bonney Lk",220,15,20,173,1,183,"Bonney Lake",NA,NA
"Bonney Lk",220,15,20,173,2,299,"Bonney Lake",NA,NA
"Bonney Lk",220,15,20,173,3,345,"Bonney Lake",NA,NA
"Bonney Lk",220,15,20,173,4,360,"Bonney Lake",NA,NA
"Bonney Lk",220,15,20,173,5,30,"Bonney Lake",NA,NA
"Bonney Lk",220,15,20,173,6,632,"Bonney Lake",NA,NA
"Bonney Lk",220,15,20,173,7,659,"Bonney Lake",NA,NA
"Bonney Lk",220,15,20,173,8,692,"Bonney Lake",NA,NA
"Bonney Lk",220,15,20,173,9,643,"Bonney Lake",NA,NA
"Bonney Lk",220,20,30,129,1,132,"Bonney Lake",NA,NA
"Bonney Lk",220,20,30,129,2,233,"Bonney Lake",NA,NA
"Bonney Lk",220,20,30,129,3,106,"Bonney Lake",NA,NA
"Bonney Lk",220,20,30,129,4,286,"Bonney Lake",NA,NA
"Bonney Lk",220,20,30,129,5,0,"Bonney Lake",NA,NA
"Bonney Lk",220,20,30,129,6,423,"Bonney Lake",NA,NA
"Bonney Lk",220,20,30,129,7,606,"Bonney Lake",NA,NA
"Bonney Lk",220,20,30,129,8,639,"Bonney Lake",NA,NA
"Bonney Lk",220,20,30,129,9,538,"Bonney Lake",NA,NA
"Bonney Lk",220,30,40,88,1,58,"Bonney Lake",NA,NA
"Bonney Lk",220,30,40,88,2,96,"Bonney Lake",NA,NA
"Bonney Lk",220,30,40,88,3,14,"Bonney Lake",NA,NA
"Bonney Lk",220,30,40,88,4,117,"Bonney Lake",NA,NA
"Bonney Lk",220,30,40,88,5,0,"Bonney Lake",NA,NA
"Bonney Lk",220,30,40,88,6,165,"Bonney Lake",NA,NA
"Bonney Lk",220,30,40,88,7,542,"Bonney Lake",NA,NA
"Bonney Lk",220,30,40,88,8,506,"Bonney Lake",NA,NA
"Bonney Lk",220,30,40,88,9,418,"Bonney Lake",NA,NA
"Bonney Lk",220,40,50,60,1,0,"Bonney Lake",NA,NA
"Bonney Lk",220,40,50,60,2,0,"Bonney Lake",NA,NA
"Bonney Lk",220,40,50,60,3,0,"Bonney Lake",NA,NA
"Bonney Lk",220,40,50,60,4,0,"Bonney Lake",NA,NA
"Bonney Lk",220,40,50,60,5,0,"Bonney Lake",NA,NA
"Bonney Lk",220,40,50,60,6,16,"Bonney Lake",NA,NA
"Bonney Lk",220,40,50,60,7,423,"Bonney Lake",NA,NA
"Bonney Lk",220,40,50,60,8,446,"Bonney Lake",NA,NA
"Bonney Lk",220,40,50,60,9,344,"Bonney Lake",NA,NA
"Bonney Lk",220,50,60,40,1,0,"Bonney Lake",NA,NA
"Bonney Lk",220,50,60,40,2,0,"Bonney Lake",NA,NA
"Bonney Lk",220,50,60,40,3,0,"Bonney Lake",NA,NA
"Bonney Lk",220,50,60,40,4,0,"Bonney Lake",NA,NA
"Bonney Lk",220,50,60,40,5,0,"Bonney Lake",NA,NA
"Bonney Lk",220,50,60,40,6,0,"Bonney Lake",NA,NA
"Bonney Lk",220,50,60,40,7,344,"Bonney Lake",NA,NA
"Bonney Lk",220,50,60,40,8,350,"Bonney Lake",NA,NA
"Bonney Lk",220,50,60,40,9,233,"Bonney Lake",NA,NA
NA,87,NA,NA,NA,NA,NA,"Bowron Lake","53 deg 14 min","121 deg 22 min"
"Bowser Lk",35,2,5,3206,1,1499,"Bowser Lake","56 deg 25 min","129 deg 30 min"
"Bowser Lk",35,2,5,3206,2,1248,"Bowser Lake","56 deg 25 min","129 deg 30 min"
"Bowser Lk",35,2,5,3206,3,1802,"Bowser Lake","56 deg 25 min","129 deg 30 min"
"Bowser Lk",35,2,5,3206,4,1115,"Bowser Lake","56 deg 25 min","129 deg 30 min"
"Bowser Lk",35,2,5,3206,5,1645,"Bowser Lake","56 deg 25 min","129 deg 30 min"
"Bowser Lk",35,2,5,3206,6,1201,"Bowser Lake","56 deg 25 min","129 deg 30 min"
"Bowser Lk",35,3,5,3081,1,1499,"Bowser Lake","56 deg 25 min","129 deg 30 min"
"Bowser Lk",35,3,5,3081,2,1248,"Bowser Lake","56 deg 25 min","129 deg 30 min"
"Bowser Lk",35,3,5,3081,3,1802,"Bowser Lake","56 deg 25 min","129 deg 30 min"
"Bowser Lk",35,3,5,3081,4,1115,"Bowser Lake","56 deg 25 min","129 deg 30 min"
"Bowser Lk",35,3,5,3081,5,1627,"Bowser Lake","56 deg 25 min","129 deg 30 min"
"Bowser Lk",35,3,5,3081,6,1065,"Bowser Lake","56 deg 25 min","129 deg 30 min"
"Bowser Lk",35,5,10,2763,1,1472,"Bowser Lake","56 deg 25 min","129 deg 30 min"
"Bowser Lk",35,5,10,2763,2,1208,"Bowser Lake","56 deg 25 min","129 deg 30 min"
"Bowser Lk",35,5,10,2763,3,1802,"Bowser Lake","56 deg 25 min","129 deg 30 min"
"Bowser Lk",35,5,10,2763,4,1100,"Bowser Lake","56 deg 25 min","129 deg 30 min"
"Bowser Lk",35,5,10,2763,5,1522,"Bowser Lake","56 deg 25 min","129 deg 30 min"
"Bowser Lk",35,5,10,2763,6,868,"Bowser Lake","56 deg 25 min","129 deg 30 min"
"Bowser Lk",35,10,15,2617,1,1445,"Bowser Lake","56 deg 25 min","129 deg 30 min"
"Bowser Lk",35,10,15,2617,2,1171,"Bowser Lake","56 deg 25 min","129 deg 30 min"
"Bowser Lk",35,10,15,2617,3,1748,"Bowser Lake","56 deg 25 min","129 deg 30 min"
"Bowser Lk",35,10,15,2617,4,1062,"Bowser Lake","56 deg 25 min","129 deg 30 min"
"Bowser Lk",35,10,15,2617,5,1445,"Bowser Lake","56 deg 25 min","129 deg 30 min"
"Bowser Lk",35,10,15,2617,6,830,"Bowser Lake","56 deg 25 min","129 deg 30 min"
"Bowser Lk",35,15,20,2470,1,1417,"Bowser Lake","56 deg 25 min","129 deg 30 min"
"Bowser Lk",35,15,20,2470,2,1149,"Bowser Lake","56 deg 25 min","129 deg 30 min"
"Bowser Lk",35,15,20,2470,3,1711,"Bowser Lake","56 deg 25 min","129 deg 30 min"
"Bowser Lk",35,15,20,2470,4,1031,"Bowser Lake","56 deg 25 min","129 deg 30 min"
"Bowser Lk",35,15,20,2470,5,1390,"Bowser Lake","56 deg 25 min","129 deg 30 min"
"Bowser Lk",35,15,20,2470,6,788,"Bowser Lake","56 deg 25 min","129 deg 30 min"
"Bowser Lk",35,20,30,2288,1,1381,"Bowser Lake","56 deg 25 min","129 deg 30 min"
"Bowser Lk",35,20,30,2288,2,1104,"Bowser Lake","56 deg 25 min","129 deg 30 min"
"Bowser Lk",35,20,30,2288,3,1690,"Bowser Lake","56 deg 25 min","129 deg 30 min"
"Bowser Lk",35,20,30,2288,4,993,"Bowser Lake","56 deg 25 min","129 deg 30 min"
"Bowser Lk",35,20,30,2288,5,969,"Bowser Lake","56 deg 25 min","129 deg 30 min"
"Bowser Lk",35,20,30,2288,6,690,"Bowser Lake","56 deg 25 min","129 deg 30 min"
"Bowser Lk",35,30,40,2044,1,1344,"Bowser Lake","56 deg 25 min","129 deg 30 min"
"Bowser Lk",35,30,40,2044,2,1093,"Bowser Lake","56 deg 25 min","129 deg 30 min"
"Bowser Lk",35,30,40,2044,3,1649,"Bowser Lake","56 deg 25 min","129 deg 30 min"
"Bowser Lk",35,30,40,2044,4,952,"Bowser Lake","56 deg 25 min","129 deg 30 min"
"Bowser Lk",35,30,40,2044,5,765,"Bowser Lake","56 deg 25 min","129 deg 30 min"
"Bowser Lk",35,30,40,2044,6,0,"Bowser Lake","56 deg 25 min","129 deg 30 min"
"Bowser Lk",35,40,50,1893,1,1292,"Bowser Lake","56 deg 25 min","129 deg 30 min"
"Bowser Lk",35,40,50,1893,2,1055,"Bowser Lake","56 deg 25 min","129 deg 30 min"
"Bowser Lk",35,40,50,1893,3,1623,"Bowser Lake","56 deg 25 min","129 deg 30 min"
"Bowser Lk",35,40,50,1893,4,921,"Bowser Lake","56 deg 25 min","129 deg 30 min"
"Bowser Lk",35,40,50,1893,5,716,"Bowser Lake","56 deg 25 min","129 deg 30 min"
"Bowser Lk",35,40,50,1893,6,0,"Bowser Lake","56 deg 25 min","129 deg 30 min"
"Bowser Lk",35,50,60,1690,1,1249,"Bowser Lake","56 deg 25 min","129 deg 30 min"
"Bowser Lk",35,50,60,1690,2,1008,"Bowser Lake","56 deg 25 min","129 deg 30 min"
"Bowser Lk",35,50,60,1690,3,1593,"Bowser Lake","56 deg 25 min","129 deg 30 min"
"Bowser Lk",35,50,60,1690,4,861,"Bowser Lake","56 deg 25 min","129 deg 30 min"
"Bowser Lk",35,50,60,1690,5,454,"Bowser Lake","56 deg 25 min","129 deg 30 min"
"Bowser Lk",35,50,60,1690,6,0,"Bowser Lake","56 deg 25 min","129 deg 30 min"
"Brannen Lk",161,2,5,89,1,832,"Brannen Lake","49 deg 13 min","124 deg 03 min"
"Brannen Lk",161,2,5,89,2,843,"Brannen Lake","49 deg 13 min","124 deg 03 min"
"Brannen Lk",161,2,5,89,3,686,"Brannen Lake","49 deg 13 min","124 deg 03 min"
"Brannen Lk",161,2,5,89,4,1135,"Brannen Lake","49 deg 13 min","124 deg 03 min"
"Brannen Lk",161,2,5,89,5,1290,"Brannen Lake","49 deg 13 min","124 deg 03 min"
"Brannen Lk",161,2,5,89,6,1156,"Brannen Lake","49 deg 13 min","124 deg 03 min"
"Brannen Lk",161,3,5,89,1,832,"Brannen Lake","49 deg 13 min","124 deg 03 min"
"Brannen Lk",161,3,5,89,2,843,"Brannen Lake","49 deg 13 min","124 deg 03 min"
"Brannen Lk",161,3,5,89,3,686,"Brannen Lake","49 deg 13 min","124 deg 03 min"
"Brannen Lk",161,3,5,89,4,1135,"Brannen Lake","49 deg 13 min","124 deg 03 min"
"Brannen Lk",161,3,5,89,5,1290,"Brannen Lake","49 deg 13 min","124 deg 03 min"
"Brannen Lk",161,3,5,89,6,1156,"Brannen Lake","49 deg 13 min","124 deg 03 min"
"Brannen Lk",161,5,10,64,1,695,"Brannen Lake","49 deg 13 min","124 deg 03 min"
"Brannen Lk",161,5,10,64,2,684,"Brannen Lake","49 deg 13 min","124 deg 03 min"
"Brannen Lk",161,5,10,64,3,385,"Brannen Lake","49 deg 13 min","124 deg 03 min"
"Brannen Lk",161,5,10,64,4,964,"Brannen Lake","49 deg 13 min","124 deg 03 min"
"Brannen Lk",161,5,10,64,5,1173,"Brannen Lake","49 deg 13 min","124 deg 03 min"
"Brannen Lk",161,5,10,64,6,1034,"Brannen Lake","49 deg 13 min","124 deg 03 min"
"Brannen Lk",161,10,15,45,1,551,"Brannen Lake","49 deg 13 min","124 deg 03 min"
"Brannen Lk",161,10,15,45,2,553,"Brannen Lake","49 deg 13 min","124 deg 03 min"
"Brannen Lk",161,10,15,45,3,190,"Brannen Lake","49 deg 13 min","124 deg 03 min"
"Brannen Lk",161,10,15,45,4,538,"Brannen Lake","49 deg 13 min","124 deg 03 min"
"Brannen Lk",161,10,15,45,5,990,"Brannen Lake","49 deg 13 min","124 deg 03 min"
"Brannen Lk",161,10,15,45,6,660,"Brannen Lake","49 deg 13 min","124 deg 03 min"
"Brannen Lk",161,15,20,19,1,0,"Brannen Lake","49 deg 13 min","124 deg 03 min"
"Brannen Lk",161,15,20,19,2,309,"Brannen Lake","49 deg 13 min","124 deg 03 min"
"Brannen Lk",161,15,20,19,3,0,"Brannen Lake","49 deg 13 min","124 deg 03 min"
"Brannen Lk",161,15,20,19,4,0,"Brannen Lake","49 deg 13 min","124 deg 03 min"
"Brannen Lk",161,15,20,19,5,0,"Brannen Lake","49 deg 13 min","124 deg 03 min"
"Brannen Lk",161,15,20,19,6,267,"Brannen Lake","49 deg 13 min","124 deg 03 min"
NA,207,NA,NA,NA,NA,NA,"Burrough Pt.",NA,NA
NA,178,NA,NA,NA,NA,NA,"Butedale Lake","53 deg 08 min","128 deg 44 min"
NA,36,NA,NA,NA,NA,NA,"Campbell Lake","49 deg 55 min","125 deg 40 min"
NA,144,NA,NA,NA,NA,NA,"Cannery Bay","49 deg 09 min","125 deg 41 min"
NA,190,NA,NA,NA,NA,NA,"Canoe Ck",NA,NA
"CHEEWHAT",107,2,5,140,1,721,"Cheewhat Lake","48 deg 41 min","125 deg 45 min"
"CHEEWHAT",107,2,5,140,2,843,"Cheewhat Lake","48 deg 41 min","125 deg 45 min"
"CHEEWHAT",107,2,5,140,3,811,"Cheewhat Lake","48 deg 41 min","125 deg 45 min"
"CHEEWHAT",107,2,5,140,4,743,"Cheewhat Lake","48 deg 41 min","125 deg 45 min"
"CHEEWHAT",107,2,5,140,5,478,"Cheewhat Lake","48 deg 41 min","125 deg 45 min"
"CHEEWHAT",107,2,5,140,6,1391,"Cheewhat Lake","48 deg 41 min","125 deg 45 min"
"CHEEWHAT",107,3,5,140,1,721,"Cheewhat Lake","48 deg 41 min","125 deg 45 min"
"CHEEWHAT",107,3,5,140,2,843,"Cheewhat Lake","48 deg 41 min","125 deg 45 min"
"CHEEWHAT",107,3,5,140,3,811,"Cheewhat Lake","48 deg 41 min","125 deg 45 min"
"CHEEWHAT",107,3,5,140,4,743,"Cheewhat Lake","48 deg 41 min","125 deg 45 min"
"CHEEWHAT",107,3,5,140,5,478,"Cheewhat Lake","48 deg 41 min","125 deg 45 min"
"CHEEWHAT",107,3,5,140,6,1391,"Cheewhat Lake","48 deg 41 min","125 deg 45 min"
"CHEEWHAT",107,5,10,86,1,485,"Cheewhat Lake","48 deg 41 min","125 deg 45 min"
"CHEEWHAT",107,5,10,86,2,455,"Cheewhat Lake","48 deg 41 min","125 deg 45 min"
"CHEEWHAT",107,5,10,86,3,630,"Cheewhat Lake","48 deg 41 min","125 deg 45 min"
"CHEEWHAT",107,5,10,86,4,614,"Cheewhat Lake","48 deg 41 min","125 deg 45 min"
"CHEEWHAT",107,5,10,86,5,372,"Cheewhat Lake","48 deg 41 min","125 deg 45 min"
"CHEEWHAT",107,5,10,86,6,1114,"Cheewhat Lake","48 deg 41 min","125 deg 45 min"
"CHEEWHAT",107,10,15,33,1,0,"Cheewhat Lake","48 deg 41 min","125 deg 45 min"
"CHEEWHAT",107,10,15,33,2,301,"Cheewhat Lake","48 deg 41 min","125 deg 45 min"
"CHEEWHAT",107,10,15,33,3,464,"Cheewhat Lake","48 deg 41 min","125 deg 45 min"
"CHEEWHAT",107,10,15,33,4,517,"Cheewhat Lake","48 deg 41 min","125 deg 45 min"
"CHEEWHAT",107,10,15,33,5,239,"Cheewhat Lake","48 deg 41 min","125 deg 45 min"
"CHEEWHAT",107,10,15,33,6,368,"Cheewhat Lake","48 deg 41 min","125 deg 45 min"
"CHEEWHAT",107,15,20,14,1,0,"Cheewhat Lake","48 deg 41 min","125 deg 45 min"
"CHEEWHAT",107,15,20,14,2,0,"Cheewhat Lake","48 deg 41 min","125 deg 45 min"
"CHEEWHAT",107,15,20,14,3,315,"Cheewhat Lake","48 deg 41 min","125 deg 45 min"
"CHEEWHAT",107,15,20,14,4,348,"Cheewhat Lake","48 deg 41 min","125 deg 45 min"
"CHEEWHAT",107,15,20,14,5,0,"Cheewhat Lake","48 deg 41 min","125 deg 45 min"
"CHEEWHAT",107,15,20,14,6,150,"Cheewhat Lake","48 deg 41 min","125 deg 45 min"
NA,166,NA,NA,NA,NA,NA,"Cheewhat Lake S-1","48 deg 41 min","124 deg 45 min"
NA,167,NA,NA,NA,NA,NA,"Cheewhat Lake S-2","48 deg 41 min","124 deg 45 min"
NA,143,NA,NA,NA,NA,NA,"Cheewhat River","40 deg 00 min","124 deg 47 min"
NA,74,NA,NA,NA,NA,NA,"Chilko Lake","51 deg 24 min","124 deg 10 min"
"Christina Lk",47,2,5,128,1,590,"Christina Lake","57 deg 14 min","131 deg 58 min"
"Christina Lk",47,2,5,128,2,627,"Christina Lake","57 deg 14 min","131 deg 58 min"
"Christina Lk",47,2,5,128,3,804,"Christina Lake","57 deg 14 min","131 deg 58 min"
"Christina Lk",47,2,5,128,4,422,"Christina Lake","57 deg 14 min","131 deg 58 min"
"Christina Lk",47,2,5,128,5,467,"Christina Lake","57 deg 14 min","131 deg 58 min"
"Christina Lk",47,3,5,128,1,590,"Christina Lake","57 deg 14 min","131 deg 58 min"
"Christina Lk",47,3,5,128,2,627,"Christina Lake","57 deg 14 min","131 deg 58 min"
"Christina Lk",47,3,5,128,3,804,"Christina Lake","57 deg 14 min","131 deg 58 min"
"Christina Lk",47,3,5,128,4,422,"Christina Lake","57 deg 14 min","131 deg 58 min"
"Christina Lk",47,3,5,128,5,467,"Christina Lake","57 deg 14 min","131 deg 58 min"
"Christina Lk",47,5,10,108,1,566,"Christina Lake","57 deg 14 min","131 deg 58 min"
"Christina Lk",47,5,10,108,2,563,"Christina Lake","57 deg 14 min","131 deg 58 min"
"Christina Lk",47,5,10,108,3,788,"Christina Lake","57 deg 14 min","131 deg 58 min"
"Christina Lk",47,5,10,108,4,388,"Christina Lake","57 deg 14 min","131 deg 58 min"
"Christina Lk",47,5,10,108,5,421,"Christina Lake","57 deg 14 min","131 deg 58 min"
"Christina Lk",47,10,15,96,1,540,"Christina Lake","57 deg 14 min","131 deg 58 min"
"Christina Lk",47,10,15,96,2,537,"Christina Lake","57 deg 14 min","131 deg 58 min"
"Christina Lk",47,10,15,96,3,761,"Christina Lake","57 deg 14 min","131 deg 58 min"
"Christina Lk",47,10,15,96,4,359,"Christina Lake","57 deg 14 min","131 deg 58 min"
"Christina Lk",47,10,15,96,5,257,"Christina Lake","57 deg 14 min","131 deg 58 min"
"Christina Lk",47,15,20,84,1,514,"Christina Lake","57 deg 14 min","131 deg 58 min"
"Christina Lk",47,15,20,84,2,511,"Christina Lake","57 deg 14 min","131 deg 58 min"
"Christina Lk",47,15,20,84,3,704,"Christina Lake","57 deg 14 min","131 deg 58 min"
"Christina Lk",47,15,20,84,4,300,"Christina Lake","57 deg 14 min","131 deg 58 min"
"Christina Lk",47,15,20,84,5,58,"Christina Lake","57 deg 14 min","131 deg 58 min"
"Christina Lk",47,20,30,67,1,479,"Christina Lake","57 deg 14 min","131 deg 58 min"
"Christina Lk",47,20,30,67,2,473,"Christina Lake","57 deg 14 min","131 deg 58 min"
"Christina Lk",47,20,30,67,3,568,"Christina Lake","57 deg 14 min","131 deg 58 min"
"Christina Lk",47,20,30,67,4,218,"Christina Lake","57 deg 14 min","131 deg 58 min"
"Christina Lk",47,20,30,67,5,0,"Christina Lake","57 deg 14 min","131 deg 58 min"
"Christina Lk",47,30,40,41,1,175,"Christina Lake","57 deg 14 min","131 deg 58 min"
"Christina Lk",47,30,40,41,2,363,"Christina Lake","57 deg 14 min","131 deg 58 min"
"Christina Lk",47,30,40,41,3,422,"Christina Lake","57 deg 14 min","131 deg 58 min"
"Christina Lk",47,30,40,41,4,0,"Christina Lake","57 deg 14 min","131 deg 58 min"
"Christina Lk",47,30,40,41,5,0,"Christina Lake","57 deg 14 min","131 deg 58 min"
"Chutine Lk",48,2,5,587,1,1164,"Chutine Lake","57 deg 46 min","132 deg 24 min"
"Chutine Lk",48,2,5,587,2,1043,"Chutine Lake","57 deg 46 min","132 deg 24 min"
"Chutine Lk",48,2,5,587,3,1250,"Chutine Lake","57 deg 46 min","132 deg 24 min"
"Chutine Lk",48,2,5,587,4,1108,"Chutine Lake","57 deg 46 min","132 deg 24 min"
"Chutine Lk",48,2,5,587,5,1058,"Chutine Lake","57 deg 46 min","132 deg 24 min"
"Chutine Lk",48,3,5,587,1,1164,"Chutine Lake","57 deg 46 min","132 deg 24 min"
"Chutine Lk",48,3,5,587,2,1043,"Chutine Lake","57 deg 46 min","132 deg 24 min"
"Chutine Lk",48,3,5,587,3,1250,"Chutine Lake","57 deg 46 min","132 deg 24 min"
"Chutine Lk",48,3,5,587,4,1108,"Chutine Lake","57 deg 46 min","132 deg 24 min"
"Chutine Lk",48,3,5,587,5,1058,"Chutine Lake","57 deg 46 min","132 deg 24 min"
"Chutine Lk",48,5,10,531,1,1135,"Chutine Lake","57 deg 46 min","132 deg 24 min"
"Chutine Lk",48,5,10,531,2,1031,"Chutine Lake","57 deg 46 min","132 deg 24 min"
"Chutine Lk",48,5,10,531,3,1223,"Chutine Lake","57 deg 46 min","132 deg 24 min"
"Chutine Lk",48,5,10,531,4,1063,"Chutine Lake","57 deg 46 min","132 deg 24 min"
"Chutine Lk",48,5,10,531,5,1010,"Chutine Lake","57 deg 46 min","132 deg 24 min"
"Chutine Lk",48,10,15,490,1,1107,"Chutine Lake","57 deg 46 min","132 deg 24 min"
"Chutine Lk",48,10,15,490,2,1019,"Chutine Lake","57 deg 46 min","132 deg 24 min"
"Chutine Lk",48,10,15,490,3,1202,"Chutine Lake","57 deg 46 min","132 deg 24 min"
"Chutine Lk",48,10,15,490,4,923,"Chutine Lake","57 deg 46 min","132 deg 24 min"
"Chutine Lk",48,10,15,490,5,776,"Chutine Lake","57 deg 46 min","132 deg 24 min"
"Chutine Lk",48,15,20,464,1,1077,"Chutine Lake","57 deg 46 min","132 deg 24 min"
"Chutine Lk",48,15,20,464,2,1007,"Chutine Lake","57 deg 46 min","132 deg 24 min"
"Chutine Lk",48,15,20,464,3,1176,"Chutine Lake","57 deg 46 min","132 deg 24 min"
"Chutine Lk",48,15,20,464,4,895,"Chutine Lake","57 deg 46 min","132 deg 24 min"
"Chutine Lk",48,15,20,464,5,369,"Chutine Lake","57 deg 46 min","132 deg 24 min"
"Chutine Lk",48,20,30,434,1,1044,"Chutine Lake","57 deg 46 min","132 deg 24 min"
"Chutine Lk",48,20,30,434,2,992,"Chutine Lake","57 deg 46 min","132 deg 24 min"
"Chutine Lk",48,20,30,434,3,1149,"Chutine Lake","57 deg 46 min","132 deg 24 min"
"Chutine Lk",48,20,30,434,4,839,"Chutine Lake","57 deg 46 min","132 deg 24 min"
"Chutine Lk",48,20,30,434,5,0,"Chutine Lake","57 deg 46 min","132 deg 24 min"
"Chutine Lk",48,30,40,401,1,995,"Chutine Lake","57 deg 46 min","132 deg 24 min"
"Chutine Lk",48,30,40,401,2,959,"Chutine Lake","57 deg 46 min","132 deg 24 min"
"Chutine Lk",48,30,40,401,3,1104,"Chutine Lake","57 deg 46 min","132 deg 24 min"
"Chutine Lk",48,30,40,401,4,738,"Chutine Lake","57 deg 46 min","132 deg 24 min"
"Chutine Lk",48,30,40,401,5,0,"Chutine Lake","57 deg 46 min","132 deg 24 min"
"Chutine Lk",48,40,50,367,1,959,"Chutine Lake","57 deg 46 min","132 deg 24 min"
"Chutine Lk",48,40,50,367,2,930,"Chutine Lake","57 deg 46 min","132 deg 24 min"
"Chutine Lk",48,40,50,367,3,1062,"Chutine Lake","57 deg 46 min","132 deg 24 min"
"Chutine Lk",48,40,50,367,4,643,"Chutine Lake","57 deg 46 min","132 deg 24 min"
"Chutine Lk",48,40,50,367,5,0,"Chutine Lake","57 deg 46 min","132 deg 24 min"
"Chutine Lk",48,50,60,340,1,922,"Chutine Lake","57 deg 46 min","132 deg 24 min"
"Chutine Lk",48,50,60,340,2,897,"Chutine Lake","57 deg 46 min","132 deg 24 min"
"Chutine Lk",48,50,60,340,3,1009,"Chutine Lake","57 deg 46 min","132 deg 24 min"
"Chutine Lk",48,50,60,340,4,573,"Chutine Lake","57 deg 46 min","132 deg 24 min"
"Chutine Lk",48,50,60,340,5,0,"Chutine Lake","57 deg 46 min","132 deg 24 min"
NA,92,NA,NA,NA,NA,NA,"Claire Lake","53 deg 03 min","126 deg 11 min"
NA,168,NA,NA,NA,NA,NA,"Clearwater Creek","50 deg 37 min","125 deg 16 min"
NA,93,NA,NA,NA,NA,NA,"Coghlan Lake","61 deg 33 min","135 deg 29 min"
NA,233,NA,NA,NA,NA,NA,"Cole Ck",NA,NA
NA,37,NA,NA,NA,NA,NA,"Comox Lake","49 deg 37 min","125 deg 10 min"
NA,173,NA,NA,NA,NA,NA,"Con Lake","48 deg 39 min","123 deg 36 min"
NA,195,NA,NA,NA,NA,NA,"Congreve Is.",NA,NA
NA,117,NA,NA,NA,NA,NA,"Consinka Lake","48 deg 57 min","124 deg 58 min"
NA,179,NA,NA,NA,NA,NA,"Cougar Lake","53 deg 01 min","128 deg 51 min"
"Cowichan Lk",185,2,5,6222,1,1840,"Cowichan Lake","48 deg 50 min","124 deg 20 min"
"Cowichan Lk",185,2,5,6222,2,2560,"Cowichan Lake","48 deg 50 min","124 deg 20 min"
"Cowichan Lk",185,2,5,6222,3,1820,"Cowichan Lake","48 deg 50 min","124 deg 20 min"
"Cowichan Lk",185,2,5,6222,4,2550,"Cowichan Lake","48 deg 50 min","124 deg 20 min"
"Cowichan Lk",185,2,5,6222,5,2570,"Cowichan Lake","48 deg 50 min","124 deg 20 min"
"Cowichan Lk",185,2,5,6222,6,1140,"Cowichan Lake","48 deg 50 min","124 deg 20 min"
"Cowichan Lk",185,2,5,6222,7,840,"Cowichan Lake","48 deg 50 min","124 deg 20 min"
"Cowichan Lk",185,3,5,6222,1,1840,"Cowichan Lake","48 deg 50 min","124 deg 20 min"
"Cowichan Lk",185,3,5,6222,2,2560,"Cowichan Lake","48 deg 50 min","124 deg 20 min"
"Cowichan Lk",185,3,5,6222,3,1820,"Cowichan Lake","48 deg 50 min","124 deg 20 min"
"Cowichan Lk",185,3,5,6222,4,2550,"Cowichan Lake","48 deg 50 min","124 deg 20 min"
"Cowichan Lk",185,3,5,6222,5,2570,"Cowichan Lake","48 deg 50 min","124 deg 20 min"
"Cowichan Lk",185,3,5,6222,6,1140,"Cowichan Lake","48 deg 50 min","124 deg 20 min"
"Cowichan Lk",185,3,5,6222,7,840,"Cowichan Lake","48 deg 50 min","124 deg 20 min"
"Cowichan Lk",185,5,10,5944,1,1840,"Cowichan Lake","48 deg 50 min","124 deg 20 min"
"Cowichan Lk",185,5,10,5944,2,2560,"Cowichan Lake","48 deg 50 min","124 deg 20 min"
"Cowichan Lk",185,5,10,5944,3,1820,"Cowichan Lake","48 deg 50 min","124 deg 20 min"
"Cowichan Lk",185,5,10,5944,4,2429,"Cowichan Lake","48 deg 50 min","124 deg 20 min"
"Cowichan Lk",185,5,10,5944,5,2471,"Cowichan Lake","48 deg 50 min","124 deg 20 min"
"Cowichan Lk",185,5,10,5944,6,1140,"Cowichan Lake","48 deg 50 min","124 deg 20 min"
"Cowichan Lk",185,5,10,5944,7,773,"Cowichan Lake","48 deg 50 min","124 deg 20 min"
"Cowichan Lk",185,10,15,5667,1,1840,"Cowichan Lake","48 deg 50 min","124 deg 20 min"
"Cowichan Lk",185,10,15,5667,2,2324,"Cowichan Lake","48 deg 50 min","124 deg 20 min"
"Cowichan Lk",185,10,15,5667,3,1801,"Cowichan Lake","48 deg 50 min","124 deg 20 min"
"Cowichan Lk",185,10,15,5667,4,2111,"Cowichan Lake","48 deg 50 min","124 deg 20 min"
"Cowichan Lk",185,10,15,5667,5,2341,"Cowichan Lake","48 deg 50 min","124 deg 20 min"
"Cowichan Lk",185,10,15,5667,6,1140,"Cowichan Lake","48 deg 50 min","124 deg 20 min"
"Cowichan Lk",185,10,15,5667,7,732,"Cowichan Lake","48 deg 50 min","124 deg 20 min"
"Cowichan Lk",185,15,20,5389,1,1799,"Cowichan Lake","48 deg 50 min","124 deg 20 min"
"Cowichan Lk",185,15,20,5389,2,2257,"Cowichan Lake","48 deg 50 min","124 deg 20 min"
"Cowichan Lk",185,15,20,5389,3,1777,"Cowichan Lake","48 deg 50 min","124 deg 20 min"
"Cowichan Lk",185,15,20,5389,4,1710,"Cowichan Lake","48 deg 50 min","124 deg 20 min"
"Cowichan Lk",185,15,20,5389,5,2238,"Cowichan Lake","48 deg 50 min","124 deg 20 min"
"Cowichan Lk",185,15,20,5389,6,1123,"Cowichan Lake","48 deg 50 min","124 deg 20 min"
"Cowichan Lk",185,15,20,5389,7,715,"Cowichan Lake","48 deg 50 min","124 deg 20 min"
"Cowichan Lk",185,20,30,4970,1,1714,"Cowichan Lake","48 deg 50 min","124 deg 20 min"
"Cowichan Lk",185,20,30,4970,2,2149,"Cowichan Lake","48 deg 50 min","124 deg 20 min"
"Cowichan Lk",185,20,30,4970,3,1767,"Cowichan Lake","48 deg 50 min","124 deg 20 min"
"Cowichan Lk",185,20,30,4970,4,1396,"Cowichan Lake","48 deg 50 min","124 deg 20 min"
"Cowichan Lk",185,20,30,4970,5,1977,"Cowichan Lake","48 deg 50 min","124 deg 20 min"
"Cowichan Lk",185,20,30,4970,6,1089,"Cowichan Lake","48 deg 50 min","124 deg 20 min"
"Cowichan Lk",185,20,30,4970,7,682,"Cowichan Lake","48 deg 50 min","124 deg 20 min"
"Cowichan Lk",185,30,40,4408,1,1625,"Cowichan Lake","48 deg 50 min","124 deg 20 min"
"Cowichan Lk",185,30,40,4408,2,1953,"Cowichan Lake","48 deg 50 min","124 deg 20 min"
"Cowichan Lk",185,30,40,4408,3,1738,"Cowichan Lake","48 deg 50 min","124 deg 20 min"
"Cowichan Lk",185,30,40,4408,4,918,"Cowichan Lake","48 deg 50 min","124 deg 20 min"
"Cowichan Lk",185,30,40,4408,5,1820,"Cowichan Lake","48 deg 50 min","124 deg 20 min"
"Cowichan Lk",185,30,40,4408,6,1041,"Cowichan Lake","48 deg 50 min","124 deg 20 min"
"Cowichan Lk",185,30,40,4408,7,640,"Cowichan Lake","48 deg 50 min","124 deg 20 min"
"Cowichan Lk",185,40,50,3731,1,1312,"Cowichan Lake","48 deg 50 min","124 deg 20 min"
"Cowichan Lk",185,40,50,3731,2,1455,"Cowichan Lake","48 deg 50 min","124 deg 20 min"
"Cowichan Lk",185,40,50,3731,3,1647,"Cowichan Lake","48 deg 50 min","124 deg 20 min"
"Cowichan Lk",185,40,50,3731,4,749,"Cowichan Lake","48 deg 50 min","124 deg 20 min"
"Cowichan Lk",185,40,50,3731,5,1694,"Cowichan Lake","48 deg 50 min","124 deg 20 min"
"Cowichan Lk",185,40,50,3731,6,1003,"Cowichan Lake","48 deg 50 min","124 deg 20 min"
"Cowichan Lk",185,40,50,3731,7,541,"Cowichan Lake","48 deg 50 min","124 deg 20 min"
"Cowichan Lk",185,50,60,2937,1,609,"Cowichan Lake","48 deg 50 min","124 deg 20 min"
"Cowichan Lk",185,50,60,2937,2,1151,"Cowichan Lake","48 deg 50 min","124 deg 20 min"
"Cowichan Lk",185,50,60,2937,3,1527,"Cowichan Lake","48 deg 50 min","124 deg 20 min"
"Cowichan Lk",185,50,60,2937,4,266,"Cowichan Lake","48 deg 50 min","124 deg 20 min"
"Cowichan Lk",185,50,60,2937,5,1550,"Cowichan Lake","48 deg 50 min","124 deg 20 min"
"Cowichan Lk",185,50,60,2937,6,951,"Cowichan Lake","48 deg 50 min","124 deg 20 min"
"Cowichan Lk",185,50,60,2937,7,499,"Cowichan Lake","48 deg 50 min","124 deg 20 min"
NA,114,NA,NA,NA,NA,NA,"Cultus Lake","50 deg 52 min","121 deg 03 min"
"CURTIS LAKE",28,2,5,247,1,679,"Curtis Lake","53 deg 30 min","129 deg 50 min"
"CURTIS LAKE",28,2,5,247,2,1012,"Curtis Lake","53 deg 30 min","129 deg 50 min"
"CURTIS LAKE",28,2,5,247,3,646,"Curtis Lake","53 deg 30 min","129 deg 50 min"
"CURTIS LAKE",28,2,5,247,4,698,"Curtis Lake","53 deg 30 min","129 deg 50 min"
"CURTIS LAKE",28,3,5,247,1,679,"Curtis Lake","53 deg 30 min","129 deg 50 min"
"CURTIS LAKE",28,3,5,247,2,1012,"Curtis Lake","53 deg 30 min","129 deg 50 min"
"CURTIS LAKE",28,3,5,247,3,646,"Curtis Lake","53 deg 30 min","129 deg 50 min"
"CURTIS LAKE",28,3,5,247,4,698,"Curtis Lake","53 deg 30 min","129 deg 50 min"
"CURTIS LAKE",28,5,10,216,1,656,"Curtis Lake","53 deg 30 min","129 deg 50 min"
"CURTIS LAKE",28,5,10,216,2,1004,"Curtis Lake","53 deg 30 min","129 deg 50 min"
"CURTIS LAKE",28,5,10,216,3,631,"Curtis Lake","53 deg 30 min","129 deg 50 min"
"CURTIS LAKE",28,5,10,216,4,564,"Curtis Lake","53 deg 30 min","129 deg 50 min"
"CURTIS LAKE",28,10,15,198,1,621,"Curtis Lake","53 deg 30 min","129 deg 50 min"
"CURTIS LAKE",28,10,15,198,2,965,"Curtis Lake","53 deg 30 min","129 deg 50 min"
"CURTIS LAKE",28,10,15,198,3,617,"Curtis Lake","53 deg 30 min","129 deg 50 min"
"CURTIS LAKE",28,10,15,198,4,504,"Curtis Lake","53 deg 30 min","129 deg 50 min"
"CURTIS LAKE",28,15,20,186,1,586,"Curtis Lake","53 deg 30 min","129 deg 50 min"
"CURTIS LAKE",28,15,20,186,2,960,"Curtis Lake","53 deg 30 min","129 deg 50 min"
"CURTIS LAKE",28,15,20,186,3,603,"Curtis Lake","53 deg 30 min","129 deg 50 min"
"CURTIS LAKE",28,15,20,186,4,455,"Curtis Lake","53 deg 30 min","129 deg 50 min"
"CURTIS LAKE",28,20,30,164,1,556,"Curtis Lake","53 deg 30 min","129 deg 50 min"
"CURTIS LAKE",28,20,30,164,2,743,"Curtis Lake","53 deg 30 min","129 deg 50 min"
"CURTIS LAKE",28,20,30,164,3,577,"Curtis Lake","53 deg 30 min","129 deg 50 min"
"CURTIS LAKE",28,20,30,164,4,231,"Curtis Lake","53 deg 30 min","129 deg 50 min"
"CURTIS LAKE",28,30,40,129,1,452,"Curtis Lake","53 deg 30 min","129 deg 50 min"
"CURTIS LAKE",28,30,40,129,2,645,"Curtis Lake","53 deg 30 min","129 deg 50 min"
"CURTIS LAKE",28,30,40,129,3,337,"Curtis Lake","53 deg 30 min","129 deg 50 min"
"CURTIS LAKE",28,30,40,129,4,134,"Curtis Lake","53 deg 30 min","129 deg 50 min"
"CURTIS LAKE",28,40,50,93,1,389,"Curtis Lake","53 deg 30 min","129 deg 50 min"
"CURTIS LAKE",28,40,50,93,2,588,"Curtis Lake","53 deg 30 min","129 deg 50 min"
"CURTIS LAKE",28,40,50,93,3,123,"Curtis Lake","53 deg 30 min","129 deg 50 min"
"CURTIS LAKE",28,40,50,93,4,0,"Curtis Lake","53 deg 30 min","129 deg 50 min"
"CURTIS LAKE",28,50,60,63,1,305,"Curtis Lake","53 deg 30 min","129 deg 50 min"
"CURTIS LAKE",28,50,60,63,2,510,"Curtis Lake","53 deg 30 min","129 deg 50 min"
"CURTIS LAKE",28,50,60,63,3,0,"Curtis Lake","53 deg 30 min","129 deg 50 min"
"CURTIS LAKE",28,50,60,63,4,0,"Curtis Lake","53 deg 30 min","129 deg 50 min"
"CURTIS LAKE",28,60,70,40,1,182,"Curtis Lake","53 deg 30 min","129 deg 50 min"
"CURTIS LAKE",28,60,70,40,2,421,"Curtis Lake","53 deg 30 min","129 deg 50 min"
"CURTIS LAKE",28,60,70,40,3,0,"Curtis Lake","53 deg 30 min","129 deg 50 min"
"CURTIS LAKE",28,60,70,40,4,0,"Curtis Lake","53 deg 30 min","129 deg 50 min"
"Damdochax Lk",38,2,5,134.5,1,370,"Damdochax Lake","56 deg 30 min","128 deg 06 min"
"Damdochax Lk",38,2,5,134.5,2,587,"Damdochax Lake","56 deg 30 min","128 deg 06 min"
"Damdochax Lk",38,2,5,134.5,3,614,"Damdochax Lake","56 deg 30 min","128 deg 06 min"
"Damdochax Lk",38,2,5,134.5,4,677,"Damdochax Lake","56 deg 30 min","128 deg 06 min"
"Damdochax Lk",38,3,5,125,1,361,"Damdochax Lake","56 deg 30 min","128 deg 06 min"
"Damdochax Lk",38,3,5,125,2,583,"Damdochax Lake","56 deg 30 min","128 deg 06 min"
"Damdochax Lk",38,3,5,125,3,614,"Damdochax Lake","56 deg 30 min","128 deg 06 min"
"Damdochax Lk",38,3,5,125,4,667,"Damdochax Lake","56 deg 30 min","128 deg 06 min"
"Damdochax Lk",38,5,10,101.6,1,188,"Damdochax Lake","56 deg 30 min","128 deg 06 min"
"Damdochax Lk",38,5,10,101.6,2,402,"Damdochax Lake","56 deg 30 min","128 deg 06 min"
"Damdochax Lk",38,5,10,101.6,3,591,"Damdochax Lake","56 deg 30 min","128 deg 06 min"
"Damdochax Lk",38,5,10,101.6,4,640,"Damdochax Lake","56 deg 30 min","128 deg 06 min"
"Damdochax Lk",38,10,15,54.3,1,0,"Damdochax Lake","56 deg 30 min","128 deg 06 min"
"Damdochax Lk",38,10,15,54.3,2,0,"Damdochax Lake","56 deg 30 min","128 deg 06 min"
"Damdochax Lk",38,10,15,54.3,3,534,"Damdochax Lake","56 deg 30 min","128 deg 06 min"
"Damdochax Lk",38,10,15,54.3,4,385,"Damdochax Lake","56 deg 30 min","128 deg 06 min"
"Damdochax Lk",38,15,20,12.4,1,0,"Damdochax Lake","56 deg 30 min","128 deg 06 min"
"Damdochax Lk",38,15,20,12.4,2,0,"Damdochax Lake","56 deg 30 min","128 deg 06 min"
"Damdochax Lk",38,15,20,12.4,3,199,"Damdochax Lake","56 deg 30 min","128 deg 06 min"
"Damdochax Lk",38,15,20,12.4,4,0,"Damdochax Lake","56 deg 30 min","128 deg 06 min"
NA,154,NA,NA,NA,NA,NA,"Deep Lake (Oshinow)","49 deg 27 min","125 deg 20 min"
NA,177,NA,NA,NA,NA,NA,"Deer Lake","53 deg 07 min","128 deg 59 min"
"DEVON LAKE",29,2,5,167,1,390,"Devon Lake","53 deg 27 min","129 deg 45 min"
"DEVON LAKE",29,2,5,167,2,639,"Devon Lake","53 deg 27 min","129 deg 45 min"
"DEVON LAKE",29,2,5,167,3,496,"Devon Lake","53 deg 27 min","129 deg 45 min"
"DEVON LAKE",29,2,5,167,4,507,"Devon Lake","53 deg 27 min","129 deg 45 min"
"DEVON LAKE",29,2,5,167,5,894,"Devon Lake","53 deg 27 min","129 deg 45 min"
"DEVON LAKE",29,2,5,167,6,900,"Devon Lake","53 deg 27 min","129 deg 45 min"
"DEVON LAKE",29,2,5,167,7,1100,"Devon Lake","53 deg 27 min","129 deg 45 min"
"DEVON LAKE",29,3,5,167,1,390,"Devon Lake","53 deg 27 min","129 deg 45 min"
"DEVON LAKE",29,3,5,167,2,639,"Devon Lake","53 deg 27 min","129 deg 45 min"
"DEVON LAKE",29,3,5,167,3,496,"Devon Lake","53 deg 27 min","129 deg 45 min"
"DEVON LAKE",29,3,5,167,4,507,"Devon Lake","53 deg 27 min","129 deg 45 min"
"DEVON LAKE",29,3,5,167,5,894,"Devon Lake","53 deg 27 min","129 deg 45 min"
"DEVON LAKE",29,3,5,167,6,900,"Devon Lake","53 deg 27 min","129 deg 45 min"
"DEVON LAKE",29,3,5,167,7,1100,"Devon Lake","53 deg 27 min","129 deg 45 min"
"DEVON LAKE",29,5,10,152,1,382,"Devon Lake","53 deg 27 min","129 deg 45 min"
"DEVON LAKE",29,5,10,152,2,616,"Devon Lake","53 deg 27 min","129 deg 45 min"
"DEVON LAKE",29,5,10,152,3,482,"Devon Lake","53 deg 27 min","129 deg 45 min"
"DEVON LAKE",29,5,10,152,4,496,"Devon Lake","53 deg 27 min","129 deg 45 min"
"DEVON LAKE",29,5,10,152,5,876,"Devon Lake","53 deg 27 min","129 deg 45 min"
"DEVON LAKE",29,5,10,152,6,857,"Devon Lake","53 deg 27 min","129 deg 45 min"
"DEVON LAKE",29,5,10,152,7,1072,"Devon Lake","53 deg 27 min","129 deg 45 min"
"DEVON LAKE",29,10,15,141,1,369,"Devon Lake","53 deg 27 min","129 deg 45 min"
"DEVON LAKE",29,10,15,141,2,597,"Devon Lake","53 deg 27 min","129 deg 45 min"
"DEVON LAKE",29,10,15,141,3,467,"Devon Lake","53 deg 27 min","129 deg 45 min"
"DEVON LAKE",29,10,15,141,4,483,"Devon Lake","53 deg 27 min","129 deg 45 min"
"DEVON LAKE",29,10,15,141,5,857,"Devon Lake","53 deg 27 min","129 deg 45 min"
"DEVON LAKE",29,10,15,141,6,814,"Devon Lake","53 deg 27 min","129 deg 45 min"
"DEVON LAKE",29,10,15,141,7,1024,"Devon Lake","53 deg 27 min","129 deg 45 min"
"DEVON LAKE",29,15,20,131,1,356,"Devon Lake","53 deg 27 min","129 deg 45 min"
"DEVON LAKE",29,15,20,131,2,562,"Devon Lake","53 deg 27 min","129 deg 45 min"
"DEVON LAKE",29,15,20,131,3,451,"Devon Lake","53 deg 27 min","129 deg 45 min"
"DEVON LAKE",29,15,20,131,4,458,"Devon Lake","53 deg 27 min","129 deg 45 min"
"DEVON LAKE",29,15,20,131,5,844,"Devon Lake","53 deg 27 min","129 deg 45 min"
"DEVON LAKE",29,15,20,131,6,763,"Devon Lake","53 deg 27 min","129 deg 45 min"
"DEVON LAKE",29,15,20,131,7,955,"Devon Lake","53 deg 27 min","129 deg 45 min"
"DEVON LAKE",29,20,30,112,1,334,"Devon Lake","53 deg 27 min","129 deg 45 min"
"DEVON LAKE",29,20,30,112,2,466,"Devon Lake","53 deg 27 min","129 deg 45 min"
"DEVON LAKE",29,20,30,112,3,424,"Devon Lake","53 deg 27 min","129 deg 45 min"
"DEVON LAKE",29,20,30,112,4,388,"Devon Lake","53 deg 27 min","129 deg 45 min"
"DEVON LAKE",29,20,30,112,5,820,"Devon Lake","53 deg 27 min","129 deg 45 min"
"DEVON LAKE",29,20,30,112,6,651,"Devon Lake","53 deg 27 min","129 deg 45 min"
"DEVON LAKE",29,20,30,112,7,643,"Devon Lake","53 deg 27 min","129 deg 45 min"
"DEVON LAKE",29,30,40,68,1,306,"Devon Lake","53 deg 27 min","129 deg 45 min"
"DEVON LAKE",29,30,40,68,2,108,"Devon Lake","53 deg 27 min","129 deg 45 min"
"DEVON LAKE",29,30,40,68,3,272,"Devon Lake","53 deg 27 min","129 deg 45 min"
"DEVON LAKE",29,30,40,68,4,277,"Devon Lake","53 deg 27 min","129 deg 45 min"
"DEVON LAKE",29,30,40,68,5,615,"Devon Lake","53 deg 27 min","129 deg 45 min"
"DEVON LAKE",29,30,40,68,6,0,"Devon Lake","53 deg 27 min","129 deg 45 min"
"DEVON LAKE",29,30,40,68,7,436,"Devon Lake","53 deg 27 min","129 deg 45 min"
"DEVON LAKE",29,40,50,26,1,274,"Devon Lake","53 deg 27 min","129 deg 45 min"
"DEVON LAKE",29,40,50,26,2,0,"Devon Lake","53 deg 27 min","129 deg 45 min"
"DEVON LAKE",29,40,50,26,3,106,"Devon Lake","53 deg 27 min","129 deg 45 min"
"DEVON LAKE",29,40,50,26,4,104,"Devon Lake","53 deg 27 min","129 deg 45 min"
"DEVON LAKE",29,40,50,26,5,0,"Devon Lake","53 deg 27 min","129 deg 45 min"
"DEVON LAKE",29,40,50,26,6,0,"Devon Lake","53 deg 27 min","129 deg 45 min"
"DEVON LAKE",29,40,50,26,7,401,"Devon Lake","53 deg 27 min","129 deg 45 min"
"DEVON LAKE",29,50,60,10,1,0,"Devon Lake","53 deg 27 min","129 deg 45 min"
"DEVON LAKE",29,50,60,10,2,0,"Devon Lake","53 deg 27 min","129 deg 45 min"
"DEVON LAKE",29,50,60,10,3,0,"Devon Lake","53 deg 27 min","129 deg 45 min"
"DEVON LAKE",29,50,60,10,4,0,"Devon Lake","53 deg 27 min","129 deg 45 min"
"DEVON LAKE",29,50,60,10,5,0,"Devon Lake","53 deg 27 min","129 deg 45 min"
"DEVON LAKE",29,50,60,10,6,0,"Devon Lake","53 deg 27 min","129 deg 45 min"
"DEVON LAKE",29,50,60,10,7,0,"Devon Lake","53 deg 27 min","129 deg 45 min"
"DEVON LAKE",29,60,70,4,1,0,"Devon Lake","53 deg 27 min","129 deg 45 min"
"DEVON LAKE",29,60,70,4,2,0,"Devon Lake","53 deg 27 min","129 deg 45 min"
"DEVON LAKE",29,60,70,4,3,0,"Devon Lake","53 deg 27 min","129 deg 45 min"
"DEVON LAKE",29,60,70,4,4,0,"Devon Lake","53 deg 27 min","129 deg 45 min"
"DEVON LAKE",29,60,70,4,5,0,"Devon Lake","53 deg 27 min","129 deg 45 min"
"DEVON LAKE",29,60,70,4,6,0,"Devon Lake","53 deg 27 min","129 deg 45 min"
"DEVON LAKE",29,60,70,4,7,0,"Devon Lake","53 deg 27 min","129 deg 45 min"
NA,128,NA,NA,NA,NA,NA,"Dezadeash Lake","60 deg 28 min","136 deg 58 min"
NA,209,NA,NA,NA,NA,NA,"Diplock Is.",NA,NA
NA,139,NA,NA,NA,NA,NA,"Doobah Lake","48 deg 43 min","124 deg 45 min"
"Dragon Lk",214,2,5,173.7,1,1145,"Dragon Lake","52 deg 34 min","122 deg 25 min"
"Dragon Lk",214,2,5,173.7,2,1210.2,"Dragon Lake","52 deg 34 min","122 deg 25 min"
"Dragon Lk",214,2,5,173.7,3,1206.6,"Dragon Lake","52 deg 34 min","122 deg 25 min"
"Dragon Lk",214,2,5,173.7,4,798.5,"Dragon Lake","52 deg 34 min","122 deg 25 min"
"Dragon Lk",214,3,5,0,1,0,"Dragon Lake","52 deg 34 min","122 deg 25 min"
"Dragon Lk",214,3,5,0,2,0,"Dragon Lake","52 deg 34 min","122 deg 25 min"
"Dragon Lk",214,3,5,0,3,0,"Dragon Lake","52 deg 34 min","122 deg 25 min"
"Dragon Lk",214,3,5,0,4,0,"Dragon Lake","52 deg 34 min","122 deg 25 min"
"Dragon Lk",214,5,10,116.3,1,1058.3,"Dragon Lake","52 deg 34 min","122 deg 25 min"
"Dragon Lk",214,5,10,116.3,2,1133,"Dragon Lake","52 deg 34 min","122 deg 25 min"
"Dragon Lk",214,5,10,116.3,3,1131,"Dragon Lake","52 deg 34 min","122 deg 25 min"
"Dragon Lk",214,5,10,116.3,4,464.6,"Dragon Lake","52 deg 34 min","122 deg 25 min"
NA,193,NA,NA,NA,NA,NA,"Dunsmuir Point",NA,NA
"EDEN LAKE",25,2,5,556,1,775,"Eden Lake","53 deg 51 min","132 deg 43 min"
"EDEN LAKE",25,2,5,556,2,685,"Eden Lake","53 deg 51 min","132 deg 43 min"
"EDEN LAKE",25,2,5,556,3,1279,"Eden Lake","53 deg 51 min","132 deg 43 min"
"EDEN LAKE",25,2,5,556,4,763,"Eden Lake","53 deg 51 min","132 deg 43 min"
"EDEN LAKE",25,3,5,556,1,775,"Eden Lake","53 deg 51 min","132 deg 43 min"
"EDEN LAKE",25,3,5,556,2,685,"Eden Lake","53 deg 51 min","132 deg 43 min"
"EDEN LAKE",25,3,5,556,3,1279,"Eden Lake","53 deg 51 min","132 deg 43 min"
"EDEN LAKE",25,3,5,556,4,763,"Eden Lake","53 deg 51 min","132 deg 43 min"
"EDEN LAKE",25,5,10,507,1,714,"Eden Lake","53 deg 51 min","132 deg 43 min"
"EDEN LAKE",25,5,10,507,2,669,"Eden Lake","53 deg 51 min","132 deg 43 min"
"EDEN LAKE",25,5,10,507,3,1050,"Eden Lake","53 deg 51 min","132 deg 43 min"
"EDEN LAKE",25,5,10,507,4,619,"Eden Lake","53 deg 51 min","132 deg 43 min"
"EDEN LAKE",25,10,15,481,1,699,"Eden Lake","53 deg 51 min","132 deg 43 min"
"EDEN LAKE",25,10,15,481,2,623,"Eden Lake","53 deg 51 min","132 deg 43 min"
"EDEN LAKE",25,10,15,481,3,960,"Eden Lake","53 deg 51 min","132 deg 43 min"
"EDEN LAKE",25,10,15,481,4,478,"Eden Lake","53 deg 51 min","132 deg 43 min"
"EDEN LAKE",25,15,20,454,1,641,"Eden Lake","53 deg 51 min","132 deg 43 min"
"EDEN LAKE",25,15,20,454,2,590,"Eden Lake","53 deg 51 min","132 deg 43 min"
"EDEN LAKE",25,15,20,454,3,922,"Eden Lake","53 deg 51 min","132 deg 43 min"
"EDEN LAKE",25,15,20,454,4,386,"Eden Lake","53 deg 51 min","132 deg 43 min"
"EDEN LAKE",25,20,30,397,1,578,"Eden Lake","53 deg 51 min","132 deg 43 min"
"EDEN LAKE",25,20,30,397,2,553,"Eden Lake","53 deg 51 min","132 deg 43 min"
"EDEN LAKE",25,20,30,397,3,790,"Eden Lake","53 deg 51 min","132 deg 43 min"
"EDEN LAKE",25,20,30,397,4,267,"Eden Lake","53 deg 51 min","132 deg 43 min"
"EDEN LAKE",25,30,40,307,1,512,"Eden Lake","53 deg 51 min","132 deg 43 min"
"EDEN LAKE",25,30,40,307,2,513,"Eden Lake","53 deg 51 min","132 deg 43 min"
"EDEN LAKE",25,30,40,307,3,722,"Eden Lake","53 deg 51 min","132 deg 43 min"
"EDEN LAKE",25,30,40,307,4,0,"Eden Lake","53 deg 51 min","132 deg 43 min"
"EDEN LAKE",25,40,50,239,1,429,"Eden Lake","53 deg 51 min","132 deg 43 min"
"EDEN LAKE",25,40,50,239,2,478,"Eden Lake","53 deg 51 min","132 deg 43 min"
"EDEN LAKE",25,40,50,239,3,630,"Eden Lake","53 deg 51 min","132 deg 43 min"
"EDEN LAKE",25,40,50,239,4,0,"Eden Lake","53 deg 51 min","132 deg 43 min"
"EDEN LAKE",25,50,60,203,1,0,"Eden Lake","53 deg 51 min","132 deg 43 min"
"EDEN LAKE",25,50,60,203,2,0,"Eden Lake","53 deg 51 min","132 deg 43 min"
"EDEN LAKE",25,50,60,203,3,0,"Eden Lake","53 deg 51 min","132 deg 43 min"
"EDEN LAKE",25,50,60,203,4,0,"Eden Lake","53 deg 51 min","132 deg 43 min"
"EDEN LAKE",25,60,70,170,1,0,"Eden Lake","53 deg 51 min","132 deg 43 min"
"EDEN LAKE",25,60,70,170,2,0,"Eden Lake","53 deg 51 min","132 deg 43 min"
"EDEN LAKE",25,60,70,170,3,0,"Eden Lake","53 deg 51 min","132 deg 43 min"
"EDEN LAKE",25,60,70,170,4,0,"Eden Lake","53 deg 51 min","132 deg 43 min"
"Ellerslie Lk",181,2,5,2447,1,1867,"Ellerslie Lake","52 deg 32 min","127 deg 57 min"
"Ellerslie Lk",181,2,5,2447,2,878,"Ellerslie Lake","52 deg 32 min","127 deg 57 min"
"Ellerslie Lk",181,2,5,2447,3,928,"Ellerslie Lake","52 deg 32 min","127 deg 57 min"
"Ellerslie Lk",181,2,5,2447,4,1211,"Ellerslie Lake","52 deg 32 min","127 deg 57 min"
"Ellerslie Lk",181,2,5,2447,5,1083,"Ellerslie Lake","52 deg 32 min","127 deg 57 min"
"Ellerslie Lk",181,2,5,2447,6,2033,"Ellerslie Lake","52 deg 32 min","127 deg 57 min"
"Ellerslie Lk",181,2,5,2447,7,1633,"Ellerslie Lake","52 deg 32 min","127 deg 57 min"
"Ellerslie Lk",181,2,5,2447,8,1133,"Ellerslie Lake","52 deg 32 min","127 deg 57 min"
"Ellerslie Lk",181,2,5,2447,9,656,"Ellerslie Lake","52 deg 32 min","127 deg 57 min"
"Ellerslie Lk",181,2,5,2447,10,950,"Ellerslie Lake","52 deg 32 min","127 deg 57 min"
"Ellerslie Lk",181,2,5,2447,11,783,"Ellerslie Lake","52 deg 32 min","127 deg 57 min"
"Ellerslie Lk",181,2,5,2447,12,1578,"Ellerslie Lake","52 deg 32 min","127 deg 57 min"
"Ellerslie Lk",181,2,5,2447,13,1472,"Ellerslie Lake","52 deg 32 min","127 deg 57 min"
"Ellerslie Lk",181,2,5,2447,14,1589,"Ellerslie Lake","52 deg 32 min","127 deg 57 min"
"Ellerslie Lk",181,3,5,2447,1,1867,"Ellerslie Lake","52 deg 32 min","127 deg 57 min"
"Ellerslie Lk",181,3,5,2447,2,878,"Ellerslie Lake","52 deg 32 min","127 deg 57 min"
"Ellerslie Lk",181,3,5,2447,3,928,"Ellerslie Lake","52 deg 32 min","127 deg 57 min"
"Ellerslie Lk",181,3,5,2447,4,1211,"Ellerslie Lake","52 deg 32 min","127 deg 57 min"
"Ellerslie Lk",181,3,5,2447,5,1083,"Ellerslie Lake","52 deg 32 min","127 deg 57 min"
"Ellerslie Lk",181,3,5,2447,6,2033,"Ellerslie Lake","52 deg 32 min","127 deg 57 min"
"Ellerslie Lk",181,3,5,2447,7,1633,"Ellerslie Lake","52 deg 32 min","127 deg 57 min"
"Ellerslie Lk",181,3,5,2447,8,1133,"Ellerslie Lake","52 deg 32 min","127 deg 57 min"
"Ellerslie Lk",181,3,5,2447,9,656,"Ellerslie Lake","52 deg 32 min","127 deg 57 min"
"Ellerslie Lk",181,3,5,2447,10,950,"Ellerslie Lake","52 deg 32 min","127 deg 57 min"
"Ellerslie Lk",181,3,5,2447,11,783,"Ellerslie Lake","52 deg 32 min","127 deg 57 min"
"Ellerslie Lk",181,3,5,2447,12,1578,"Ellerslie Lake","52 deg 32 min","127 deg 57 min"
"Ellerslie Lk",181,3,5,2447,13,1472,"Ellerslie Lake","52 deg 32 min","127 deg 57 min"
"Ellerslie Lk",181,3,5,2447,14,1589,"Ellerslie Lake","52 deg 32 min","127 deg 57 min"
"Ellerslie Lk",181,5,10,2332,1,1861,"Ellerslie Lake","52 deg 32 min","127 deg 57 min"
"Ellerslie Lk",181,5,10,2332,2,867,"Ellerslie Lake","52 deg 32 min","127 deg 57 min"
"Ellerslie Lk",181,5,10,2332,3,917,"Ellerslie Lake","52 deg 32 min","127 deg 57 min"
"Ellerslie Lk",181,5,10,2332,4,1189,"Ellerslie Lake","52 deg 32 min","127 deg 57 min"
"Ellerslie Lk",181,5,10,2332,5,1050,"Ellerslie Lake","52 deg 32 min","127 deg 57 min"
"Ellerslie Lk",181,5,10,2332,6,2006,"Ellerslie Lake","52 deg 32 min","127 deg 57 min"
"Ellerslie Lk",181,5,10,2332,7,1583,"Ellerslie Lake","52 deg 32 min","127 deg 57 min"
"Ellerslie Lk",181,5,10,2332,8,772,"Ellerslie Lake","52 deg 32 min","127 deg 57 min"
"Ellerslie Lk",181,5,10,2332,9,544,"Ellerslie Lake","52 deg 32 min","127 deg 57 min"
"Ellerslie Lk",181,5,10,2332,10,900,"Ellerslie Lake","52 deg 32 min","127 deg 57 min"
"Ellerslie Lk",181,5,10,2332,11,744,"Ellerslie Lake","52 deg 32 min","127 deg 57 min"
"Ellerslie Lk",181,5,10,2332,12,1556,"Ellerslie Lake","52 deg 32 min","127 deg 57 min"
"Ellerslie Lk",181,5,10,2332,13,1444,"Ellerslie Lake","52 deg 32 min","127 deg 57 min"
"Ellerslie Lk",181,5,10,2332,14,1572,"Ellerslie Lake","52 deg 32 min","127 deg 57 min"
"Ellerslie Lk",181,10,15,2183,1,1839,"Ellerslie Lake","52 deg 32 min","127 deg 57 min"
"Ellerslie Lk",181,10,15,2183,2,856,"Ellerslie Lake","52 deg 32 min","127 deg 57 min"
"Ellerslie Lk",181,10,15,2183,3,900,"Ellerslie Lake","52 deg 32 min","127 deg 57 min"
"Ellerslie Lk",181,10,15,2183,4,1128,"Ellerslie Lake","52 deg 32 min","127 deg 57 min"
"Ellerslie Lk",181,10,15,2183,5,1028,"Ellerslie Lake","52 deg 32 min","127 deg 57 min"
"Ellerslie Lk",181,10,15,2183,6,1983,"Ellerslie Lake","52 deg 32 min","127 deg 57 min"
"Ellerslie Lk",181,10,15,2183,7,1361,"Ellerslie Lake","52 deg 32 min","127 deg 57 min"
"Ellerslie Lk",181,10,15,2183,8,411,"Ellerslie Lake","52 deg 32 min","127 deg 57 min"
"Ellerslie Lk",181,10,15,2183,9,444,"Ellerslie Lake","52 deg 32 min","127 deg 57 min"
"Ellerslie Lk",181,10,15,2183,10,856,"Ellerslie Lake","52 deg 32 min","127 deg 57 min"
"Ellerslie Lk",181,10,15,2183,11,711,"Ellerslie Lake","52 deg 32 min","127 deg 57 min"
"Ellerslie Lk",181,10,15,2183,12,1539,"Ellerslie Lake","52 deg 32 min","127 deg 57 min"
"Ellerslie Lk",181,10,15,2183,13,1417,"Ellerslie Lake","52 deg 32 min","127 deg 57 min"
"Ellerslie Lk",181,10,15,2183,14,1544,"Ellerslie Lake","52 deg 32 min","127 deg 57 min"
"Ellerslie Lk",181,15,20,2055,1,1822,"Ellerslie Lake","52 deg 32 min","127 deg 57 min"
"Ellerslie Lk",181,15,20,2055,2,844,"Ellerslie Lake","52 deg 32 min","127 deg 57 min"
"Ellerslie Lk",181,15,20,2055,3,889,"Ellerslie Lake","52 deg 32 min","127 deg 57 min"
"Ellerslie Lk",181,15,20,2055,4,1106,"Ellerslie Lake","52 deg 32 min","127 deg 57 min"
"Ellerslie Lk",181,15,20,2055,5,1006,"Ellerslie Lake","52 deg 32 min","127 deg 57 min"
"Ellerslie Lk",181,15,20,2055,6,1967,"Ellerslie Lake","52 deg 32 min","127 deg 57 min"
"Ellerslie Lk",181,15,20,2055,7,1094,"Ellerslie Lake","52 deg 32 min","127 deg 57 min"
"Ellerslie Lk",181,15,20,2055,8,0,"Ellerslie Lake","52 deg 32 min","127 deg 57 min"
"Ellerslie Lk",181,15,20,2055,9,367,"Ellerslie Lake","52 deg 32 min","127 deg 57 min"
"Ellerslie Lk",181,15,20,2055,10,778,"Ellerslie Lake","52 deg 32 min","127 deg 57 min"
"Ellerslie Lk",181,15,20,2055,11,689,"Ellerslie Lake","52 deg 32 min","127 deg 57 min"
"Ellerslie Lk",181,15,20,2055,12,1517,"Ellerslie Lake","52 deg 32 min","127 deg 57 min"
"Ellerslie Lk",181,15,20,2055,13,1400,"Ellerslie Lake","52 deg 32 min","127 deg 57 min"
"Ellerslie Lk",181,15,20,2055,14,1517,"Ellerslie Lake","52 deg 32 min","127 deg 57 min"
"Ellerslie Lk",181,20,30,1926,1,1811,"Ellerslie Lake","52 deg 32 min","127 deg 57 min"
"Ellerslie Lk",181,20,30,1926,2,828,"Ellerslie Lake","52 deg 32 min","127 deg 57 min"
"Ellerslie Lk",181,20,30,1926,3,878,"Ellerslie Lake","52 deg 32 min","127 deg 57 min"
"Ellerslie Lk",181,20,30,1926,4,1094,"Ellerslie Lake","52 deg 32 min","127 deg 57 min"
"Ellerslie Lk",181,20,30,1926,5,961,"Ellerslie Lake","52 deg 32 min","127 deg 57 min"
"Ellerslie Lk",181,20,30,1926,6,1956,"Ellerslie Lake","52 deg 32 min","127 deg 57 min"
"Ellerslie Lk",181,20,30,1926,7,483,"Ellerslie Lake","52 deg 32 min","127 deg 57 min"
"Ellerslie Lk",181,20,30,1926,8,0,"Ellerslie Lake","52 deg 32 min","127 deg 57 min"
"Ellerslie Lk",181,20,30,1926,9,311,"Ellerslie Lake","52 deg 32 min","127 deg 57 min"
"Ellerslie Lk",181,20,30,1926,10,717,"Ellerslie Lake","52 deg 32 min","127 deg 57 min"
"Ellerslie Lk",181,20,30,1926,11,672,"Ellerslie Lake","52 deg 32 min","127 deg 57 min"
"Ellerslie Lk",181,20,30,1926,12,1500,"Ellerslie Lake","52 deg 32 min","127 deg 57 min"
"Ellerslie Lk",181,20,30,1926,13,1367,"Ellerslie Lake","52 deg 32 min","127 deg 57 min"
"Ellerslie Lk",181,20,30,1926,14,1494,"Ellerslie Lake","52 deg 32 min","127 deg 57 min"
"Ellerslie Lk",181,30,40,1768,1,1761,"Ellerslie Lake","52 deg 32 min","127 deg 57 min"
"Ellerslie Lk",181,30,40,1768,2,800,"Ellerslie Lake","52 deg 32 min","127 deg 57 min"
"Ellerslie Lk",181,30,40,1768,3,850,"Ellerslie Lake","52 deg 32 min","127 deg 57 min"
"Ellerslie Lk",181,30,40,1768,4,1067,"Ellerslie Lake","52 deg 32 min","127 deg 57 min"
"Ellerslie Lk",181,30,40,1768,5,889,"Ellerslie Lake","52 deg 32 min","127 deg 57 min"
"Ellerslie Lk",181,30,40,1768,6,1778,"Ellerslie Lake","52 deg 32 min","127 deg 57 min"
"Ellerslie Lk",181,30,40,1768,7,0,"Ellerslie Lake","52 deg 32 min","127 deg 57 min"
"Ellerslie Lk",181,30,40,1768,8,0,"Ellerslie Lake","52 deg 32 min","127 deg 57 min"
"Ellerslie Lk",181,30,40,1768,9,167,"Ellerslie Lake","52 deg 32 min","127 deg 57 min"
"Ellerslie Lk",181,30,40,1768,10,506,"Ellerslie Lake","52 deg 32 min","127 deg 57 min"
"Ellerslie Lk",181,30,40,1768,11,633,"Ellerslie Lake","52 deg 32 min","127 deg 57 min"
"Ellerslie Lk",181,30,40,1768,12,1467,"Ellerslie Lake","52 deg 32 min","127 deg 57 min"
"Ellerslie Lk",181,30,40,1768,13,1322,"Ellerslie Lake","52 deg 32 min","127 deg 57 min"
"Ellerslie Lk",181,30,40,1768,14,1456,"Ellerslie Lake","52 deg 32 min","127 deg 57 min"
"Ellerslie Lk",181,40,50,1606,1,1717,"Ellerslie Lake","52 deg 32 min","127 deg 57 min"
"Ellerslie Lk",181,40,50,1606,2,767,"Ellerslie Lake","52 deg 32 min","127 deg 57 min"
"Ellerslie Lk",181,40,50,1606,3,828,"Ellerslie Lake","52 deg 32 min","127 deg 57 min"
"Ellerslie Lk",181,40,50,1606,4,1044,"Ellerslie Lake","52 deg 32 min","127 deg 57 min"
"Ellerslie Lk",181,40,50,1606,5,822,"Ellerslie Lake","52 deg 32 min","127 deg 57 min"
"Ellerslie Lk",181,40,50,1606,6,1611,"Ellerslie Lake","52 deg 32 min","127 deg 57 min"
"Ellerslie Lk",181,40,50,1606,7,0,"Ellerslie Lake","52 deg 32 min","127 deg 57 min"
"Ellerslie Lk",181,40,50,1606,8,0,"Ellerslie Lake","52 deg 32 min","127 deg 57 min"
"Ellerslie Lk",181,40,50,1606,9,0,"Ellerslie Lake","52 deg 32 min","127 deg 57 min"
"Ellerslie Lk",181,40,50,1606,10,0,"Ellerslie Lake","52 deg 32 min","127 deg 57 min"
"Ellerslie Lk",181,40,50,1606,11,600,"Ellerslie Lake","52 deg 32 min","127 deg 57 min"
"Ellerslie Lk",181,40,50,1606,12,1422,"Ellerslie Lake","52 deg 32 min","127 deg 57 min"
"Ellerslie Lk",181,40,50,1606,13,1244,"Ellerslie Lake","52 deg 32 min","127 deg 57 min"
"Ellerslie Lk",181,40,50,1606,14,1372,"Ellerslie Lake","52 deg 32 min","127 deg 57 min"
"Ellerslie Lk",181,50,60,1436,1,1656,"Ellerslie Lake","52 deg 32 min","127 deg 57 min"
"Ellerslie Lk",181,50,60,1436,2,739,"Ellerslie Lake","52 deg 32 min","127 deg 57 min"
"Ellerslie Lk",181,50,60,1436,3,806,"Ellerslie Lake","52 deg 32 min","127 deg 57 min"
"Ellerslie Lk",181,50,60,1436,4,1017,"Ellerslie Lake","52 deg 32 min","127 deg 57 min"
"Ellerslie Lk",181,50,60,1436,5,783,"Ellerslie Lake","52 deg 32 min","127 deg 57 min"
"Ellerslie Lk",181,50,60,1436,6,1400,"Ellerslie Lake","52 deg 32 min","127 deg 57 min"
"Ellerslie Lk",181,50,60,1436,7,0,"Ellerslie Lake","52 deg 32 min","127 deg 57 min"
"Ellerslie Lk",181,50,60,1436,8,0,"Ellerslie Lake","52 deg 32 min","127 deg 57 min"
"Ellerslie Lk",181,50,60,1436,9,0,"Ellerslie Lake","52 deg 32 min","127 deg 57 min"
"Ellerslie Lk",181,50,60,1436,10,0,"Ellerslie Lake","52 deg 32 min","127 deg 57 min"
"Ellerslie Lk",181,50,60,1436,11,556,"Ellerslie Lake","52 deg 32 min","127 deg 57 min"
"Ellerslie Lk",181,50,60,1436,12,1367,"Ellerslie Lake","52 deg 32 min","127 deg 57 min"
"Ellerslie Lk",181,50,60,1436,13,1156,"Ellerslie Lake","52 deg 32 min","127 deg 57 min"
"Ellerslie Lk",181,50,60,1436,14,1294,"Ellerslie Lake","52 deg 32 min","127 deg 57 min"
NA,152,NA,NA,NA,NA,NA,"Elsie Lake","49 deg 35 min","125 deg 12 min"
NA,94,NA,NA,NA,NA,NA,"Ethel Lake","63 deg 22 min","136 deg 06 min"
NA,203,NA,NA,NA,NA,NA,"Foucault Bluff",NA,NA
NA,95,NA,NA,NA,NA,NA,"Fox Lake","61 deg 14 min","135 deg 28 min"
NA,88,NA,NA,NA,NA,NA,"Francois Lake","54 deg 03 min","125 deg 44 min"
NA,89,NA,NA,NA,NA,NA,"Fraser Lake","54 deg 05 min","124 deg 45 min"
"FRED WRIGHT LAKE",11,2,5,353,1,925,"Fred Wright Lake","55 deg 58 min","128 deg 47 min"
"FRED WRIGHT LAKE",11,2,5,353,2,2350,"Fred Wright Lake","55 deg 58 min","128 deg 47 min"
"FRED WRIGHT LAKE",11,2,5,353,3,407,"Fred Wright Lake","55 deg 58 min","128 deg 47 min"
"FRED WRIGHT LAKE",11,2,5,353,4,512,"Fred Wright Lake","55 deg 58 min","128 deg 47 min"
"FRED WRIGHT LAKE",11,3,5,343,1,925,"Fred Wright Lake","55 deg 58 min","128 deg 47 min"
"FRED WRIGHT LAKE",11,3,5,343,2,2350,"Fred Wright Lake","55 deg 58 min","128 deg 47 min"
"FRED WRIGHT LAKE",11,3,5,343,3,407,"Fred Wright Lake","55 deg 58 min","128 deg 47 min"
"FRED WRIGHT LAKE",11,3,5,343,4,444,"Fred Wright Lake","55 deg 58 min","128 deg 47 min"
"FRED WRIGHT LAKE",11,5,10,287,1,848,"Fred Wright Lake","55 deg 58 min","128 deg 47 min"
"FRED WRIGHT LAKE",11,5,10,287,2,2147,"Fred Wright Lake","55 deg 58 min","128 deg 47 min"
"FRED WRIGHT LAKE",11,5,10,287,3,285,"Fred Wright Lake","55 deg 58 min","128 deg 47 min"
"FRED WRIGHT LAKE",11,5,10,287,4,504,"Fred Wright Lake","55 deg 58 min","128 deg 47 min"
"FRED WRIGHT LAKE",11,10,15,226,1,794,"Fred Wright Lake","55 deg 58 min","128 deg 47 min"
"FRED WRIGHT LAKE",11,10,15,226,2,2028,"Fred Wright Lake","55 deg 58 min","128 deg 47 min"
"FRED WRIGHT LAKE",11,10,15,226,3,0,"Fred Wright Lake","55 deg 58 min","128 deg 47 min"
"FRED WRIGHT LAKE",11,10,15,226,4,429,"Fred Wright Lake","55 deg 58 min","128 deg 47 min"
"FRED WRIGHT LAKE",11,15,20,176,1,748,"Fred Wright Lake","55 deg 58 min","128 deg 47 min"
"FRED WRIGHT LAKE",11,15,20,176,2,1873,"Fred Wright Lake","55 deg 58 min","128 deg 47 min"
"FRED WRIGHT LAKE",11,15,20,176,3,0,"Fred Wright Lake","55 deg 58 min","128 deg 47 min"
"FRED WRIGHT LAKE",11,15,20,176,4,379,"Fred Wright Lake","55 deg 58 min","128 deg 47 min"
"FRED WRIGHT LAKE",11,20,30,127,1,663,"Fred Wright Lake","55 deg 58 min","128 deg 47 min"
"FRED WRIGHT LAKE",11,20,30,127,2,1575,"Fred Wright Lake","55 deg 58 min","128 deg 47 min"
"FRED WRIGHT LAKE",11,20,30,127,3,0,"Fred Wright Lake","55 deg 58 min","128 deg 47 min"
"FRED WRIGHT LAKE",11,20,30,127,4,248,"Fred Wright Lake","55 deg 58 min","128 deg 47 min"
"FRED WRIGHT LAKE",11,30,40,54,1,331,"Fred Wright Lake","55 deg 58 min","128 deg 47 min"
"FRED WRIGHT LAKE",11,30,40,54,2,1276,"Fred Wright Lake","55 deg 58 min","128 deg 47 min"
"FRED WRIGHT LAKE",11,30,40,54,3,0,"Fred Wright Lake","55 deg 58 min","128 deg 47 min"
"FRED WRIGHT LAKE",11,30,40,54,4,0,"Fred Wright Lake","55 deg 58 min","128 deg 47 min"
"FRED WRIGHT LAKE",11,40,50,6,1,0,"Fred Wright Lake","55 deg 58 min","128 deg 47 min"
"FRED WRIGHT LAKE",11,40,50,6,2,298,"Fred Wright Lake","55 deg 58 min","128 deg 47 min"
"FRED WRIGHT LAKE",11,40,50,6,3,0,"Fred Wright Lake","55 deg 58 min","128 deg 47 min"
"FRED WRIGHT LAKE",11,40,50,6,4,0,"Fred Wright Lake","55 deg 58 min","128 deg 47 min"
"Fulmore Lk",49,2,5,824,1,1046,"Fulmore Lake","50 deg 35 min","125 deg 57 min"
"Fulmore Lk",49,2,5,824,2,621,"Fulmore Lake","50 deg 35 min","125 deg 57 min"
"Fulmore Lk",49,2,5,824,3,1163,"Fulmore Lake","50 deg 35 min","125 deg 57 min"
"Fulmore Lk",49,2,5,824,4,1494,"Fulmore Lake","50 deg 35 min","125 deg 57 min"
"Fulmore Lk",49,2,5,824,5,690,"Fulmore Lake","50 deg 35 min","125 deg 57 min"
"Fulmore Lk",49,2,5,824,6,891,"Fulmore Lake","50 deg 35 min","125 deg 57 min"
"Fulmore Lk",49,3,5,824,1,1046,"Fulmore Lake","50 deg 35 min","125 deg 57 min"
"Fulmore Lk",49,3,5,824,2,621,"Fulmore Lake","50 deg 35 min","125 deg 57 min"
"Fulmore Lk",49,3,5,824,3,1163,"Fulmore Lake","50 deg 35 min","125 deg 57 min"
"Fulmore Lk",49,3,5,824,4,1494,"Fulmore Lake","50 deg 35 min","125 deg 57 min"
"Fulmore Lk",49,3,5,824,5,690,"Fulmore Lake","50 deg 35 min","125 deg 57 min"
"Fulmore Lk",49,3,5,824,6,891,"Fulmore Lake","50 deg 35 min","125 deg 57 min"
"Fulmore Lk",49,5,10,749,1,907,"Fulmore Lake","50 deg 35 min","125 deg 57 min"
"Fulmore Lk",49,5,10,749,2,605,"Fulmore Lake","50 deg 35 min","125 deg 57 min"
"Fulmore Lk",49,5,10,749,3,1125,"Fulmore Lake","50 deg 35 min","125 deg 57 min"
"Fulmore Lk",49,5,10,749,4,1481,"Fulmore Lake","50 deg 35 min","125 deg 57 min"
"Fulmore Lk",49,5,10,749,5,662,"Fulmore Lake","50 deg 35 min","125 deg 57 min"
"Fulmore Lk",49,5,10,749,6,783,"Fulmore Lake","50 deg 35 min","125 deg 57 min"
"Fulmore Lk",49,10,15,686,1,614,"Fulmore Lake","50 deg 35 min","125 deg 57 min"
"Fulmore Lk",49,10,15,686,2,594,"Fulmore Lake","50 deg 35 min","125 deg 57 min"
"Fulmore Lk",49,10,15,686,3,1078,"Fulmore Lake","50 deg 35 min","125 deg 57 min"
"Fulmore Lk",49,10,15,686,4,1462,"Fulmore Lake","50 deg 35 min","125 deg 57 min"
"Fulmore Lk",49,10,15,686,5,634,"Fulmore Lake","50 deg 35 min","125 deg 57 min"
"Fulmore Lk",49,10,15,686,6,681,"Fulmore Lake","50 deg 35 min","125 deg 57 min"
"Fulmore Lk",49,15,20,618,1,398,"Fulmore Lake","50 deg 35 min","125 deg 57 min"
"Fulmore Lk",49,15,20,618,2,567,"Fulmore Lake","50 deg 35 min","125 deg 57 min"
"Fulmore Lk",49,15,20,618,3,1040,"Fulmore Lake","50 deg 35 min","125 deg 57 min"
"Fulmore Lk",49,15,20,618,4,1318,"Fulmore Lake","50 deg 35 min","125 deg 57 min"
"Fulmore Lk",49,15,20,618,5,600,"Fulmore Lake","50 deg 35 min","125 deg 57 min"
"Fulmore Lk",49,15,20,618,6,0,"Fulmore Lake","50 deg 35 min","125 deg 57 min"
"Fulmore Lk",49,20,30,513,1,0,"Fulmore Lake","50 deg 35 min","125 deg 57 min"
"Fulmore Lk",49,20,30,513,2,540,"Fulmore Lake","50 deg 35 min","125 deg 57 min"
"Fulmore Lk",49,20,30,513,3,993,"Fulmore Lake","50 deg 35 min","125 deg 57 min"
"Fulmore Lk",49,20,30,513,4,1130,"Fulmore Lake","50 deg 35 min","125 deg 57 min"
"Fulmore Lk",49,20,30,513,5,323,"Fulmore Lake","50 deg 35 min","125 deg 57 min"
"Fulmore Lk",49,20,30,513,6,0,"Fulmore Lake","50 deg 35 min","125 deg 57 min"
"Fulmore Lk",49,30,40,431,1,0,"Fulmore Lake","50 deg 35 min","125 deg 57 min"
"Fulmore Lk",49,30,40,431,2,508,"Fulmore Lake","50 deg 35 min","125 deg 57 min"
"Fulmore Lk",49,30,40,431,3,889,"Fulmore Lake","50 deg 35 min","125 deg 57 min"
"Fulmore Lk",49,30,40,431,4,1048,"Fulmore Lake","50 deg 35 min","125 deg 57 min"
"Fulmore Lk",49,30,40,431,5,192,"Fulmore Lake","50 deg 35 min","125 deg 57 min"
"Fulmore Lk",49,30,40,431,6,0,"Fulmore Lake","50 deg 35 min","125 deg 57 min"
"Fulmore Lk",49,40,50,376,1,0,"Fulmore Lake","50 deg 35 min","125 deg 57 min"
"Fulmore Lk",49,40,50,376,2,465,"Fulmore Lake","50 deg 35 min","125 deg 57 min"
"Fulmore Lk",49,40,50,376,3,842,"Fulmore Lake","50 deg 35 min","125 deg 57 min"
"Fulmore Lk",49,40,50,376,4,941,"Fulmore Lake","50 deg 35 min","125 deg 57 min"
"Fulmore Lk",49,40,50,376,5,0,"Fulmore Lake","50 deg 35 min","125 deg 57 min"
"Fulmore Lk",49,40,50,376,6,0,"Fulmore Lake","50 deg 35 min","125 deg 57 min"
"Fulmore_2005",248,2,5,824,1,420,"Fulmore_2005",NA,NA
"Fulmore_2005",248,2,5,824,2,533,"Fulmore_2005",NA,NA
"Fulmore_2005",248,2,5,824,3,1254,"Fulmore_2005",NA,NA
"Fulmore_2005",248,2,5,824,4,1610,"Fulmore_2005",NA,NA
"Fulmore_2005",248,2,5,824,5,2316,"Fulmore_2005",NA,NA
"Fulmore_2005",248,2,5,824,6,1082,"Fulmore_2005",NA,NA
"Fulmore_2005",248,2,5,824,7,1223,"Fulmore_2005",NA,NA
"Fulmore_2005",248,2,5,824,8,940,"Fulmore_2005",NA,NA
"Fulmore_2005",248,3,5,824,1,420,"Fulmore_2005",NA,NA
"Fulmore_2005",248,3,5,824,2,533,"Fulmore_2005",NA,NA
"Fulmore_2005",248,3,5,824,3,1254,"Fulmore_2005",NA,NA
"Fulmore_2005",248,3,5,824,4,1610,"Fulmore_2005",NA,NA
"Fulmore_2005",248,3,5,824,5,2316,"Fulmore_2005",NA,NA
"Fulmore_2005",248,3,5,824,6,1082,"Fulmore_2005",NA,NA
"Fulmore_2005",248,3,5,824,7,1223,"Fulmore_2005",NA,NA
"Fulmore_2005",248,3,5,824,8,940,"Fulmore_2005",NA,NA
"Fulmore_2005",248,5,10,749,1,416,"Fulmore_2005",NA,NA
"Fulmore_2005",248,5,10,749,2,526,"Fulmore_2005",NA,NA
"Fulmore_2005",248,5,10,749,3,1243,"Fulmore_2005",NA,NA
"Fulmore_2005",248,5,10,749,4,1601,"Fulmore_2005",NA,NA
"Fulmore_2005",248,5,10,749,5,2306,"Fulmore_2005",NA,NA
"Fulmore_2005",248,5,10,749,6,1059,"Fulmore_2005",NA,NA
"Fulmore_2005",248,5,10,749,7,1223,"Fulmore_2005",NA,NA
"Fulmore_2005",248,5,10,749,8,380,"Fulmore_2005",NA,NA
"Fulmore_2005",248,10,15,686,1,387,"Fulmore_2005",NA,NA
"Fulmore_2005",248,10,15,686,2,508,"Fulmore_2005",NA,NA
"Fulmore_2005",248,10,15,686,3,1213,"Fulmore_2005",NA,NA
"Fulmore_2005",248,10,15,686,4,1582,"Fulmore_2005",NA,NA
"Fulmore_2005",248,10,15,686,5,2257,"Fulmore_2005",NA,NA
"Fulmore_2005",248,10,15,686,6,1044,"Fulmore_2005",NA,NA
"Fulmore_2005",248,10,15,686,7,1089,"Fulmore_2005",NA,NA
"Fulmore_2005",248,10,15,686,8,181,"Fulmore_2005",NA,NA
"Fulmore_2005",248,15,20,618,1,311,"Fulmore_2005",NA,NA
"Fulmore_2005",248,15,20,618,2,485,"Fulmore_2005",NA,NA
"Fulmore_2005",248,15,20,618,3,1186,"Fulmore_2005",NA,NA
"Fulmore_2005",248,15,20,618,4,1516,"Fulmore_2005",NA,NA
"Fulmore_2005",248,15,20,618,5,2184,"Fulmore_2005",NA,NA
"Fulmore_2005",248,15,20,618,6,999,"Fulmore_2005",NA,NA
"Fulmore_2005",248,15,20,618,7,161,"Fulmore_2005",NA,NA
"Fulmore_2005",248,15,20,618,8,0,"Fulmore_2005",NA,NA
"Fulmore_2005",248,20,30,513,1,235,"Fulmore_2005",NA,NA
"Fulmore_2005",248,20,30,513,2,445,"Fulmore_2005",NA,NA
"Fulmore_2005",248,20,30,513,3,1113,"Fulmore_2005",NA,NA
"Fulmore_2005",248,20,30,513,4,1367,"Fulmore_2005",NA,NA
"Fulmore_2005",248,20,30,513,5,1888,"Fulmore_2005",NA,NA
"Fulmore_2005",248,20,30,513,6,413,"Fulmore_2005",NA,NA
"Fulmore_2005",248,20,30,513,7,0,"Fulmore_2005",NA,NA
"Fulmore_2005",248,20,30,513,8,0,"Fulmore_2005",NA,NA
"Fulmore_2005",248,30,40,431,1,0,"Fulmore_2005",NA,NA
"Fulmore_2005",248,30,40,431,2,397,"Fulmore_2005",NA,NA
"Fulmore_2005",248,30,40,431,3,1031,"Fulmore_2005",NA,NA
"Fulmore_2005",248,30,40,431,4,1260,"Fulmore_2005",NA,NA
"Fulmore_2005",248,30,40,431,5,1514,"Fulmore_2005",NA,NA
"Fulmore_2005",248,30,40,431,6,0,"Fulmore_2005",NA,NA
"Fulmore_2005",248,30,40,431,7,0,"Fulmore_2005",NA,NA
"Fulmore_2005",248,30,40,431,8,0,"Fulmore_2005",NA,NA
"Fulmore_2005",248,40,50,376,1,0,"Fulmore_2005",NA,NA
"Fulmore_2005",248,40,50,376,2,330,"Fulmore_2005",NA,NA
"Fulmore_2005",248,40,50,376,3,942,"Fulmore_2005",NA,NA
"Fulmore_2005",248,40,50,376,4,1161,"Fulmore_2005",NA,NA
"Fulmore_2005",248,40,50,376,5,1235,"Fulmore_2005",NA,NA
"Fulmore_2005",248,40,50,376,6,0,"Fulmore_2005",NA,NA
"Fulmore_2005",248,40,50,376,7,0,"Fulmore_2005",NA,NA
"Fulmore_2005",248,40,50,376,8,0,"Fulmore_2005",NA,NA
NA,70,NA,NA,NA,NA,NA,"Gamble Lake","53 deg 31 min","129 deg 24 min"
"Georgie Lk",123,2,5,453,1,441,"Georgie Lake","50 deg 45 min","127 deg 40 min"
"Georgie Lk",123,2,5,453,2,485,"Georgie Lake","50 deg 45 min","127 deg 40 min"
"Georgie Lk",123,2,5,453,3,313,"Georgie Lake","50 deg 45 min","127 deg 40 min"
"Georgie Lk",123,2,5,453,4,528,"Georgie Lake","50 deg 45 min","127 deg 40 min"
"Georgie Lk",123,2,5,453,5,494,"Georgie Lake","50 deg 45 min","127 deg 40 min"
"Georgie Lk",123,2,5,453,6,645,"Georgie Lake","50 deg 45 min","127 deg 40 min"
"Georgie Lk",123,2,5,453,7,1012,"Georgie Lake","50 deg 45 min","127 deg 40 min"
"Georgie Lk",123,2,5,453,8,426,"Georgie Lake","50 deg 45 min","127 deg 40 min"
"Georgie Lk",123,3,5,453,1,441,"Georgie Lake","50 deg 45 min","127 deg 40 min"
"Georgie Lk",123,3,5,453,2,485,"Georgie Lake","50 deg 45 min","127 deg 40 min"
"Georgie Lk",123,3,5,453,3,313,"Georgie Lake","50 deg 45 min","127 deg 40 min"
"Georgie Lk",123,3,5,453,4,528,"Georgie Lake","50 deg 45 min","127 deg 40 min"
"Georgie Lk",123,3,5,453,5,494,"Georgie Lake","50 deg 45 min","127 deg 40 min"
"Georgie Lk",123,3,5,453,6,645,"Georgie Lake","50 deg 45 min","127 deg 40 min"
"Georgie Lk",123,3,5,453,7,1012,"Georgie Lake","50 deg 45 min","127 deg 40 min"
"Georgie Lk",123,3,5,453,8,426,"Georgie Lake","50 deg 45 min","127 deg 40 min"
"Georgie Lk",123,5,10,397,1,393,"Georgie Lake","50 deg 45 min","127 deg 40 min"
"Georgie Lk",123,5,10,397,2,465,"Georgie Lake","50 deg 45 min","127 deg 40 min"
"Georgie Lk",123,5,10,397,3,189,"Georgie Lake","50 deg 45 min","127 deg 40 min"
"Georgie Lk",123,5,10,397,4,492,"Georgie Lake","50 deg 45 min","127 deg 40 min"
"Georgie Lk",123,5,10,397,5,446,"Georgie Lake","50 deg 45 min","127 deg 40 min"
"Georgie Lk",123,5,10,397,6,581,"Georgie Lake","50 deg 45 min","127 deg 40 min"
"Georgie Lk",123,5,10,397,7,886,"Georgie Lake","50 deg 45 min","127 deg 40 min"
"Georgie Lk",123,5,10,397,8,318,"Georgie Lake","50 deg 45 min","127 deg 40 min"
"Georgie Lk",123,10,15,328,1,355,"Georgie Lake","50 deg 45 min","127 deg 40 min"
"Georgie Lk",123,10,15,328,2,428,"Georgie Lake","50 deg 45 min","127 deg 40 min"
"Georgie Lk",123,10,15,328,3,142,"Georgie Lake","50 deg 45 min","127 deg 40 min"
"Georgie Lk",123,10,15,328,4,432,"Georgie Lake","50 deg 45 min","127 deg 40 min"
"Georgie Lk",123,10,15,328,5,418,"Georgie Lake","50 deg 45 min","127 deg 40 min"
"Georgie Lk",123,10,15,328,6,523,"Georgie Lake","50 deg 45 min","127 deg 40 min"
"Georgie Lk",123,10,15,328,7,832,"Georgie Lake","50 deg 45 min","127 deg 40 min"
"Georgie Lk",123,10,15,328,8,272,"Georgie Lake","50 deg 45 min","127 deg 40 min"
"Georgie Lk",123,15,20,211,1,304,"Georgie Lake","50 deg 45 min","127 deg 40 min"
"Georgie Lk",123,15,20,211,2,382,"Georgie Lake","50 deg 45 min","127 deg 40 min"
"Georgie Lk",123,15,20,211,3,76,"Georgie Lake","50 deg 45 min","127 deg 40 min"
"Georgie Lk",123,15,20,211,4,0,"Georgie Lake","50 deg 45 min","127 deg 40 min"
"Georgie Lk",123,15,20,211,5,335,"Georgie Lake","50 deg 45 min","127 deg 40 min"
"Georgie Lk",123,15,20,211,6,445,"Georgie Lake","50 deg 45 min","127 deg 40 min"
"Georgie Lk",123,15,20,211,7,747,"Georgie Lake","50 deg 45 min","127 deg 40 min"
"Georgie Lk",123,15,20,211,8,222,"Georgie Lake","50 deg 45 min","127 deg 40 min"
"Georgie Lk",123,20,30,92,1,0,"Georgie Lake","50 deg 45 min","127 deg 40 min"
"Georgie Lk",123,20,30,92,2,232,"Georgie Lake","50 deg 45 min","127 deg 40 min"
"Georgie Lk",123,20,30,92,3,0,"Georgie Lake","50 deg 45 min","127 deg 40 min"
"Georgie Lk",123,20,30,92,4,0,"Georgie Lake","50 deg 45 min","127 deg 40 min"
"Georgie Lk",123,20,30,92,5,0,"Georgie Lake","50 deg 45 min","127 deg 40 min"
"Georgie Lk",123,20,30,92,6,181,"Georgie Lake","50 deg 45 min","127 deg 40 min"
"Georgie Lk",123,20,30,92,7,681,"Georgie Lake","50 deg 45 min","127 deg 40 min"
"Georgie Lk",123,20,30,92,8,154,"Georgie Lake","50 deg 45 min","127 deg 40 min"
"Georgie Lk",123,30,40,29,1,0,"Georgie Lake","50 deg 45 min","127 deg 40 min"
"Georgie Lk",123,30,40,29,2,0,"Georgie Lake","50 deg 45 min","127 deg 40 min"
"Georgie Lk",123,30,40,29,3,0,"Georgie Lake","50 deg 45 min","127 deg 40 min"
"Georgie Lk",123,30,40,29,4,0,"Georgie Lake","50 deg 45 min","127 deg 40 min"
"Georgie Lk",123,30,40,29,5,0,"Georgie Lake","50 deg 45 min","127 deg 40 min"
"Georgie Lk",123,30,40,29,6,0,"Georgie Lake","50 deg 45 min","127 deg 40 min"
"Georgie Lk",123,30,40,29,7,556,"Georgie Lake","50 deg 45 min","127 deg 40 min"
"Georgie Lk",123,30,40,29,8,0,"Georgie Lake","50 deg 45 min","127 deg 40 min"
"Glendale Lk",120,2,5,109,1,575,"Glendale Lake","50 deg 37 min","125 deg 38 min"
"Glendale Lk",120,2,5,109,2,490,"Glendale Lake","50 deg 37 min","125 deg 38 min"
"Glendale Lk",120,2,5,109,3,655,"Glendale Lake","50 deg 37 min","125 deg 38 min"
"Glendale Lk",120,2,5,109,4,2105,"Glendale Lake","50 deg 37 min","125 deg 38 min"
"Glendale Lk",120,3,5,109,1,575,"Glendale Lake","50 deg 37 min","125 deg 38 min"
"Glendale Lk",120,3,5,109,2,490,"Glendale Lake","50 deg 37 min","125 deg 38 min"
"Glendale Lk",120,3,5,109,3,655,"Glendale Lake","50 deg 37 min","125 deg 38 min"
"Glendale Lk",120,3,5,109,4,2105,"Glendale Lake","50 deg 37 min","125 deg 38 min"
"Glendale Lk",120,5,10,96,1,545,"Glendale Lake","50 deg 37 min","125 deg 38 min"
"Glendale Lk",120,5,10,96,2,470,"Glendale Lake","50 deg 37 min","125 deg 38 min"
"Glendale Lk",120,5,10,96,3,600,"Glendale Lake","50 deg 37 min","125 deg 38 min"
"Glendale Lk",120,5,10,96,4,2065,"Glendale Lake","50 deg 37 min","125 deg 38 min"
"Glendale Lk",120,10,15,78,1,405,"Glendale Lake","50 deg 37 min","125 deg 38 min"
"Glendale Lk",120,10,15,78,2,420,"Glendale Lake","50 deg 37 min","125 deg 38 min"
"Glendale Lk",120,10,15,78,3,530,"Glendale Lake","50 deg 37 min","125 deg 38 min"
"Glendale Lk",120,10,15,78,4,2005,"Glendale Lake","50 deg 37 min","125 deg 38 min"
"Glendale Lk",120,15,20,53,1,240,"Glendale Lake","50 deg 37 min","125 deg 38 min"
"Glendale Lk",120,15,20,53,2,370,"Glendale Lake","50 deg 37 min","125 deg 38 min"
"Glendale Lk",120,15,20,53,3,465,"Glendale Lake","50 deg 37 min","125 deg 38 min"
"Glendale Lk",120,15,20,53,4,1855,"Glendale Lake","50 deg 37 min","125 deg 38 min"
"Glendale Lk",120,20,30,20,1,0,"Glendale Lake","50 deg 37 min","125 deg 38 min"
"Glendale Lk",120,20,30,20,2,0,"Glendale Lake","50 deg 37 min","125 deg 38 min"
"Glendale Lk",120,20,30,20,3,245,"Glendale Lake","50 deg 37 min","125 deg 38 min"
"Glendale Lk",120,20,30,20,4,555,"Glendale Lake","50 deg 37 min","125 deg 38 min"
NA,211,NA,NA,NA,NA,NA,"Glover Ck (GCL)","49 deg 20 min","124 deg 59 min"
NA,145,NA,NA,NA,NA,NA,"Gold River","49 deg 41 min","126 deg 10 min"
NA,135,NA,NA,NA,NA,NA,"Grande Isle Vil","54 deg 53 min","126 deg 13 min"
"Grant Lk",212,2,5,48,1,213,"Grant Lake","48 deg 37 min","123 deg 46 min"
"Grant Lk",212,2,5,48,2,355,"Grant Lake","48 deg 37 min","123 deg 46 min"
"Grant Lk",212,2,5,48,3,298,"Grant Lake","48 deg 37 min","123 deg 46 min"
"Grant Lk",212,2,5,48,4,505,"Grant Lake","48 deg 37 min","123 deg 46 min"
"Grant Lk",212,2,5,48,5,398,"Grant Lake","48 deg 37 min","123 deg 46 min"
"Grant Lk",212,2,5,48,6,418,"Grant Lake","48 deg 37 min","123 deg 46 min"
"Grant Lk",212,2,5,48,7,258,"Grant Lake","48 deg 37 min","123 deg 46 min"
"Grant Lk",212,2,5,48,8,182,"Grant Lake","48 deg 37 min","123 deg 46 min"
"Grant Lk",212,2,5,48,9,98,"Grant Lake","48 deg 37 min","123 deg 46 min"
"Grant Lk",212,3,5,48,1,213,"Grant Lake","48 deg 37 min","123 deg 46 min"
"Grant Lk",212,3,5,48,2,355,"Grant Lake","48 deg 37 min","123 deg 46 min"
"Grant Lk",212,3,5,48,3,298,"Grant Lake","48 deg 37 min","123 deg 46 min"
"Grant Lk",212,3,5,48,4,505,"Grant Lake","48 deg 37 min","123 deg 46 min"
"Grant Lk",212,3,5,48,5,398,"Grant Lake","48 deg 37 min","123 deg 46 min"
"Grant Lk",212,3,5,48,6,418,"Grant Lake","48 deg 37 min","123 deg 46 min"
"Grant Lk",212,3,5,48,7,258,"Grant Lake","48 deg 37 min","123 deg 46 min"
"Grant Lk",212,3,5,48,8,182,"Grant Lake","48 deg 37 min","123 deg 46 min"
"Grant Lk",212,3,5,48,9,98,"Grant Lake","48 deg 37 min","123 deg 46 min"
"Grant Lk",212,5,10,39,1,160,"Grant Lake","48 deg 37 min","123 deg 46 min"
"Grant Lk",212,5,10,39,2,335,"Grant Lake","48 deg 37 min","123 deg 46 min"
"Grant Lk",212,5,10,39,3,259,"Grant Lake","48 deg 37 min","123 deg 46 min"
"Grant Lk",212,5,10,39,4,453,"Grant Lake","48 deg 37 min","123 deg 46 min"
"Grant Lk",212,5,10,39,5,335,"Grant Lake","48 deg 37 min","123 deg 46 min"
"Grant Lk",212,5,10,39,6,388,"Grant Lake","48 deg 37 min","123 deg 46 min"
"Grant Lk",212,5,10,39,7,240,"Grant Lake","48 deg 37 min","123 deg 46 min"
"Grant Lk",212,5,10,39,8,154,"Grant Lake","48 deg 37 min","123 deg 46 min"
"Grant Lk",212,5,10,39,9,30,"Grant Lake","48 deg 37 min","123 deg 46 min"
"Grant Lk",212,10,15,31,1,150,"Grant Lake","48 deg 37 min","123 deg 46 min"
"Grant Lk",212,10,15,31,2,272,"Grant Lake","48 deg 37 min","123 deg 46 min"
"Grant Lk",212,10,15,31,3,236,"Grant Lake","48 deg 37 min","123 deg 46 min"
"Grant Lk",212,10,15,31,4,408,"Grant Lake","48 deg 37 min","123 deg 46 min"
"Grant Lk",212,10,15,31,5,276,"Grant Lake","48 deg 37 min","123 deg 46 min"
"Grant Lk",212,10,15,31,6,331,"Grant Lake","48 deg 37 min","123 deg 46 min"
"Grant Lk",212,10,15,31,7,179,"Grant Lake","48 deg 37 min","123 deg 46 min"
"Grant Lk",212,10,15,31,8,109,"Grant Lake","48 deg 37 min","123 deg 46 min"
"Grant Lk",212,10,15,31,9,0,"Grant Lake","48 deg 37 min","123 deg 46 min"
"Grant Lk",212,15,20,25,1,70,"Grant Lake","48 deg 37 min","123 deg 46 min"
"Grant Lk",212,15,20,25,2,235,"Grant Lake","48 deg 37 min","123 deg 46 min"
"Grant Lk",212,15,20,25,3,194,"Grant Lake","48 deg 37 min","123 deg 46 min"
"Grant Lk",212,15,20,25,4,351,"Grant Lake","48 deg 37 min","123 deg 46 min"
"Grant Lk",212,15,20,25,5,235,"Grant Lake","48 deg 37 min","123 deg 46 min"
"Grant Lk",212,15,20,25,6,283,"Grant Lake","48 deg 37 min","123 deg 46 min"
"Grant Lk",212,15,20,25,7,136,"Grant Lake","48 deg 37 min","123 deg 46 min"
"Grant Lk",212,15,20,25,8,25,"Grant Lake","48 deg 37 min","123 deg 46 min"
"Grant Lk",212,15,20,25,9,0,"Grant Lake","48 deg 37 min","123 deg 46 min"
"Grant Lk",212,20,30,17,1,0,"Grant Lake","48 deg 37 min","123 deg 46 min"
"Grant Lk",212,20,30,17,2,178,"Grant Lake","48 deg 37 min","123 deg 46 min"
"Grant Lk",212,20,30,17,3,118,"Grant Lake","48 deg 37 min","123 deg 46 min"
"Grant Lk",212,20,30,17,4,306,"Grant Lake","48 deg 37 min","123 deg 46 min"
"Grant Lk",212,20,30,17,5,181,"Grant Lake","48 deg 37 min","123 deg 46 min"
"Grant Lk",212,20,30,17,6,204,"Grant Lake","48 deg 37 min","123 deg 46 min"
"Grant Lk",212,20,30,17,7,99,"Grant Lake","48 deg 37 min","123 deg 46 min"
"Grant Lk",212,20,30,17,8,0,"Grant Lake","48 deg 37 min","123 deg 46 min"
"Grant Lk",212,20,30,17,9,0,"Grant Lake","48 deg 37 min","123 deg 46 min"
"Grant Lk",212,30,40,6,1,0,"Grant Lake","48 deg 37 min","123 deg 46 min"
"Grant Lk",212,30,40,6,2,54,"Grant Lake","48 deg 37 min","123 deg 46 min"
"Grant Lk",212,30,40,6,3,74,"Grant Lake","48 deg 37 min","123 deg 46 min"
"Grant Lk",212,30,40,6,4,213,"Grant Lake","48 deg 37 min","123 deg 46 min"
"Grant Lk",212,30,40,6,5,115,"Grant Lake","48 deg 37 min","123 deg 46 min"
"Grant Lk",212,30,40,6,6,0,"Grant Lake","48 deg 37 min","123 deg 46 min"
"Grant Lk",212,30,40,6,7,0,"Grant Lake","48 deg 37 min","123 deg 46 min"
"Grant Lk",212,30,40,6,8,0,"Grant Lake","48 deg 37 min","123 deg 46 min"
"Grant Lk",212,30,40,6,9,0,"Grant Lake","48 deg 37 min","123 deg 46 min"
"GREAT CENTRAL LAKE",1,2,5,5085,1,1260,"Great Central Lake","49 deg 22 min","125 deg 15 min"
"GREAT CENTRAL LAKE",1,2,5,5085,2,2150,"Great Central Lake","49 deg 22 min","125 deg 15 min"
"GREAT CENTRAL LAKE",1,2,5,5085,3,1560,"Great Central Lake","49 deg 22 min","125 deg 15 min"
"GREAT CENTRAL LAKE",1,2,5,5085,4,1370,"Great Central Lake","49 deg 22 min","125 deg 15 min"
"GREAT CENTRAL LAKE",1,2,5,5085,5,1780,"Great Central Lake","49 deg 22 min","125 deg 15 min"
"GREAT CENTRAL LAKE",1,2,5,5085,6,760,"Great Central Lake","49 deg 22 min","125 deg 15 min"
"GREAT CENTRAL LAKE",1,3,5,5085,1,1260,"Great Central Lake","49 deg 22 min","125 deg 15 min"
"GREAT CENTRAL LAKE",1,3,5,5085,2,2150,"Great Central Lake","49 deg 22 min","125 deg 15 min"
"GREAT CENTRAL LAKE",1,3,5,5085,3,1560,"Great Central Lake","49 deg 22 min","125 deg 15 min"
"GREAT CENTRAL LAKE",1,3,5,5085,4,1370,"Great Central Lake","49 deg 22 min","125 deg 15 min"
"GREAT CENTRAL LAKE",1,3,5,5085,5,1780,"Great Central Lake","49 deg 22 min","125 deg 15 min"
"GREAT CENTRAL LAKE",1,3,5,5085,6,760,"Great Central Lake","49 deg 22 min","125 deg 15 min"
"GREAT CENTRAL LAKE",1,5,10,5054,1,1250,"Great Central Lake","49 deg 22 min","125 deg 15 min"
"GREAT CENTRAL LAKE",1,5,10,5054,2,2140,"Great Central Lake","49 deg 22 min","125 deg 15 min"
"GREAT CENTRAL LAKE",1,5,10,5054,3,1554,"Great Central Lake","49 deg 22 min","125 deg 15 min"
"GREAT CENTRAL LAKE",1,5,10,5054,4,1365,"Great Central Lake","49 deg 22 min","125 deg 15 min"
"GREAT CENTRAL LAKE",1,5,10,5054,5,1770,"Great Central Lake","49 deg 22 min","125 deg 15 min"
"GREAT CENTRAL LAKE",1,5,10,5054,6,760,"Great Central Lake","49 deg 22 min","125 deg 15 min"
"GREAT CENTRAL LAKE",1,10,15,5022,1,1240,"Great Central Lake","49 deg 22 min","125 deg 15 min"
"GREAT CENTRAL LAKE",1,10,15,5022,2,2140,"Great Central Lake","49 deg 22 min","125 deg 15 min"
"GREAT CENTRAL LAKE",1,10,15,5022,3,1548,"Great Central Lake","49 deg 22 min","125 deg 15 min"
"GREAT CENTRAL LAKE",1,10,15,5022,4,1360,"Great Central Lake","49 deg 22 min","125 deg 15 min"
"GREAT CENTRAL LAKE",1,10,15,5022,5,1770,"Great Central Lake","49 deg 22 min","125 deg 15 min"
"GREAT CENTRAL LAKE",1,10,15,5022,6,750,"Great Central Lake","49 deg 22 min","125 deg 15 min"
"GREAT CENTRAL LAKE",1,15,20,4959,1,1230,"Great Central Lake","49 deg 22 min","125 deg 15 min"
"GREAT CENTRAL LAKE",1,15,20,4959,2,2136,"Great Central Lake","49 deg 22 min","125 deg 15 min"
"GREAT CENTRAL LAKE",1,15,20,4959,3,1525,"Great Central Lake","49 deg 22 min","125 deg 15 min"
"GREAT CENTRAL LAKE",1,15,20,4959,4,1350,"Great Central Lake","49 deg 22 min","125 deg 15 min"
"GREAT CENTRAL LAKE",1,15,20,4959,5,1762,"Great Central Lake","49 deg 22 min","125 deg 15 min"
"GREAT CENTRAL LAKE",1,15,20,4959,6,748,"Great Central Lake","49 deg 22 min","125 deg 15 min"
"GREAT CENTRAL LAKE",1,20,30,4863,1,1220,"Great Central Lake","49 deg 22 min","125 deg 15 min"
"GREAT CENTRAL LAKE",1,20,30,4863,2,2114,"Great Central Lake","49 deg 22 min","125 deg 15 min"
"GREAT CENTRAL LAKE",1,20,30,4863,3,1502,"Great Central Lake","49 deg 22 min","125 deg 15 min"
"GREAT CENTRAL LAKE",1,20,30,4863,4,1326,"Great Central Lake","49 deg 22 min","125 deg 15 min"
"GREAT CENTRAL LAKE",1,20,30,4863,5,1744,"Great Central Lake","49 deg 22 min","125 deg 15 min"
"GREAT CENTRAL LAKE",1,20,30,4863,6,740,"Great Central Lake","49 deg 22 min","125 deg 15 min"
"GREAT CENTRAL LAKE",1,30,40,4735,1,1179,"Great Central Lake","49 deg 22 min","125 deg 15 min"
"GREAT CENTRAL LAKE",1,30,40,4735,2,2050,"Great Central Lake","49 deg 22 min","125 deg 15 min"
"GREAT CENTRAL LAKE",1,30,40,4735,3,1444,"Great Central Lake","49 deg 22 min","125 deg 15 min"
"GREAT CENTRAL LAKE",1,30,40,4735,4,1264,"Great Central Lake","49 deg 22 min","125 deg 15 min"
"GREAT CENTRAL LAKE",1,30,40,4735,5,1709,"Great Central Lake","49 deg 22 min","125 deg 15 min"
"GREAT CENTRAL LAKE",1,30,40,4735,6,736,"Great Central Lake","49 deg 22 min","125 deg 15 min"
"GREAT CENTRAL LAKE",1,40,50,4606,1,1144,"Great Central Lake","49 deg 22 min","125 deg 15 min"
"GREAT CENTRAL LAKE",1,40,50,4606,2,1986,"Great Central Lake","49 deg 22 min","125 deg 15 min"
"GREAT CENTRAL LAKE",1,40,50,4606,3,1397,"Great Central Lake","49 deg 22 min","125 deg 15 min"
"GREAT CENTRAL LAKE",1,40,50,4606,4,1220,"Great Central Lake","49 deg 22 min","125 deg 15 min"
"GREAT CENTRAL LAKE",1,40,50,4606,5,1682,"Great Central Lake","49 deg 22 min","125 deg 15 min"
"GREAT CENTRAL LAKE",1,40,50,4606,6,724,"Great Central Lake","49 deg 22 min","125 deg 15 min"
"GREAT CENTRAL LAKE",1,50,60,4475,1,1110,"Great Central Lake","49 deg 22 min","125 deg 15 min"
"GREAT CENTRAL LAKE",1,50,60,4475,2,1935,"Great Central Lake","49 deg 22 min","125 deg 15 min"
"GREAT CENTRAL LAKE",1,50,60,4475,3,1362,"Great Central Lake","49 deg 22 min","125 deg 15 min"
"GREAT CENTRAL LAKE",1,50,60,4475,4,1184,"Great Central Lake","49 deg 22 min","125 deg 15 min"
"GREAT CENTRAL LAKE",1,50,60,4475,5,1638,"Great Central Lake","49 deg 22 min","125 deg 15 min"
"GREAT CENTRAL LAKE",1,50,60,4475,6,717,"Great Central Lake","49 deg 22 min","125 deg 15 min"
"GREAT CENTRAL LAKE",1,60,70,4345,1,1075,"Great Central Lake","49 deg 22 min","125 deg 15 min"
"GREAT CENTRAL LAKE",1,60,70,4345,2,1884,"Great Central Lake","49 deg 22 min","125 deg 15 min"
"GREAT CENTRAL LAKE",1,60,70,4345,3,1316,"Great Central Lake","49 deg 22 min","125 deg 15 min"
"GREAT CENTRAL LAKE",1,60,70,4345,4,1123,"Great Central Lake","49 deg 22 min","125 deg 15 min"
"GREAT CENTRAL LAKE",1,60,70,4345,5,1602,"Great Central Lake","49 deg 22 min","125 deg 15 min"
"GREAT CENTRAL LAKE",1,60,70,4345,6,699,"Great Central Lake","49 deg 22 min","125 deg 15 min"
"GREAT CENTRAL LAKE",1,70,80,4195,1,1029,"Great Central Lake","49 deg 22 min","125 deg 15 min"
"GREAT CENTRAL LAKE",1,70,80,4195,2,1794,"Great Central Lake","49 deg 22 min","125 deg 15 min"
"GREAT CENTRAL LAKE",1,70,80,4195,3,1281,"Great Central Lake","49 deg 22 min","125 deg 15 min"
"GREAT CENTRAL LAKE",1,70,80,4195,4,1078,"Great Central Lake","49 deg 22 min","125 deg 15 min"
"GREAT CENTRAL LAKE",1,70,80,4195,5,1566,"Great Central Lake","49 deg 22 min","125 deg 15 min"
"GREAT CENTRAL LAKE",1,70,80,4195,6,687,"Great Central Lake","49 deg 22 min","125 deg 15 min"
"GREAT CENTRAL LAKE",1,80,90,4020,1,983,"Great Central Lake","49 deg 22 min","125 deg 15 min"
"GREAT CENTRAL LAKE",1,80,90,4020,2,1704,"Great Central Lake","49 deg 22 min","125 deg 15 min"
"GREAT CENTRAL LAKE",1,80,90,4020,3,1260,"Great Central Lake","49 deg 22 min","125 deg 15 min"
"GREAT CENTRAL LAKE",1,80,90,4020,4,1043,"Great Central Lake","49 deg 22 min","125 deg 15 min"
"GREAT CENTRAL LAKE",1,80,90,4020,5,1540,"Great Central Lake","49 deg 22 min","125 deg 15 min"
"GREAT CENTRAL LAKE",1,80,90,4020,6,669,"Great Central Lake","49 deg 22 min","125 deg 15 min"
"GREAT CENTRAL LAKE",1,90,100,3815,1,970,"Great Central Lake","49 deg 22 min","125 deg 15 min"
"GREAT CENTRAL LAKE",1,90,100,3815,2,1666,"Great Central Lake","49 deg 22 min","125 deg 15 min"
"GREAT CENTRAL LAKE",1,90,100,3815,3,1200,"Great Central Lake","49 deg 22 min","125 deg 15 min"
"GREAT CENTRAL LAKE",1,90,100,3815,4,1000,"Great Central Lake","49 deg 22 min","125 deg 15 min"
"GREAT CENTRAL LAKE",1,90,100,3815,5,1500,"Great Central Lake","49 deg 22 min","125 deg 15 min"
"GREAT CENTRAL LAKE",1,90,100,3815,6,600,"Great Central Lake","49 deg 22 min","125 deg 15 min"
"Halfway Lk",221,2,5,32,1,222,"Halfway Lake",NA,NA
"Halfway Lk",221,2,5,32,2,215,"Halfway Lake",NA,NA
"Halfway Lk",221,2,5,32,3,729,"Halfway Lake",NA,NA
"Halfway Lk",221,3,5,0,1,0,"Halfway Lake",NA,NA
"Halfway Lk",221,3,5,0,2,0,"Halfway Lake",NA,NA
"Halfway Lk",221,3,5,0,3,0,"Halfway Lake",NA,NA
"Halfway Lk",221,5,10,22,1,180,"Halfway Lake",NA,NA
"Halfway Lk",221,5,10,22,2,161,"Halfway Lake",NA,NA
"Halfway Lk",221,5,10,22,3,326,"Halfway Lake",NA,NA
"Halfway Lk",221,10,15,14,1,127,"Halfway Lake",NA,NA
"Halfway Lk",221,10,15,14,2,111,"Halfway Lake",NA,NA
"Halfway Lk",221,10,15,14,3,246,"Halfway Lake",NA,NA
"Halfway Lk",221,15,20,3,1,0,"Halfway Lake",NA,NA
"Halfway Lk",221,15,20,3,2,0,"Halfway Lake",NA,NA
"Halfway Lk",221,15,20,3,3,124,"Halfway Lake",NA,NA
NA,196,NA,NA,NA,NA,NA,"Hand Is.",NA,NA
NA,75,NA,NA,NA,NA,NA,"Harrison Lake","49 deg 25 min","121 deg 50 min"
"HENDERSON LAKE",3,2,5,1545,1,485,"Henderson Lake","49 deg 05 min","125 deg 02 min"
"HENDERSON LAKE",3,2,5,1545,2,830,"Henderson Lake","49 deg 05 min","125 deg 02 min"
"HENDERSON LAKE",3,2,5,1545,3,945,"Henderson Lake","49 deg 05 min","125 deg 02 min"
"HENDERSON LAKE",3,2,5,1545,4,845,"Henderson Lake","49 deg 05 min","125 deg 02 min"
"HENDERSON LAKE",3,2,5,1545,5,910,"Henderson Lake","49 deg 05 min","125 deg 02 min"
"HENDERSON LAKE",3,2,5,1545,6,1135,"Henderson Lake","49 deg 05 min","125 deg 02 min"
"HENDERSON LAKE",3,2,5,1545,7,760,"Henderson Lake","49 deg 05 min","125 deg 02 min"
"HENDERSON LAKE",3,2,5,1545,8,1667,"Henderson Lake","49 deg 05 min","125 deg 02 min"
"HENDERSON LAKE",3,2,5,1545,9,2025,"Henderson Lake","49 deg 05 min","125 deg 02 min"
"HENDERSON LAKE",3,2,5,1545,10,2332,"Henderson Lake","49 deg 05 min","125 deg 02 min"
"HENDERSON LAKE",3,2,5,1545,11,2571,"Henderson Lake","49 deg 05 min","125 deg 02 min"
"HENDERSON LAKE",3,2,5,1545,12,3025,"Henderson Lake","49 deg 05 min","125 deg 02 min"
"HENDERSON LAKE",3,2,5,1545,13,1917,"Henderson Lake","49 deg 05 min","125 deg 02 min"
"HENDERSON LAKE",3,2,5,1545,14,702,"Henderson Lake","49 deg 05 min","125 deg 02 min"
"HENDERSON LAKE",3,2,5,1545,15,1349,"Henderson Lake","49 deg 05 min","125 deg 02 min"
"HENDERSON LAKE",3,2,5,1545,16,1600,"Henderson Lake","49 deg 05 min","125 deg 02 min"
"HENDERSON LAKE",3,2,5,1545,17,1568,"Henderson Lake","49 deg 05 min","125 deg 02 min"
"HENDERSON LAKE",3,2,5,1545,18,2759,"Henderson Lake","49 deg 05 min","125 deg 02 min"
"HENDERSON LAKE",3,3,5,1545,1,485,"Henderson Lake","49 deg 05 min","125 deg 02 min"
"HENDERSON LAKE",3,3,5,1545,2,830,"Henderson Lake","49 deg 05 min","125 deg 02 min"
"HENDERSON LAKE",3,3,5,1545,3,945,"Henderson Lake","49 deg 05 min","125 deg 02 min"
"HENDERSON LAKE",3,3,5,1545,4,845,"Henderson Lake","49 deg 05 min","125 deg 02 min"
"HENDERSON LAKE",3,3,5,1545,5,910,"Henderson Lake","49 deg 05 min","125 deg 02 min"
"HENDERSON LAKE",3,3,5,1545,6,1135,"Henderson Lake","49 deg 05 min","125 deg 02 min"
"HENDERSON LAKE",3,3,5,1545,7,760,"Henderson Lake","49 deg 05 min","125 deg 02 min"
"HENDERSON LAKE",3,3,5,1545,8,1667,"Henderson Lake","49 deg 05 min","125 deg 02 min"
"HENDERSON LAKE",3,3,5,1545,9,2025,"Henderson Lake","49 deg 05 min","125 deg 02 min"
"HENDERSON LAKE",3,3,5,1545,10,2332,"Henderson Lake","49 deg 05 min","125 deg 02 min"
"HENDERSON LAKE",3,3,5,1545,11,2571,"Henderson Lake","49 deg 05 min","125 deg 02 min"
"HENDERSON LAKE",3,3,5,1545,12,3025,"Henderson Lake","49 deg 05 min","125 deg 02 min"
"HENDERSON LAKE",3,3,5,1545,13,1917,"Henderson Lake","49 deg 05 min","125 deg 02 min"
"HENDERSON LAKE",3,3,5,1545,14,702,"Henderson Lake","49 deg 05 min","125 deg 02 min"
"HENDERSON LAKE",3,3,5,1545,15,1349,"Henderson Lake","49 deg 05 min","125 deg 02 min"
"HENDERSON LAKE",3,3,5,1545,16,1600,"Henderson Lake","49 deg 05 min","125 deg 02 min"
"HENDERSON LAKE",3,3,5,1545,17,1568,"Henderson Lake","49 deg 05 min","125 deg 02 min"
"HENDERSON LAKE",3,3,5,1545,18,2759,"Henderson Lake","49 deg 05 min","125 deg 02 min"
"HENDERSON LAKE",3,5,10,1522,1,470,"Henderson Lake","49 deg 05 min","125 deg 02 min"
"HENDERSON LAKE",3,5,10,1522,2,815,"Henderson Lake","49 deg 05 min","125 deg 02 min"
"HENDERSON LAKE",3,5,10,1522,3,925,"Henderson Lake","49 deg 05 min","125 deg 02 min"
"HENDERSON LAKE",3,5,10,1522,4,830,"Henderson Lake","49 deg 05 min","125 deg 02 min"
"HENDERSON LAKE",3,5,10,1522,5,895,"Henderson Lake","49 deg 05 min","125 deg 02 min"
"HENDERSON LAKE",3,5,10,1522,6,1120,"Henderson Lake","49 deg 05 min","125 deg 02 min"
"HENDERSON LAKE",3,5,10,1522,7,740,"Henderson Lake","49 deg 05 min","125 deg 02 min"
"HENDERSON LAKE",3,5,10,1522,8,1569,"Henderson Lake","49 deg 05 min","125 deg 02 min"
"HENDERSON LAKE",3,5,10,1522,9,2002,"Henderson Lake","49 deg 05 min","125 deg 02 min"
"HENDERSON LAKE",3,5,10,1522,10,2307,"Henderson Lake","49 deg 05 min","125 deg 02 min"
"HENDERSON LAKE",3,5,10,1522,11,2534,"Henderson Lake","49 deg 05 min","125 deg 02 min"
"HENDERSON LAKE",3,5,10,1522,12,2992,"Henderson Lake","49 deg 05 min","125 deg 02 min"
"HENDERSON LAKE",3,5,10,1522,13,1897,"Henderson Lake","49 deg 05 min","125 deg 02 min"
"HENDERSON LAKE",3,5,10,1522,14,685,"Henderson Lake","49 deg 05 min","125 deg 02 min"
"HENDERSON LAKE",3,5,10,1522,15,1345,"Henderson Lake","49 deg 05 min","125 deg 02 min"
"HENDERSON LAKE",3,5,10,1522,16,1561,"Henderson Lake","49 deg 05 min","125 deg 02 min"
"HENDERSON LAKE",3,5,10,1522,17,1549,"Henderson Lake","49 deg 05 min","125 deg 02 min"
"HENDERSON LAKE",3,5,10,1522,18,2726,"Henderson Lake","49 deg 05 min","125 deg 02 min"
"HENDERSON LAKE",3,10,15,1481,1,450,"Henderson Lake","49 deg 05 min","125 deg 02 min"
"HENDERSON LAKE",3,10,15,1481,2,805,"Henderson Lake","49 deg 05 min","125 deg 02 min"
"HENDERSON LAKE",3,10,15,1481,3,910,"Henderson Lake","49 deg 05 min","125 deg 02 min"
"HENDERSON LAKE",3,10,15,1481,4,820,"Henderson Lake","49 deg 05 min","125 deg 02 min"
"HENDERSON LAKE",3,10,15,1481,5,880,"Henderson Lake","49 deg 05 min","125 deg 02 min"
"HENDERSON LAKE",3,10,15,1481,6,1110,"Henderson Lake","49 deg 05 min","125 deg 02 min"
"HENDERSON LAKE",3,10,15,1481,7,710,"Henderson Lake","49 deg 05 min","125 deg 02 min"
"HENDERSON LAKE",3,10,15,1481,8,1443,"Henderson Lake","49 deg 05 min","125 deg 02 min"
"HENDERSON LAKE",3,10,15,1481,9,1978,"Henderson Lake","49 deg 05 min","125 deg 02 min"
"HENDERSON LAKE",3,10,15,1481,10,2282,"Henderson Lake","49 deg 05 min","125 deg 02 min"
"HENDERSON LAKE",3,10,15,1481,11,2513,"Henderson Lake","49 deg 05 min","125 deg 02 min"
"HENDERSON LAKE",3,10,15,1481,12,2907,"Henderson Lake","49 deg 05 min","125 deg 02 min"
"HENDERSON LAKE",3,10,15,1481,13,1873,"Henderson Lake","49 deg 05 min","125 deg 02 min"
"HENDERSON LAKE",3,10,15,1481,14,668,"Henderson Lake","49 deg 05 min","125 deg 02 min"
"HENDERSON LAKE",3,10,15,1481,15,1338,"Henderson Lake","49 deg 05 min","125 deg 02 min"
"HENDERSON LAKE",3,10,15,1481,16,1544,"Henderson Lake","49 deg 05 min","125 deg 02 min"
"HENDERSON LAKE",3,10,15,1481,17,1512,"Henderson Lake","49 deg 05 min","125 deg 02 min"
"HENDERSON LAKE",3,10,15,1481,18,2682,"Henderson Lake","49 deg 05 min","125 deg 02 min"
"HENDERSON LAKE",3,15,20,1431,1,430,"Henderson Lake","49 deg 05 min","125 deg 02 min"
"HENDERSON LAKE",3,15,20,1431,2,795,"Henderson Lake","49 deg 05 min","125 deg 02 min"
"HENDERSON LAKE",3,15,20,1431,3,895,"Henderson Lake","49 deg 05 min","125 deg 02 min"
"HENDERSON LAKE",3,15,20,1431,4,805,"Henderson Lake","49 deg 05 min","125 deg 02 min"
"HENDERSON LAKE",3,15,20,1431,5,860,"Henderson Lake","49 deg 05 min","125 deg 02 min"
"HENDERSON LAKE",3,15,20,1431,6,1085,"Henderson Lake","49 deg 05 min","125 deg 02 min"
"HENDERSON LAKE",3,15,20,1431,7,685,"Henderson Lake","49 deg 05 min","125 deg 02 min"
"HENDERSON LAKE",3,15,20,1431,8,1318,"Henderson Lake","49 deg 05 min","125 deg 02 min"
"HENDERSON LAKE",3,15,20,1431,9,1954,"Henderson Lake","49 deg 05 min","125 deg 02 min"
"HENDERSON LAKE",3,15,20,1431,10,2199,"Henderson Lake","49 deg 05 min","125 deg 02 min"
"HENDERSON LAKE",3,15,20,1431,11,2486,"Henderson Lake","49 deg 05 min","125 deg 02 min"
"HENDERSON LAKE",3,15,20,1431,12,2834,"Henderson Lake","49 deg 05 min","125 deg 02 min"
"HENDERSON LAKE",3,15,20,1431,13,1851,"Henderson Lake","49 deg 05 min","125 deg 02 min"
"HENDERSON LAKE",3,15,20,1431,14,653,"Henderson Lake","49 deg 05 min","125 deg 02 min"
"HENDERSON LAKE",3,15,20,1431,15,1303,"Henderson Lake","49 deg 05 min","125 deg 02 min"
"HENDERSON LAKE",3,15,20,1431,16,1529,"Henderson Lake","49 deg 05 min","125 deg 02 min"
"HENDERSON LAKE",3,15,20,1431,17,1492,"Henderson Lake","49 deg 05 min","125 deg 02 min"
"HENDERSON LAKE",3,15,20,1431,18,2628,"Henderson Lake","49 deg 05 min","125 deg 02 min"
"HENDERSON LAKE",3,20,30,1353,1,410,"Henderson Lake","49 deg 05 min","125 deg 02 min"
"HENDERSON LAKE",3,20,30,1353,2,775,"Henderson Lake","49 deg 05 min","125 deg 02 min"
"HENDERSON LAKE",3,20,30,1353,3,870,"Henderson Lake","49 deg 05 min","125 deg 02 min"
"HENDERSON LAKE",3,20,30,1353,4,780,"Henderson Lake","49 deg 05 min","125 deg 02 min"
"HENDERSON LAKE",3,20,30,1353,5,835,"Henderson Lake","49 deg 05 min","125 deg 02 min"
"HENDERSON LAKE",3,20,30,1353,6,1065,"Henderson Lake","49 deg 05 min","125 deg 02 min"
"HENDERSON LAKE",3,20,30,1353,7,645,"Henderson Lake","49 deg 05 min","125 deg 02 min"
"HENDERSON LAKE",3,20,30,1353,8,1169,"Henderson Lake","49 deg 05 min","125 deg 02 min"
"HENDERSON LAKE",3,20,30,1353,9,1904,"Henderson Lake","49 deg 05 min","125 deg 02 min"
"HENDERSON LAKE",3,20,30,1353,10,2124,"Henderson Lake","49 deg 05 min","125 deg 02 min"
"HENDERSON LAKE",3,20,30,1353,11,1386,"Henderson Lake","49 deg 05 min","125 deg 02 min"
"HENDERSON LAKE",3,20,30,1353,12,2792,"Henderson Lake","49 deg 05 min","125 deg 02 min"
"HENDERSON LAKE",3,20,30,1353,13,1826,"Henderson Lake","49 deg 05 min","125 deg 02 min"
"HENDERSON LAKE",3,20,30,1353,14,638,"Henderson Lake","49 deg 05 min","125 deg 02 min"
"HENDERSON LAKE",3,20,30,1353,15,1268,"Henderson Lake","49 deg 05 min","125 deg 02 min"
"HENDERSON LAKE",3,20,30,1353,16,1507,"Henderson Lake","49 deg 05 min","125 deg 02 min"
"HENDERSON LAKE",3,20,30,1353,17,1463,"Henderson Lake","49 deg 05 min","125 deg 02 min"
"HENDERSON LAKE",3,20,30,1353,18,2597,"Henderson Lake","49 deg 05 min","125 deg 02 min"
"HENDERSON LAKE",3,30,40,1267,1,380,"Henderson Lake","49 deg 05 min","125 deg 02 min"
"HENDERSON LAKE",3,30,40,1267,2,750,"Henderson Lake","49 deg 05 min","125 deg 02 min"
"HENDERSON LAKE",3,30,40,1267,3,835,"Henderson Lake","49 deg 05 min","125 deg 02 min"
"HENDERSON LAKE",3,30,40,1267,4,750,"Henderson Lake","49 deg 05 min","125 deg 02 min"
"HENDERSON LAKE",3,30,40,1267,5,810,"Henderson Lake","49 deg 05 min","125 deg 02 min"
"HENDERSON LAKE",3,30,40,1267,6,1020,"Henderson Lake","49 deg 05 min","125 deg 02 min"
"HENDERSON LAKE",3,30,40,1267,7,535,"Henderson Lake","49 deg 05 min","125 deg 02 min"
"HENDERSON LAKE",3,30,40,1267,8,1108,"Henderson Lake","49 deg 05 min","125 deg 02 min"
"HENDERSON LAKE",3,30,40,1267,9,1766,"Henderson Lake","49 deg 05 min","125 deg 02 min"
"HENDERSON LAKE",3,30,40,1267,10,1983,"Henderson Lake","49 deg 05 min","125 deg 02 min"
"HENDERSON LAKE",3,30,40,1267,11,1336,"Henderson Lake","49 deg 05 min","125 deg 02 min"
"HENDERSON LAKE",3,30,40,1267,12,2739,"Henderson Lake","49 deg 05 min","125 deg 02 min"
"HENDERSON LAKE",3,30,40,1267,13,1769,"Henderson Lake","49 deg 05 min","125 deg 02 min"
"HENDERSON LAKE",3,30,40,1267,14,615,"Henderson Lake","49 deg 05 min","125 deg 02 min"
"HENDERSON LAKE",3,30,40,1267,15,1234,"Henderson Lake","49 deg 05 min","125 deg 02 min"
"HENDERSON LAKE",3,30,40,1267,16,1417,"Henderson Lake","49 deg 05 min","125 deg 02 min"
"HENDERSON LAKE",3,30,40,1267,17,1411,"Henderson Lake","49 deg 05 min","125 deg 02 min"
"HENDERSON LAKE",3,30,40,1267,18,2530,"Henderson Lake","49 deg 05 min","125 deg 02 min"
"HENDERSON LAKE",3,40,50,1187,1,355,"Henderson Lake","49 deg 05 min","125 deg 02 min"
"HENDERSON LAKE",3,40,50,1187,2,715,"Henderson Lake","49 deg 05 min","125 deg 02 min"
"HENDERSON LAKE",3,40,50,1187,3,810,"Henderson Lake","49 deg 05 min","125 deg 02 min"
"HENDERSON LAKE",3,40,50,1187,4,725,"Henderson Lake","49 deg 05 min","125 deg 02 min"
"HENDERSON LAKE",3,40,50,1187,5,770,"Henderson Lake","49 deg 05 min","125 deg 02 min"
"HENDERSON LAKE",3,40,50,1187,6,990,"Henderson Lake","49 deg 05 min","125 deg 02 min"
"HENDERSON LAKE",3,40,50,1187,7,485,"Henderson Lake","49 deg 05 min","125 deg 02 min"
"HENDERSON LAKE",3,40,50,1187,8,951,"Henderson Lake","49 deg 05 min","125 deg 02 min"
"HENDERSON LAKE",3,40,50,1187,9,1543,"Henderson Lake","49 deg 05 min","125 deg 02 min"
"HENDERSON LAKE",3,40,50,1187,10,1887,"Henderson Lake","49 deg 05 min","125 deg 02 min"
"HENDERSON LAKE",3,40,50,1187,11,1299,"Henderson Lake","49 deg 05 min","125 deg 02 min"
"HENDERSON LAKE",3,40,50,1187,12,2666,"Henderson Lake","49 deg 05 min","125 deg 02 min"
"HENDERSON LAKE",3,40,50,1187,13,1708,"Henderson Lake","49 deg 05 min","125 deg 02 min"
"HENDERSON LAKE",3,40,50,1187,14,593,"Henderson Lake","49 deg 05 min","125 deg 02 min"
"HENDERSON LAKE",3,40,50,1187,15,1203,"Henderson Lake","49 deg 05 min","125 deg 02 min"
"HENDERSON LAKE",3,40,50,1187,16,1366,"Henderson Lake","49 deg 05 min","125 deg 02 min"
"HENDERSON LAKE",3,40,50,1187,17,1391,"Henderson Lake","49 deg 05 min","125 deg 02 min"
"HENDERSON LAKE",3,40,50,1187,18,2491,"Henderson Lake","49 deg 05 min","125 deg 02 min"
"HENDERSON LAKE",3,50,60,1104,1,340,"Henderson Lake","49 deg 05 min","125 deg 02 min"
"HENDERSON LAKE",3,50,60,1104,2,680,"Henderson Lake","49 deg 05 min","125 deg 02 min"
"HENDERSON LAKE",3,50,60,1104,3,790,"Henderson Lake","49 deg 05 min","125 deg 02 min"
"HENDERSON LAKE",3,50,60,1104,4,710,"Henderson Lake","49 deg 05 min","125 deg 02 min"
"HENDERSON LAKE",3,50,60,1104,5,745,"Henderson Lake","49 deg 05 min","125 deg 02 min"
"HENDERSON LAKE",3,50,60,1104,6,955,"Henderson Lake","49 deg 05 min","125 deg 02 min"
"HENDERSON LAKE",3,50,60,1104,7,445,"Henderson Lake","49 deg 05 min","125 deg 02 min"
"HENDERSON LAKE",3,50,60,1104,8,841,"Henderson Lake","49 deg 05 min","125 deg 02 min"
"HENDERSON LAKE",3,50,60,1104,9,1488,"Henderson Lake","49 deg 05 min","125 deg 02 min"
"HENDERSON LAKE",3,50,60,1104,10,1646,"Henderson Lake","49 deg 05 min","125 deg 02 min"
"HENDERSON LAKE",3,50,60,1104,11,1216,"Henderson Lake","49 deg 05 min","125 deg 02 min"
"HENDERSON LAKE",3,50,60,1104,12,2623,"Henderson Lake","49 deg 05 min","125 deg 02 min"
"HENDERSON LAKE",3,50,60,1104,13,1664,"Henderson Lake","49 deg 05 min","125 deg 02 min"
"HENDERSON LAKE",3,50,60,1104,14,571,"Henderson Lake","49 deg 05 min","125 deg 02 min"
"HENDERSON LAKE",3,50,60,1104,15,1154,"Henderson Lake","49 deg 05 min","125 deg 02 min"
"HENDERSON LAKE",3,50,60,1104,16,1329,"Henderson Lake","49 deg 05 min","125 deg 02 min"
"HENDERSON LAKE",3,50,60,1104,17,1354,"Henderson Lake","49 deg 05 min","125 deg 02 min"
"HENDERSON LAKE",3,50,60,1104,18,2424,"Henderson Lake","49 deg 05 min","125 deg 02 min"
"HENDERSON LAKE",3,60,70,1063,1,320,"Henderson Lake","49 deg 05 min","125 deg 02 min"
"HENDERSON LAKE",3,60,70,1063,2,645,"Henderson Lake","49 deg 05 min","125 deg 02 min"
"HENDERSON LAKE",3,60,70,1063,3,765,"Henderson Lake","49 deg 05 min","125 deg 02 min"
"HENDERSON LAKE",3,60,70,1063,4,685,"Henderson Lake","49 deg 05 min","125 deg 02 min"
"HENDERSON LAKE",3,60,70,1063,5,710,"Henderson Lake","49 deg 05 min","125 deg 02 min"
"HENDERSON LAKE",3,60,70,1063,6,925,"Henderson Lake","49 deg 05 min","125 deg 02 min"
"HENDERSON LAKE",3,60,70,1063,7,410,"Henderson Lake","49 deg 05 min","125 deg 02 min"
"HENDERSON LAKE",3,60,70,1063,8,741,"Henderson Lake","49 deg 05 min","125 deg 02 min"
"HENDERSON LAKE",3,60,70,1063,9,1446,"Henderson Lake","49 deg 05 min","125 deg 02 min"
"HENDERSON LAKE",3,60,70,1063,10,1568,"Henderson Lake","49 deg 05 min","125 deg 02 min"
"HENDERSON LAKE",3,60,70,1063,11,1102,"Henderson Lake","49 deg 05 min","125 deg 02 min"
"HENDERSON LAKE",3,60,70,1063,12,2573,"Henderson Lake","49 deg 05 min","125 deg 02 min"
"HENDERSON LAKE",3,60,70,1063,13,1634,"Henderson Lake","49 deg 05 min","125 deg 02 min"
"HENDERSON LAKE",3,60,70,1063,14,543,"Henderson Lake","49 deg 05 min","125 deg 02 min"
"HENDERSON LAKE",3,60,70,1063,15,1115,"Henderson Lake","49 deg 05 min","125 deg 02 min"
"HENDERSON LAKE",3,60,70,1063,16,1212,"Henderson Lake","49 deg 05 min","125 deg 02 min"
"HENDERSON LAKE",3,60,70,1063,17,1322,"Henderson Lake","49 deg 05 min","125 deg 02 min"
"HENDERSON LAKE",3,60,70,1063,18,2364,"Henderson Lake","49 deg 05 min","125 deg 02 min"
"Hesquiat Lk",119,2,5,452,1,1070,"Hesquiat Lake","49 deg 24 min","126 deg 30 min"
"Hesquiat Lk",119,2,5,452,2,825,"Hesquiat Lake","49 deg 24 min","126 deg 30 min"
"Hesquiat Lk",119,2,5,452,3,780,"Hesquiat Lake","49 deg 24 min","126 deg 30 min"
"Hesquiat Lk",119,2,5,452,4,1075,"Hesquiat Lake","49 deg 24 min","126 deg 30 min"
"Hesquiat Lk",119,2,5,452,5,995,"Hesquiat Lake","49 deg 24 min","126 deg 30 min"
"Hesquiat Lk",119,2,5,452,6,550,"Hesquiat Lake","49 deg 24 min","126 deg 30 min"
"Hesquiat Lk",119,3,5,452,1,1070,"Hesquiat Lake","49 deg 24 min","126 deg 30 min"
"Hesquiat Lk",119,3,5,452,2,825,"Hesquiat Lake","49 deg 24 min","126 deg 30 min"
"Hesquiat Lk",119,3,5,452,3,780,"Hesquiat Lake","49 deg 24 min","126 deg 30 min"
"Hesquiat Lk",119,3,5,452,4,1075,"Hesquiat Lake","49 deg 24 min","126 deg 30 min"
"Hesquiat Lk",119,3,5,452,5,995,"Hesquiat Lake","49 deg 24 min","126 deg 30 min"
"Hesquiat Lk",119,3,5,452,6,550,"Hesquiat Lake","49 deg 24 min","126 deg 30 min"
"Hesquiat Lk",119,5,10,436,1,1005,"Hesquiat Lake","49 deg 24 min","126 deg 30 min"
"Hesquiat Lk",119,5,10,436,2,810,"Hesquiat Lake","49 deg 24 min","126 deg 30 min"
"Hesquiat Lk",119,5,10,436,3,760,"Hesquiat Lake","49 deg 24 min","126 deg 30 min"
"Hesquiat Lk",119,5,10,436,4,1065,"Hesquiat Lake","49 deg 24 min","126 deg 30 min"
"Hesquiat Lk",119,5,10,436,5,975,"Hesquiat Lake","49 deg 24 min","126 deg 30 min"
"Hesquiat Lk",119,5,10,436,6,545,"Hesquiat Lake","49 deg 24 min","126 deg 30 min"
"Hesquiat Lk",119,10,15,421,1,950,"Hesquiat Lake","49 deg 24 min","126 deg 30 min"
"Hesquiat Lk",119,10,15,421,2,800,"Hesquiat Lake","49 deg 24 min","126 deg 30 min"
"Hesquiat Lk",119,10,15,421,3,750,"Hesquiat Lake","49 deg 24 min","126 deg 30 min"
"Hesquiat Lk",119,10,15,421,4,1045,"Hesquiat Lake","49 deg 24 min","126 deg 30 min"
"Hesquiat Lk",119,10,15,421,5,955,"Hesquiat Lake","49 deg 24 min","126 deg 30 min"
"Hesquiat Lk",119,10,15,421,6,530,"Hesquiat Lake","49 deg 24 min","126 deg 30 min"
"Hesquiat Lk",119,15,20,405,1,925,"Hesquiat Lake","49 deg 24 min","126 deg 30 min"
"Hesquiat Lk",119,15,20,405,2,785,"Hesquiat Lake","49 deg 24 min","126 deg 30 min"
"Hesquiat Lk",119,15,20,405,3,734,"Hesquiat Lake","49 deg 24 min","126 deg 30 min"
"Hesquiat Lk",119,15,20,405,4,1025,"Hesquiat Lake","49 deg 24 min","126 deg 30 min"
"Hesquiat Lk",119,15,20,405,5,945,"Hesquiat Lake","49 deg 24 min","126 deg 30 min"
"Hesquiat Lk",119,15,20,405,6,500,"Hesquiat Lake","49 deg 24 min","126 deg 30 min"
"Hesquiat Lk",119,20,30,382,1,885,"Hesquiat Lake","49 deg 24 min","126 deg 30 min"
"Hesquiat Lk",119,20,30,382,2,755,"Hesquiat Lake","49 deg 24 min","126 deg 30 min"
"Hesquiat Lk",119,20,30,382,3,710,"Hesquiat Lake","49 deg 24 min","126 deg 30 min"
"Hesquiat Lk",119,20,30,382,4,985,"Hesquiat Lake","49 deg 24 min","126 deg 30 min"
"Hesquiat Lk",119,20,30,382,5,910,"Hesquiat Lake","49 deg 24 min","126 deg 30 min"
"Hesquiat Lk",119,20,30,382,6,470,"Hesquiat Lake","49 deg 24 min","126 deg 30 min"
"Hesquiat Lk",119,30,40,350,1,820,"Hesquiat Lake","49 deg 24 min","126 deg 30 min"
"Hesquiat Lk",119,30,40,350,2,715,"Hesquiat Lake","49 deg 24 min","126 deg 30 min"
"Hesquiat Lk",119,30,40,350,3,685,"Hesquiat Lake","49 deg 24 min","126 deg 30 min"
"Hesquiat Lk",119,30,40,350,4,825,"Hesquiat Lake","49 deg 24 min","126 deg 30 min"
"Hesquiat Lk",119,30,40,350,5,860,"Hesquiat Lake","49 deg 24 min","126 deg 30 min"
"Hesquiat Lk",119,30,40,350,6,440,"Hesquiat Lake","49 deg 24 min","126 deg 30 min"
"Hesquiat Lk",119,40,50,318,1,720,"Hesquiat Lake","49 deg 24 min","126 deg 30 min"
"Hesquiat Lk",119,40,50,318,2,680,"Hesquiat Lake","49 deg 24 min","126 deg 30 min"
"Hesquiat Lk",119,40,50,318,3,650,"Hesquiat Lake","49 deg 24 min","126 deg 30 min"
"Hesquiat Lk",119,40,50,318,4,740,"Hesquiat Lake","49 deg 24 min","126 deg 30 min"
"Hesquiat Lk",119,40,50,318,5,810,"Hesquiat Lake","49 deg 24 min","126 deg 30 min"
"Hesquiat Lk",119,40,50,318,6,405,"Hesquiat Lake","49 deg 24 min","126 deg 30 min"
"Heydon Lk",50,2,5,862,1,890,"Heydon Lake","50 deg 33 min","125 deg 40 min"
"Heydon Lk",50,2,5,862,2,1120,"Heydon Lake","50 deg 33 min","125 deg 40 min"
"Heydon Lk",50,2,5,862,3,1100,"Heydon Lake","50 deg 33 min","125 deg 40 min"
"Heydon Lk",50,2,5,862,4,1260,"Heydon Lake","50 deg 33 min","125 deg 40 min"
"Heydon Lk",50,2,5,862,5,1255,"Heydon Lake","50 deg 33 min","125 deg 40 min"
"Heydon Lk",50,2,5,862,6,1160,"Heydon Lake","50 deg 33 min","125 deg 40 min"
"Heydon Lk",50,2,5,862,7,710,"Heydon Lake","50 deg 33 min","125 deg 40 min"
"Heydon Lk",50,2,5,862,8,338,"Heydon Lake","50 deg 33 min","125 deg 40 min"
"Heydon Lk",50,3,5,862,1,890,"Heydon Lake","50 deg 33 min","125 deg 40 min"
"Heydon Lk",50,3,5,862,2,1120,"Heydon Lake","50 deg 33 min","125 deg 40 min"
"Heydon Lk",50,3,5,862,3,1100,"Heydon Lake","50 deg 33 min","125 deg 40 min"
"Heydon Lk",50,3,5,862,4,1260,"Heydon Lake","50 deg 33 min","125 deg 40 min"
"Heydon Lk",50,3,5,862,5,1255,"Heydon Lake","50 deg 33 min","125 deg 40 min"
"Heydon Lk",50,3,5,862,6,1160,"Heydon Lake","50 deg 33 min","125 deg 40 min"
"Heydon Lk",50,3,5,862,7,710,"Heydon Lake","50 deg 33 min","125 deg 40 min"
"Heydon Lk",50,3,5,862,8,338,"Heydon Lake","50 deg 33 min","125 deg 40 min"
"Heydon Lk",50,5,10,818,1,880,"Heydon Lake","50 deg 33 min","125 deg 40 min"
"Heydon Lk",50,5,10,818,2,1115,"Heydon Lake","50 deg 33 min","125 deg 40 min"
"Heydon Lk",50,5,10,818,3,1050,"Heydon Lake","50 deg 33 min","125 deg 40 min"
"Heydon Lk",50,5,10,818,4,1245,"Heydon Lake","50 deg 33 min","125 deg 40 min"
"Heydon Lk",50,5,10,818,5,1240,"Heydon Lake","50 deg 33 min","125 deg 40 min"
"Heydon Lk",50,5,10,818,6,1100,"Heydon Lake","50 deg 33 min","125 deg 40 min"
"Heydon Lk",50,5,10,818,7,693,"Heydon Lake","50 deg 33 min","125 deg 40 min"
"Heydon Lk",50,5,10,818,8,320,"Heydon Lake","50 deg 33 min","125 deg 40 min"
"Heydon Lk",50,10,15,772,1,855,"Heydon Lake","50 deg 33 min","125 deg 40 min"
"Heydon Lk",50,10,15,772,2,1100,"Heydon Lake","50 deg 33 min","125 deg 40 min"
"Heydon Lk",50,10,15,772,3,1035,"Heydon Lake","50 deg 33 min","125 deg 40 min"
"Heydon Lk",50,10,15,772,4,1230,"Heydon Lake","50 deg 33 min","125 deg 40 min"
"Heydon Lk",50,10,15,772,5,1235,"Heydon Lake","50 deg 33 min","125 deg 40 min"
"Heydon Lk",50,10,15,772,6,865,"Heydon Lake","50 deg 33 min","125 deg 40 min"
"Heydon Lk",50,10,15,772,7,670,"Heydon Lake","50 deg 33 min","125 deg 40 min"
"Heydon Lk",50,10,15,772,8,303,"Heydon Lake","50 deg 33 min","125 deg 40 min"
"Heydon Lk",50,15,20,728,1,825,"Heydon Lake","50 deg 33 min","125 deg 40 min"
"Heydon Lk",50,15,20,728,2,1080,"Heydon Lake","50 deg 33 min","125 deg 40 min"
"Heydon Lk",50,15,20,728,3,1005,"Heydon Lake","50 deg 33 min","125 deg 40 min"
"Heydon Lk",50,15,20,728,4,1205,"Heydon Lake","50 deg 33 min","125 deg 40 min"
"Heydon Lk",50,15,20,728,5,1205,"Heydon Lake","50 deg 33 min","125 deg 40 min"
"Heydon Lk",50,15,20,728,6,485,"Heydon Lake","50 deg 33 min","125 deg 40 min"
"Heydon Lk",50,15,20,728,7,638,"Heydon Lake","50 deg 33 min","125 deg 40 min"
"Heydon Lk",50,15,20,728,8,271,"Heydon Lake","50 deg 33 min","125 deg 40 min"
"Heydon Lk",50,20,30,677,1,785,"Heydon Lake","50 deg 33 min","125 deg 40 min"
"Heydon Lk",50,20,30,677,2,1045,"Heydon Lake","50 deg 33 min","125 deg 40 min"
"Heydon Lk",50,20,30,677,3,960,"Heydon Lake","50 deg 33 min","125 deg 40 min"
"Heydon Lk",50,20,30,677,4,1180,"Heydon Lake","50 deg 33 min","125 deg 40 min"
"Heydon Lk",50,20,30,677,5,1125,"Heydon Lake","50 deg 33 min","125 deg 40 min"
"Heydon Lk",50,20,30,677,6,0,"Heydon Lake","50 deg 33 min","125 deg 40 min"
"Heydon Lk",50,20,30,677,7,602,"Heydon Lake","50 deg 33 min","125 deg 40 min"
"Heydon Lk",50,20,30,677,8,0,"Heydon Lake","50 deg 33 min","125 deg 40 min"
"Heydon Lk",50,30,40,618,1,700,"Heydon Lake","50 deg 33 min","125 deg 40 min"
"Heydon Lk",50,30,40,618,2,1000,"Heydon Lake","50 deg 33 min","125 deg 40 min"
"Heydon Lk",50,30,40,618,3,895,"Heydon Lake","50 deg 33 min","125 deg 40 min"
"Heydon Lk",50,30,40,618,4,1135,"Heydon Lake","50 deg 33 min","125 deg 40 min"
"Heydon Lk",50,30,40,618,5,1070,"Heydon Lake","50 deg 33 min","125 deg 40 min"
"Heydon Lk",50,30,40,618,6,0,"Heydon Lake","50 deg 33 min","125 deg 40 min"
"Heydon Lk",50,30,40,618,7,550,"Heydon Lake","50 deg 33 min","125 deg 40 min"
"Heydon Lk",50,30,40,618,8,0,"Heydon Lake","50 deg 33 min","125 deg 40 min"
"Heydon Lk",50,40,50,563,1,630,"Heydon Lake","50 deg 33 min","125 deg 40 min"
"Heydon Lk",50,40,50,563,2,910,"Heydon Lake","50 deg 33 min","125 deg 40 min"
"Heydon Lk",50,40,50,563,3,830,"Heydon Lake","50 deg 33 min","125 deg 40 min"
"Heydon Lk",50,40,50,563,4,1080,"Heydon Lake","50 deg 33 min","125 deg 40 min"
"Heydon Lk",50,40,50,563,5,1025,"Heydon Lake","50 deg 33 min","125 deg 40 min"
"Heydon Lk",50,40,50,563,6,0,"Heydon Lake","50 deg 33 min","125 deg 40 min"
"Heydon Lk",50,40,50,563,7,475,"Heydon Lake","50 deg 33 min","125 deg 40 min"
"Heydon Lk",50,40,50,563,8,0,"Heydon Lake","50 deg 33 min","125 deg 40 min"
"Heydon_2005",250,2,5,862,1,1554,"Heydon_2005",NA,NA
"Heydon_2005",250,2,5,862,2,1713,"Heydon_2005",NA,NA
"Heydon_2005",250,2,5,862,3,1220,"Heydon_2005",NA,NA
"Heydon_2005",250,2,5,862,4,1352,"Heydon_2005",NA,NA
"Heydon_2005",250,2,5,862,5,1437,"Heydon_2005",NA,NA
"Heydon_2005",250,2,5,862,6,1497,"Heydon_2005",NA,NA
"Heydon_2005",250,2,5,862,7,1481,"Heydon_2005",NA,NA
"Heydon_2005",250,2,5,862,8,846,"Heydon_2005",NA,NA
"Heydon_2005",250,3,5,862,1,1554,"Heydon_2005",NA,NA
"Heydon_2005",250,3,5,862,2,1699,"Heydon_2005",NA,NA
"Heydon_2005",250,3,5,862,3,1220,"Heydon_2005",NA,NA
"Heydon_2005",250,3,5,862,4,1352,"Heydon_2005",NA,NA
"Heydon_2005",250,3,5,862,5,1437,"Heydon_2005",NA,NA
"Heydon_2005",250,3,5,862,6,1497,"Heydon_2005",NA,NA
"Heydon_2005",250,3,5,862,7,1481,"Heydon_2005",NA,NA
"Heydon_2005",250,3,5,862,8,846,"Heydon_2005",NA,NA
"Heydon_2005",250,5,10,818,1,1528,"Heydon_2005",NA,NA
"Heydon_2005",250,5,10,818,2,1699,"Heydon_2005",NA,NA
"Heydon_2005",250,5,10,818,3,1220,"Heydon_2005",NA,NA
"Heydon_2005",250,5,10,818,4,1352,"Heydon_2005",NA,NA
"Heydon_2005",250,5,10,818,5,1437,"Heydon_2005",NA,NA
"Heydon_2005",250,5,10,818,6,1497,"Heydon_2005",NA,NA
"Heydon_2005",250,5,10,818,7,1481,"Heydon_2005",NA,NA
"Heydon_2005",250,5,10,818,8,846,"Heydon_2005",NA,NA
"Heydon_2005",250,10,15,772,1,1511,"Heydon_2005",NA,NA
"Heydon_2005",250,10,15,772,2,1699,"Heydon_2005",NA,NA
"Heydon_2005",250,10,15,772,3,1220,"Heydon_2005",NA,NA
"Heydon_2005",250,10,15,772,4,1332,"Heydon_2005",NA,NA
"Heydon_2005",250,10,15,772,5,1417,"Heydon_2005",NA,NA
"Heydon_2005",250,10,15,772,6,1492,"Heydon_2005",NA,NA
"Heydon_2005",250,10,15,772,7,1469,"Heydon_2005",NA,NA
"Heydon_2005",250,10,15,772,8,802,"Heydon_2005",NA,NA
"Heydon_2005",250,15,20,728,1,1471,"Heydon_2005",NA,NA
"Heydon_2005",250,15,20,728,2,1638,"Heydon_2005",NA,NA
"Heydon_2005",250,15,20,728,3,1206,"Heydon_2005",NA,NA
"Heydon_2005",250,15,20,728,4,1303,"Heydon_2005",NA,NA
"Heydon_2005",250,15,20,728,5,1392,"Heydon_2005",NA,NA
"Heydon_2005",250,15,20,728,6,1474,"Heydon_2005",NA,NA
"Heydon_2005",250,15,20,728,7,1438,"Heydon_2005",NA,NA
"Heydon_2005",250,15,20,728,8,766,"Heydon_2005",NA,NA
"Heydon_2005",250,20,30,677,1,1438,"Heydon_2005",NA,NA
"Heydon_2005",250,20,30,677,2,1580,"Heydon_2005",NA,NA
"Heydon_2005",250,20,30,677,3,1160,"Heydon_2005",NA,NA
"Heydon_2005",250,20,30,677,4,1252,"Heydon_2005",NA,NA
"Heydon_2005",250,20,30,677,5,1343,"Heydon_2005",NA,NA
"Heydon_2005",250,20,30,677,6,1440,"Heydon_2005",NA,NA
"Heydon_2005",250,20,30,677,7,1387,"Heydon_2005",NA,NA
"Heydon_2005",250,20,30,677,8,698,"Heydon_2005",NA,NA
"Heydon_2005",250,30,40,618,1,1327,"Heydon_2005",NA,NA
"Heydon_2005",250,30,40,618,2,1402,"Heydon_2005",NA,NA
"Heydon_2005",250,30,40,618,3,1080,"Heydon_2005",NA,NA
"Heydon_2005",250,30,40,618,4,1189,"Heydon_2005",NA,NA
"Heydon_2005",250,30,40,618,5,1156,"Heydon_2005",NA,NA
"Heydon_2005",250,30,40,618,6,1384,"Heydon_2005",NA,NA
"Heydon_2005",250,30,40,618,7,1292,"Heydon_2005",NA,NA
"Heydon_2005",250,30,40,618,8,608,"Heydon_2005",NA,NA
"Heydon_2005",250,40,50,563,1,1211,"Heydon_2005",NA,NA
"Heydon_2005",250,40,50,563,2,1392,"Heydon_2005",NA,NA
"Heydon_2005",250,40,50,563,3,997,"Heydon_2005",NA,NA
"Heydon_2005",250,40,50,563,4,1114,"Heydon_2005",NA,NA
"Heydon_2005",250,40,50,563,5,1007,"Heydon_2005",NA,NA
"Heydon_2005",250,40,50,563,6,1277,"Heydon_2005",NA,NA
"Heydon_2005",250,40,50,563,7,1216,"Heydon_2005",NA,NA
"Heydon_2005",250,40,50,563,8,527,"Heydon_2005",NA,NA
NA,206,NA,NA,NA,NA,NA,"Hissin Pt.",NA,NA
"HOBITON LAKE",6,2,5,350,1,340,"Hobiton Lake","48 deg 45 min","124 deg 49 min"
"HOBITON LAKE",6,2,5,350,2,320,"Hobiton Lake","48 deg 45 min","124 deg 49 min"
"HOBITON LAKE",6,2,5,350,3,460,"Hobiton Lake","48 deg 45 min","124 deg 49 min"
"HOBITON LAKE",6,2,5,350,4,710,"Hobiton Lake","48 deg 45 min","124 deg 49 min"
"HOBITON LAKE",6,2,5,350,5,340,"Hobiton Lake","48 deg 45 min","124 deg 49 min"
"HOBITON LAKE",6,2,5,350,6,710,"Hobiton Lake","48 deg 45 min","124 deg 49 min"
"HOBITON LAKE",6,2,5,350,7,900,"Hobiton Lake","48 deg 45 min","124 deg 49 min"
"HOBITON LAKE",6,2,5,350,8,1310,"Hobiton Lake","48 deg 45 min","124 deg 49 min"
"HOBITON LAKE",6,2,5,350,9,895,"Hobiton Lake","48 deg 45 min","124 deg 49 min"
"HOBITON LAKE",6,2,5,350,10,1060,"Hobiton Lake","48 deg 45 min","124 deg 49 min"
"HOBITON LAKE",6,2,5,350,11,1120,"Hobiton Lake","48 deg 45 min","124 deg 49 min"
"HOBITON LAKE",6,3,5,340,1,340,"Hobiton Lake","48 deg 45 min","124 deg 49 min"
"HOBITON LAKE",6,3,5,340,2,320,"Hobiton Lake","48 deg 45 min","124 deg 49 min"
"HOBITON LAKE",6,3,5,340,3,460,"Hobiton Lake","48 deg 45 min","124 deg 49 min"
"HOBITON LAKE",6,3,5,340,4,710,"Hobiton Lake","48 deg 45 min","124 deg 49 min"
"HOBITON LAKE",6,3,5,340,5,340,"Hobiton Lake","48 deg 45 min","124 deg 49 min"
"HOBITON LAKE",6,3,5,340,6,710,"Hobiton Lake","48 deg 45 min","124 deg 49 min"
"HOBITON LAKE",6,3,5,340,7,900,"Hobiton Lake","48 deg 45 min","124 deg 49 min"
"HOBITON LAKE",6,3,5,340,8,1310,"Hobiton Lake","48 deg 45 min","124 deg 49 min"
"HOBITON LAKE",6,3,5,340,9,895,"Hobiton Lake","48 deg 45 min","124 deg 49 min"
"HOBITON LAKE",6,3,5,340,10,1060,"Hobiton Lake","48 deg 45 min","124 deg 49 min"
"HOBITON LAKE",6,3,5,340,11,1120,"Hobiton Lake","48 deg 45 min","124 deg 49 min"
"HOBITON LAKE",6,5,10,334,1,340,"Hobiton Lake","48 deg 45 min","124 deg 49 min"
"HOBITON LAKE",6,5,10,334,2,300,"Hobiton Lake","48 deg 45 min","124 deg 49 min"
"HOBITON LAKE",6,5,10,334,3,460,"Hobiton Lake","48 deg 45 min","124 deg 49 min"
"HOBITON LAKE",6,5,10,334,4,700,"Hobiton Lake","48 deg 45 min","124 deg 49 min"
"HOBITON LAKE",6,5,10,334,5,330,"Hobiton Lake","48 deg 45 min","124 deg 49 min"
"HOBITON LAKE",6,5,10,334,6,710,"Hobiton Lake","48 deg 45 min","124 deg 49 min"
"HOBITON LAKE",6,5,10,334,7,900,"Hobiton Lake","48 deg 45 min","124 deg 49 min"
"HOBITON LAKE",6,5,10,334,8,1310,"Hobiton Lake","48 deg 45 min","124 deg 49 min"
"HOBITON LAKE",6,5,10,334,9,895,"Hobiton Lake","48 deg 45 min","124 deg 49 min"
"HOBITON LAKE",6,5,10,334,10,1055,"Hobiton Lake","48 deg 45 min","124 deg 49 min"
"HOBITON LAKE",6,5,10,334,11,1100,"Hobiton Lake","48 deg 45 min","124 deg 49 min"
"HOBITON LAKE",6,10,15,320,1,340,"Hobiton Lake","48 deg 45 min","124 deg 49 min"
"HOBITON LAKE",6,10,15,320,2,280,"Hobiton Lake","48 deg 45 min","124 deg 49 min"
"HOBITON LAKE",6,10,15,320,3,450,"Hobiton Lake","48 deg 45 min","124 deg 49 min"
"HOBITON LAKE",6,10,15,320,4,690,"Hobiton Lake","48 deg 45 min","124 deg 49 min"
"HOBITON LAKE",6,10,15,320,5,300,"Hobiton Lake","48 deg 45 min","124 deg 49 min"
"HOBITON LAKE",6,10,15,320,6,710,"Hobiton Lake","48 deg 45 min","124 deg 49 min"
"HOBITON LAKE",6,10,15,320,7,890,"Hobiton Lake","48 deg 45 min","124 deg 49 min"
"HOBITON LAKE",6,10,15,320,8,1310,"Hobiton Lake","48 deg 45 min","124 deg 49 min"
"HOBITON LAKE",6,10,15,320,9,890,"Hobiton Lake","48 deg 45 min","124 deg 49 min"
"HOBITON LAKE",6,10,15,320,10,1040,"Hobiton Lake","48 deg 45 min","124 deg 49 min"
"HOBITON LAKE",6,10,15,320,11,1070,"Hobiton Lake","48 deg 45 min","124 deg 49 min"
"HOBITON LAKE",6,15,20,285,1,300,"Hobiton Lake","48 deg 45 min","124 deg 49 min"
"HOBITON LAKE",6,15,20,285,2,260,"Hobiton Lake","48 deg 45 min","124 deg 49 min"
"HOBITON LAKE",6,15,20,285,3,440,"Hobiton Lake","48 deg 45 min","124 deg 49 min"
"HOBITON LAKE",6,15,20,285,4,660,"Hobiton Lake","48 deg 45 min","124 deg 49 min"
"HOBITON LAKE",6,15,20,285,5,280,"Hobiton Lake","48 deg 45 min","124 deg 49 min"
"HOBITON LAKE",6,15,20,285,6,700,"Hobiton Lake","48 deg 45 min","124 deg 49 min"
"HOBITON LAKE",6,15,20,285,7,870,"Hobiton Lake","48 deg 45 min","124 deg 49 min"
"HOBITON LAKE",6,15,20,285,8,1260,"Hobiton Lake","48 deg 45 min","124 deg 49 min"
"HOBITON LAKE",6,15,20,285,9,880,"Hobiton Lake","48 deg 45 min","124 deg 49 min"
"HOBITON LAKE",6,15,20,285,10,1030,"Hobiton Lake","48 deg 45 min","124 deg 49 min"
"HOBITON LAKE",6,15,20,285,11,1060,"Hobiton Lake","48 deg 45 min","124 deg 49 min"
"HOBITON LAKE",6,20,30,252,1,280,"Hobiton Lake","48 deg 45 min","124 deg 49 min"
"HOBITON LAKE",6,20,30,252,2,230,"Hobiton Lake","48 deg 45 min","124 deg 49 min"
"HOBITON LAKE",6,20,30,252,3,400,"Hobiton Lake","48 deg 45 min","124 deg 49 min"
"HOBITON LAKE",6,20,30,252,4,630,"Hobiton Lake","48 deg 45 min","124 deg 49 min"
"HOBITON LAKE",6,20,30,252,5,260,"Hobiton Lake","48 deg 45 min","124 deg 49 min"
"HOBITON LAKE",6,20,30,252,6,655,"Hobiton Lake","48 deg 45 min","124 deg 49 min"
"HOBITON LAKE",6,20,30,252,7,825,"Hobiton Lake","48 deg 45 min","124 deg 49 min"
"HOBITON LAKE",6,20,30,252,8,1200,"Hobiton Lake","48 deg 45 min","124 deg 49 min"
"HOBITON LAKE",6,20,30,252,9,825,"Hobiton Lake","48 deg 45 min","124 deg 49 min"
"HOBITON LAKE",6,20,30,252,10,1000,"Hobiton Lake","48 deg 45 min","124 deg 49 min"
"HOBITON LAKE",6,20,30,252,11,1020,"Hobiton Lake","48 deg 45 min","124 deg 49 min"
"HOBITON LAKE",6,30,40,215,1,220,"Hobiton Lake","48 deg 45 min","124 deg 49 min"
"HOBITON LAKE",6,30,40,215,2,200,"Hobiton Lake","48 deg 45 min","124 deg 49 min"
"HOBITON LAKE",6,30,40,215,3,360,"Hobiton Lake","48 deg 45 min","124 deg 49 min"
"HOBITON LAKE",6,30,40,215,4,590,"Hobiton Lake","48 deg 45 min","124 deg 49 min"
"HOBITON LAKE",6,30,40,215,5,180,"Hobiton Lake","48 deg 45 min","124 deg 49 min"
"HOBITON LAKE",6,30,40,215,6,445,"Hobiton Lake","48 deg 45 min","124 deg 49 min"
"HOBITON LAKE",6,30,40,215,7,740,"Hobiton Lake","48 deg 45 min","124 deg 49 min"
"HOBITON LAKE",6,30,40,215,8,1130,"Hobiton Lake","48 deg 45 min","124 deg 49 min"
"HOBITON LAKE",6,30,40,215,9,760,"Hobiton Lake","48 deg 45 min","124 deg 49 min"
"HOBITON LAKE",6,30,40,215,10,960,"Hobiton Lake","48 deg 45 min","124 deg 49 min"
"HOBITON LAKE",6,30,40,215,11,980,"Hobiton Lake","48 deg 45 min","124 deg 49 min"
"HOBITON LAKE",6,40,50,172,1,0,"Hobiton Lake","48 deg 45 min","124 deg 49 min"
"HOBITON LAKE",6,40,50,172,2,120,"Hobiton Lake","48 deg 45 min","124 deg 49 min"
"HOBITON LAKE",6,40,50,172,3,320,"Hobiton Lake","48 deg 45 min","124 deg 49 min"
"HOBITON LAKE",6,40,50,172,4,550,"Hobiton Lake","48 deg 45 min","124 deg 49 min"
"HOBITON LAKE",6,40,50,172,5,90,"Hobiton Lake","48 deg 45 min","124 deg 49 min"
"HOBITON LAKE",6,40,50,172,6,0,"Hobiton Lake","48 deg 45 min","124 deg 49 min"
"HOBITON LAKE",6,40,50,172,7,550,"Hobiton Lake","48 deg 45 min","124 deg 49 min"
"HOBITON LAKE",6,40,50,172,8,1075,"Hobiton Lake","48 deg 45 min","124 deg 49 min"
"HOBITON LAKE",6,40,50,172,9,670,"Hobiton Lake","48 deg 45 min","124 deg 49 min"
"HOBITON LAKE",6,40,50,172,10,845,"Hobiton Lake","48 deg 45 min","124 deg 49 min"
"HOBITON LAKE",6,40,50,172,11,855,"Hobiton Lake","48 deg 45 min","124 deg 49 min"
"HOBITON LAKE",6,50,60,25,1,0,"Hobiton Lake","48 deg 45 min","124 deg 49 min"
"HOBITON LAKE",6,50,60,25,2,0,"Hobiton Lake","48 deg 45 min","124 deg 49 min"
"HOBITON LAKE",6,50,60,25,3,290,"Hobiton Lake","48 deg 45 min","124 deg 49 min"
"HOBITON LAKE",6,50,60,25,4,510,"Hobiton Lake","48 deg 45 min","124 deg 49 min"
"HOBITON LAKE",6,50,60,25,5,0,"Hobiton Lake","48 deg 45 min","124 deg 49 min"
"HOBITON LAKE",6,50,60,25,6,0,"Hobiton Lake","48 deg 45 min","124 deg 49 min"
"HOBITON LAKE",6,50,60,25,7,0,"Hobiton Lake","48 deg 45 min","124 deg 49 min"
"HOBITON LAKE",6,50,60,25,8,1015,"Hobiton Lake","48 deg 45 min","124 deg 49 min"
"HOBITON LAKE",6,50,60,25,9,590,"Hobiton Lake","48 deg 45 min","124 deg 49 min"
"HOBITON LAKE",6,50,60,25,10,785,"Hobiton Lake","48 deg 45 min","124 deg 49 min"
"HOBITON LAKE",6,50,60,25,11,780,"Hobiton Lake","48 deg 45 min","124 deg 49 min"
NA,169,NA,NA,NA,NA,NA,"Hocking Pt","49 deg 05 min","124 deg 50 min"
NA,39,NA,NA,NA,NA,NA,"Horne Lake","49 deg 20 min","124 deg 42 min"
NA,215,NA,NA,NA,NA,NA,"I.M.P. Yellen",NA,NA
"Ian Lk",26,2,5,1809,1,410,"Ian Lake","53 deg 45 min","132 deg 35 min"
"Ian Lk",26,2,5,1809,2,520,"Ian Lake","53 deg 45 min","132 deg 35 min"
"Ian Lk",26,2,5,1809,3,701,"Ian Lake","53 deg 45 min","132 deg 35 min"
"Ian Lk",26,2,5,1809,4,1101,"Ian Lake","53 deg 45 min","132 deg 35 min"
"Ian Lk",26,2,5,1809,5,2059,"Ian Lake","53 deg 45 min","132 deg 35 min"
"Ian Lk",26,2,5,1809,6,1583,"Ian Lake","53 deg 45 min","132 deg 35 min"
"Ian Lk",26,2,5,1809,7,766,"Ian Lake","53 deg 45 min","132 deg 35 min"
"Ian Lk",26,2,5,1809,8,2170,"Ian Lake","53 deg 45 min","132 deg 35 min"
"Ian Lk",26,2,5,1809,9,1923,"Ian Lake","53 deg 45 min","132 deg 35 min"
"Ian Lk",26,3,5,1809,1,410,"Ian Lake","53 deg 45 min","132 deg 35 min"
"Ian Lk",26,3,5,1809,2,520,"Ian Lake","53 deg 45 min","132 deg 35 min"
"Ian Lk",26,3,5,1809,3,701,"Ian Lake","53 deg 45 min","132 deg 35 min"
"Ian Lk",26,3,5,1809,4,1101,"Ian Lake","53 deg 45 min","132 deg 35 min"
"Ian Lk",26,3,5,1809,5,2059,"Ian Lake","53 deg 45 min","132 deg 35 min"
"Ian Lk",26,3,5,1809,6,1583,"Ian Lake","53 deg 45 min","132 deg 35 min"
"Ian Lk",26,3,5,1809,7,766,"Ian Lake","53 deg 45 min","132 deg 35 min"
"Ian Lk",26,3,5,1809,8,2170,"Ian Lake","53 deg 45 min","132 deg 35 min"
"Ian Lk",26,3,5,1809,9,1923,"Ian Lake","53 deg 45 min","132 deg 35 min"
"Ian Lk",26,5,10,1631,1,357,"Ian Lake","53 deg 45 min","132 deg 35 min"
"Ian Lk",26,5,10,1631,2,498,"Ian Lake","53 deg 45 min","132 deg 35 min"
"Ian Lk",26,5,10,1631,3,648,"Ian Lake","53 deg 45 min","132 deg 35 min"
"Ian Lk",26,5,10,1631,4,1001,"Ian Lake","53 deg 45 min","132 deg 35 min"
"Ian Lk",26,5,10,1631,5,1982,"Ian Lake","53 deg 45 min","132 deg 35 min"
"Ian Lk",26,5,10,1631,6,1399,"Ian Lake","53 deg 45 min","132 deg 35 min"
"Ian Lk",26,5,10,1631,7,652,"Ian Lake","53 deg 45 min","132 deg 35 min"
"Ian Lk",26,5,10,1631,8,2139,"Ian Lake","53 deg 45 min","132 deg 35 min"
"Ian Lk",26,5,10,1631,9,1837,"Ian Lake","53 deg 45 min","132 deg 35 min"
"Ian Lk",26,10,15,1470,1,300,"Ian Lake","53 deg 45 min","132 deg 35 min"
"Ian Lk",26,10,15,1470,2,468,"Ian Lake","53 deg 45 min","132 deg 35 min"
"Ian Lk",26,10,15,1470,3,607,"Ian Lake","53 deg 45 min","132 deg 35 min"
"Ian Lk",26,10,15,1470,4,754,"Ian Lake","53 deg 45 min","132 deg 35 min"
"Ian Lk",26,10,15,1470,5,1853,"Ian Lake","53 deg 45 min","132 deg 35 min"
"Ian Lk",26,10,15,1470,6,1272,"Ian Lake","53 deg 45 min","132 deg 35 min"
"Ian Lk",26,10,15,1470,7,505,"Ian Lake","53 deg 45 min","132 deg 35 min"
"Ian Lk",26,10,15,1470,8,1912,"Ian Lake","53 deg 45 min","132 deg 35 min"
"Ian Lk",26,10,15,1470,9,1806,"Ian Lake","53 deg 45 min","132 deg 35 min"
"Ian Lk",26,15,20,1322,1,237,"Ian Lake","53 deg 45 min","132 deg 35 min"
"Ian Lk",26,15,20,1322,2,447,"Ian Lake","53 deg 45 min","132 deg 35 min"
"Ian Lk",26,15,20,1322,3,553,"Ian Lake","53 deg 45 min","132 deg 35 min"
"Ian Lk",26,15,20,1322,4,691,"Ian Lake","53 deg 45 min","132 deg 35 min"
"Ian Lk",26,15,20,1322,5,1681,"Ian Lake","53 deg 45 min","132 deg 35 min"
"Ian Lk",26,15,20,1322,6,1148,"Ian Lake","53 deg 45 min","132 deg 35 min"
"Ian Lk",26,15,20,1322,7,0,"Ian Lake","53 deg 45 min","132 deg 35 min"
"Ian Lk",26,15,20,1322,8,1721,"Ian Lake","53 deg 45 min","132 deg 35 min"
"Ian Lk",26,15,20,1322,9,1766,"Ian Lake","53 deg 45 min","132 deg 35 min"
"Ian Lk",26,20,30,1146,1,119,"Ian Lake","53 deg 45 min","132 deg 35 min"
"Ian Lk",26,20,30,1146,2,407,"Ian Lake","53 deg 45 min","132 deg 35 min"
"Ian Lk",26,20,30,1146,3,409,"Ian Lake","53 deg 45 min","132 deg 35 min"
"Ian Lk",26,20,30,1146,4,580,"Ian Lake","53 deg 45 min","132 deg 35 min"
"Ian Lk",26,20,30,1146,5,1369,"Ian Lake","53 deg 45 min","132 deg 35 min"
"Ian Lk",26,20,30,1146,6,1077,"Ian Lake","53 deg 45 min","132 deg 35 min"
"Ian Lk",26,20,30,1146,7,0,"Ian Lake","53 deg 45 min","132 deg 35 min"
"Ian Lk",26,20,30,1146,8,1373.4,"Ian Lake","53 deg 45 min","132 deg 35 min"
"Ian Lk",26,20,30,1146,9,1699,"Ian Lake","53 deg 45 min","132 deg 35 min"
"Ian Lk",26,30,40,915,1,0,"Ian Lake","53 deg 45 min","132 deg 35 min"
"Ian Lk",26,30,40,915,2,350,"Ian Lake","53 deg 45 min","132 deg 35 min"
"Ian Lk",26,30,40,915,3,0,"Ian Lake","53 deg 45 min","132 deg 35 min"
"Ian Lk",26,30,40,915,4,437,"Ian Lake","53 deg 45 min","132 deg 35 min"
"Ian Lk",26,30,40,915,5,1260,"Ian Lake","53 deg 45 min","132 deg 35 min"
"Ian Lk",26,30,40,915,6,998,"Ian Lake","53 deg 45 min","132 deg 35 min"
"Ian Lk",26,30,40,915,7,0,"Ian Lake","53 deg 45 min","132 deg 35 min"
"Ian Lk",26,30,40,915,8,1307,"Ian Lake","53 deg 45 min","132 deg 35 min"
"Ian Lk",26,30,40,915,9,1615,"Ian Lake","53 deg 45 min","132 deg 35 min"
"Ian Lk",26,40,50,710,1,0,"Ian Lake","53 deg 45 min","132 deg 35 min"
"Ian Lk",26,40,50,710,2,229,"Ian Lake","53 deg 45 min","132 deg 35 min"
"Ian Lk",26,40,50,710,3,0,"Ian Lake","53 deg 45 min","132 deg 35 min"
"Ian Lk",26,40,50,710,4,319,"Ian Lake","53 deg 45 min","132 deg 35 min"
"Ian Lk",26,40,50,710,5,1100,"Ian Lake","53 deg 45 min","132 deg 35 min"
"Ian Lk",26,40,50,710,6,885,"Ian Lake","53 deg 45 min","132 deg 35 min"
"Ian Lk",26,40,50,710,7,0,"Ian Lake","53 deg 45 min","132 deg 35 min"
"Ian Lk",26,40,50,710,8,1161.5,"Ian Lake","53 deg 45 min","132 deg 35 min"
"Ian Lk",26,40,50,710,9,1639,"Ian Lake","53 deg 45 min","132 deg 35 min"
"Ian Lk",26,50,60,578,1,0,"Ian Lake","53 deg 45 min","132 deg 35 min"
"Ian Lk",26,50,60,578,2,0,"Ian Lake","53 deg 45 min","132 deg 35 min"
"Ian Lk",26,50,60,578,3,0,"Ian Lake","53 deg 45 min","132 deg 35 min"
"Ian Lk",26,50,60,578,4,250,"Ian Lake","53 deg 45 min","132 deg 35 min"
"Ian Lk",26,50,60,578,5,1013,"Ian Lake","53 deg 45 min","132 deg 35 min"
"Ian Lk",26,50,60,578,6,790,"Ian Lake","53 deg 45 min","132 deg 35 min"
"Ian Lk",26,50,60,578,7,0,"Ian Lake","53 deg 45 min","132 deg 35 min"
"Ian Lk",26,50,60,578,8,827,"Ian Lake","53 deg 45 min","132 deg 35 min"
"Ian Lk",26,50,60,578,9,1450,"Ian Lake","53 deg 45 min","132 deg 35 min"
"Ian Lk",26,60,70,476,1,0,"Ian Lake","53 deg 45 min","132 deg 35 min"
"Ian Lk",26,60,70,476,2,0,"Ian Lake","53 deg 45 min","132 deg 35 min"
"Ian Lk",26,60,70,476,3,0,"Ian Lake","53 deg 45 min","132 deg 35 min"
"Ian Lk",26,60,70,476,4,0,"Ian Lake","53 deg 45 min","132 deg 35 min"
"Ian Lk",26,60,70,476,5,0,"Ian Lake","53 deg 45 min","132 deg 35 min"
"Ian Lk",26,60,70,476,6,0,"Ian Lake","53 deg 45 min","132 deg 35 min"
"Ian Lk",26,60,70,476,7,0,"Ian Lake","53 deg 45 min","132 deg 35 min"
"Ian Lk",26,60,70,476,8,0,"Ian Lake","53 deg 45 min","132 deg 35 min"
"Ian Lk",26,60,70,476,9,0,"Ian Lake","53 deg 45 min","132 deg 35 min"
NA,171,NA,NA,NA,NA,NA,"Imperial Eagle Ch","48 deg 54 min","125 deg 12 min"
"Ingram Lk",182,2,5,383.7,1,928,"Ingram Lake","52 deg 38 min","128 deg 00 min"
"Ingram Lk",182,2,5,383.7,2,2619,"Ingram Lake","52 deg 38 min","128 deg 00 min"
"Ingram Lk",182,2,5,383.7,3,635,"Ingram Lake","52 deg 38 min","128 deg 00 min"
"Ingram Lk",182,2,5,383.7,4,603,"Ingram Lake","52 deg 38 min","128 deg 00 min"
"Ingram Lk",182,2,5,383.7,5,888,"Ingram Lake","52 deg 38 min","128 deg 00 min"
"Ingram Lk",182,2,5,383.7,6,779,"Ingram Lake","52 deg 38 min","128 deg 00 min"
"Ingram Lk",182,3,5,383.7,1,928,"Ingram Lake","52 deg 38 min","128 deg 00 min"
"Ingram Lk",182,3,5,383.7,2,2619,"Ingram Lake","52 deg 38 min","128 deg 00 min"
"Ingram Lk",182,3,5,383.7,3,635,"Ingram Lake","52 deg 38 min","128 deg 00 min"
"Ingram Lk",182,3,5,383.7,4,603,"Ingram Lake","52 deg 38 min","128 deg 00 min"
"Ingram Lk",182,3,5,383.7,5,888,"Ingram Lake","52 deg 38 min","128 deg 00 min"
"Ingram Lk",182,3,5,383.7,6,779,"Ingram Lake","52 deg 38 min","128 deg 00 min"
"Ingram Lk",182,5,10,363.1,1,901,"Ingram Lake","52 deg 38 min","128 deg 00 min"
"Ingram Lk",182,5,10,363.1,2,2584,"Ingram Lake","52 deg 38 min","128 deg 00 min"
"Ingram Lk",182,5,10,363.1,3,621,"Ingram Lake","52 deg 38 min","128 deg 00 min"
"Ingram Lk",182,5,10,363.1,4,576,"Ingram Lake","52 deg 38 min","128 deg 00 min"
"Ingram Lk",182,5,10,363.1,5,867,"Ingram Lake","52 deg 38 min","128 deg 00 min"
"Ingram Lk",182,5,10,363.1,6,747,"Ingram Lake","52 deg 38 min","128 deg 00 min"
"Ingram Lk",182,10,15,344,1,885,"Ingram Lake","52 deg 38 min","128 deg 00 min"
"Ingram Lk",182,10,15,344,2,2555,"Ingram Lake","52 deg 38 min","128 deg 00 min"
"Ingram Lk",182,10,15,344,3,611,"Ingram Lake","52 deg 38 min","128 deg 00 min"
"Ingram Lk",182,10,15,344,4,555,"Ingram Lake","52 deg 38 min","128 deg 00 min"
"Ingram Lk",182,10,15,344,5,843,"Ingram Lake","52 deg 38 min","128 deg 00 min"
"Ingram Lk",182,10,15,344,6,723,"Ingram Lake","52 deg 38 min","128 deg 00 min"
"Ingram Lk",182,15,20,323,1,869,"Ingram Lake","52 deg 38 min","128 deg 00 min"
"Ingram Lk",182,15,20,323,2,2528,"Ingram Lake","52 deg 38 min","128 deg 00 min"
"Ingram Lk",182,15,20,323,3,600,"Ingram Lake","52 deg 38 min","128 deg 00 min"
"Ingram Lk",182,15,20,323,4,539,"Ingram Lake","52 deg 38 min","128 deg 00 min"
"Ingram Lk",182,15,20,323,5,805,"Ingram Lake","52 deg 38 min","128 deg 00 min"
"Ingram Lk",182,15,20,323,6,696,"Ingram Lake","52 deg 38 min","128 deg 00 min"
"Ingram Lk",182,20,30,297,1,859,"Ingram Lake","52 deg 38 min","128 deg 00 min"
"Ingram Lk",182,20,30,297,2,2512,"Ingram Lake","52 deg 38 min","128 deg 00 min"
"Ingram Lk",182,20,30,297,3,589,"Ingram Lake","52 deg 38 min","128 deg 00 min"
"Ingram Lk",182,20,30,297,4,523,"Ingram Lake","52 deg 38 min","128 deg 00 min"
"Ingram Lk",182,20,30,297,5,779,"Ingram Lake","52 deg 38 min","128 deg 00 min"
"Ingram Lk",182,20,30,297,6,656,"Ingram Lake","52 deg 38 min","128 deg 00 min"
"Ingram Lk",182,30,40,246,1,816,"Ingram Lake","52 deg 38 min","128 deg 00 min"
"Ingram Lk",182,30,40,246,2,2427,"Ingram Lake","52 deg 38 min","128 deg 00 min"
"Ingram Lk",182,30,40,246,3,549,"Ingram Lake","52 deg 38 min","128 deg 00 min"
"Ingram Lk",182,30,40,246,4,435,"Ingram Lake","52 deg 38 min","128 deg 00 min"
"Ingram Lk",182,30,40,246,5,717,"Ingram Lake","52 deg 38 min","128 deg 00 min"
"Ingram Lk",182,30,40,246,6,459,"Ingram Lake","52 deg 38 min","128 deg 00 min"
"Ingram Lk",182,40,50,172,1,765,"Ingram Lake","52 deg 38 min","128 deg 00 min"
"Ingram Lk",182,40,50,172,2,2349,"Ingram Lake","52 deg 38 min","128 deg 00 min"
"Ingram Lk",182,40,50,172,3,0,"Ingram Lake","52 deg 38 min","128 deg 00 min"
"Ingram Lk",182,40,50,172,4,400,"Ingram Lake","52 deg 38 min","128 deg 00 min"
"Ingram Lk",182,40,50,172,5,669,"Ingram Lake","52 deg 38 min","128 deg 00 min"
"Ingram Lk",182,40,50,172,6,392,"Ingram Lake","52 deg 38 min","128 deg 00 min"
"Ingram Lk",182,50,60,56,1,691,"Ingram Lake","52 deg 38 min","128 deg 00 min"
"Ingram Lk",182,50,60,56,2,2251,"Ingram Lake","52 deg 38 min","128 deg 00 min"
"Ingram Lk",182,50,60,56,3,0,"Ingram Lake","52 deg 38 min","128 deg 00 min"
"Ingram Lk",182,50,60,56,4,0,"Ingram Lake","52 deg 38 min","128 deg 00 min"
"Ingram Lk",182,50,60,56,5,0,"Ingram Lake","52 deg 38 min","128 deg 00 min"
"Ingram Lk",182,50,60,56,6,288,"Ingram Lake","52 deg 38 min","128 deg 00 min"
"JANSEN",108,2,5,58,1,232,"Jansen Lake","50 deg 06 min","127 deg 17 min"
"JANSEN",108,2,5,58,2,395,"Jansen Lake","50 deg 06 min","127 deg 17 min"
"JANSEN",108,2,5,58,3,455,"Jansen Lake","50 deg 06 min","127 deg 17 min"
"JANSEN",108,2,5,58,4,625,"Jansen Lake","50 deg 06 min","127 deg 17 min"
"JANSEN",108,2,5,58,5,1798,"Jansen Lake","50 deg 06 min","127 deg 17 min"
"JANSEN",108,3,5,58,1,232,"Jansen Lake","50 deg 06 min","127 deg 17 min"
"JANSEN",108,3,5,58,2,395,"Jansen Lake","50 deg 06 min","127 deg 17 min"
"JANSEN",108,3,5,58,3,455,"Jansen Lake","50 deg 06 min","127 deg 17 min"
"JANSEN",108,3,5,58,4,625,"Jansen Lake","50 deg 06 min","127 deg 17 min"
"JANSEN",108,3,5,58,5,1798,"Jansen Lake","50 deg 06 min","127 deg 17 min"
"JANSEN",108,5,10,55,1,207,"Jansen Lake","50 deg 06 min","127 deg 17 min"
"JANSEN",108,5,10,55,2,358,"Jansen Lake","50 deg 06 min","127 deg 17 min"
"JANSEN",108,5,10,55,3,449,"Jansen Lake","50 deg 06 min","127 deg 17 min"
"JANSEN",108,5,10,55,4,599,"Jansen Lake","50 deg 06 min","127 deg 17 min"
"JANSEN",108,5,10,55,5,1764,"Jansen Lake","50 deg 06 min","127 deg 17 min"
"JANSEN",108,10,15,51,1,177,"Jansen Lake","50 deg 06 min","127 deg 17 min"
"JANSEN",108,10,15,51,2,342,"Jansen Lake","50 deg 06 min","127 deg 17 min"
"JANSEN",108,10,15,51,3,423,"Jansen Lake","50 deg 06 min","127 deg 17 min"
"JANSEN",108,10,15,51,4,574,"Jansen Lake","50 deg 06 min","127 deg 17 min"
"JANSEN",108,10,15,51,5,1504,"Jansen Lake","50 deg 06 min","127 deg 17 min"
"JANSEN",108,15,20,46,1,146,"Jansen Lake","50 deg 06 min","127 deg 17 min"
"JANSEN",108,15,20,46,2,321,"Jansen Lake","50 deg 06 min","127 deg 17 min"
"JANSEN",108,15,20,46,3,403,"Jansen Lake","50 deg 06 min","127 deg 17 min"
"JANSEN",108,15,20,46,4,523,"Jansen Lake","50 deg 06 min","127 deg 17 min"
"JANSEN",108,15,20,46,5,1452,"Jansen Lake","50 deg 06 min","127 deg 17 min"
"JANSEN",108,20,30,40,1,110,"Jansen Lake","50 deg 06 min","127 deg 17 min"
"JANSEN",108,20,30,40,2,274,"Jansen Lake","50 deg 06 min","127 deg 17 min"
"JANSEN",108,20,30,40,3,358,"Jansen Lake","50 deg 06 min","127 deg 17 min"
"JANSEN",108,20,30,40,4,459,"Jansen Lake","50 deg 06 min","127 deg 17 min"
"JANSEN",108,20,30,40,5,1331,"Jansen Lake","50 deg 06 min","127 deg 17 min"
"JANSEN",108,30,40,27,1,49,"Jansen Lake","50 deg 06 min","127 deg 17 min"
"JANSEN",108,30,40,27,2,179,"Jansen Lake","50 deg 06 min","127 deg 17 min"
"JANSEN",108,30,40,27,3,293,"Jansen Lake","50 deg 06 min","127 deg 17 min"
"JANSEN",108,30,40,27,4,255,"Jansen Lake","50 deg 06 min","127 deg 17 min"
"JANSEN",108,30,40,27,5,1003,"Jansen Lake","50 deg 06 min","127 deg 17 min"
"JANSEN",108,40,50,15,1,0,"Jansen Lake","50 deg 06 min","127 deg 17 min"
"JANSEN",108,40,50,15,2,126,"Jansen Lake","50 deg 06 min","127 deg 17 min"
"JANSEN",108,40,50,15,3,228,"Jansen Lake","50 deg 06 min","127 deg 17 min"
"JANSEN",108,40,50,15,4,0,"Jansen Lake","50 deg 06 min","127 deg 17 min"
"JANSEN",108,40,50,15,5,804,"Jansen Lake","50 deg 06 min","127 deg 17 min"
"Johanson Lk",226,2,5,128.6,1,216.2,"Johanson Lake",NA,NA
"Johanson Lk",226,2,5,128.6,2,295.8,"Johanson Lake",NA,NA
"Johanson Lk",226,2,5,128.6,3,450.1,"Johanson Lake",NA,NA
"Johanson Lk",226,2,5,128.6,4,380.4,"Johanson Lake",NA,NA
"Johanson Lk",226,2,5,128.6,5,247.9,"Johanson Lake",NA,NA
"Johanson Lk",226,2,5,128.6,6,168.3,"Johanson Lake",NA,NA
"Johanson Lk",226,3,5,128.6,1,216.2,"Johanson Lake",NA,NA
"Johanson Lk",226,3,5,128.6,2,295.8,"Johanson Lake",NA,NA
"Johanson Lk",226,3,5,128.6,3,450.1,"Johanson Lake",NA,NA
"Johanson Lk",226,3,5,128.6,4,380.4,"Johanson Lake",NA,NA
"Johanson Lk",226,3,5,128.6,5,247.9,"Johanson Lake",NA,NA
"Johanson Lk",226,3,5,128.6,6,168.3,"Johanson Lake",NA,NA
"Johanson Lk",226,5,10,104.8,1,189.7,"Johanson Lake",NA,NA
"Johanson Lk",226,5,10,104.8,2,276.4,"Johanson Lake",NA,NA
"Johanson Lk",226,5,10,104.8,3,431.6,"Johanson Lake",NA,NA
"Johanson Lk",226,5,10,104.8,4,360,"Johanson Lake",NA,NA
"Johanson Lk",226,5,10,104.8,5,222.4,"Johanson Lake",NA,NA
"Johanson Lk",226,5,10,104.8,6,139.5,"Johanson Lake",NA,NA
"Johanson Lk",226,10,15,76.6,1,149.9,"Johanson Lake",NA,NA
"Johanson Lk",226,10,15,76.6,2,234.4,"Johanson Lake",NA,NA
"Johanson Lk",226,10,15,76.6,3,404,"Johanson Lake",NA,NA
"Johanson Lk",226,10,15,76.6,4,328.6,"Johanson Lake",NA,NA
"Johanson Lk",226,10,15,76.6,5,188.5,"Johanson Lake",NA,NA
"Johanson Lk",226,10,15,76.6,6,99.6,"Johanson Lake",NA,NA
"Johanson Lk",226,15,20,56,1,96.4,"Johanson Lake",NA,NA
"Johanson Lk",226,15,20,56,2,201,"Johanson Lake",NA,NA
"Johanson Lk",226,15,20,56,3,361.4,"Johanson Lake",NA,NA
"Johanson Lk",226,15,20,56,4,283.8,"Johanson Lake",NA,NA
"Johanson Lk",226,15,20,56,5,155,"Johanson Lake",NA,NA
"Johanson Lk",226,15,20,56,6,49.9,"Johanson Lake",NA,NA
"Johanson Lk",226,20,30,29.8,1,33,"Johanson Lake",NA,NA
"Johanson Lk",226,20,30,29.8,2,177.1,"Johanson Lake",NA,NA
"Johanson Lk",226,20,30,29.8,3,218.7,"Johanson Lake",NA,NA
"Johanson Lk",226,20,30,29.8,4,173,"Johanson Lake",NA,NA
"Johanson Lk",226,20,30,29.8,5,113.6,"Johanson Lake",NA,NA
"Johanson Lk",226,20,30,29.8,6,10.3,"Johanson Lake",NA,NA
"Johanson Lk",226,30,40,8.4,1,0,"Johanson Lake",NA,NA
"Johanson Lk",226,30,40,8.4,2,134.8,"Johanson Lake",NA,NA
"Johanson Lk",226,30,40,8.4,3,51.3,"Johanson Lake",NA,NA
"Johanson Lk",226,30,40,8.4,4,46.1,"Johanson Lake",NA,NA
"Johanson Lk",226,30,40,8.4,5,43.9,"Johanson Lake",NA,NA
"Johanson Lk",226,30,40,8.4,6,0,"Johanson Lake",NA,NA
"Johanson Lk",226,40,50,2.5,1,0,"Johanson Lake",NA,NA
"Johanson Lk",226,40,50,2.5,2,54.5,"Johanson Lake",NA,NA
"Johanson Lk",226,40,50,2.5,3,0,"Johanson Lake",NA,NA
"Johanson Lk",226,40,50,2.5,4,0,"Johanson Lake",NA,NA
"Johanson Lk",226,40,50,2.5,5,0,"Johanson Lake",NA,NA
"Johanson Lk",226,40,50,2.5,6,0,"Johanson Lake",NA,NA
NA,96,NA,NA,NA,NA,NA,"Jojo Lake","60 deg 34 min","136 deg 21 min"
NA,170,NA,NA,NA,NA,NA,"Junction Pass","48 deg 57 min","125 deg 03 min"
NA,189,NA,NA,NA,NA,NA,"Kainet Ck",NA,NA
NA,5,NA,NA,NA,NA,NA,"Kennedy Lake","49 deg 05 min","125 deg 33 min"
"KCA",40,2,5,1480,1,1045,"Kennedy Lake (Clay)","49 deg 08 min","125 deg 35 min"
"KCA",40,2,5,1480,2,2195,"Kennedy Lake (Clay)","49 deg 08 min","125 deg 35 min"
"KCA",40,2,5,1480,3,1485,"Kennedy Lake (Clay)","49 deg 08 min","125 deg 35 min"
"KCA",40,2,5,1480,4,965,"Kennedy Lake (Clay)","49 deg 08 min","125 deg 35 min"
"KCA",40,2,5,1480,5,1680,"Kennedy Lake (Clay)","49 deg 08 min","125 deg 35 min"
"KCA",40,2,5,1480,6,1610,"Kennedy Lake (Clay)","49 deg 08 min","125 deg 35 min"
"KCA",40,2,5,1480,7,810,"Kennedy Lake (Clay)","49 deg 08 min","125 deg 35 min"
"KCA",40,2,5,1480,8,810,"Kennedy Lake (Clay)","49 deg 08 min","125 deg 35 min"
"KCA",40,2,5,1480,9,1610,"Kennedy Lake (Clay)","49 deg 08 min","125 deg 35 min"
"KCA",40,2,5,1480,10,1735,"Kennedy Lake (Clay)","49 deg 08 min","125 deg 35 min"
"KCA",40,2,5,1480,11,725,"Kennedy Lake (Clay)","49 deg 08 min","125 deg 35 min"
"KCA",40,2,5,1480,12,1380,"Kennedy Lake (Clay)","49 deg 08 min","125 deg 35 min"
"KCA",40,2,5,1480,13,1845,"Kennedy Lake (Clay)","49 deg 08 min","125 deg 35 min"
"KCA",40,2,5,1480,14,1610,"Kennedy Lake (Clay)","49 deg 08 min","125 deg 35 min"
"KCA",40,2,5,1480,15,695,"Kennedy Lake (Clay)","49 deg 08 min","125 deg 35 min"
"KCA",40,2,5,1480,16,880,"Kennedy Lake (Clay)","49 deg 08 min","125 deg 35 min"
"KCA",40,3,5,1480,1,1045,"Kennedy Lake (Clay)","49 deg 08 min","125 deg 35 min"
"KCA",40,3,5,1480,2,2195,"Kennedy Lake (Clay)","49 deg 08 min","125 deg 35 min"
"KCA",40,3,5,1480,3,1485,"Kennedy Lake (Clay)","49 deg 08 min","125 deg 35 min"
"KCA",40,3,5,1480,4,965,"Kennedy Lake (Clay)","49 deg 08 min","125 deg 35 min"
"KCA",40,3,5,1480,5,1680,"Kennedy Lake (Clay)","49 deg 08 min","125 deg 35 min"
"KCA",40,3,5,1480,6,1610,"Kennedy Lake (Clay)","49 deg 08 min","125 deg 35 min"
"KCA",40,3,5,1480,7,810,"Kennedy Lake (Clay)","49 deg 08 min","125 deg 35 min"
"KCA",40,3,5,1480,8,810,"Kennedy Lake (Clay)","49 deg 08 min","125 deg 35 min"
"KCA",40,3,5,1480,9,1610,"Kennedy Lake (Clay)","49 deg 08 min","125 deg 35 min"
"KCA",40,3,5,1480,10,1735,"Kennedy Lake (Clay)","49 deg 08 min","125 deg 35 min"
"KCA",40,3,5,1480,11,725,"Kennedy Lake (Clay)","49 deg 08 min","125 deg 35 min"
"KCA",40,3,5,1480,12,1380,"Kennedy Lake (Clay)","49 deg 08 min","125 deg 35 min"
"KCA",40,3,5,1480,13,1845,"Kennedy Lake (Clay)","49 deg 08 min","125 deg 35 min"
"KCA",40,3,5,1480,14,1610,"Kennedy Lake (Clay)","49 deg 08 min","125 deg 35 min"
"KCA",40,3,5,1480,15,695,"Kennedy Lake (Clay)","49 deg 08 min","125 deg 35 min"
"KCA",40,3,5,1480,16,880,"Kennedy Lake (Clay)","49 deg 08 min","125 deg 35 min"
"KCA",40,5,10,1433,1,1020,"Kennedy Lake (Clay)","49 deg 08 min","125 deg 35 min"
"KCA",40,5,10,1433,2,2175,"Kennedy Lake (Clay)","49 deg 08 min","125 deg 35 min"
"KCA",40,5,10,1433,3,1465,"Kennedy Lake (Clay)","49 deg 08 min","125 deg 35 min"
"KCA",40,5,10,1433,4,950,"Kennedy Lake (Clay)","49 deg 08 min","125 deg 35 min"
"KCA",40,5,10,1433,5,1650,"Kennedy Lake (Clay)","49 deg 08 min","125 deg 35 min"
"KCA",40,5,10,1433,6,1580,"Kennedy Lake (Clay)","49 deg 08 min","125 deg 35 min"
"KCA",40,5,10,1433,7,790,"Kennedy Lake (Clay)","49 deg 08 min","125 deg 35 min"
"KCA",40,5,10,1433,8,790,"Kennedy Lake (Clay)","49 deg 08 min","125 deg 35 min"
"KCA",40,5,10,1433,9,1580,"Kennedy Lake (Clay)","49 deg 08 min","125 deg 35 min"
"KCA",40,5,10,1433,10,1710,"Kennedy Lake (Clay)","49 deg 08 min","125 deg 35 min"
"KCA",40,5,10,1433,11,710,"Kennedy Lake (Clay)","49 deg 08 min","125 deg 35 min"
"KCA",40,5,10,1433,12,1355,"Kennedy Lake (Clay)","49 deg 08 min","125 deg 35 min"
"KCA",40,5,10,1433,13,1825,"Kennedy Lake (Clay)","49 deg 08 min","125 deg 35 min"
"KCA",40,5,10,1433,14,1580,"Kennedy Lake (Clay)","49 deg 08 min","125 deg 35 min"
"KCA",40,5,10,1433,15,680,"Kennedy Lake (Clay)","49 deg 08 min","125 deg 35 min"
"KCA",40,5,10,1433,16,855,"Kennedy Lake (Clay)","49 deg 08 min","125 deg 35 min"
"KCA",40,10,15,1385,1,990,"Kennedy Lake (Clay)","49 deg 08 min","125 deg 35 min"
"KCA",40,10,15,1385,2,2150,"Kennedy Lake (Clay)","49 deg 08 min","125 deg 35 min"
"KCA",40,10,15,1385,3,1445,"Kennedy Lake (Clay)","49 deg 08 min","125 deg 35 min"
"KCA",40,10,15,1385,4,925,"Kennedy Lake (Clay)","49 deg 08 min","125 deg 35 min"
"KCA",40,10,15,1385,5,1620,"Kennedy Lake (Clay)","49 deg 08 min","125 deg 35 min"
"KCA",40,10,15,1385,6,1545,"Kennedy Lake (Clay)","49 deg 08 min","125 deg 35 min"
"KCA",40,10,15,1385,7,760,"Kennedy Lake (Clay)","49 deg 08 min","125 deg 35 min"
"KCA",40,10,15,1385,8,760,"Kennedy Lake (Clay)","49 deg 08 min","125 deg 35 min"
"KCA",40,10,15,1385,9,1545,"Kennedy Lake (Clay)","49 deg 08 min","125 deg 35 min"
"KCA",40,10,15,1385,10,1670,"Kennedy Lake (Clay)","49 deg 08 min","125 deg 35 min"
"KCA",40,10,15,1385,11,690,"Kennedy Lake (Clay)","49 deg 08 min","125 deg 35 min"
"KCA",40,10,15,1385,12,1330,"Kennedy Lake (Clay)","49 deg 08 min","125 deg 35 min"
"KCA",40,10,15,1385,13,1800,"Kennedy Lake (Clay)","49 deg 08 min","125 deg 35 min"
"KCA",40,10,15,1385,14,1550,"Kennedy Lake (Clay)","49 deg 08 min","125 deg 35 min"
"KCA",40,10,15,1385,15,665,"Kennedy Lake (Clay)","49 deg 08 min","125 deg 35 min"
"KCA",40,10,15,1385,16,830,"Kennedy Lake (Clay)","49 deg 08 min","125 deg 35 min"
"KCA",40,15,20,1315,1,960,"Kennedy Lake (Clay)","49 deg 08 min","125 deg 35 min"
"KCA",40,15,20,1315,2,2150,"Kennedy Lake (Clay)","49 deg 08 min","125 deg 35 min"
"KCA",40,15,20,1315,3,1415,"Kennedy Lake (Clay)","49 deg 08 min","125 deg 35 min"
"KCA",40,15,20,1315,4,905,"Kennedy Lake (Clay)","49 deg 08 min","125 deg 35 min"
"KCA",40,15,20,1315,5,1595,"Kennedy Lake (Clay)","49 deg 08 min","125 deg 35 min"
"KCA",40,15,20,1315,6,1485,"Kennedy Lake (Clay)","49 deg 08 min","125 deg 35 min"
"KCA",40,15,20,1315,7,725,"Kennedy Lake (Clay)","49 deg 08 min","125 deg 35 min"
"KCA",40,15,20,1315,8,725,"Kennedy Lake (Clay)","49 deg 08 min","125 deg 35 min"
"KCA",40,15,20,1315,9,1485,"Kennedy Lake (Clay)","49 deg 08 min","125 deg 35 min"
"KCA",40,15,20,1315,10,1620,"Kennedy Lake (Clay)","49 deg 08 min","125 deg 35 min"
"KCA",40,15,20,1315,11,660,"Kennedy Lake (Clay)","49 deg 08 min","125 deg 35 min"
"KCA",40,15,20,1315,12,1295,"Kennedy Lake (Clay)","49 deg 08 min","125 deg 35 min"
"KCA",40,15,20,1315,13,1780,"Kennedy Lake (Clay)","49 deg 08 min","125 deg 35 min"
"KCA",40,15,20,1315,14,1520,"Kennedy Lake (Clay)","49 deg 08 min","125 deg 35 min"
"KCA",40,15,20,1315,15,650,"Kennedy Lake (Clay)","49 deg 08 min","125 deg 35 min"
"KCA",40,15,20,1315,16,805,"Kennedy Lake (Clay)","49 deg 08 min","125 deg 35 min"
"KCA",40,20,30,1100,1,900,"Kennedy Lake (Clay)","49 deg 08 min","125 deg 35 min"
"KCA",40,20,30,1100,2,2075,"Kennedy Lake (Clay)","49 deg 08 min","125 deg 35 min"
"KCA",40,20,30,1100,3,1370,"Kennedy Lake (Clay)","49 deg 08 min","125 deg 35 min"
"KCA",40,20,30,1100,4,870,"Kennedy Lake (Clay)","49 deg 08 min","125 deg 35 min"
"KCA",40,20,30,1100,5,1545,"Kennedy Lake (Clay)","49 deg 08 min","125 deg 35 min"
"KCA",40,20,30,1100,6,1440,"Kennedy Lake (Clay)","49 deg 08 min","125 deg 35 min"
"KCA",40,20,30,1100,7,675,"Kennedy Lake (Clay)","49 deg 08 min","125 deg 35 min"
"KCA",40,20,30,1100,8,675,"Kennedy Lake (Clay)","49 deg 08 min","125 deg 35 min"
"KCA",40,20,30,1100,9,1440,"Kennedy Lake (Clay)","49 deg 08 min","125 deg 35 min"
"KCA",40,20,30,1100,10,1575,"Kennedy Lake (Clay)","49 deg 08 min","125 deg 35 min"
"KCA",40,20,30,1100,11,630,"Kennedy Lake (Clay)","49 deg 08 min","125 deg 35 min"
"KCA",40,20,30,1100,12,1240,"Kennedy Lake (Clay)","49 deg 08 min","125 deg 35 min"
"KCA",40,20,30,1100,13,1705,"Kennedy Lake (Clay)","49 deg 08 min","125 deg 35 min"
"KCA",40,20,30,1100,14,1470,"Kennedy Lake (Clay)","49 deg 08 min","125 deg 35 min"
"KCA",40,20,30,1100,15,625,"Kennedy Lake (Clay)","49 deg 08 min","125 deg 35 min"
"KCA",40,20,30,1100,16,775,"Kennedy Lake (Clay)","49 deg 08 min","125 deg 35 min"
"KCA",40,30,40,980,1,855,"Kennedy Lake (Clay)","49 deg 08 min","125 deg 35 min"
"KCA",40,30,40,980,2,2020,"Kennedy Lake (Clay)","49 deg 08 min","125 deg 35 min"
"KCA",40,30,40,980,3,1335,"Kennedy Lake (Clay)","49 deg 08 min","125 deg 35 min"
"KCA",40,30,40,980,4,805,"Kennedy Lake (Clay)","49 deg 08 min","125 deg 35 min"
"KCA",40,30,40,980,5,1465,"Kennedy Lake (Clay)","49 deg 08 min","125 deg 35 min"
"KCA",40,30,40,980,6,1365,"Kennedy Lake (Clay)","49 deg 08 min","125 deg 35 min"
"KCA",40,30,40,980,7,600,"Kennedy Lake (Clay)","49 deg 08 min","125 deg 35 min"
"KCA",40,30,40,980,8,600,"Kennedy Lake (Clay)","49 deg 08 min","125 deg 35 min"
"KCA",40,30,40,980,9,1365,"Kennedy Lake (Clay)","49 deg 08 min","125 deg 35 min"
"KCA",40,30,40,980,10,1530,"Kennedy Lake (Clay)","49 deg 08 min","125 deg 35 min"
"KCA",40,30,40,980,11,600,"Kennedy Lake (Clay)","49 deg 08 min","125 deg 35 min"
"KCA",40,30,40,980,12,1180,"Kennedy Lake (Clay)","49 deg 08 min","125 deg 35 min"
"KCA",40,30,40,980,13,1635,"Kennedy Lake (Clay)","49 deg 08 min","125 deg 35 min"
"KCA",40,30,40,980,14,1390,"Kennedy Lake (Clay)","49 deg 08 min","125 deg 35 min"
"KCA",40,30,40,980,15,575,"Kennedy Lake (Clay)","49 deg 08 min","125 deg 35 min"
"KCA",40,30,40,980,16,725,"Kennedy Lake (Clay)","49 deg 08 min","125 deg 35 min"
"KCA",40,40,50,890,1,825,"Kennedy Lake (Clay)","49 deg 08 min","125 deg 35 min"
"KCA",40,40,50,890,2,1950,"Kennedy Lake (Clay)","49 deg 08 min","125 deg 35 min"
"KCA",40,40,50,890,3,1310,"Kennedy Lake (Clay)","49 deg 08 min","125 deg 35 min"
"KCA",40,40,50,890,4,755,"Kennedy Lake (Clay)","49 deg 08 min","125 deg 35 min"
"KCA",40,40,50,890,5,1380,"Kennedy Lake (Clay)","49 deg 08 min","125 deg 35 min"
"KCA",40,40,50,890,6,1280,"Kennedy Lake (Clay)","49 deg 08 min","125 deg 35 min"
"KCA",40,40,50,890,7,510,"Kennedy Lake (Clay)","49 deg 08 min","125 deg 35 min"
"KCA",40,40,50,890,8,510,"Kennedy Lake (Clay)","49 deg 08 min","125 deg 35 min"
"KCA",40,40,50,890,9,1280,"Kennedy Lake (Clay)","49 deg 08 min","125 deg 35 min"
"KCA",40,40,50,890,10,1435,"Kennedy Lake (Clay)","49 deg 08 min","125 deg 35 min"
"KCA",40,40,50,890,11,565,"Kennedy Lake (Clay)","49 deg 08 min","125 deg 35 min"
"KCA",40,40,50,890,12,1135,"Kennedy Lake (Clay)","49 deg 08 min","125 deg 35 min"
"KCA",40,40,50,890,13,1610,"Kennedy Lake (Clay)","49 deg 08 min","125 deg 35 min"
"KCA",40,40,50,890,14,1375,"Kennedy Lake (Clay)","49 deg 08 min","125 deg 35 min"
"KCA",40,40,50,890,15,515,"Kennedy Lake (Clay)","49 deg 08 min","125 deg 35 min"
"KCA",40,40,50,890,16,575,"Kennedy Lake (Clay)","49 deg 08 min","125 deg 35 min"
"KCA",40,50,60,820,1,790,"Kennedy Lake (Clay)","49 deg 08 min","125 deg 35 min"
"KCA",40,50,60,820,2,1920,"Kennedy Lake (Clay)","49 deg 08 min","125 deg 35 min"
"KCA",40,50,60,820,3,1295,"Kennedy Lake (Clay)","49 deg 08 min","125 deg 35 min"
"KCA",40,50,60,820,4,695,"Kennedy Lake (Clay)","49 deg 08 min","125 deg 35 min"
"KCA",40,50,60,820,5,1265,"Kennedy Lake (Clay)","49 deg 08 min","125 deg 35 min"
"KCA",40,50,60,820,6,1230,"Kennedy Lake (Clay)","49 deg 08 min","125 deg 35 min"
"KCA",40,50,60,820,7,425,"Kennedy Lake (Clay)","49 deg 08 min","125 deg 35 min"
"KCA",40,50,60,820,8,425,"Kennedy Lake (Clay)","49 deg 08 min","125 deg 35 min"
"KCA",40,50,60,820,9,1230,"Kennedy Lake (Clay)","49 deg 08 min","125 deg 35 min"
"KCA",40,50,60,820,10,1325,"Kennedy Lake (Clay)","49 deg 08 min","125 deg 35 min"
"KCA",40,50,60,820,11,535,"Kennedy Lake (Clay)","49 deg 08 min","125 deg 35 min"
"KCA",40,50,60,820,12,1100,"Kennedy Lake (Clay)","49 deg 08 min","125 deg 35 min"
"KCA",40,50,60,820,13,1585,"Kennedy Lake (Clay)","49 deg 08 min","125 deg 35 min"
"KCA",40,50,60,820,14,1335,"Kennedy Lake (Clay)","49 deg 08 min","125 deg 35 min"
"KCA",40,50,60,820,15,445,"Kennedy Lake (Clay)","49 deg 08 min","125 deg 35 min"
"KCA",40,50,60,820,16,395,"Kennedy Lake (Clay)","49 deg 08 min","125 deg 35 min"
"KCA",40,60,70,739,1,725,"Kennedy Lake (Clay)","49 deg 08 min","125 deg 35 min"
"KCA",40,60,70,739,2,1785,"Kennedy Lake (Clay)","49 deg 08 min","125 deg 35 min"
"KCA",40,60,70,739,3,1265,"Kennedy Lake (Clay)","49 deg 08 min","125 deg 35 min"
"KCA",40,60,70,739,4,655,"Kennedy Lake (Clay)","49 deg 08 min","125 deg 35 min"
"KCA",40,60,70,739,5,1210,"Kennedy Lake (Clay)","49 deg 08 min","125 deg 35 min"
"KCA",40,60,70,739,6,1025,"Kennedy Lake (Clay)","49 deg 08 min","125 deg 35 min"
"KCA",40,60,70,739,7,200,"Kennedy Lake (Clay)","49 deg 08 min","125 deg 35 min"
"KCA",40,60,70,739,8,200,"Kennedy Lake (Clay)","49 deg 08 min","125 deg 35 min"
"KCA",40,60,70,739,9,1025,"Kennedy Lake (Clay)","49 deg 08 min","125 deg 35 min"
"KCA",40,60,70,739,10,1260,"Kennedy Lake (Clay)","49 deg 08 min","125 deg 35 min"
"KCA",40,60,70,739,11,500,"Kennedy Lake (Clay)","49 deg 08 min","125 deg 35 min"
"KCA",40,60,70,739,12,1065,"Kennedy Lake (Clay)","49 deg 08 min","125 deg 35 min"
"KCA",40,60,70,739,13,1565,"Kennedy Lake (Clay)","49 deg 08 min","125 deg 35 min"
"KCA",40,60,70,739,14,1280,"Kennedy Lake (Clay)","49 deg 08 min","125 deg 35 min"
"KCA",40,60,70,739,15,290,"Kennedy Lake (Clay)","49 deg 08 min","125 deg 35 min"
"KCA",40,60,70,739,16,0,"Kennedy Lake (Clay)","49 deg 08 min","125 deg 35 min"
"KMA",41,2,5,3450,1,1665,"Kennedy Lake (Main)","49 deg 04 min","125 deg 34 min"
"KMA",41,2,5,3450,2,1930,"Kennedy Lake (Main)","49 deg 04 min","125 deg 34 min"
"KMA",41,2,5,3450,3,2285,"Kennedy Lake (Main)","49 deg 04 min","125 deg 34 min"
"KMA",41,2,5,3450,4,1830,"Kennedy Lake (Main)","49 deg 04 min","125 deg 34 min"
"KMA",41,2,5,3450,5,1975,"Kennedy Lake (Main)","49 deg 04 min","125 deg 34 min"
"KMA",41,2,5,3450,6,3680,"Kennedy Lake (Main)","49 deg 04 min","125 deg 34 min"
"KMA",41,2,5,3450,7,2330,"Kennedy Lake (Main)","49 deg 04 min","125 deg 34 min"
"KMA",41,2,5,3450,8,2330,"Kennedy Lake (Main)","49 deg 04 min","125 deg 34 min"
"KMA",41,2,5,3450,9,3585,"Kennedy Lake (Main)","49 deg 04 min","125 deg 34 min"
"KMA",41,2,5,3450,10,1975,"Kennedy Lake (Main)","49 deg 04 min","125 deg 34 min"
"KMA",41,2,5,3450,11,1830,"Kennedy Lake (Main)","49 deg 04 min","125 deg 34 min"
"KMA",41,2,5,3450,12,1755,"Kennedy Lake (Main)","49 deg 04 min","125 deg 34 min"
"KMA",41,2,5,3450,13,1930,"Kennedy Lake (Main)","49 deg 04 min","125 deg 34 min"
"KMA",41,2,5,3450,14,1015,"Kennedy Lake (Main)","49 deg 04 min","125 deg 34 min"
"KMA",41,2,5,3450,15,1900,"Kennedy Lake (Main)","49 deg 04 min","125 deg 34 min"
"KMA",41,3,5,3450,1,1665,"Kennedy Lake (Main)","49 deg 04 min","125 deg 34 min"
"KMA",41,3,5,3450,2,1930,"Kennedy Lake (Main)","49 deg 04 min","125 deg 34 min"
"KMA",41,3,5,3450,3,2285,"Kennedy Lake (Main)","49 deg 04 min","125 deg 34 min"
"KMA",41,3,5,3450,4,1830,"Kennedy Lake (Main)","49 deg 04 min","125 deg 34 min"
"KMA",41,3,5,3450,5,1975,"Kennedy Lake (Main)","49 deg 04 min","125 deg 34 min"
"KMA",41,3,5,3450,6,3680,"Kennedy Lake (Main)","49 deg 04 min","125 deg 34 min"
"KMA",41,3,5,3450,7,2330,"Kennedy Lake (Main)","49 deg 04 min","125 deg 34 min"
"KMA",41,3,5,3450,8,2330,"Kennedy Lake (Main)","49 deg 04 min","125 deg 34 min"
"KMA",41,3,5,3450,9,3585,"Kennedy Lake (Main)","49 deg 04 min","125 deg 34 min"
"KMA",41,3,5,3450,10,1975,"Kennedy Lake (Main)","49 deg 04 min","125 deg 34 min"
"KMA",41,3,5,3450,11,1830,"Kennedy Lake (Main)","49 deg 04 min","125 deg 34 min"
"KMA",41,3,5,3450,12,1755,"Kennedy Lake (Main)","49 deg 04 min","125 deg 34 min"
"KMA",41,3,5,3450,13,1930,"Kennedy Lake (Main)","49 deg 04 min","125 deg 34 min"
"KMA",41,3,5,3450,14,1015,"Kennedy Lake (Main)","49 deg 04 min","125 deg 34 min"
"KMA",41,3,5,3450,15,1900,"Kennedy Lake (Main)","49 deg 04 min","125 deg 34 min"
"KMA",41,5,10,3130,1,1645,"Kennedy Lake (Main)","49 deg 04 min","125 deg 34 min"
"KMA",41,5,10,3130,2,1905,"Kennedy Lake (Main)","49 deg 04 min","125 deg 34 min"
"KMA",41,5,10,3130,3,2260,"Kennedy Lake (Main)","49 deg 04 min","125 deg 34 min"
"KMA",41,5,10,3130,4,1790,"Kennedy Lake (Main)","49 deg 04 min","125 deg 34 min"
"KMA",41,5,10,3130,5,1885,"Kennedy Lake (Main)","49 deg 04 min","125 deg 34 min"
"KMA",41,5,10,3130,6,3225,"Kennedy Lake (Main)","49 deg 04 min","125 deg 34 min"
"KMA",41,5,10,3130,7,2055,"Kennedy Lake (Main)","49 deg 04 min","125 deg 34 min"
"KMA",41,5,10,3130,8,2055,"Kennedy Lake (Main)","49 deg 04 min","125 deg 34 min"
"KMA",41,5,10,3130,9,3185,"Kennedy Lake (Main)","49 deg 04 min","125 deg 34 min"
"KMA",41,5,10,3130,10,1885,"Kennedy Lake (Main)","49 deg 04 min","125 deg 34 min"
"KMA",41,5,10,3130,11,1790,"Kennedy Lake (Main)","49 deg 04 min","125 deg 34 min"
"KMA",41,5,10,3130,12,1730,"Kennedy Lake (Main)","49 deg 04 min","125 deg 34 min"
"KMA",41,5,10,3130,13,1905,"Kennedy Lake (Main)","49 deg 04 min","125 deg 34 min"
"KMA",41,5,10,3130,14,1000,"Kennedy Lake (Main)","49 deg 04 min","125 deg 34 min"
"KMA",41,5,10,3130,15,1870,"Kennedy Lake (Main)","49 deg 04 min","125 deg 34 min"
"KMA",41,10,15,2810,1,1625,"Kennedy Lake (Main)","49 deg 04 min","125 deg 34 min"
"KMA",41,10,15,2810,2,1865,"Kennedy Lake (Main)","49 deg 04 min","125 deg 34 min"
"KMA",41,10,15,2810,3,2225,"Kennedy Lake (Main)","49 deg 04 min","125 deg 34 min"
"KMA",41,10,15,2810,4,1745,"Kennedy Lake (Main)","49 deg 04 min","125 deg 34 min"
"KMA",41,10,15,2810,5,1785,"Kennedy Lake (Main)","49 deg 04 min","125 deg 34 min"
"KMA",41,10,15,2810,6,2365,"Kennedy Lake (Main)","49 deg 04 min","125 deg 34 min"
"KMA",41,10,15,2810,7,1755,"Kennedy Lake (Main)","49 deg 04 min","125 deg 34 min"
"KMA",41,10,15,2810,8,1755,"Kennedy Lake (Main)","49 deg 04 min","125 deg 34 min"
"KMA",41,10,15,2810,9,2635,"Kennedy Lake (Main)","49 deg 04 min","125 deg 34 min"
"KMA",41,10,15,2810,10,1785,"Kennedy Lake (Main)","49 deg 04 min","125 deg 34 min"
"KMA",41,10,15,2810,11,1745,"Kennedy Lake (Main)","49 deg 04 min","125 deg 34 min"
"KMA",41,10,15,2810,12,1705,"Kennedy Lake (Main)","49 deg 04 min","125 deg 34 min"
"KMA",41,10,15,2810,13,1865,"Kennedy Lake (Main)","49 deg 04 min","125 deg 34 min"
"KMA",41,10,15,2810,14,985,"Kennedy Lake (Main)","49 deg 04 min","125 deg 34 min"
"KMA",41,10,15,2810,15,1840,"Kennedy Lake (Main)","49 deg 04 min","125 deg 34 min"
"KMA",41,15,20,2530,1,1605,"Kennedy Lake (Main)","49 deg 04 min","125 deg 34 min"
"KMA",41,15,20,2530,2,1820,"Kennedy Lake (Main)","49 deg 04 min","125 deg 34 min"
"KMA",41,15,20,2530,3,2200,"Kennedy Lake (Main)","49 deg 04 min","125 deg 34 min"
"KMA",41,15,20,2530,4,1705,"Kennedy Lake (Main)","49 deg 04 min","125 deg 34 min"
"KMA",41,15,20,2530,5,1690,"Kennedy Lake (Main)","49 deg 04 min","125 deg 34 min"
"KMA",41,15,20,2530,6,1810,"Kennedy Lake (Main)","49 deg 04 min","125 deg 34 min"
"KMA",41,15,20,2530,7,1325,"Kennedy Lake (Main)","49 deg 04 min","125 deg 34 min"
"KMA",41,15,20,2530,8,1325,"Kennedy Lake (Main)","49 deg 04 min","125 deg 34 min"
"KMA",41,15,20,2530,9,2305,"Kennedy Lake (Main)","49 deg 04 min","125 deg 34 min"
"KMA",41,15,20,2530,10,1690,"Kennedy Lake (Main)","49 deg 04 min","125 deg 34 min"
"KMA",41,15,20,2530,11,1705,"Kennedy Lake (Main)","49 deg 04 min","125 deg 34 min"
"KMA",41,15,20,2530,12,1680,"Kennedy Lake (Main)","49 deg 04 min","125 deg 34 min"
"KMA",41,15,20,2530,13,1820,"Kennedy Lake (Main)","49 deg 04 min","125 deg 34 min"
"KMA",41,15,20,2530,14,965,"Kennedy Lake (Main)","49 deg 04 min","125 deg 34 min"
"KMA",41,15,20,2530,15,1805,"Kennedy Lake (Main)","49 deg 04 min","125 deg 34 min"
"KMA",41,20,30,1885,1,1570,"Kennedy Lake (Main)","49 deg 04 min","125 deg 34 min"
"KMA",41,20,30,1885,2,1615,"Kennedy Lake (Main)","49 deg 04 min","125 deg 34 min"
"KMA",41,20,30,1885,3,2145,"Kennedy Lake (Main)","49 deg 04 min","125 deg 34 min"
"KMA",41,20,30,1885,4,1615,"Kennedy Lake (Main)","49 deg 04 min","125 deg 34 min"
"KMA",41,20,30,1885,5,1545,"Kennedy Lake (Main)","49 deg 04 min","125 deg 34 min"
"KMA",41,20,30,1885,6,873,"Kennedy Lake (Main)","49 deg 04 min","125 deg 34 min"
"KMA",41,20,30,1885,7,505,"Kennedy Lake (Main)","49 deg 04 min","125 deg 34 min"
"KMA",41,20,30,1885,8,505,"Kennedy Lake (Main)","49 deg 04 min","125 deg 34 min"
"KMA",41,20,30,1885,9,1795,"Kennedy Lake (Main)","49 deg 04 min","125 deg 34 min"
"KMA",41,20,30,1885,10,1545,"Kennedy Lake (Main)","49 deg 04 min","125 deg 34 min"
"KMA",41,20,30,1885,11,1615,"Kennedy Lake (Main)","49 deg 04 min","125 deg 34 min"
"KMA",41,20,30,1885,12,1630,"Kennedy Lake (Main)","49 deg 04 min","125 deg 34 min"
"KMA",41,20,30,1885,13,1615,"Kennedy Lake (Main)","49 deg 04 min","125 deg 34 min"
"KMA",41,20,30,1885,14,940,"Kennedy Lake (Main)","49 deg 04 min","125 deg 34 min"
"KMA",41,20,30,1885,15,1765,"Kennedy Lake (Main)","49 deg 04 min","125 deg 34 min"
"KMA",41,30,40,1420,1,1530,"Kennedy Lake (Main)","49 deg 04 min","125 deg 34 min"
"KMA",41,30,40,1420,2,1355,"Kennedy Lake (Main)","49 deg 04 min","125 deg 34 min"
"KMA",41,30,40,1420,3,2075,"Kennedy Lake (Main)","49 deg 04 min","125 deg 34 min"
"KMA",41,30,40,1420,4,1470,"Kennedy Lake (Main)","49 deg 04 min","125 deg 34 min"
"KMA",41,30,40,1420,5,720,"Kennedy Lake (Main)","49 deg 04 min","125 deg 34 min"
"KMA",41,30,40,1420,6,220,"Kennedy Lake (Main)","49 deg 04 min","125 deg 34 min"
"KMA",41,30,40,1420,7,0,"Kennedy Lake (Main)","49 deg 04 min","125 deg 34 min"
"KMA",41,30,40,1420,8,0,"Kennedy Lake (Main)","49 deg 04 min","125 deg 34 min"
"KMA",41,30,40,1420,9,640,"Kennedy Lake (Main)","49 deg 04 min","125 deg 34 min"
"KMA",41,30,40,1420,10,720,"Kennedy Lake (Main)","49 deg 04 min","125 deg 34 min"
"KMA",41,30,40,1420,11,1470,"Kennedy Lake (Main)","49 deg 04 min","125 deg 34 min"
"KMA",41,30,40,1420,12,1530,"Kennedy Lake (Main)","49 deg 04 min","125 deg 34 min"
"KMA",41,30,40,1420,13,1355,"Kennedy Lake (Main)","49 deg 04 min","125 deg 34 min"
"KMA",41,30,40,1420,14,910,"Kennedy Lake (Main)","49 deg 04 min","125 deg 34 min"
"KMA",41,30,40,1420,15,1695,"Kennedy Lake (Main)","49 deg 04 min","125 deg 34 min"
"KMA",41,40,50,945,1,1460,"Kennedy Lake (Main)","49 deg 04 min","125 deg 34 min"
"KMA",41,40,50,945,2,1220,"Kennedy Lake (Main)","49 deg 04 min","125 deg 34 min"
"KMA",41,40,50,945,3,1855,"Kennedy Lake (Main)","49 deg 04 min","125 deg 34 min"
"KMA",41,40,50,945,4,1175,"Kennedy Lake (Main)","49 deg 04 min","125 deg 34 min"
"KMA",41,40,50,945,5,65,"Kennedy Lake (Main)","49 deg 04 min","125 deg 34 min"
"KMA",41,40,50,945,6,0,"Kennedy Lake (Main)","49 deg 04 min","125 deg 34 min"
"KMA",41,40,50,945,7,0,"Kennedy Lake (Main)","49 deg 04 min","125 deg 34 min"
"KMA",41,40,50,945,8,0,"Kennedy Lake (Main)","49 deg 04 min","125 deg 34 min"
"KMA",41,40,50,945,9,0,"Kennedy Lake (Main)","49 deg 04 min","125 deg 34 min"
"KMA",41,40,50,945,10,65,"Kennedy Lake (Main)","49 deg 04 min","125 deg 34 min"
"KMA",41,40,50,945,11,1175,"Kennedy Lake (Main)","49 deg 04 min","125 deg 34 min"
"KMA",41,40,50,945,12,1285,"Kennedy Lake (Main)","49 deg 04 min","125 deg 34 min"
"KMA",41,40,50,945,13,1220,"Kennedy Lake (Main)","49 deg 04 min","125 deg 34 min"
"KMA",41,40,50,945,14,865,"Kennedy Lake (Main)","49 deg 04 min","125 deg 34 min"
"KMA",41,40,50,945,15,1640,"Kennedy Lake (Main)","49 deg 04 min","125 deg 34 min"
"KMA",41,50,60,715,1,1400,"Kennedy Lake (Main)","49 deg 04 min","125 deg 34 min"
"KMA",41,50,60,715,2,1030,"Kennedy Lake (Main)","49 deg 04 min","125 deg 34 min"
"KMA",41,50,60,715,3,1605,"Kennedy Lake (Main)","49 deg 04 min","125 deg 34 min"
"KMA",41,50,60,715,4,785,"Kennedy Lake (Main)","49 deg 04 min","125 deg 34 min"
"KMA",41,50,60,715,5,0,"Kennedy Lake (Main)","49 deg 04 min","125 deg 34 min"
"KMA",41,50,60,715,6,0,"Kennedy Lake (Main)","49 deg 04 min","125 deg 34 min"
"KMA",41,50,60,715,7,0,"Kennedy Lake (Main)","49 deg 04 min","125 deg 34 min"
"KMA",41,50,60,715,8,0,"Kennedy Lake (Main)","49 deg 04 min","125 deg 34 min"
"KMA",41,50,60,715,9,0,"Kennedy Lake (Main)","49 deg 04 min","125 deg 34 min"
"KMA",41,50,60,715,10,0,"Kennedy Lake (Main)","49 deg 04 min","125 deg 34 min"
"KMA",41,50,60,715,11,785,"Kennedy Lake (Main)","49 deg 04 min","125 deg 34 min"
"KMA",41,50,60,715,12,1145,"Kennedy Lake (Main)","49 deg 04 min","125 deg 34 min"
"KMA",41,50,60,715,13,1030,"Kennedy Lake (Main)","49 deg 04 min","125 deg 34 min"
"KMA",41,50,60,715,14,810,"Kennedy Lake (Main)","49 deg 04 min","125 deg 34 min"
"KMA",41,50,60,715,15,1525,"Kennedy Lake (Main)","49 deg 04 min","125 deg 34 min"
"KMA",41,60,70,210,1,1370,"Kennedy Lake (Main)","49 deg 04 min","125 deg 34 min"
"KMA",41,60,70,210,2,995,"Kennedy Lake (Main)","49 deg 04 min","125 deg 34 min"
"KMA",41,60,70,210,3,1330,"Kennedy Lake (Main)","49 deg 04 min","125 deg 34 min"
"KMA",41,60,70,210,4,0,"Kennedy Lake (Main)","49 deg 04 min","125 deg 34 min"
"KMA",41,60,70,210,5,0,"Kennedy Lake (Main)","49 deg 04 min","125 deg 34 min"
"KMA",41,60,70,210,6,0,"Kennedy Lake (Main)","49 deg 04 min","125 deg 34 min"
"KMA",41,60,70,210,7,0,"Kennedy Lake (Main)","49 deg 04 min","125 deg 34 min"
"KMA",41,60,70,210,8,0,"Kennedy Lake (Main)","49 deg 04 min","125 deg 34 min"
"KMA",41,60,70,210,9,0,"Kennedy Lake (Main)","49 deg 04 min","125 deg 34 min"
"KMA",41,60,70,210,10,0,"Kennedy Lake (Main)","49 deg 04 min","125 deg 34 min"
"KMA",41,60,70,210,11,0,"Kennedy Lake (Main)","49 deg 04 min","125 deg 34 min"
"KMA",41,60,70,210,12,1090,"Kennedy Lake (Main)","49 deg 04 min","125 deg 34 min"
"KMA",41,60,70,210,13,995,"Kennedy Lake (Main)","49 deg 04 min","125 deg 34 min"
"KMA",41,60,70,210,14,720,"Kennedy Lake (Main)","49 deg 04 min","125 deg 34 min"
"KMA",41,60,70,210,15,1400,"Kennedy Lake (Main)","49 deg 04 min","125 deg 34 min"
NA,234,NA,NA,NA,NA,NA,"Kennedy Lake Hwy B","49 deg 04 min","125 deg 34 min"
NA,51,NA,NA,NA,NA,NA,"Kennicot Lake","58 deg 10 min","131 deg 31 min"
"Khtada Lk",236,2,5,584,1,427,"Khtada Lake",NA,NA
"Khtada Lk",236,2,5,584,2,439,"Khtada Lake",NA,NA
"Khtada Lk",236,2,5,584,3,892,"Khtada Lake",NA,NA
"Khtada Lk",236,2,5,584,4,733,"Khtada Lake",NA,NA
"Khtada Lk",236,2,5,584,5,856,"Khtada Lake",NA,NA
"Khtada Lk",236,2,5,584,6,318,"Khtada Lake",NA,NA
"Khtada Lk",236,2,5,584,7,131,"Khtada Lake",NA,NA
"Khtada Lk",236,2,5,584,8,372,"Khtada Lake",NA,NA
"Khtada Lk",236,2,5,584,9,307,"Khtada Lake",NA,NA
"Khtada Lk",236,2,5,584,10,401,"Khtada Lake",NA,NA
"Khtada Lk",236,2,5,584,11,207,"Khtada Lake",NA,NA
"Khtada Lk",236,2,5,584,12,430,"Khtada Lake",NA,NA
"Khtada Lk",236,2,5,584,13,659,"Khtada Lake",NA,NA
"Khtada Lk",236,2,5,584,14,358,"Khtada Lake",NA,NA
"Khtada Lk",236,3,5,584,1,427,"Khtada Lake",NA,NA
"Khtada Lk",236,3,5,584,2,439,"Khtada Lake",NA,NA
"Khtada Lk",236,3,5,584,3,892,"Khtada Lake",NA,NA
"Khtada Lk",236,3,5,584,4,733,"Khtada Lake",NA,NA
"Khtada Lk",236,3,5,584,5,856,"Khtada Lake",NA,NA
"Khtada Lk",236,3,5,584,6,318,"Khtada Lake",NA,NA
"Khtada Lk",236,3,5,584,7,131,"Khtada Lake",NA,NA
"Khtada Lk",236,3,5,584,8,372,"Khtada Lake",NA,NA
"Khtada Lk",236,3,5,584,9,307,"Khtada Lake",NA,NA
"Khtada Lk",236,3,5,584,10,401,"Khtada Lake",NA,NA
"Khtada Lk",236,3,5,584,11,207,"Khtada Lake",NA,NA
"Khtada Lk",236,3,5,584,12,430,"Khtada Lake",NA,NA
"Khtada Lk",236,3,5,584,13,659,"Khtada Lake",NA,NA
"Khtada Lk",236,3,5,584,14,358,"Khtada Lake",NA,NA
"Khtada Lk",236,5,10,570,1,410,"Khtada Lake",NA,NA
"Khtada Lk",236,5,10,570,2,422,"Khtada Lake",NA,NA
"Khtada Lk",236,5,10,570,3,867,"Khtada Lake",NA,NA
"Khtada Lk",236,5,10,570,4,714,"Khtada Lake",NA,NA
"Khtada Lk",236,5,10,570,5,834,"Khtada Lake",NA,NA
"Khtada Lk",236,5,10,570,6,292,"Khtada Lake",NA,NA
"Khtada Lk",236,5,10,570,7,126,"Khtada Lake",NA,NA
"Khtada Lk",236,5,10,570,8,355,"Khtada Lake",NA,NA
"Khtada Lk",236,5,10,570,9,299,"Khtada Lake",NA,NA
"Khtada Lk",236,5,10,570,10,389,"Khtada Lake",NA,NA
"Khtada Lk",236,5,10,570,11,202,"Khtada Lake",NA,NA
"Khtada Lk",236,5,10,570,12,421,"Khtada Lake",NA,NA
"Khtada Lk",236,5,10,570,13,650,"Khtada Lake",NA,NA
"Khtada Lk",236,5,10,570,14,353,"Khtada Lake",NA,NA
"Khtada Lk",236,10,15,550,1,387,"Khtada Lake",NA,NA
"Khtada Lk",236,10,15,550,2,390,"Khtada Lake",NA,NA
"Khtada Lk",236,10,15,550,3,850,"Khtada Lake",NA,NA
"Khtada Lk",236,10,15,550,4,692,"Khtada Lake",NA,NA
"Khtada Lk",236,10,15,550,5,815,"Khtada Lake",NA,NA
"Khtada Lk",236,10,15,550,6,274,"Khtada Lake",NA,NA
"Khtada Lk",236,10,15,550,7,121,"Khtada Lake",NA,NA
"Khtada Lk",236,10,15,550,8,345,"Khtada Lake",NA,NA
"Khtada Lk",236,10,15,550,9,292,"Khtada Lake",NA,NA
"Khtada Lk",236,10,15,550,10,379,"Khtada Lake",NA,NA
"Khtada Lk",236,10,15,550,11,197,"Khtada Lake",NA,NA
"Khtada Lk",236,10,15,550,12,413,"Khtada Lake",NA,NA
"Khtada Lk",236,10,15,550,13,636,"Khtada Lake",NA,NA
"Khtada Lk",236,10,15,550,14,345,"Khtada Lake",NA,NA
"Khtada Lk",236,15,20,535,1,367,"Khtada Lake",NA,NA
"Khtada Lk",236,15,20,535,2,366,"Khtada Lake",NA,NA
"Khtada Lk",236,15,20,535,3,829,"Khtada Lake",NA,NA
"Khtada Lk",236,15,20,535,4,671,"Khtada Lake",NA,NA
"Khtada Lk",236,15,20,535,5,793,"Khtada Lake",NA,NA
"Khtada Lk",236,15,20,535,6,257,"Khtada Lake",NA,NA
"Khtada Lk",236,15,20,535,7,115,"Khtada Lake",NA,NA
"Khtada Lk",236,15,20,535,8,334,"Khtada Lake",NA,NA
"Khtada Lk",236,15,20,535,9,282,"Khtada Lake",NA,NA
"Khtada Lk",236,15,20,535,10,369,"Khtada Lake",NA,NA
"Khtada Lk",236,15,20,535,11,190,"Khtada Lake",NA,NA
"Khtada Lk",236,15,20,535,12,406,"Khtada Lake",NA,NA
"Khtada Lk",236,15,20,535,13,625,"Khtada Lake",NA,NA
"Khtada Lk",236,15,20,535,14,331,"Khtada Lake",NA,NA
"Khtada Lk",236,20,30,506,1,316,"Khtada Lake",NA,NA
"Khtada Lk",236,20,30,506,2,306,"Khtada Lake",NA,NA
"Khtada Lk",236,20,30,506,3,787,"Khtada Lake",NA,NA
"Khtada Lk",236,20,30,506,4,635,"Khtada Lake",NA,NA
"Khtada Lk",236,20,30,506,5,755,"Khtada Lake",NA,NA
"Khtada Lk",236,20,30,506,6,223,"Khtada Lake",NA,NA
"Khtada Lk",236,20,30,506,7,106,"Khtada Lake",NA,NA
"Khtada Lk",236,20,30,506,8,314,"Khtada Lake",NA,NA
"Khtada Lk",236,20,30,506,9,263,"Khtada Lake",NA,NA
"Khtada Lk",236,20,30,506,10,337,"Khtada Lake",NA,NA
"Khtada Lk",236,20,30,506,11,180,"Khtada Lake",NA,NA
"Khtada Lk",236,20,30,506,12,394,"Khtada Lake",NA,NA
"Khtada Lk",236,20,30,506,13,586,"Khtada Lake",NA,NA
"Khtada Lk",236,20,30,506,14,304,"Khtada Lake",NA,NA
"Khtada Lk",236,30,40,463,1,207,"Khtada Lake",NA,NA
"Khtada Lk",236,30,40,463,2,240,"Khtada Lake",NA,NA
"Khtada Lk",236,30,40,463,3,744,"Khtada Lake",NA,NA
"Khtada Lk",236,30,40,463,4,597,"Khtada Lake",NA,NA
"Khtada Lk",236,30,40,463,5,709,"Khtada Lake",NA,NA
"Khtada Lk",236,30,40,463,6,186,"Khtada Lake",NA,NA
"Khtada Lk",236,30,40,463,7,96,"Khtada Lake",NA,NA
"Khtada Lk",236,30,40,463,8,295,"Khtada Lake",NA,NA
"Khtada Lk",236,30,40,463,9,239,"Khtada Lake",NA,NA
"Khtada Lk",236,30,40,463,10,313,"Khtada Lake",NA,NA
"Khtada Lk",236,30,40,463,11,169,"Khtada Lake",NA,NA
"Khtada Lk",236,30,40,463,12,380,"Khtada Lake",NA,NA
"Khtada Lk",236,30,40,463,13,683,"Khtada Lake",NA,NA
"Khtada Lk",236,30,40,463,14,286,"Khtada Lake",NA,NA
"Khtada Lk",236,40,50,414,1,0,"Khtada Lake",NA,NA
"Khtada Lk",236,40,50,414,2,156,"Khtada Lake",NA,NA
"Khtada Lk",236,40,50,414,3,696,"Khtada Lake",NA,NA
"Khtada Lk",236,40,50,414,4,552,"Khtada Lake",NA,NA
"Khtada Lk",236,40,50,414,5,630,"Khtada Lake",NA,NA
"Khtada Lk",236,40,50,414,6,157,"Khtada Lake",NA,NA
"Khtada Lk",236,40,50,414,7,84,"Khtada Lake",NA,NA
"Khtada Lk",236,40,50,414,8,277,"Khtada Lake",NA,NA
"Khtada Lk",236,40,50,414,9,216,"Khtada Lake",NA,NA
"Khtada Lk",236,40,50,414,10,289,"Khtada Lake",NA,NA
"Khtada Lk",236,40,50,414,11,158,"Khtada Lake",NA,NA
"Khtada Lk",236,40,50,414,12,363,"Khtada Lake",NA,NA
"Khtada Lk",236,40,50,414,13,653,"Khtada Lake",NA,NA
"Khtada Lk",236,40,50,414,14,260,"Khtada Lake",NA,NA
"Khtada Lk",236,50,60,360,1,0,"Khtada Lake",NA,NA
"Khtada Lk",236,50,60,360,2,0,"Khtada Lake",NA,NA
"Khtada Lk",236,50,60,360,3,636,"Khtada Lake",NA,NA
"Khtada Lk",236,50,60,360,4,509,"Khtada Lake",NA,NA
"Khtada Lk",236,50,60,360,5,457,"Khtada Lake",NA,NA
"Khtada Lk",236,50,60,360,6,132,"Khtada Lake",NA,NA
"Khtada Lk",236,50,60,360,7,74,"Khtada Lake",NA,NA
"Khtada Lk",236,50,60,360,8,260,"Khtada Lake",NA,NA
"Khtada Lk",236,50,60,360,9,198,"Khtada Lake",NA,NA
"Khtada Lk",236,50,60,360,10,274,"Khtada Lake",NA,NA
"Khtada Lk",236,50,60,360,11,149,"Khtada Lake",NA,NA
"Khtada Lk",236,50,60,360,12,348,"Khtada Lake",NA,NA
"Khtada Lk",236,50,60,360,13,620,"Khtada Lake",NA,NA
"Khtada Lk",236,50,60,360,14,239,"Khtada Lake",NA,NA
"Khtada Lk",236,60,70,305,1,0,"Khtada Lake",NA,NA
"Khtada Lk",236,60,70,305,2,0,"Khtada Lake",NA,NA
"Khtada Lk",236,60,70,305,3,0,"Khtada Lake",NA,NA
"Khtada Lk",236,60,70,305,4,0,"Khtada Lake",NA,NA
"Khtada Lk",236,60,70,305,5,0,"Khtada Lake",NA,NA
"Khtada Lk",236,60,70,305,6,0,"Khtada Lake",NA,NA
"Khtada Lk",236,60,70,305,7,63,"Khtada Lake",NA,NA
"Khtada Lk",236,60,70,305,8,241,"Khtada Lake",NA,NA
"Khtada Lk",236,60,70,305,9,179,"Khtada Lake",NA,NA
"Khtada Lk",236,60,70,305,10,264,"Khtada Lake",NA,NA
"Khtada Lk",236,60,70,305,11,142,"Khtada Lake",NA,NA
"Khtada Lk",236,60,70,305,12,346,"Khtada Lake",NA,NA
"Khtada Lk",236,60,70,305,13,588,"Khtada Lake",NA,NA
"Khtada Lk",236,60,70,305,14,207,"Khtada Lake",NA,NA
"Khtada Lk",236,70,80,249,1,0,"Khtada Lake",NA,NA
"Khtada Lk",236,70,80,249,2,0,"Khtada Lake",NA,NA
"Khtada Lk",236,70,80,249,3,0,"Khtada Lake",NA,NA
"Khtada Lk",236,70,80,249,4,0,"Khtada Lake",NA,NA
"Khtada Lk",236,70,80,249,5,0,"Khtada Lake",NA,NA
"Khtada Lk",236,70,80,249,6,0,"Khtada Lake",NA,NA
"Khtada Lk",236,70,80,249,7,37,"Khtada Lake",NA,NA
"Khtada Lk",236,70,80,249,8,206,"Khtada Lake",NA,NA
"Khtada Lk",236,70,80,249,9,145,"Khtada Lake",NA,NA
"Khtada Lk",236,70,80,249,10,251,"Khtada Lake",NA,NA
"Khtada Lk",236,70,80,249,11,134,"Khtada Lake",NA,NA
"Khtada Lk",236,70,80,249,12,346,"Khtada Lake",NA,NA
"Khtada Lk",236,70,80,249,13,547,"Khtada Lake",NA,NA
"Khtada Lk",236,70,80,249,14,170,"Khtada Lake",NA,NA
"Khtada Lk",236,80,90,201,1,0,"Khtada Lake",NA,NA
"Khtada Lk",236,80,90,201,2,0,"Khtada Lake",NA,NA
"Khtada Lk",236,80,90,201,3,0,"Khtada Lake",NA,NA
"Khtada Lk",236,80,90,201,4,0,"Khtada Lake",NA,NA
"Khtada Lk",236,80,90,201,5,0,"Khtada Lake",NA,NA
"Khtada Lk",236,80,90,201,6,0,"Khtada Lake",NA,NA
"Khtada Lk",236,80,90,201,7,26,"Khtada Lake",NA,NA
"Khtada Lk",236,80,90,201,8,190,"Khtada Lake",NA,NA
"Khtada Lk",236,80,90,201,9,128,"Khtada Lake",NA,NA
"Khtada Lk",236,80,90,201,10,242,"Khtada Lake",NA,NA
"Khtada Lk",236,80,90,201,11,126,"Khtada Lake",NA,NA
"Khtada Lk",236,80,90,201,12,343,"Khtada Lake",NA,NA
"Khtada Lk",236,80,90,201,13,504,"Khtada Lake",NA,NA
"Khtada Lk",236,80,90,201,14,138,"Khtada Lake",NA,NA
"Khtada Lk",236,90,100,162,1,0,"Khtada Lake",NA,NA
"Khtada Lk",236,90,100,162,2,0,"Khtada Lake",NA,NA
"Khtada Lk",236,90,100,162,3,0,"Khtada Lake",NA,NA
"Khtada Lk",236,90,100,162,4,0,"Khtada Lake",NA,NA
"Khtada Lk",236,90,100,162,5,0,"Khtada Lake",NA,NA
"Khtada Lk",236,90,100,162,6,0,"Khtada Lake",NA,NA
"Khtada Lk",236,90,100,162,7,0,"Khtada Lake",NA,NA
"Khtada Lk",236,90,100,162,8,174,"Khtada Lake",NA,NA
"Khtada Lk",236,90,100,162,9,111,"Khtada Lake",NA,NA
"Khtada Lk",236,90,100,162,10,231,"Khtada Lake",NA,NA
"Khtada Lk",236,90,100,162,11,120,"Khtada Lake",NA,NA
"Khtada Lk",236,90,100,162,12,340,"Khtada Lake",NA,NA
"Khtada Lk",236,90,100,162,13,459,"Khtada Lake",NA,NA
"Khtada Lk",236,90,100,162,14,85,"Khtada Lake",NA,NA
NA,148,NA,NA,NA,NA,NA,"Kimsquit Lake","53 deg 07 min","127 deg 25 min"
"Kingsalmon Lk",52,2,5,204,1,610,"Kingsalmon Lake","58 deg 43 min","132 deg 55 min"
"Kingsalmon Lk",52,2,5,204,2,1010,"Kingsalmon Lake","58 deg 43 min","132 deg 55 min"
"Kingsalmon Lk",52,2,5,204,3,1000,"Kingsalmon Lake","58 deg 43 min","132 deg 55 min"
"Kingsalmon Lk",52,2,5,204,4,270,"Kingsalmon Lake","58 deg 43 min","132 deg 55 min"
"Kingsalmon Lk",52,2,5,204,5,430,"Kingsalmon Lake","58 deg 43 min","132 deg 55 min"
"Kingsalmon Lk",52,2,5,204,6,620,"Kingsalmon Lake","58 deg 43 min","132 deg 55 min"
"Kingsalmon Lk",52,2,5,204,7,520,"Kingsalmon Lake","58 deg 43 min","132 deg 55 min"
"Kingsalmon Lk",52,2,5,204,8,420,"Kingsalmon Lake","58 deg 43 min","132 deg 55 min"
"Kingsalmon Lk",52,3,5,204,1,610,"Kingsalmon Lake","58 deg 43 min","132 deg 55 min"
"Kingsalmon Lk",52,3,5,204,2,990,"Kingsalmon Lake","58 deg 43 min","132 deg 55 min"
"Kingsalmon Lk",52,3,5,204,3,912,"Kingsalmon Lake","58 deg 43 min","132 deg 55 min"
"Kingsalmon Lk",52,3,5,204,4,257,"Kingsalmon Lake","58 deg 43 min","132 deg 55 min"
"Kingsalmon Lk",52,3,5,204,5,352,"Kingsalmon Lake","58 deg 43 min","132 deg 55 min"
"Kingsalmon Lk",52,3,5,204,6,575,"Kingsalmon Lake","58 deg 43 min","132 deg 55 min"
"Kingsalmon Lk",52,3,5,204,7,486,"Kingsalmon Lake","58 deg 43 min","132 deg 55 min"
"Kingsalmon Lk",52,3,5,204,8,409,"Kingsalmon Lake","58 deg 43 min","132 deg 55 min"
"Kingsalmon Lk",52,5,10,166,1,560,"Kingsalmon Lake","58 deg 43 min","132 deg 55 min"
"Kingsalmon Lk",52,5,10,166,2,959,"Kingsalmon Lake","58 deg 43 min","132 deg 55 min"
"Kingsalmon Lk",52,5,10,166,3,881,"Kingsalmon Lake","58 deg 43 min","132 deg 55 min"
"Kingsalmon Lk",52,5,10,166,4,235,"Kingsalmon Lake","58 deg 43 min","132 deg 55 min"
"Kingsalmon Lk",52,5,10,166,5,343,"Kingsalmon Lake","58 deg 43 min","132 deg 55 min"
"Kingsalmon Lk",52,5,10,166,6,533,"Kingsalmon Lake","58 deg 43 min","132 deg 55 min"
"Kingsalmon Lk",52,5,10,166,7,465,"Kingsalmon Lake","58 deg 43 min","132 deg 55 min"
"Kingsalmon Lk",52,5,10,166,8,376,"Kingsalmon Lake","58 deg 43 min","132 deg 55 min"
"Kingsalmon Lk",52,10,15,140,1,542,"Kingsalmon Lake","58 deg 43 min","132 deg 55 min"
"Kingsalmon Lk",52,10,15,140,2,874,"Kingsalmon Lake","58 deg 43 min","132 deg 55 min"
"Kingsalmon Lk",52,10,15,140,3,837,"Kingsalmon Lake","58 deg 43 min","132 deg 55 min"
"Kingsalmon Lk",52,10,15,140,4,192,"Kingsalmon Lake","58 deg 43 min","132 deg 55 min"
"Kingsalmon Lk",52,10,15,140,5,314,"Kingsalmon Lake","58 deg 43 min","132 deg 55 min"
"Kingsalmon Lk",52,10,15,140,6,490,"Kingsalmon Lake","58 deg 43 min","132 deg 55 min"
"Kingsalmon Lk",52,10,15,140,7,412,"Kingsalmon Lake","58 deg 43 min","132 deg 55 min"
"Kingsalmon Lk",52,10,15,140,8,321,"Kingsalmon Lake","58 deg 43 min","132 deg 55 min"
"Kingsalmon Lk",52,15,20,119,1,514,"Kingsalmon Lake","58 deg 43 min","132 deg 55 min"
"Kingsalmon Lk",52,15,20,119,2,710,"Kingsalmon Lake","58 deg 43 min","132 deg 55 min"
"Kingsalmon Lk",52,15,20,119,3,571,"Kingsalmon Lake","58 deg 43 min","132 deg 55 min"
"Kingsalmon Lk",52,15,20,119,4,95,"Kingsalmon Lake","58 deg 43 min","132 deg 55 min"
"Kingsalmon Lk",52,15,20,119,5,263,"Kingsalmon Lake","58 deg 43 min","132 deg 55 min"
"Kingsalmon Lk",52,15,20,119,6,451,"Kingsalmon Lake","58 deg 43 min","132 deg 55 min"
"Kingsalmon Lk",52,15,20,119,7,378,"Kingsalmon Lake","58 deg 43 min","132 deg 55 min"
"Kingsalmon Lk",52,15,20,119,8,302,"Kingsalmon Lake","58 deg 43 min","132 deg 55 min"
"Kingsalmon Lk",52,20,30,86,1,417,"Kingsalmon Lake","58 deg 43 min","132 deg 55 min"
"Kingsalmon Lk",52,20,30,86,2,652,"Kingsalmon Lake","58 deg 43 min","132 deg 55 min"
"Kingsalmon Lk",52,20,30,86,3,347,"Kingsalmon Lake","58 deg 43 min","132 deg 55 min"
"Kingsalmon Lk",52,20,30,86,4,0,"Kingsalmon Lake","58 deg 43 min","132 deg 55 min"
"Kingsalmon Lk",52,20,30,86,5,200,"Kingsalmon Lake","58 deg 43 min","132 deg 55 min"
"Kingsalmon Lk",52,20,30,86,6,406,"Kingsalmon Lake","58 deg 43 min","132 deg 55 min"
"Kingsalmon Lk",52,20,30,86,7,329,"Kingsalmon Lake","58 deg 43 min","132 deg 55 min"
"Kingsalmon Lk",52,20,30,86,8,242,"Kingsalmon Lake","58 deg 43 min","132 deg 55 min"
"Kingsalmon Lk",52,30,40,35,1,143,"Kingsalmon Lake","58 deg 43 min","132 deg 55 min"
"Kingsalmon Lk",52,30,40,35,2,409,"Kingsalmon Lake","58 deg 43 min","132 deg 55 min"
"Kingsalmon Lk",52,30,40,35,3,0,"Kingsalmon Lake","58 deg 43 min","132 deg 55 min"
"Kingsalmon Lk",52,30,40,35,4,0,"Kingsalmon Lake","58 deg 43 min","132 deg 55 min"
"Kingsalmon Lk",52,30,40,35,5,134,"Kingsalmon Lake","58 deg 43 min","132 deg 55 min"
"Kingsalmon Lk",52,30,40,35,6,254,"Kingsalmon Lake","58 deg 43 min","132 deg 55 min"
"Kingsalmon Lk",52,30,40,35,7,200,"Kingsalmon Lake","58 deg 43 min","132 deg 55 min"
"Kingsalmon Lk",52,30,40,35,8,137,"Kingsalmon Lake","58 deg 43 min","132 deg 55 min"
"KITLOPE",17,2,5,1058,1,645,"Kitlope Lake","53 deg 07 min","127 deg 13 min"
"KITLOPE",17,2,5,1058,2,1281,"Kitlope Lake","53 deg 07 min","127 deg 13 min"
"KITLOPE",17,2,5,1058,3,1140,"Kitlope Lake","53 deg 07 min","127 deg 13 min"
"KITLOPE",17,2,5,1058,4,912,"Kitlope Lake","53 deg 07 min","127 deg 13 min"
"KITLOPE",17,3,5,1058,1,645,"Kitlope Lake","53 deg 07 min","127 deg 13 min"
"KITLOPE",17,3,5,1058,2,1281,"Kitlope Lake","53 deg 07 min","127 deg 13 min"
"KITLOPE",17,3,5,1058,3,1140,"Kitlope Lake","53 deg 07 min","127 deg 13 min"
"KITLOPE",17,3,5,1058,4,912,"Kitlope Lake","53 deg 07 min","127 deg 13 min"
"KITLOPE",17,5,10,930,1,601,"Kitlope Lake","53 deg 07 min","127 deg 13 min"
"KITLOPE",17,5,10,930,2,1278,"Kitlope Lake","53 deg 07 min","127 deg 13 min"
"KITLOPE",17,5,10,930,3,1134,"Kitlope Lake","53 deg 07 min","127 deg 13 min"
"KITLOPE",17,5,10,930,4,895,"Kitlope Lake","53 deg 07 min","127 deg 13 min"
"KITLOPE",17,10,15,889,1,518,"Kitlope Lake","53 deg 07 min","127 deg 13 min"
"KITLOPE",17,10,15,889,2,1263,"Kitlope Lake","53 deg 07 min","127 deg 13 min"
"KITLOPE",17,10,15,889,3,1122,"Kitlope Lake","53 deg 07 min","127 deg 13 min"
"KITLOPE",17,10,15,889,4,879,"Kitlope Lake","53 deg 07 min","127 deg 13 min"
"KITLOPE",17,15,20,841,1,441,"Kitlope Lake","53 deg 07 min","127 deg 13 min"
"KITLOPE",17,15,20,841,2,1246,"Kitlope Lake","53 deg 07 min","127 deg 13 min"
"KITLOPE",17,15,20,841,3,1115,"Kitlope Lake","53 deg 07 min","127 deg 13 min"
"KITLOPE",17,15,20,841,4,845,"Kitlope Lake","53 deg 07 min","127 deg 13 min"
"KITLOPE",17,20,30,744,1,350,"Kitlope Lake","53 deg 07 min","127 deg 13 min"
"KITLOPE",17,20,30,744,2,1217,"Kitlope Lake","53 deg 07 min","127 deg 13 min"
"KITLOPE",17,20,30,744,3,1097,"Kitlope Lake","53 deg 07 min","127 deg 13 min"
"KITLOPE",17,20,30,744,4,812,"Kitlope Lake","53 deg 07 min","127 deg 13 min"
"KITLOPE",17,30,40,655,1,221,"Kitlope Lake","53 deg 07 min","127 deg 13 min"
"KITLOPE",17,30,40,655,2,1182,"Kitlope Lake","53 deg 07 min","127 deg 13 min"
"KITLOPE",17,30,40,655,3,1073,"Kitlope Lake","53 deg 07 min","127 deg 13 min"
"KITLOPE",17,30,40,655,4,754,"Kitlope Lake","53 deg 07 min","127 deg 13 min"
"KITLOPE",17,40,50,628,1,0,"Kitlope Lake","53 deg 07 min","127 deg 13 min"
"KITLOPE",17,40,50,628,2,1141,"Kitlope Lake","53 deg 07 min","127 deg 13 min"
"KITLOPE",17,40,50,628,3,1042,"Kitlope Lake","53 deg 07 min","127 deg 13 min"
"KITLOPE",17,40,50,628,4,688,"Kitlope Lake","53 deg 07 min","127 deg 13 min"
"KITLOPE",17,50,60,577,1,0,"Kitlope Lake","53 deg 07 min","127 deg 13 min"
"KITLOPE",17,50,60,577,2,1100,"Kitlope Lake","53 deg 07 min","127 deg 13 min"
"KITLOPE",17,50,60,577,3,1017,"Kitlope Lake","53 deg 07 min","127 deg 13 min"
"KITLOPE",17,50,60,577,4,580,"Kitlope Lake","53 deg 07 min","127 deg 13 min"
"KITLOPE",17,60,70,510,1,0,"Kitlope Lake","53 deg 07 min","127 deg 13 min"
"KITLOPE",17,60,70,510,2,1054,"Kitlope Lake","53 deg 07 min","127 deg 13 min"
"KITLOPE",17,60,70,510,3,981,"Kitlope Lake","53 deg 07 min","127 deg 13 min"
"KITLOPE",17,60,70,510,4,0,"Kitlope Lake","53 deg 07 min","127 deg 13 min"
"Kitwanga Lk",227,2,5,641,1,1201,"Kitwanga Lake","55 deg 05 min","128 deg 03 min"
"Kitwanga Lk",227,2,5,641,2,1719,"Kitwanga Lake","55 deg 05 min","128 deg 03 min"
"Kitwanga Lk",227,2,5,641,3,742,"Kitwanga Lake","55 deg 05 min","128 deg 03 min"
"Kitwanga Lk",227,2,5,641,4,345,"Kitwanga Lake","55 deg 05 min","128 deg 03 min"
"Kitwanga Lk",227,2,5,641,5,622,"Kitwanga Lake","55 deg 05 min","128 deg 03 min"
"Kitwanga Lk",227,2,5,641,6,446,"Kitwanga Lake","55 deg 05 min","128 deg 03 min"
"Kitwanga Lk",227,3,5,641,1,1201,"Kitwanga Lake","55 deg 05 min","128 deg 03 min"
"Kitwanga Lk",227,3,5,641,2,1719,"Kitwanga Lake","55 deg 05 min","128 deg 03 min"
"Kitwanga Lk",227,3,5,641,3,742,"Kitwanga Lake","55 deg 05 min","128 deg 03 min"
"Kitwanga Lk",227,3,5,641,4,345,"Kitwanga Lake","55 deg 05 min","128 deg 03 min"
"Kitwanga Lk",227,3,5,641,5,622,"Kitwanga Lake","55 deg 05 min","128 deg 03 min"
"Kitwanga Lk",227,3,5,641,6,446,"Kitwanga Lake","55 deg 05 min","128 deg 03 min"
"Kitwanga Lk",227,5,10,356,1,0,"Kitwanga Lake","55 deg 05 min","128 deg 03 min"
"Kitwanga Lk",227,5,10,356,2,730,"Kitwanga Lake","55 deg 05 min","128 deg 03 min"
"Kitwanga Lk",227,5,10,356,3,563,"Kitwanga Lake","55 deg 05 min","128 deg 03 min"
"Kitwanga Lk",227,5,10,356,4,133,"Kitwanga Lake","55 deg 05 min","128 deg 03 min"
"Kitwanga Lk",227,5,10,356,5,610,"Kitwanga Lake","55 deg 05 min","128 deg 03 min"
"Kitwanga Lk",227,5,10,356,6,415,"Kitwanga Lake","55 deg 05 min","128 deg 03 min"
"Kitwanga Lk",227,10,15,70,1,0,"Kitwanga Lake","55 deg 05 min","128 deg 03 min"
"Kitwanga Lk",227,10,15,70,2,0,"Kitwanga Lake","55 deg 05 min","128 deg 03 min"
"Kitwanga Lk",227,10,15,70,3,0,"Kitwanga Lake","55 deg 05 min","128 deg 03 min"
"Kitwanga Lk",227,10,15,70,4,0,"Kitwanga Lake","55 deg 05 min","128 deg 03 min"
"Kitwanga Lk",227,10,15,70,5,298,"Kitwanga Lake","55 deg 05 min","128 deg 03 min"
"Kitwanga Lk",227,10,15,70,6,415,"Kitwanga Lake","55 deg 05 min","128 deg 03 min"
NA,42,NA,NA,NA,NA,NA,"Klaklakama Lake","50 deg 09 min","126 deg 27 min"
"Kluksu Lk",53,2,5,113,1,345,"Klukshu Lake","60 deg 20 min","137 deg 00 min"
"Kluksu Lk",53,2,5,113,2,305,"Klukshu Lake","60 deg 20 min","137 deg 00 min"
"Kluksu Lk",53,2,5,113,3,195,"Klukshu Lake","60 deg 20 min","137 deg 00 min"
"Kluksu Lk",53,2,5,113,4,404,"Klukshu Lake","60 deg 20 min","137 deg 00 min"
"Kluksu Lk",53,3,5,113,1,345,"Klukshu Lake","60 deg 20 min","137 deg 00 min"
"Kluksu Lk",53,3,5,113,2,305,"Klukshu Lake","60 deg 20 min","137 deg 00 min"
"Kluksu Lk",53,3,5,113,3,195,"Klukshu Lake","60 deg 20 min","137 deg 00 min"
"Kluksu Lk",53,3,5,113,4,404,"Klukshu Lake","60 deg 20 min","137 deg 00 min"
"Kluksu Lk",53,5,10,81,1,306,"Klukshu Lake","60 deg 20 min","137 deg 00 min"
"Kluksu Lk",53,5,10,81,2,281,"Klukshu Lake","60 deg 20 min","137 deg 00 min"
"Kluksu Lk",53,5,10,81,3,178,"Klukshu Lake","60 deg 20 min","137 deg 00 min"
"Kluksu Lk",53,5,10,81,4,347,"Klukshu Lake","60 deg 20 min","137 deg 00 min"
"Kluksu Lk",53,10,15,60,1,78,"Klukshu Lake","60 deg 20 min","137 deg 00 min"
"Kluksu Lk",53,10,15,60,2,263,"Klukshu Lake","60 deg 20 min","137 deg 00 min"
"Kluksu Lk",53,10,15,60,3,158,"Klukshu Lake","60 deg 20 min","137 deg 00 min"
"Kluksu Lk",53,10,15,60,4,248,"Klukshu Lake","60 deg 20 min","137 deg 00 min"
"Kluksu Lk",53,15,20,43,1,0,"Klukshu Lake","60 deg 20 min","137 deg 00 min"
"Kluksu Lk",53,15,20,43,2,278,"Klukshu Lake","60 deg 20 min","137 deg 00 min"
"Kluksu Lk",53,15,20,43,3,138,"Klukshu Lake","60 deg 20 min","137 deg 00 min"
"Kluksu Lk",53,15,20,43,4,166,"Klukshu Lake","60 deg 20 min","137 deg 00 min"
"Kluksu Lk",53,20,30,27,1,0,"Klukshu Lake","60 deg 20 min","137 deg 00 min"
"Kluksu Lk",53,20,30,27,2,201,"Klukshu Lake","60 deg 20 min","137 deg 00 min"
"Kluksu Lk",53,20,30,27,3,120,"Klukshu Lake","60 deg 20 min","137 deg 00 min"
"Kluksu Lk",53,20,30,27,4,135,"Klukshu Lake","60 deg 20 min","137 deg 00 min"
NA,149,NA,NA,NA,NA,NA,"Koeye Lake","51 deg 48 min","127 deg 44 min"
"Kuthai Lk",54,2,5,146,1,501,"Kuthai Lake","59 deg 14 min","133 deg 15 min"
"Kuthai Lk",54,2,5,146,2,446,"Kuthai Lake","59 deg 14 min","133 deg 15 min"
"Kuthai Lk",54,2,5,146,3,448,"Kuthai Lake","59 deg 14 min","133 deg 15 min"
"Kuthai Lk",54,2,5,146,4,549,"Kuthai Lake","59 deg 14 min","133 deg 15 min"
"Kuthai Lk",54,3,5,146,1,501,"Kuthai Lake","59 deg 14 min","133 deg 15 min"
"Kuthai Lk",54,3,5,146,2,446,"Kuthai Lake","59 deg 14 min","133 deg 15 min"
"Kuthai Lk",54,3,5,146,3,448,"Kuthai Lake","59 deg 14 min","133 deg 15 min"
"Kuthai Lk",54,3,5,146,4,549,"Kuthai Lake","59 deg 14 min","133 deg 15 min"
"Kuthai Lk",54,5,10,112,1,435,"Kuthai Lake","59 deg 14 min","133 deg 15 min"
"Kuthai Lk",54,5,10,112,2,403,"Kuthai Lake","59 deg 14 min","133 deg 15 min"
"Kuthai Lk",54,5,10,112,3,406,"Kuthai Lake","59 deg 14 min","133 deg 15 min"
"Kuthai Lk",54,5,10,112,4,502,"Kuthai Lake","59 deg 14 min","133 deg 15 min"
"Kuthai Lk",54,10,15,71,1,356,"Kuthai Lake","59 deg 14 min","133 deg 15 min"
"Kuthai Lk",54,10,15,71,2,322,"Kuthai Lake","59 deg 14 min","133 deg 15 min"
"Kuthai Lk",54,10,15,71,3,0,"Kuthai Lake","59 deg 14 min","133 deg 15 min"
"Kuthai Lk",54,10,15,71,4,84,"Kuthai Lake","59 deg 14 min","133 deg 15 min"
NA,151,NA,NA,NA,NA,NA,"Kwakwa Lake","52 deg 34 min","128 deg 43 min"
"Kwinageese Lk",213,2,5,231,1,198,"Kwinageese Lake","56 deg 03 min","128 deg 49 min"
"Kwinageese Lk",213,2,5,231,2,455,"Kwinageese Lake","56 deg 03 min","128 deg 49 min"
"Kwinageese Lk",213,2,5,231,3,960,"Kwinageese Lake","56 deg 03 min","128 deg 49 min"
"Kwinageese Lk",213,2,5,231,4,487,"Kwinageese Lake","56 deg 03 min","128 deg 49 min"
"Kwinageese Lk",213,2,5,231,5,697,"Kwinageese Lake","56 deg 03 min","128 deg 49 min"
"Kwinageese Lk",213,3,5,231,1,198,"Kwinageese Lake","56 deg 03 min","128 deg 49 min"
"Kwinageese Lk",213,3,5,231,2,455,"Kwinageese Lake","56 deg 03 min","128 deg 49 min"
"Kwinageese Lk",213,3,5,231,3,960,"Kwinageese Lake","56 deg 03 min","128 deg 49 min"
"Kwinageese Lk",213,3,5,231,4,487,"Kwinageese Lake","56 deg 03 min","128 deg 49 min"
"Kwinageese Lk",213,3,5,231,5,697,"Kwinageese Lake","56 deg 03 min","128 deg 49 min"
"Kwinageese Lk",213,5,10,231,1,198,"Kwinageese Lake","56 deg 03 min","128 deg 49 min"
"Kwinageese Lk",213,5,10,231,2,426,"Kwinageese Lake","56 deg 03 min","128 deg 49 min"
"Kwinageese Lk",213,5,10,231,3,954,"Kwinageese Lake","56 deg 03 min","128 deg 49 min"
"Kwinageese Lk",213,5,10,231,4,455,"Kwinageese Lake","56 deg 03 min","128 deg 49 min"
"Kwinageese Lk",213,5,10,231,5,693,"Kwinageese Lake","56 deg 03 min","128 deg 49 min"
"Kwinageese Lk",213,10,15,198,1,198,"Kwinageese Lake","56 deg 03 min","128 deg 49 min"
"Kwinageese Lk",213,10,15,198,2,409,"Kwinageese Lake","56 deg 03 min","128 deg 49 min"
"Kwinageese Lk",213,10,15,198,3,929,"Kwinageese Lake","56 deg 03 min","128 deg 49 min"
"Kwinageese Lk",213,10,15,198,4,445,"Kwinageese Lake","56 deg 03 min","128 deg 49 min"
"Kwinageese Lk",213,10,15,198,5,662,"Kwinageese Lake","56 deg 03 min","128 deg 49 min"
"Kwinageese Lk",213,15,20,169,1,176,"Kwinageese Lake","56 deg 03 min","128 deg 49 min"
"Kwinageese Lk",213,15,20,169,2,307,"Kwinageese Lake","56 deg 03 min","128 deg 49 min"
"Kwinageese Lk",213,15,20,169,3,728,"Kwinageese Lake","56 deg 03 min","128 deg 49 min"
"Kwinageese Lk",213,15,20,169,4,424,"Kwinageese Lake","56 deg 03 min","128 deg 49 min"
"Kwinageese Lk",213,15,20,169,5,610,"Kwinageese Lake","56 deg 03 min","128 deg 49 min"
"Kwinageese Lk",213,20,30,87,1,118,"Kwinageese Lake","56 deg 03 min","128 deg 49 min"
"Kwinageese Lk",213,20,30,87,2,98,"Kwinageese Lake","56 deg 03 min","128 deg 49 min"
"Kwinageese Lk",213,20,30,87,3,399,"Kwinageese Lake","56 deg 03 min","128 deg 49 min"
"Kwinageese Lk",213,20,30,87,4,350,"Kwinageese Lake","56 deg 03 min","128 deg 49 min"
"Kwinageese Lk",213,20,30,87,5,493,"Kwinageese Lake","56 deg 03 min","128 deg 49 min"
"Kwinageese Lk",213,30,40,33,1,0,"Kwinageese Lake","56 deg 03 min","128 deg 49 min"
"Kwinageese Lk",213,30,40,33,2,0,"Kwinageese Lake","56 deg 03 min","128 deg 49 min"
"Kwinageese Lk",213,30,40,33,3,280,"Kwinageese Lake","56 deg 03 min","128 deg 49 min"
"Kwinageese Lk",213,30,40,33,4,286,"Kwinageese Lake","56 deg 03 min","128 deg 49 min"
"Kwinageese Lk",213,30,40,33,5,250,"Kwinageese Lake","56 deg 03 min","128 deg 49 min"
"Kwinageese Lk",213,40,50,7,1,0,"Kwinageese Lake","56 deg 03 min","128 deg 49 min"
"Kwinageese Lk",213,40,50,7,2,0,"Kwinageese Lake","56 deg 03 min","128 deg 49 min"
"Kwinageese Lk",213,40,50,7,3,27,"Kwinageese Lake","56 deg 03 min","128 deg 49 min"
"Kwinageese Lk",213,40,50,7,4,124,"Kwinageese Lake","56 deg 03 min","128 deg 49 min"
"Kwinageese Lk",213,40,50,7,5,88,"Kwinageese Lake","56 deg 03 min","128 deg 49 min"
NA,216,NA,NA,NA,NA,NA,"Kwinamuck Lake",NA,NA
NA,205,NA,NA,NA,NA,NA,"Kyen Point",NA,NA
"L Trapper Lk",176,2,5,179,1,644,"L Trapper Lake","58 deg 29 min","132 deg 36 min"
"L Trapper Lk",176,2,5,179,2,784,"L Trapper Lake","58 deg 29 min","132 deg 36 min"
"L Trapper Lk",176,2,5,179,3,1228,"L Trapper Lake","58 deg 29 min","132 deg 36 min"
"L Trapper Lk",176,2,5,179,4,963,"L Trapper Lake","58 deg 29 min","132 deg 36 min"
"L Trapper Lk",176,2,5,179,5,596,"L Trapper Lake","58 deg 29 min","132 deg 36 min"
"L Trapper Lk",176,3,5,179,1,644,"L Trapper Lake","58 deg 29 min","132 deg 36 min"
"L Trapper Lk",176,3,5,179,2,784,"L Trapper Lake","58 deg 29 min","132 deg 36 min"
"L Trapper Lk",176,3,5,179,3,1228,"L Trapper Lake","58 deg 29 min","132 deg 36 min"
"L Trapper Lk",176,3,5,179,4,963,"L Trapper Lake","58 deg 29 min","132 deg 36 min"
"L Trapper Lk",176,3,5,179,5,596,"L Trapper Lake","58 deg 29 min","132 deg 36 min"
"L Trapper Lk",176,5,10,144,1,613,"L Trapper Lake","58 deg 29 min","132 deg 36 min"
"L Trapper Lk",176,5,10,144,2,730,"L Trapper Lake","58 deg 29 min","132 deg 36 min"
"L Trapper Lk",176,5,10,144,3,933,"L Trapper Lake","58 deg 29 min","132 deg 36 min"
"L Trapper Lk",176,5,10,144,4,655,"L Trapper Lake","58 deg 29 min","132 deg 36 min"
"L Trapper Lk",176,5,10,144,5,541,"L Trapper Lake","58 deg 29 min","132 deg 36 min"
"L Trapper Lk",176,10,15,114,1,539,"L Trapper Lake","58 deg 29 min","132 deg 36 min"
"L Trapper Lk",176,10,15,114,2,550,"L Trapper Lake","58 deg 29 min","132 deg 36 min"
"L Trapper Lk",176,10,15,114,3,820,"L Trapper Lake","58 deg 29 min","132 deg 36 min"
"L Trapper Lk",176,10,15,114,4,553,"L Trapper Lake","58 deg 29 min","132 deg 36 min"
"L Trapper Lk",176,10,15,114,5,431,"L Trapper Lake","58 deg 29 min","132 deg 36 min"
"L Trapper Lk",176,15,20,80,1,334,"L Trapper Lake","58 deg 29 min","132 deg 36 min"
"L Trapper Lk",176,15,20,80,2,480,"L Trapper Lake","58 deg 29 min","132 deg 36 min"
"L Trapper Lk",176,15,20,80,3,640,"L Trapper Lake","58 deg 29 min","132 deg 36 min"
"L Trapper Lk",176,15,20,80,4,306,"L Trapper Lake","58 deg 29 min","132 deg 36 min"
"L Trapper Lk",176,15,20,80,5,173,"L Trapper Lake","58 deg 29 min","132 deg 36 min"
NA,136,NA,NA,NA,NA,NA,"Lake Washington (WA)","47 deg 30 min","122 deg 25 min"
"Lava Lk",217,2,5,431.8,1,383.2,"Lava Lake",NA,NA
"Lava Lk",217,2,5,431.8,2,307.8,"Lava Lake",NA,NA
"Lava Lk",217,2,5,431.8,3,454.3,"Lava Lake",NA,NA
"Lava Lk",217,2,5,431.8,4,441.3,"Lava Lake",NA,NA
"Lava Lk",217,2,5,431.8,5,364.4,"Lava Lake",NA,NA
"Lava Lk",217,2,5,431.8,6,440.4,"Lava Lake",NA,NA
"Lava Lk",217,2,5,431.8,7,686.3,"Lava Lake",NA,NA
"Lava Lk",217,3,5,0,1,0,"Lava Lake",NA,NA
"Lava Lk",217,3,5,0,2,0,"Lava Lake",NA,NA
"Lava Lk",217,3,5,0,3,0,"Lava Lake",NA,NA
"Lava Lk",217,3,5,0,4,0,"Lava Lake",NA,NA
"Lava Lk",217,3,5,0,5,0,"Lava Lake",NA,NA
"Lava Lk",217,3,5,0,6,0,"Lava Lake",NA,NA
"Lava Lk",217,3,5,0,7,0,"Lava Lake",NA,NA
"Lava Lk",217,5,10,336.5,1,122.9,"Lava Lake",NA,NA
"Lava Lk",217,5,10,336.5,2,10.2,"Lava Lake",NA,NA
"Lava Lk",217,5,10,336.5,3,382.7,"Lava Lake",NA,NA
"Lava Lk",217,5,10,336.5,4,411.3,"Lava Lake",NA,NA
"Lava Lk",217,5,10,336.5,5,331.3,"Lava Lake",NA,NA
"Lava Lk",217,5,10,336.5,6,428.3,"Lava Lake",NA,NA
"Lava Lk",217,5,10,336.5,7,651.3,"Lava Lake",NA,NA
"Lava Lk",217,10,15,257.2,1,0,"Lava Lake",NA,NA
"Lava Lk",217,10,15,257.2,2,0,"Lava Lake",NA,NA
"Lava Lk",217,10,15,257.2,3,0,"Lava Lake",NA,NA
"Lava Lk",217,10,15,257.2,4,371.7,"Lava Lake",NA,NA
"Lava Lk",217,10,15,257.2,5,297,"Lava Lake",NA,NA
"Lava Lk",217,10,15,257.2,6,416.8,"Lava Lake",NA,NA
"Lava Lk",217,10,15,257.2,7,648,"Lava Lake",NA,NA
"Lava Lk",217,15,20,222,1,0,"Lava Lake",NA,NA
"Lava Lk",217,15,20,222,2,0,"Lava Lake",NA,NA
"Lava Lk",217,15,20,222,3,0,"Lava Lake",NA,NA
"Lava Lk",217,15,20,222,4,342.6,"Lava Lake",NA,NA
"Lava Lk",217,15,20,222,5,277.6,"Lava Lake",NA,NA
"Lava Lk",217,15,20,222,6,399.2,"Lava Lake",NA,NA
"Lava Lk",217,15,20,222,7,626.2,"Lava Lake",NA,NA
"Lava Lk",217,20,30,163.4,1,0,"Lava Lake",NA,NA
"Lava Lk",217,20,30,163.4,2,0,"Lava Lake",NA,NA
"Lava Lk",217,20,30,163.4,3,0,"Lava Lake",NA,NA
"Lava Lk",217,20,30,163.4,4,0,"Lava Lake",NA,NA
"Lava Lk",217,20,30,163.4,5,68.5,"Lava Lake",NA,NA
"Lava Lk",217,20,30,163.4,6,350.7,"Lava Lake",NA,NA
"Lava Lk",217,20,30,163.4,7,602.1,"Lava Lake",NA,NA
"Lava Lk",217,30,40,99.5,1,0,"Lava Lake",NA,NA
"Lava Lk",217,30,40,99.5,2,0,"Lava Lake",NA,NA
"Lava Lk",217,30,40,99.5,3,0,"Lava Lake",NA,NA
"Lava Lk",217,30,40,99.5,4,0,"Lava Lake",NA,NA
"Lava Lk",217,30,40,99.5,5,0,"Lava Lake",NA,NA
"Lava Lk",217,30,40,99.5,6,245.7,"Lava Lake",NA,NA
"Lava Lk",217,30,40,99.5,7,554,"Lava Lake",NA,NA
"Lava Lk",217,40,50,53.1,1,0,"Lava Lake",NA,NA
"Lava Lk",217,40,50,53.1,2,0,"Lava Lake",NA,NA
"Lava Lk",217,40,50,53.1,3,0,"Lava Lake",NA,NA
"Lava Lk",217,40,50,53.1,4,0,"Lava Lake",NA,NA
"Lava Lk",217,40,50,53.1,5,0,"Lava Lake",NA,NA
"Lava Lk",217,40,50,53.1,6,0,"Lava Lake",NA,NA
"Lava Lk",217,40,50,53.1,7,427.3,"Lava Lake",NA,NA
NA,83,NA,NA,NA,NA,NA,"Lillooet Lake","50 deg 15 min","122 deg 30 min"
"Link Lk",180,2,5,2393.1,1,652,"Link Lake","52 deg 26 min","127 deg 40 min"
"Link Lk",180,2,5,2393.1,2,1003,"Link Lake","52 deg 26 min","127 deg 40 min"
"Link Lk",180,2,5,2393.1,3,971,"Link Lake","52 deg 26 min","127 deg 40 min"
"Link Lk",180,2,5,2393.1,4,899,"Link Lake","52 deg 26 min","127 deg 40 min"
"Link Lk",180,2,5,2393.1,5,680,"Link Lake","52 deg 26 min","127 deg 40 min"
"Link Lk",180,2,5,2393.1,6,883,"Link Lake","52 deg 26 min","127 deg 40 min"
"Link Lk",180,2,5,2393.1,7,702,"Link Lake","52 deg 26 min","127 deg 40 min"
"Link Lk",180,2,5,2393.1,8,743,"Link Lake","52 deg 26 min","127 deg 40 min"
"Link Lk",180,2,5,2393.1,9,538,"Link Lake","52 deg 26 min","127 deg 40 min"
"Link Lk",180,2,5,2393.1,10,717,"Link Lake","52 deg 26 min","127 deg 40 min"
"Link Lk",180,3,5,2393.1,1,651,"Link Lake","52 deg 26 min","127 deg 40 min"
"Link Lk",180,3,5,2393.1,2,999,"Link Lake","52 deg 26 min","127 deg 40 min"
"Link Lk",180,3,5,2393.1,3,968,"Link Lake","52 deg 26 min","127 deg 40 min"
"Link Lk",180,3,5,2393.1,4,897,"Link Lake","52 deg 26 min","127 deg 40 min"
"Link Lk",180,3,5,2393.1,5,676,"Link Lake","52 deg 26 min","127 deg 40 min"
"Link Lk",180,3,5,2393.1,6,880,"Link Lake","52 deg 26 min","127 deg 40 min"
"Link Lk",180,3,5,2393.1,7,697,"Link Lake","52 deg 26 min","127 deg 40 min"
"Link Lk",180,3,5,2393.1,8,741,"Link Lake","52 deg 26 min","127 deg 40 min"
"Link Lk",180,3,5,2393.1,9,529,"Link Lake","52 deg 26 min","127 deg 40 min"
"Link Lk",180,3,5,2393.1,10,712,"Link Lake","52 deg 26 min","127 deg 40 min"
"Link Lk",180,5,10,2303.7,1,631,"Link Lake","52 deg 26 min","127 deg 40 min"
"Link Lk",180,5,10,2303.7,2,973,"Link Lake","52 deg 26 min","127 deg 40 min"
"Link Lk",180,5,10,2303.7,3,944,"Link Lake","52 deg 26 min","127 deg 40 min"
"Link Lk",180,5,10,2303.7,4,878,"Link Lake","52 deg 26 min","127 deg 40 min"
"Link Lk",180,5,10,2303.7,5,665,"Link Lake","52 deg 26 min","127 deg 40 min"
"Link Lk",180,5,10,2303.7,6,866,"Link Lake","52 deg 26 min","127 deg 40 min"
"Link Lk",180,5,10,2303.7,7,680,"Link Lake","52 deg 26 min","127 deg 40 min"
"Link Lk",180,5,10,2303.7,8,726,"Link Lake","52 deg 26 min","127 deg 40 min"
"Link Lk",180,5,10,2303.7,9,502,"Link Lake","52 deg 26 min","127 deg 40 min"
"Link Lk",180,5,10,2303.7,10,699,"Link Lake","52 deg 26 min","127 deg 40 min"
"Link Lk",180,10,15,2236.1,1,615,"Link Lake","52 deg 26 min","127 deg 40 min"
"Link Lk",180,10,15,2236.1,2,945,"Link Lake","52 deg 26 min","127 deg 40 min"
"Link Lk",180,10,15,2236.1,3,924,"Link Lake","52 deg 26 min","127 deg 40 min"
"Link Lk",180,10,15,2236.1,4,819,"Link Lake","52 deg 26 min","127 deg 40 min"
"Link Lk",180,10,15,2236.1,5,650,"Link Lake","52 deg 26 min","127 deg 40 min"
"Link Lk",180,10,15,2236.1,6,847,"Link Lake","52 deg 26 min","127 deg 40 min"
"Link Lk",180,10,15,2236.1,7,663,"Link Lake","52 deg 26 min","127 deg 40 min"
"Link Lk",180,10,15,2236.1,8,708,"Link Lake","52 deg 26 min","127 deg 40 min"
"Link Lk",180,10,15,2236.1,9,482,"Link Lake","52 deg 26 min","127 deg 40 min"
"Link Lk",180,10,15,2236.1,10,683,"Link Lake","52 deg 26 min","127 deg 40 min"
"Link Lk",180,15,20,2130.9,1,590,"Link Lake","52 deg 26 min","127 deg 40 min"
"Link Lk",180,15,20,2130.9,2,931,"Link Lake","52 deg 26 min","127 deg 40 min"
"Link Lk",180,15,20,2130.9,3,880,"Link Lake","52 deg 26 min","127 deg 40 min"
"Link Lk",180,15,20,2130.9,4,817,"Link Lake","52 deg 26 min","127 deg 40 min"
"Link Lk",180,15,20,2130.9,5,641,"Link Lake","52 deg 26 min","127 deg 40 min"
"Link Lk",180,15,20,2130.9,6,834,"Link Lake","52 deg 26 min","127 deg 40 min"
"Link Lk",180,15,20,2130.9,7,638,"Link Lake","52 deg 26 min","127 deg 40 min"
"Link Lk",180,15,20,2130.9,8,686,"Link Lake","52 deg 26 min","127 deg 40 min"
"Link Lk",180,15,20,2130.9,9,463,"Link Lake","52 deg 26 min","127 deg 40 min"
"Link Lk",180,15,20,2130.9,10,666,"Link Lake","52 deg 26 min","127 deg 40 min"
"Link Lk",180,20,30,2030.3,1,564,"Link Lake","52 deg 26 min","127 deg 40 min"
"Link Lk",180,20,30,2030.3,2,907,"Link Lake","52 deg 26 min","127 deg 40 min"
"Link Lk",180,20,30,2030.3,3,828,"Link Lake","52 deg 26 min","127 deg 40 min"
"Link Lk",180,20,30,2030.3,4,795,"Link Lake","52 deg 26 min","127 deg 40 min"
"Link Lk",180,20,30,2030.3,5,625,"Link Lake","52 deg 26 min","127 deg 40 min"
"Link Lk",180,20,30,2030.3,6,810,"Link Lake","52 deg 26 min","127 deg 40 min"
"Link Lk",180,20,30,2030.3,7,617,"Link Lake","52 deg 26 min","127 deg 40 min"
"Link Lk",180,20,30,2030.3,8,665,"Link Lake","52 deg 26 min","127 deg 40 min"
"Link Lk",180,20,30,2030.3,9,435,"Link Lake","52 deg 26 min","127 deg 40 min"
"Link Lk",180,20,30,2030.3,10,638,"Link Lake","52 deg 26 min","127 deg 40 min"
"Link Lk",180,30,40,1910.8,1,532,"Link Lake","52 deg 26 min","127 deg 40 min"
"Link Lk",180,30,40,1910.8,2,858,"Link Lake","52 deg 26 min","127 deg 40 min"
"Link Lk",180,30,40,1910.8,3,768,"Link Lake","52 deg 26 min","127 deg 40 min"
"Link Lk",180,30,40,1910.8,4,758,"Link Lake","52 deg 26 min","127 deg 40 min"
"Link Lk",180,30,40,1910.8,5,603,"Link Lake","52 deg 26 min","127 deg 40 min"
"Link Lk",180,30,40,1910.8,6,776,"Link Lake","52 deg 26 min","127 deg 40 min"
"Link Lk",180,30,40,1910.8,7,577,"Link Lake","52 deg 26 min","127 deg 40 min"
"Link Lk",180,30,40,1910.8,8,627,"Link Lake","52 deg 26 min","127 deg 40 min"
"Link Lk",180,30,40,1910.8,9,409,"Link Lake","52 deg 26 min","127 deg 40 min"
"Link Lk",180,30,40,1910.8,10,586,"Link Lake","52 deg 26 min","127 deg 40 min"
"Link Lk",180,40,50,1791.1,1,494,"Link Lake","52 deg 26 min","127 deg 40 min"
"Link Lk",180,40,50,1791.1,2,812,"Link Lake","52 deg 26 min","127 deg 40 min"
"Link Lk",180,40,50,1791.1,3,655,"Link Lake","52 deg 26 min","127 deg 40 min"
"Link Lk",180,40,50,1791.1,4,665,"Link Lake","52 deg 26 min","127 deg 40 min"
"Link Lk",180,40,50,1791.1,5,577,"Link Lake","52 deg 26 min","127 deg 40 min"
"Link Lk",180,40,50,1791.1,6,686,"Link Lake","52 deg 26 min","127 deg 40 min"
"Link Lk",180,40,50,1791.1,7,546,"Link Lake","52 deg 26 min","127 deg 40 min"
"Link Lk",180,40,50,1791.1,8,595,"Link Lake","52 deg 26 min","127 deg 40 min"
"Link Lk",180,40,50,1791.1,9,381,"Link Lake","52 deg 26 min","127 deg 40 min"
"Link Lk",180,40,50,1791.1,10,537,"Link Lake","52 deg 26 min","127 deg 40 min"
"Link Lk",180,50,60,1648.5,1,457,"Link Lake","52 deg 26 min","127 deg 40 min"
"Link Lk",180,50,60,1648.5,2,763,"Link Lake","52 deg 26 min","127 deg 40 min"
"Link Lk",180,50,60,1648.5,3,577,"Link Lake","52 deg 26 min","127 deg 40 min"
"Link Lk",180,50,60,1648.5,4,622,"Link Lake","52 deg 26 min","127 deg 40 min"
"Link Lk",180,50,60,1648.5,5,554,"Link Lake","52 deg 26 min","127 deg 40 min"
"Link Lk",180,50,60,1648.5,6,534,"Link Lake","52 deg 26 min","127 deg 40 min"
"Link Lk",180,50,60,1648.5,7,514,"Link Lake","52 deg 26 min","127 deg 40 min"
"Link Lk",180,50,60,1648.5,8,567,"Link Lake","52 deg 26 min","127 deg 40 min"
"Link Lk",180,50,60,1648.5,9,354,"Link Lake","52 deg 26 min","127 deg 40 min"
"Link Lk",180,50,60,1648.5,10,470,"Link Lake","52 deg 26 min","127 deg 40 min"
NA,97,NA,NA,NA,NA,NA,"Little Atlin Lake","60 deg 15 min","133 deg 57 min"
NA,146,NA,NA,NA,NA,NA,"Little Long Lake","49 deg 55 min","125 deg 28 min"
NA,98,NA,NA,NA,NA,NA,"Little Salmon Lake","62 deg 11 min","134 deg 40 min"
NA,82,NA,NA,NA,NA,NA,"Little Shuswap Lake","50 deg 51 min","119 deg 38 min"
NA,113,NA,NA,NA,NA,NA,"Little Toquart Lake","49 deg 03 min","125 deg 21 min"
NA,8,NA,NA,NA,NA,NA,"Long Lake","51 deg 15 min","127 deg 10 min"
"LONGA",801,2,5,1025,1,492,"Long Lake (A)","51 deg 15 min","127 deg 13 min"
"LONGA",801,2,5,1025,2,548,"Long Lake (A)","51 deg 15 min","127 deg 13 min"
"LONGA",801,2,5,1025,3,640,"Long Lake (A)","51 deg 15 min","127 deg 13 min"
"LONGA",801,2,5,1025,4,877,"Long Lake (A)","51 deg 15 min","127 deg 13 min"
"LONGA",801,2,5,1025,5,850,"Long Lake (A)","51 deg 15 min","127 deg 13 min"
"LONGA",801,2,5,1025,6,2263,"Long Lake (A)","51 deg 15 min","127 deg 13 min"
"LONGA",801,2,5,1025,7,2100,"Long Lake (A)","51 deg 15 min","127 deg 13 min"
"LONGA",801,2,5,1025,8,2934,"Long Lake (A)","51 deg 15 min","127 deg 13 min"
"LONGA",801,2,5,1025,9,3003,"Long Lake (A)","51 deg 15 min","127 deg 13 min"
"LONGA",801,3,5,1025,1,492,"Long Lake (A)","51 deg 15 min","127 deg 13 min"
"LONGA",801,3,5,1025,2,548,"Long Lake (A)","51 deg 15 min","127 deg 13 min"
"LONGA",801,3,5,1025,3,640,"Long Lake (A)","51 deg 15 min","127 deg 13 min"
"LONGA",801,3,5,1025,4,877,"Long Lake (A)","51 deg 15 min","127 deg 13 min"
"LONGA",801,3,5,1025,5,850,"Long Lake (A)","51 deg 15 min","127 deg 13 min"
"LONGA",801,3,5,1025,6,2263,"Long Lake (A)","51 deg 15 min","127 deg 13 min"
"LONGA",801,3,5,1025,7,2100,"Long Lake (A)","51 deg 15 min","127 deg 13 min"
"LONGA",801,3,5,1025,8,2934,"Long Lake (A)","51 deg 15 min","127 deg 13 min"
"LONGA",801,3,5,1025,9,3003,"Long Lake (A)","51 deg 15 min","127 deg 13 min"
"LONGA",801,5,10,1012,1,478,"Long Lake (A)","51 deg 15 min","127 deg 13 min"
"LONGA",801,5,10,1012,2,544,"Long Lake (A)","51 deg 15 min","127 deg 13 min"
"LONGA",801,5,10,1012,3,640,"Long Lake (A)","51 deg 15 min","127 deg 13 min"
"LONGA",801,5,10,1012,4,873,"Long Lake (A)","51 deg 15 min","127 deg 13 min"
"LONGA",801,5,10,1012,5,834,"Long Lake (A)","51 deg 15 min","127 deg 13 min"
"LONGA",801,5,10,1012,6,1962,"Long Lake (A)","51 deg 15 min","127 deg 13 min"
"LONGA",801,5,10,1012,7,2078,"Long Lake (A)","51 deg 15 min","127 deg 13 min"
"LONGA",801,5,10,1012,8,2912,"Long Lake (A)","51 deg 15 min","127 deg 13 min"
"LONGA",801,5,10,1012,9,2988,"Long Lake (A)","51 deg 15 min","127 deg 13 min"
"LONGA",801,10,15,999,1,456,"Long Lake (A)","51 deg 15 min","127 deg 13 min"
"LONGA",801,10,15,999,2,539,"Long Lake (A)","51 deg 15 min","127 deg 13 min"
"LONGA",801,10,15,999,3,638,"Long Lake (A)","51 deg 15 min","127 deg 13 min"
"LONGA",801,10,15,999,4,866,"Long Lake (A)","51 deg 15 min","127 deg 13 min"
"LONGA",801,10,15,999,5,821,"Long Lake (A)","51 deg 15 min","127 deg 13 min"
"LONGA",801,10,15,999,6,1776,"Long Lake (A)","51 deg 15 min","127 deg 13 min"
"LONGA",801,10,15,999,7,2064,"Long Lake (A)","51 deg 15 min","127 deg 13 min"
"LONGA",801,10,15,999,8,2845,"Long Lake (A)","51 deg 15 min","127 deg 13 min"
"LONGA",801,10,15,999,9,2973,"Long Lake (A)","51 deg 15 min","127 deg 13 min"
"LONGA",801,15,20,975,1,438,"Long Lake (A)","51 deg 15 min","127 deg 13 min"
"LONGA",801,15,20,975,2,535,"Long Lake (A)","51 deg 15 min","127 deg 13 min"
"LONGA",801,15,20,975,3,626,"Long Lake (A)","51 deg 15 min","127 deg 13 min"
"LONGA",801,15,20,975,4,854,"Long Lake (A)","51 deg 15 min","127 deg 13 min"
"LONGA",801,15,20,975,5,798,"Long Lake (A)","51 deg 15 min","127 deg 13 min"
"LONGA",801,15,20,975,6,1469,"Long Lake (A)","51 deg 15 min","127 deg 13 min"
"LONGA",801,15,20,975,7,2034,"Long Lake (A)","51 deg 15 min","127 deg 13 min"
"LONGA",801,15,20,975,8,2808,"Long Lake (A)","51 deg 15 min","127 deg 13 min"
"LONGA",801,15,20,975,9,2936,"Long Lake (A)","51 deg 15 min","127 deg 13 min"
"LONGA",801,20,30,955,1,405,"Long Lake (A)","51 deg 15 min","127 deg 13 min"
"LONGA",801,20,30,955,2,517,"Long Lake (A)","51 deg 15 min","127 deg 13 min"
"LONGA",801,20,30,955,3,602,"Long Lake (A)","51 deg 15 min","127 deg 13 min"
"LONGA",801,20,30,955,4,839,"Long Lake (A)","51 deg 15 min","127 deg 13 min"
"LONGA",801,20,30,955,5,763,"Long Lake (A)","51 deg 15 min","127 deg 13 min"
"LONGA",801,20,30,955,6,1409,"Long Lake (A)","51 deg 15 min","127 deg 13 min"
"LONGA",801,20,30,955,7,1916,"Long Lake (A)","51 deg 15 min","127 deg 13 min"
"LONGA",801,20,30,955,8,2771,"Long Lake (A)","51 deg 15 min","127 deg 13 min"
"LONGA",801,20,30,955,9,2831,"Long Lake (A)","51 deg 15 min","127 deg 13 min"
"LONGA",801,30,40,905,1,388,"Long Lake (A)","51 deg 15 min","127 deg 13 min"
"LONGA",801,30,40,905,2,479,"Long Lake (A)","51 deg 15 min","127 deg 13 min"
"LONGA",801,30,40,905,3,577,"Long Lake (A)","51 deg 15 min","127 deg 13 min"
"LONGA",801,30,40,905,4,821,"Long Lake (A)","51 deg 15 min","127 deg 13 min"
"LONGA",801,30,40,905,5,724,"Long Lake (A)","51 deg 15 min","127 deg 13 min"
"LONGA",801,30,40,905,6,1288,"Long Lake (A)","51 deg 15 min","127 deg 13 min"
"LONGA",801,30,40,905,7,1725,"Long Lake (A)","51 deg 15 min","127 deg 13 min"
"LONGA",801,30,40,905,8,2593,"Long Lake (A)","51 deg 15 min","127 deg 13 min"
"LONGA",801,30,40,905,9,2779,"Long Lake (A)","51 deg 15 min","127 deg 13 min"
"LONGA",801,40,50,805,1,329,"Long Lake (A)","51 deg 15 min","127 deg 13 min"
"LONGA",801,40,50,805,2,441,"Long Lake (A)","51 deg 15 min","127 deg 13 min"
"LONGA",801,40,50,805,3,545,"Long Lake (A)","51 deg 15 min","127 deg 13 min"
"LONGA",801,40,50,805,4,802,"Long Lake (A)","51 deg 15 min","127 deg 13 min"
"LONGA",801,40,50,805,5,678,"Long Lake (A)","51 deg 15 min","127 deg 13 min"
"LONGA",801,40,50,805,6,873,"Long Lake (A)","51 deg 15 min","127 deg 13 min"
"LONGA",801,40,50,805,7,1673,"Long Lake (A)","51 deg 15 min","127 deg 13 min"
"LONGA",801,40,50,805,8,2379,"Long Lake (A)","51 deg 15 min","127 deg 13 min"
"LONGA",801,40,50,805,9,2734,"Long Lake (A)","51 deg 15 min","127 deg 13 min"
"LONGA",801,50,60,625,1,280,"Long Lake (A)","51 deg 15 min","127 deg 13 min"
"LONGA",801,50,60,625,2,403,"Long Lake (A)","51 deg 15 min","127 deg 13 min"
"LONGA",801,50,60,625,3,500,"Long Lake (A)","51 deg 15 min","127 deg 13 min"
"LONGA",801,50,60,625,4,770,"Long Lake (A)","51 deg 15 min","127 deg 13 min"
"LONGA",801,50,60,625,5,640,"Long Lake (A)","51 deg 15 min","127 deg 13 min"
"LONGA",801,50,60,625,6,0,"Long Lake (A)","51 deg 15 min","127 deg 13 min"
"LONGA",801,50,60,625,7,0,"Long Lake (A)","51 deg 15 min","127 deg 13 min"
"LONGA",801,50,60,625,8,0,"Long Lake (A)","51 deg 15 min","127 deg 13 min"
"LONGA",801,50,60,625,9,0,"Long Lake (A)","51 deg 15 min","127 deg 13 min"
"LONGA",801,60,70,575,1,260,"Long Lake (A)","51 deg 15 min","127 deg 13 min"
"LONGA",801,60,70,575,2,380,"Long Lake (A)","51 deg 15 min","127 deg 13 min"
"LONGA",801,60,70,575,3,450,"Long Lake (A)","51 deg 15 min","127 deg 13 min"
"LONGA",801,60,70,575,4,740,"Long Lake (A)","51 deg 15 min","127 deg 13 min"
"LONGA",801,60,70,575,5,615,"Long Lake (A)","51 deg 15 min","127 deg 13 min"
"LONGA",801,60,70,575,6,0,"Long Lake (A)","51 deg 15 min","127 deg 13 min"
"LONGA",801,60,70,575,7,0,"Long Lake (A)","51 deg 15 min","127 deg 13 min"
"LONGA",801,60,70,575,8,0,"Long Lake (A)","51 deg 15 min","127 deg 13 min"
"LONGA",801,60,70,575,9,0,"Long Lake (A)","51 deg 15 min","127 deg 13 min"
"LONGB",802,2,5,1075,1,1105,"Long Lake (B)","51 deg 15 min","127 deg 05 min"
"LONGB",802,2,5,1075,2,982,"Long Lake (B)","51 deg 15 min","127 deg 05 min"
"LONGB",802,2,5,1075,3,1572,"Long Lake (B)","51 deg 15 min","127 deg 05 min"
"LONGB",802,2,5,1075,4,1003,"Long Lake (B)","51 deg 15 min","127 deg 05 min"
"LONGB",802,2,5,1075,5,3000,"Long Lake (B)","51 deg 15 min","127 deg 05 min"
"LONGB",802,2,5,1075,6,2648,"Long Lake (B)","51 deg 15 min","127 deg 05 min"
"LONGB",802,2,5,1075,7,1742,"Long Lake (B)","51 deg 15 min","127 deg 05 min"
"LONGB",802,3,5,1075,1,1105,"Long Lake (B)","51 deg 15 min","127 deg 05 min"
"LONGB",802,3,5,1075,2,982,"Long Lake (B)","51 deg 15 min","127 deg 05 min"
"LONGB",802,3,5,1075,3,1572,"Long Lake (B)","51 deg 15 min","127 deg 05 min"
"LONGB",802,3,5,1075,4,1003,"Long Lake (B)","51 deg 15 min","127 deg 05 min"
"LONGB",802,3,5,1075,5,3000,"Long Lake (B)","51 deg 15 min","127 deg 05 min"
"LONGB",802,3,5,1075,6,2648,"Long Lake (B)","51 deg 15 min","127 deg 05 min"
"LONGB",802,3,5,1075,7,1742,"Long Lake (B)","51 deg 15 min","127 deg 05 min"
"LONGB",802,5,10,1075,1,1088,"Long Lake (B)","51 deg 15 min","127 deg 05 min"
"LONGB",802,5,10,1075,2,969,"Long Lake (B)","51 deg 15 min","127 deg 05 min"
"LONGB",802,5,10,1075,3,1561,"Long Lake (B)","51 deg 15 min","127 deg 05 min"
"LONGB",802,5,10,1075,4,999,"Long Lake (B)","51 deg 15 min","127 deg 05 min"
"LONGB",802,5,10,1075,5,2992,"Long Lake (B)","51 deg 15 min","127 deg 05 min"
"LONGB",802,5,10,1075,6,2635,"Long Lake (B)","51 deg 15 min","127 deg 05 min"
"LONGB",802,5,10,1075,7,1729,"Long Lake (B)","51 deg 15 min","127 deg 05 min"
"LONGB",802,10,15,1070,1,1072,"Long Lake (B)","51 deg 15 min","127 deg 05 min"
"LONGB",802,10,15,1070,2,957,"Long Lake (B)","51 deg 15 min","127 deg 05 min"
"LONGB",802,10,15,1070,3,1543,"Long Lake (B)","51 deg 15 min","127 deg 05 min"
"LONGB",802,10,15,1070,4,986,"Long Lake (B)","51 deg 15 min","127 deg 05 min"
"LONGB",802,10,15,1070,5,2959,"Long Lake (B)","51 deg 15 min","127 deg 05 min"
"LONGB",802,10,15,1070,6,2608,"Long Lake (B)","51 deg 15 min","127 deg 05 min"
"LONGB",802,10,15,1070,7,1708,"Long Lake (B)","51 deg 15 min","127 deg 05 min"
"LONGB",802,15,20,1065,1,1060,"Long Lake (B)","51 deg 15 min","127 deg 05 min"
"LONGB",802,15,20,1065,2,944,"Long Lake (B)","51 deg 15 min","127 deg 05 min"
"LONGB",802,15,20,1065,3,1525,"Long Lake (B)","51 deg 15 min","127 deg 05 min"
"LONGB",802,15,20,1065,4,958,"Long Lake (B)","51 deg 15 min","127 deg 05 min"
"LONGB",802,15,20,1065,5,2910,"Long Lake (B)","51 deg 15 min","127 deg 05 min"
"LONGB",802,15,20,1065,6,2535,"Long Lake (B)","51 deg 15 min","127 deg 05 min"
"LONGB",802,15,20,1065,7,1694,"Long Lake (B)","51 deg 15 min","127 deg 05 min"
"LONGB",802,20,30,1010,1,1042,"Long Lake (B)","51 deg 15 min","127 deg 05 min"
"LONGB",802,20,30,1010,2,922,"Long Lake (B)","51 deg 15 min","127 deg 05 min"
"LONGB",802,20,30,1010,3,1492,"Long Lake (B)","51 deg 15 min","127 deg 05 min"
"LONGB",802,20,30,1010,4,927,"Long Lake (B)","51 deg 15 min","127 deg 05 min"
"LONGB",802,20,30,1010,5,2819,"Long Lake (B)","51 deg 15 min","127 deg 05 min"
"LONGB",802,20,30,1010,6,2408,"Long Lake (B)","51 deg 15 min","127 deg 05 min"
"LONGB",802,20,30,1010,7,1659,"Long Lake (B)","51 deg 15 min","127 deg 05 min"
"LONGB",802,30,40,965,1,1015,"Long Lake (B)","51 deg 15 min","127 deg 05 min"
"LONGB",802,30,40,965,2,899,"Long Lake (B)","51 deg 15 min","127 deg 05 min"
"LONGB",802,30,40,965,3,1437,"Long Lake (B)","51 deg 15 min","127 deg 05 min"
"LONGB",802,30,40,965,4,888,"Long Lake (B)","51 deg 15 min","127 deg 05 min"
"LONGB",802,30,40,965,5,2762,"Long Lake (B)","51 deg 15 min","127 deg 05 min"
"LONGB",802,30,40,965,6,2294,"Long Lake (B)","51 deg 15 min","127 deg 05 min"
"LONGB",802,30,40,965,7,1638,"Long Lake (B)","51 deg 15 min","127 deg 05 min"
"LONGB",802,40,50,908,1,990,"Long Lake (B)","51 deg 15 min","127 deg 05 min"
"LONGB",802,40,50,908,2,867,"Long Lake (B)","51 deg 15 min","127 deg 05 min"
"LONGB",802,40,50,908,3,1390,"Long Lake (B)","51 deg 15 min","127 deg 05 min"
"LONGB",802,40,50,908,4,846,"Long Lake (B)","51 deg 15 min","127 deg 05 min"
"LONGB",802,40,50,908,5,2693,"Long Lake (B)","51 deg 15 min","127 deg 05 min"
"LONGB",802,40,50,908,6,2248,"Long Lake (B)","51 deg 15 min","127 deg 05 min"
"LONGB",802,40,50,908,7,1603,"Long Lake (B)","51 deg 15 min","127 deg 05 min"
"LONGB",802,50,60,853,1,967,"Long Lake (B)","51 deg 15 min","127 deg 05 min"
"LONGB",802,50,60,853,2,847,"Long Lake (B)","51 deg 15 min","127 deg 05 min"
"LONGB",802,50,60,853,3,1343,"Long Lake (B)","51 deg 15 min","127 deg 05 min"
"LONGB",802,50,60,853,4,819,"Long Lake (B)","51 deg 15 min","127 deg 05 min"
"LONGB",802,50,60,853,5,0,"Long Lake (B)","51 deg 15 min","127 deg 05 min"
"LONGB",802,50,60,853,6,0,"Long Lake (B)","51 deg 15 min","127 deg 05 min"
"LONGB",802,50,60,853,7,0,"Long Lake (B)","51 deg 15 min","127 deg 05 min"
"LONGB",802,60,70,810,1,910,"Long Lake (B)","51 deg 15 min","127 deg 05 min"
"LONGB",802,60,70,810,2,790,"Long Lake (B)","51 deg 15 min","127 deg 05 min"
"LONGB",802,60,70,810,3,1310,"Long Lake (B)","51 deg 15 min","127 deg 05 min"
"LONGB",802,60,70,810,4,760,"Long Lake (B)","51 deg 15 min","127 deg 05 min"
"LONGB",802,60,70,810,5,0,"Long Lake (B)","51 deg 15 min","127 deg 05 min"
"LONGB",802,60,70,810,6,0,"Long Lake (B)","51 deg 15 min","127 deg 05 min"
"LONGB",802,60,70,810,7,0,"Long Lake (B)","51 deg 15 min","127 deg 05 min"
NA,129,NA,NA,NA,NA,NA,"Long Lake (YK)","61 deg 21 min","136 deg 41 min"
NA,174,NA,NA,NA,NA,NA,"Low Lake","48 deg 30 min","123 deg 35 min"
"LOWE LAKE",20,2,5,365,1,835,"Lowe Lake","53 deg 34 min","129 deg 33 min"
"LOWE LAKE",20,2,5,365,2,673,"Lowe Lake","53 deg 34 min","129 deg 33 min"
"LOWE LAKE",20,2,5,365,3,615,"Lowe Lake","53 deg 34 min","129 deg 33 min"
"LOWE LAKE",20,2,5,365,4,946,"Lowe Lake","53 deg 34 min","129 deg 33 min"
"LOWE LAKE",20,3,5,365,1,835,"Lowe Lake","53 deg 34 min","129 deg 33 min"
"LOWE LAKE",20,3,5,365,2,673,"Lowe Lake","53 deg 34 min","129 deg 33 min"
"LOWE LAKE",20,3,5,365,3,615,"Lowe Lake","53 deg 34 min","129 deg 33 min"
"LOWE LAKE",20,3,5,365,4,946,"Lowe Lake","53 deg 34 min","129 deg 33 min"
"LOWE LAKE",20,5,10,347,1,805,"Lowe Lake","53 deg 34 min","129 deg 33 min"
"LOWE LAKE",20,5,10,347,2,655,"Lowe Lake","53 deg 34 min","129 deg 33 min"
"LOWE LAKE",20,5,10,347,3,598,"Lowe Lake","53 deg 34 min","129 deg 33 min"
"LOWE LAKE",20,5,10,347,4,901,"Lowe Lake","53 deg 34 min","129 deg 33 min"
"LOWE LAKE",20,10,15,294,1,670,"Lowe Lake","53 deg 34 min","129 deg 33 min"
"LOWE LAKE",20,10,15,294,2,632,"Lowe Lake","53 deg 34 min","129 deg 33 min"
"LOWE LAKE",20,10,15,294,3,571,"Lowe Lake","53 deg 34 min","129 deg 33 min"
"LOWE LAKE",20,10,15,294,4,843,"Lowe Lake","53 deg 34 min","129 deg 33 min"
"LOWE LAKE",20,15,20,263,1,0,"Lowe Lake","53 deg 34 min","129 deg 33 min"
"LOWE LAKE",20,15,20,263,2,600,"Lowe Lake","53 deg 34 min","129 deg 33 min"
"LOWE LAKE",20,15,20,263,3,530,"Lowe Lake","53 deg 34 min","129 deg 33 min"
"LOWE LAKE",20,15,20,263,4,811,"Lowe Lake","53 deg 34 min","129 deg 33 min"
"LOWE LAKE",20,20,30,222,1,0,"Lowe Lake","53 deg 34 min","129 deg 33 min"
"LOWE LAKE",20,20,30,222,2,563,"Lowe Lake","53 deg 34 min","129 deg 33 min"
"LOWE LAKE",20,20,30,222,3,486,"Lowe Lake","53 deg 34 min","129 deg 33 min"
"LOWE LAKE",20,20,30,222,4,756,"Lowe Lake","53 deg 34 min","129 deg 33 min"
"LOWE LAKE",20,30,40,169,1,0,"Lowe Lake","53 deg 34 min","129 deg 33 min"
"LOWE LAKE",20,30,40,169,2,495,"Lowe Lake","53 deg 34 min","129 deg 33 min"
"LOWE LAKE",20,30,40,169,3,412,"Lowe Lake","53 deg 34 min","129 deg 33 min"
"LOWE LAKE",20,30,40,169,4,627,"Lowe Lake","53 deg 34 min","129 deg 33 min"
"LOWE LAKE",20,40,50,65,1,0,"Lowe Lake","53 deg 34 min","129 deg 33 min"
"LOWE LAKE",20,40,50,65,2,333,"Lowe Lake","53 deg 34 min","129 deg 33 min"
"LOWE LAKE",20,40,50,65,3,254,"Lowe Lake","53 deg 34 min","129 deg 33 min"
"LOWE LAKE",20,40,50,65,4,450,"Lowe Lake","53 deg 34 min","129 deg 33 min"
"LOWE LAKE",20,50,60,0,1,0,"Lowe Lake","53 deg 34 min","129 deg 33 min"
"LOWE LAKE",20,50,60,0,2,0,"Lowe Lake","53 deg 34 min","129 deg 33 min"
"LOWE LAKE",20,50,60,0,3,0,"Lowe Lake","53 deg 34 min","129 deg 33 min"
"LOWE LAKE",20,50,60,0,4,0,"Lowe Lake","53 deg 34 min","129 deg 33 min"
"Maggie Lk",111,2,5,219,1,2070,"Maggie Lake","49 deg 00 min","125 deg 25 min"
"Maggie Lk",111,2,5,219,2,1476,"Maggie Lake","49 deg 00 min","125 deg 25 min"
"Maggie Lk",111,2,5,219,3,539,"Maggie Lake","49 deg 00 min","125 deg 25 min"
"Maggie Lk",111,2,5,219,4,703,"Maggie Lake","49 deg 00 min","125 deg 25 min"
"Maggie Lk",111,2,5,219,5,533,"Maggie Lake","49 deg 00 min","125 deg 25 min"
"Maggie Lk",111,2,5,219,6,647,"Maggie Lake","49 deg 00 min","125 deg 25 min"
"Maggie Lk",111,3,5,219,1,2070,"Maggie Lake","49 deg 00 min","125 deg 25 min"
"Maggie Lk",111,3,5,219,2,1476,"Maggie Lake","49 deg 00 min","125 deg 25 min"
"Maggie Lk",111,3,5,219,3,539,"Maggie Lake","49 deg 00 min","125 deg 25 min"
"Maggie Lk",111,3,5,219,4,703,"Maggie Lake","49 deg 00 min","125 deg 25 min"
"Maggie Lk",111,3,5,219,5,533,"Maggie Lake","49 deg 00 min","125 deg 25 min"
"Maggie Lk",111,3,5,219,6,647,"Maggie Lake","49 deg 00 min","125 deg 25 min"
"Maggie Lk",111,5,10,199,1,2044,"Maggie Lake","49 deg 00 min","125 deg 25 min"
"Maggie Lk",111,5,10,199,2,1443,"Maggie Lake","49 deg 00 min","125 deg 25 min"
"Maggie Lk",111,5,10,199,3,515,"Maggie Lake","49 deg 00 min","125 deg 25 min"
"Maggie Lk",111,5,10,199,4,682,"Maggie Lake","49 deg 00 min","125 deg 25 min"
"Maggie Lk",111,5,10,199,5,504,"Maggie Lake","49 deg 00 min","125 deg 25 min"
"Maggie Lk",111,5,10,199,6,633,"Maggie Lake","49 deg 00 min","125 deg 25 min"
"Maggie Lk",111,10,15,184,1,2015,"Maggie Lake","49 deg 00 min","125 deg 25 min"
"Maggie Lk",111,10,15,184,2,1355,"Maggie Lake","49 deg 00 min","125 deg 25 min"
"Maggie Lk",111,10,15,184,3,487,"Maggie Lake","49 deg 00 min","125 deg 25 min"
"Maggie Lk",111,10,15,184,4,658,"Maggie Lake","49 deg 00 min","125 deg 25 min"
"Maggie Lk",111,10,15,184,5,484,"Maggie Lake","49 deg 00 min","125 deg 25 min"
"Maggie Lk",111,10,15,184,6,607,"Maggie Lake","49 deg 00 min","125 deg 25 min"
"Maggie Lk",111,15,20,169,1,1961,"Maggie Lake","49 deg 00 min","125 deg 25 min"
"Maggie Lk",111,15,20,169,2,1325,"Maggie Lake","49 deg 00 min","125 deg 25 min"
"Maggie Lk",111,15,20,169,3,456,"Maggie Lake","49 deg 00 min","125 deg 25 min"
"Maggie Lk",111,15,20,169,4,636,"Maggie Lake","49 deg 00 min","125 deg 25 min"
"Maggie Lk",111,15,20,169,5,470,"Maggie Lake","49 deg 00 min","125 deg 25 min"
"Maggie Lk",111,15,20,169,6,510,"Maggie Lake","49 deg 00 min","125 deg 25 min"
"Maggie Lk",111,20,30,145,1,1815,"Maggie Lake","49 deg 00 min","125 deg 25 min"
"Maggie Lk",111,20,30,145,2,1187,"Maggie Lake","49 deg 00 min","125 deg 25 min"
"Maggie Lk",111,20,30,145,3,408,"Maggie Lake","49 deg 00 min","125 deg 25 min"
"Maggie Lk",111,20,30,145,4,591,"Maggie Lake","49 deg 00 min","125 deg 25 min"
"Maggie Lk",111,20,30,145,5,441,"Maggie Lake","49 deg 00 min","125 deg 25 min"
"Maggie Lk",111,20,30,145,6,424,"Maggie Lake","49 deg 00 min","125 deg 25 min"
"Maggie Lk",111,30,40,101,1,1481,"Maggie Lake","49 deg 00 min","125 deg 25 min"
"Maggie Lk",111,30,40,101,2,1058,"Maggie Lake","49 deg 00 min","125 deg 25 min"
"Maggie Lk",111,30,40,101,3,250,"Maggie Lake","49 deg 00 min","125 deg 25 min"
"Maggie Lk",111,30,40,101,4,529,"Maggie Lake","49 deg 00 min","125 deg 25 min"
"Maggie Lk",111,30,40,101,5,394,"Maggie Lake","49 deg 00 min","125 deg 25 min"
"Maggie Lk",111,30,40,101,6,0,"Maggie Lake","49 deg 00 min","125 deg 25 min"
"Maggie Lk",111,40,50,44,1,620,"Maggie Lake","49 deg 00 min","125 deg 25 min"
"Maggie Lk",111,40,50,44,2,878,"Maggie Lake","49 deg 00 min","125 deg 25 min"
"Maggie Lk",111,40,50,44,3,0,"Maggie Lake","49 deg 00 min","125 deg 25 min"
"Maggie Lk",111,40,50,44,4,450,"Maggie Lake","49 deg 00 min","125 deg 25 min"
"Maggie Lk",111,40,50,44,5,344,"Maggie Lake","49 deg 00 min","125 deg 25 min"
"Maggie Lk",111,40,50,44,6,0,"Maggie Lake","49 deg 00 min","125 deg 25 min"
NA,79,NA,NA,NA,NA,NA,"Mara Lake","50 deg 47 min","119 deg 00 min"
"Mathers Lk",55,2,5,171,1,500,"Mathers Lake","52 deg 58 min","131 deg 50 min"
"Mathers Lk",55,2,5,171,2,285,"Mathers Lake","52 deg 58 min","131 deg 50 min"
"Mathers Lk",55,2,5,171,3,500,"Mathers Lake","52 deg 58 min","131 deg 50 min"
"Mathers Lk",55,2,5,171,4,525,"Mathers Lake","52 deg 58 min","131 deg 50 min"
"Mathers Lk",55,3,5,171,1,500,"Mathers Lake","52 deg 58 min","131 deg 50 min"
"Mathers Lk",55,3,5,171,2,285,"Mathers Lake","52 deg 58 min","131 deg 50 min"
"Mathers Lk",55,3,5,171,3,500,"Mathers Lake","52 deg 58 min","131 deg 50 min"
"Mathers Lk",55,3,5,171,4,525,"Mathers Lake","52 deg 58 min","131 deg 50 min"
"Mathers Lk",55,5,10,163,1,480,"Mathers Lake","52 deg 58 min","131 deg 50 min"
"Mathers Lk",55,5,10,163,2,280,"Mathers Lake","52 deg 58 min","131 deg 50 min"
"Mathers Lk",55,5,10,163,3,485,"Mathers Lake","52 deg 58 min","131 deg 50 min"
"Mathers Lk",55,5,10,163,4,505,"Mathers Lake","52 deg 58 min","131 deg 50 min"
"Mathers Lk",55,10,15,156,1,450,"Mathers Lake","52 deg 58 min","131 deg 50 min"
"Mathers Lk",55,10,15,156,2,270,"Mathers Lake","52 deg 58 min","131 deg 50 min"
"Mathers Lk",55,10,15,156,3,470,"Mathers Lake","52 deg 58 min","131 deg 50 min"
"Mathers Lk",55,10,15,156,4,480,"Mathers Lake","52 deg 58 min","131 deg 50 min"
"Mathers Lk",55,15,20,148,1,410,"Mathers Lake","52 deg 58 min","131 deg 50 min"
"Mathers Lk",55,15,20,148,2,250,"Mathers Lake","52 deg 58 min","131 deg 50 min"
"Mathers Lk",55,15,20,148,3,445,"Mathers Lake","52 deg 58 min","131 deg 50 min"
"Mathers Lk",55,15,20,148,4,465,"Mathers Lake","52 deg 58 min","131 deg 50 min"
"Mathers Lk",55,20,30,136,1,275,"Mathers Lake","52 deg 58 min","131 deg 50 min"
"Mathers Lk",55,20,30,136,2,235,"Mathers Lake","52 deg 58 min","131 deg 50 min"
"Mathers Lk",55,20,30,136,3,420,"Mathers Lake","52 deg 58 min","131 deg 50 min"
"Mathers Lk",55,20,30,136,4,445,"Mathers Lake","52 deg 58 min","131 deg 50 min"
"Mathers Lk",55,30,40,112,1,0,"Mathers Lake","52 deg 58 min","131 deg 50 min"
"Mathers Lk",55,30,40,112,2,210,"Mathers Lake","52 deg 58 min","131 deg 50 min"
"Mathers Lk",55,30,40,112,3,385,"Mathers Lake","52 deg 58 min","131 deg 50 min"
"Mathers Lk",55,30,40,112,4,405,"Mathers Lake","52 deg 58 min","131 deg 50 min"
"Mathers Lk",55,40,50,86,1,0,"Mathers Lake","52 deg 58 min","131 deg 50 min"
"Mathers Lk",55,40,50,86,2,185,"Mathers Lake","52 deg 58 min","131 deg 50 min"
"Mathers Lk",55,40,50,86,3,340,"Mathers Lake","52 deg 58 min","131 deg 50 min"
"Mathers Lk",55,40,50,86,4,370,"Mathers Lake","52 deg 58 min","131 deg 50 min"
"Mathers Lk",55,50,60,64,1,0,"Mathers Lake","52 deg 58 min","131 deg 50 min"
"Mathers Lk",55,50,60,64,2,175,"Mathers Lake","52 deg 58 min","131 deg 50 min"
"Mathers Lk",55,50,60,64,3,300,"Mathers Lake","52 deg 58 min","131 deg 50 min"
"Mathers Lk",55,50,60,64,4,355,"Mathers Lake","52 deg 58 min","131 deg 50 min"
"Mathers Lk",55,60,70,46,1,0,"Mathers Lake","52 deg 58 min","131 deg 50 min"
"Mathers Lk",55,60,70,46,2,0,"Mathers Lake","52 deg 58 min","131 deg 50 min"
"Mathers Lk",55,60,70,46,3,255,"Mathers Lake","52 deg 58 min","131 deg 50 min"
"Mathers Lk",55,60,70,46,4,320,"Mathers Lake","52 deg 58 min","131 deg 50 min"
"Mathers Lk",55,70,80,32,1,0,"Mathers Lake","52 deg 58 min","131 deg 50 min"
"Mathers Lk",55,70,80,32,2,0,"Mathers Lake","52 deg 58 min","131 deg 50 min"
"Mathers Lk",55,70,80,32,3,175,"Mathers Lake","52 deg 58 min","131 deg 50 min"
"Mathers Lk",55,70,80,32,4,290,"Mathers Lake","52 deg 58 min","131 deg 50 min"
"Mathers Lk",55,80,90,20,1,0,"Mathers Lake","52 deg 58 min","131 deg 50 min"
"Mathers Lk",55,80,90,20,2,0,"Mathers Lake","52 deg 58 min","131 deg 50 min"
"Mathers Lk",55,80,90,20,3,0,"Mathers Lake","52 deg 58 min","131 deg 50 min"
"Mathers Lk",55,80,90,20,4,230,"Mathers Lake","52 deg 58 min","131 deg 50 min"
NA,99,NA,NA,NA,NA,NA,"Mayo Lake","63 deg 43 min","135 deg 04 min"
NA,223,NA,NA,NA,NA,NA,"McBride Lake","49 deg 20 min","125 deg 30 min"
"Mddle Quinsam Lk",147,2,5,49,1,0,"Mddle Quinsam Lake","49 deg 56 min","125 deg 29 min"
"Mddle Quinsam Lk",147,2,5,49,2,68,"Mddle Quinsam Lake","49 deg 56 min","125 deg 29 min"
"Mddle Quinsam Lk",147,2,5,49,3,282,"Mddle Quinsam Lake","49 deg 56 min","125 deg 29 min"
"Mddle Quinsam Lk",147,2,5,49,4,227,"Mddle Quinsam Lake","49 deg 56 min","125 deg 29 min"
"Mddle Quinsam Lk",147,2,5,49,5,248,"Mddle Quinsam Lake","49 deg 56 min","125 deg 29 min"
"Mddle Quinsam Lk",147,2,5,49,6,0,"Mddle Quinsam Lake","49 deg 56 min","125 deg 29 min"
"Mddle Quinsam Lk",147,3,5,49,1,0,"Mddle Quinsam Lake","49 deg 56 min","125 deg 29 min"
"Mddle Quinsam Lk",147,3,5,49,2,68,"Mddle Quinsam Lake","49 deg 56 min","125 deg 29 min"
"Mddle Quinsam Lk",147,3,5,49,3,282,"Mddle Quinsam Lake","49 deg 56 min","125 deg 29 min"
"Mddle Quinsam Lk",147,3,5,49,4,227,"Mddle Quinsam Lake","49 deg 56 min","125 deg 29 min"
"Mddle Quinsam Lk",147,3,5,49,5,248,"Mddle Quinsam Lake","49 deg 56 min","125 deg 29 min"
"Mddle Quinsam Lk",147,3,5,49,6,0,"Mddle Quinsam Lake","49 deg 56 min","125 deg 29 min"
"Mddle Quinsam Lk",147,5,10,20,1,0,"Mddle Quinsam Lake","49 deg 56 min","125 deg 29 min"
"Mddle Quinsam Lk",147,5,10,20,2,0,"Mddle Quinsam Lake","49 deg 56 min","125 deg 29 min"
"Mddle Quinsam Lk",147,5,10,20,3,155,"Mddle Quinsam Lake","49 deg 56 min","125 deg 29 min"
"Mddle Quinsam Lk",147,5,10,20,4,184,"Mddle Quinsam Lake","49 deg 56 min","125 deg 29 min"
"Mddle Quinsam Lk",147,5,10,20,5,184,"Mddle Quinsam Lake","49 deg 56 min","125 deg 29 min"
"Mddle Quinsam Lk",147,5,10,20,6,0,"Mddle Quinsam Lake","49 deg 56 min","125 deg 29 min"
"Mddle Quinsam Lk",147,10,15,5,1,0,"Mddle Quinsam Lake","49 deg 56 min","125 deg 29 min"
"Mddle Quinsam Lk",147,10,15,5,2,0,"Mddle Quinsam Lake","49 deg 56 min","125 deg 29 min"
"Mddle Quinsam Lk",147,10,15,5,3,0,"Mddle Quinsam Lake","49 deg 56 min","125 deg 29 min"
"Mddle Quinsam Lk",147,10,15,5,4,0,"Mddle Quinsam Lake","49 deg 56 min","125 deg 29 min"
"Mddle Quinsam Lk",147,10,15,5,5,92,"Mddle Quinsam Lake","49 deg 56 min","125 deg 29 min"
"Mddle Quinsam Lk",147,10,15,5,6,0,"Mddle Quinsam Lake","49 deg 56 min","125 deg 29 min"
"Megin Lk",118,2,5,135,1,500,"Megin Lake","49 deg 29 min","126 deg 04 min"
"Megin Lk",118,2,5,135,2,580,"Megin Lake","49 deg 29 min","126 deg 04 min"
"Megin Lk",118,2,5,135,3,500,"Megin Lake","49 deg 29 min","126 deg 04 min"
"Megin Lk",118,2,5,135,4,445,"Megin Lake","49 deg 29 min","126 deg 04 min"
"Megin Lk",118,2,5,135,5,325,"Megin Lake","49 deg 29 min","126 deg 04 min"
"Megin Lk",118,2,5,135,6,3315,"Megin Lake","49 deg 29 min","126 deg 04 min"
"Megin Lk",118,3,5,135,1,500,"Megin Lake","49 deg 29 min","126 deg 04 min"
"Megin Lk",118,3,5,135,2,580,"Megin Lake","49 deg 29 min","126 deg 04 min"
"Megin Lk",118,3,5,135,3,500,"Megin Lake","49 deg 29 min","126 deg 04 min"
"Megin Lk",118,3,5,135,4,445,"Megin Lake","49 deg 29 min","126 deg 04 min"
"Megin Lk",118,3,5,135,5,325,"Megin Lake","49 deg 29 min","126 deg 04 min"
"Megin Lk",118,3,5,135,6,3315,"Megin Lake","49 deg 29 min","126 deg 04 min"
"Megin Lk",118,5,10,123,1,430,"Megin Lake","49 deg 29 min","126 deg 04 min"
"Megin Lk",118,5,10,123,2,555,"Megin Lake","49 deg 29 min","126 deg 04 min"
"Megin Lk",118,5,10,123,3,480,"Megin Lake","49 deg 29 min","126 deg 04 min"
"Megin Lk",118,5,10,123,4,420,"Megin Lake","49 deg 29 min","126 deg 04 min"
"Megin Lk",118,5,10,123,5,270,"Megin Lake","49 deg 29 min","126 deg 04 min"
"Megin Lk",118,5,10,123,6,3240,"Megin Lake","49 deg 29 min","126 deg 04 min"
"Megin Lk",118,10,15,108,1,360,"Megin Lake","49 deg 29 min","126 deg 04 min"
"Megin Lk",118,10,15,108,2,535,"Megin Lake","49 deg 29 min","126 deg 04 min"
"Megin Lk",118,10,15,108,3,465,"Megin Lake","49 deg 29 min","126 deg 04 min"
"Megin Lk",118,10,15,108,4,385,"Megin Lake","49 deg 29 min","126 deg 04 min"
"Megin Lk",118,10,15,108,5,220,"Megin Lake","49 deg 29 min","126 deg 04 min"
"Megin Lk",118,10,15,108,6,2955,"Megin Lake","49 deg 29 min","126 deg 04 min"
"Megin Lk",118,15,20,94,1,290,"Megin Lake","49 deg 29 min","126 deg 04 min"
"Megin Lk",118,15,20,94,2,520,"Megin Lake","49 deg 29 min","126 deg 04 min"
"Megin Lk",118,15,20,94,3,440,"Megin Lake","49 deg 29 min","126 deg 04 min"
"Megin Lk",118,15,20,94,4,330,"Megin Lake","49 deg 29 min","126 deg 04 min"
"Megin Lk",118,15,20,94,5,0,"Megin Lake","49 deg 29 min","126 deg 04 min"
"Megin Lk",118,15,20,94,6,2245,"Megin Lake","49 deg 29 min","126 deg 04 min"
"Megin Lk",118,20,30,72,1,201,"Megin Lake","49 deg 29 min","126 deg 04 min"
"Megin Lk",118,20,30,72,2,475,"Megin Lake","49 deg 29 min","126 deg 04 min"
"Megin Lk",118,20,30,72,3,405,"Megin Lake","49 deg 29 min","126 deg 04 min"
"Megin Lk",118,20,30,72,4,245,"Megin Lake","49 deg 29 min","126 deg 04 min"
"Megin Lk",118,20,30,72,5,0,"Megin Lake","49 deg 29 min","126 deg 04 min"
"Megin Lk",118,20,30,72,6,2090,"Megin Lake","49 deg 29 min","126 deg 04 min"
"Megin Lk",118,30,40,42,1,0,"Megin Lake","49 deg 29 min","126 deg 04 min"
"Megin Lk",118,30,40,42,2,380,"Megin Lake","49 deg 29 min","126 deg 04 min"
"Megin Lk",118,30,40,42,3,335,"Megin Lake","49 deg 29 min","126 deg 04 min"
"Megin Lk",118,30,40,42,4,130,"Megin Lake","49 deg 29 min","126 deg 04 min"
"Megin Lk",118,30,40,42,5,0,"Megin Lake","49 deg 29 min","126 deg 04 min"
"Megin Lk",118,30,40,42,6,1520,"Megin Lake","49 deg 29 min","126 deg 04 min"
"Megin Lk",118,40,50,13,1,0,"Megin Lake","49 deg 29 min","126 deg 04 min"
"Megin Lk",118,40,50,13,2,0,"Megin Lake","49 deg 29 min","126 deg 04 min"
"Megin Lk",118,40,50,13,3,135,"Megin Lake","49 deg 29 min","126 deg 04 min"
"Megin Lk",118,40,50,13,4,0,"Megin Lake","49 deg 29 min","126 deg 04 min"
"Megin Lk",118,40,50,13,5,0,"Megin Lake","49 deg 29 min","126 deg 04 min"
"Megin Lk",118,40,50,13,6,570,"Megin Lake","49 deg 29 min","126 deg 04 min"
"MERCER LAKE",32,2,5,93,1,486,"Mercer Lake","53 deg 34 min","132 deg 53 min"
"MERCER LAKE",32,2,5,93,2,373,"Mercer Lake","53 deg 34 min","132 deg 53 min"
"MERCER LAKE",32,2,5,93,3,391,"Mercer Lake","53 deg 34 min","132 deg 53 min"
"MERCER LAKE",32,2,5,93,4,210,"Mercer Lake","53 deg 34 min","132 deg 53 min"
"MERCER LAKE",32,2,5,93,5,1000,"Mercer Lake","53 deg 34 min","132 deg 53 min"
"MERCER LAKE",32,2,5,93,6,833,"Mercer Lake","53 deg 34 min","132 deg 53 min"
"MERCER LAKE",32,3,5,93,1,486,"Mercer Lake","53 deg 34 min","132 deg 53 min"
"MERCER LAKE",32,3,5,93,2,373,"Mercer Lake","53 deg 34 min","132 deg 53 min"
"MERCER LAKE",32,3,5,93,3,391,"Mercer Lake","53 deg 34 min","132 deg 53 min"
"MERCER LAKE",32,3,5,93,4,210,"Mercer Lake","53 deg 34 min","132 deg 53 min"
"MERCER LAKE",32,3,5,93,5,1000,"Mercer Lake","53 deg 34 min","132 deg 53 min"
"MERCER LAKE",32,3,5,93,6,833,"Mercer Lake","53 deg 34 min","132 deg 53 min"
"MERCER LAKE",32,5,10,77,1,429,"Mercer Lake","53 deg 34 min","132 deg 53 min"
"MERCER LAKE",32,5,10,77,2,359,"Mercer Lake","53 deg 34 min","132 deg 53 min"
"MERCER LAKE",32,5,10,77,3,358,"Mercer Lake","53 deg 34 min","132 deg 53 min"
"MERCER LAKE",32,5,10,77,4,188,"Mercer Lake","53 deg 34 min","132 deg 53 min"
"MERCER LAKE",32,5,10,77,5,980,"Mercer Lake","53 deg 34 min","132 deg 53 min"
"MERCER LAKE",32,5,10,77,6,777,"Mercer Lake","53 deg 34 min","132 deg 53 min"
"MERCER LAKE",32,10,15,65,1,400,"Mercer Lake","53 deg 34 min","132 deg 53 min"
"MERCER LAKE",32,10,15,65,2,324,"Mercer Lake","53 deg 34 min","132 deg 53 min"
"MERCER LAKE",32,10,15,65,3,316,"Mercer Lake","53 deg 34 min","132 deg 53 min"
"MERCER LAKE",32,10,15,65,4,139,"Mercer Lake","53 deg 34 min","132 deg 53 min"
"MERCER LAKE",32,10,15,65,5,922,"Mercer Lake","53 deg 34 min","132 deg 53 min"
"MERCER LAKE",32,10,15,65,6,760,"Mercer Lake","53 deg 34 min","132 deg 53 min"
"MERCER LAKE",32,15,20,47,1,371,"Mercer Lake","53 deg 34 min","132 deg 53 min"
"MERCER LAKE",32,15,20,47,2,291,"Mercer Lake","53 deg 34 min","132 deg 53 min"
"MERCER LAKE",32,15,20,47,3,258,"Mercer Lake","53 deg 34 min","132 deg 53 min"
"MERCER LAKE",32,15,20,47,4,79,"Mercer Lake","53 deg 34 min","132 deg 53 min"
"MERCER LAKE",32,15,20,47,5,872,"Mercer Lake","53 deg 34 min","132 deg 53 min"
"MERCER LAKE",32,15,20,47,6,718,"Mercer Lake","53 deg 34 min","132 deg 53 min"
"MERCER LAKE",32,20,30,23,1,297,"Mercer Lake","53 deg 34 min","132 deg 53 min"
"MERCER LAKE",32,20,30,23,2,173,"Mercer Lake","53 deg 34 min","132 deg 53 min"
"MERCER LAKE",32,20,30,23,3,0,"Mercer Lake","53 deg 34 min","132 deg 53 min"
"MERCER LAKE",32,20,30,23,4,0,"Mercer Lake","53 deg 34 min","132 deg 53 min"
"MERCER LAKE",32,20,30,23,5,793,"Mercer Lake","53 deg 34 min","132 deg 53 min"
"MERCER LAKE",32,20,30,23,6,160,"Mercer Lake","53 deg 34 min","132 deg 53 min"
"MERCER LAKE",32,30,40,6,1,0,"Mercer Lake","53 deg 34 min","132 deg 53 min"
"MERCER LAKE",32,30,40,6,2,0,"Mercer Lake","53 deg 34 min","132 deg 53 min"
"MERCER LAKE",32,30,40,6,3,0,"Mercer Lake","53 deg 34 min","132 deg 53 min"
"MERCER LAKE",32,30,40,6,4,0,"Mercer Lake","53 deg 34 min","132 deg 53 min"
"MERCER LAKE",32,30,40,6,5,588,"Mercer Lake","53 deg 34 min","132 deg 53 min"
"MERCER LAKE",32,30,40,6,6,0,"Mercer Lake","53 deg 34 min","132 deg 53 min"
"MEZIADIN LAKE",43,2,5,3606,1,1725,"Meziadin Lake","56 deg 02 min","129 deg 15 min"
"MEZIADIN LAKE",43,2,5,3606,2,1640,"Meziadin Lake","56 deg 02 min","129 deg 15 min"
"MEZIADIN LAKE",43,2,5,3606,3,1800,"Meziadin Lake","56 deg 02 min","129 deg 15 min"
"MEZIADIN LAKE",43,2,5,3606,4,2050,"Meziadin Lake","56 deg 02 min","129 deg 15 min"
"MEZIADIN LAKE",43,2,5,3606,5,2585,"Meziadin Lake","56 deg 02 min","129 deg 15 min"
"MEZIADIN LAKE",43,2,5,3606,6,1490,"Meziadin Lake","56 deg 02 min","129 deg 15 min"
"MEZIADIN LAKE",43,3,5,3556,1,1669,"Meziadin Lake","56 deg 02 min","129 deg 15 min"
"MEZIADIN LAKE",43,3,5,3556,2,1824,"Meziadin Lake","56 deg 02 min","129 deg 15 min"
"MEZIADIN LAKE",43,3,5,3556,3,1775,"Meziadin Lake","56 deg 02 min","129 deg 15 min"
"MEZIADIN LAKE",43,3,5,3556,4,2019,"Meziadin Lake","56 deg 02 min","129 deg 15 min"
"MEZIADIN LAKE",43,3,5,3556,5,2561,"Meziadin Lake","56 deg 02 min","129 deg 15 min"
"MEZIADIN LAKE",43,3,5,3556,6,1475,"Meziadin Lake","56 deg 02 min","129 deg 15 min"
"MEZIADIN LAKE",43,5,10,3499,1,1604,"Meziadin Lake","56 deg 02 min","129 deg 15 min"
"MEZIADIN LAKE",43,5,10,3499,2,1802,"Meziadin Lake","56 deg 02 min","129 deg 15 min"
"MEZIADIN LAKE",43,5,10,3499,3,1741,"Meziadin Lake","56 deg 02 min","129 deg 15 min"
"MEZIADIN LAKE",43,5,10,3499,4,1978,"Meziadin Lake","56 deg 02 min","129 deg 15 min"
"MEZIADIN LAKE",43,5,10,3499,5,2544,"Meziadin Lake","56 deg 02 min","129 deg 15 min"
"MEZIADIN LAKE",43,5,10,3499,6,1429,"Meziadin Lake","56 deg 02 min","129 deg 15 min"
"MEZIADIN LAKE",43,10,15,3337,1,1595,"Meziadin Lake","56 deg 02 min","129 deg 15 min"
"MEZIADIN LAKE",43,10,15,3337,2,1770,"Meziadin Lake","56 deg 02 min","129 deg 15 min"
"MEZIADIN LAKE",43,10,15,3337,3,1715,"Meziadin Lake","56 deg 02 min","129 deg 15 min"
"MEZIADIN LAKE",43,10,15,3337,4,1948,"Meziadin Lake","56 deg 02 min","129 deg 15 min"
"MEZIADIN LAKE",43,10,15,3337,5,2308,"Meziadin Lake","56 deg 02 min","129 deg 15 min"
"MEZIADIN LAKE",43,10,15,3337,6,1300,"Meziadin Lake","56 deg 02 min","129 deg 15 min"
"MEZIADIN LAKE",43,15,20,3086,1,1577,"Meziadin Lake","56 deg 02 min","129 deg 15 min"
"MEZIADIN LAKE",43,15,20,3086,2,1760,"Meziadin Lake","56 deg 02 min","129 deg 15 min"
"MEZIADIN LAKE",43,15,20,3086,3,1699,"Meziadin Lake","56 deg 02 min","129 deg 15 min"
"MEZIADIN LAKE",43,15,20,3086,4,1927,"Meziadin Lake","56 deg 02 min","129 deg 15 min"
"MEZIADIN LAKE",43,15,20,3086,5,1990,"Meziadin Lake","56 deg 02 min","129 deg 15 min"
"MEZIADIN LAKE",43,15,20,3086,6,1216,"Meziadin Lake","56 deg 02 min","129 deg 15 min"
"MEZIADIN LAKE",43,20,30,2812,1,1549,"Meziadin Lake","56 deg 02 min","129 deg 15 min"
"MEZIADIN LAKE",43,20,30,2812,2,1717,"Meziadin Lake","56 deg 02 min","129 deg 15 min"
"MEZIADIN LAKE",43,20,30,2812,3,1673,"Meziadin Lake","56 deg 02 min","129 deg 15 min"
"MEZIADIN LAKE",43,20,30,2812,4,1896,"Meziadin Lake","56 deg 02 min","129 deg 15 min"
"MEZIADIN LAKE",43,20,30,2812,5,1944,"Meziadin Lake","56 deg 02 min","129 deg 15 min"
"MEZIADIN LAKE",43,20,30,2812,6,1163,"Meziadin Lake","56 deg 02 min","129 deg 15 min"
"MEZIADIN LAKE",43,30,40,2563,1,1493,"Meziadin Lake","56 deg 02 min","129 deg 15 min"
"MEZIADIN LAKE",43,30,40,2563,2,1685,"Meziadin Lake","56 deg 02 min","129 deg 15 min"
"MEZIADIN LAKE",43,30,40,2563,3,1623,"Meziadin Lake","56 deg 02 min","129 deg 15 min"
"MEZIADIN LAKE",43,30,40,2563,4,1784,"Meziadin Lake","56 deg 02 min","129 deg 15 min"
"MEZIADIN LAKE",43,30,40,2563,5,1753,"Meziadin Lake","56 deg 02 min","129 deg 15 min"
"MEZIADIN LAKE",43,30,40,2563,6,857,"Meziadin Lake","56 deg 02 min","129 deg 15 min"
"MEZIADIN LAKE",43,40,50,2339,1,1438,"Meziadin Lake","56 deg 02 min","129 deg 15 min"
"MEZIADIN LAKE",43,40,50,2339,2,1621,"Meziadin Lake","56 deg 02 min","129 deg 15 min"
"MEZIADIN LAKE",43,40,50,2339,3,1563,"Meziadin Lake","56 deg 02 min","129 deg 15 min"
"MEZIADIN LAKE",43,40,50,2339,4,1743,"Meziadin Lake","56 deg 02 min","129 deg 15 min"
"MEZIADIN LAKE",43,40,50,2339,5,1615,"Meziadin Lake","56 deg 02 min","129 deg 15 min"
"MEZIADIN LAKE",43,40,50,2339,6,0,"Meziadin Lake","56 deg 02 min","129 deg 15 min"
"MEZIADIN LAKE",43,50,60,2217,1,1298,"Meziadin Lake","56 deg 02 min","129 deg 15 min"
"MEZIADIN LAKE",43,50,60,2217,2,1578,"Meziadin Lake","56 deg 02 min","129 deg 15 min"
"MEZIADIN LAKE",43,50,60,2217,3,1513,"Meziadin Lake","56 deg 02 min","129 deg 15 min"
"MEZIADIN LAKE",43,50,60,2217,4,1671,"Meziadin Lake","56 deg 02 min","129 deg 15 min"
"MEZIADIN LAKE",43,50,60,2217,5,1060,"Meziadin Lake","56 deg 02 min","129 deg 15 min"
"MEZIADIN LAKE",43,50,60,2217,6,0,"Meziadin Lake","56 deg 02 min","129 deg 15 min"
NA,100,NA,NA,NA,NA,NA,"Michie Lake","60 deg 41 min","134 deg 10 min"
NA,109,NA,NA,NA,NA,NA,"Miller Lake","51 deg 04 min","118 deg 06 min"
NA,131,NA,NA,NA,NA,NA,"Minktrap Lake","53 deg 27 min","129 deg 45 min"
"Mohun Lk",7,2,5,533,1,560,"Mohun Lake","50 deg 07 min","125 deg 30 min"
"Mohun Lk",7,2,5,533,2,764,"Mohun Lake","50 deg 07 min","125 deg 30 min"
"Mohun Lk",7,2,5,533,3,822,"Mohun Lake","50 deg 07 min","125 deg 30 min"
"Mohun Lk",7,2,5,533,4,715,"Mohun Lake","50 deg 07 min","125 deg 30 min"
"Mohun Lk",7,2,5,533,5,325,"Mohun Lake","50 deg 07 min","125 deg 30 min"
"Mohun Lk",7,3,5,533,1,560,"Mohun Lake","50 deg 07 min","125 deg 30 min"
"Mohun Lk",7,3,5,533,2,764,"Mohun Lake","50 deg 07 min","125 deg 30 min"
"Mohun Lk",7,3,5,533,3,822,"Mohun Lake","50 deg 07 min","125 deg 30 min"
"Mohun Lk",7,3,5,533,4,715,"Mohun Lake","50 deg 07 min","125 deg 30 min"
"Mohun Lk",7,3,5,533,5,325,"Mohun Lake","50 deg 07 min","125 deg 30 min"
"Mohun Lk",7,5,10,394,1,490,"Mohun Lake","50 deg 07 min","125 deg 30 min"
"Mohun Lk",7,5,10,394,2,725,"Mohun Lake","50 deg 07 min","125 deg 30 min"
"Mohun Lk",7,5,10,394,3,750,"Mohun Lake","50 deg 07 min","125 deg 30 min"
"Mohun Lk",7,5,10,394,4,605,"Mohun Lake","50 deg 07 min","125 deg 30 min"
"Mohun Lk",7,5,10,394,5,269,"Mohun Lake","50 deg 07 min","125 deg 30 min"
"Mohun Lk",7,10,15,296,1,352,"Mohun Lake","50 deg 07 min","125 deg 30 min"
"Mohun Lk",7,10,15,296,2,616,"Mohun Lake","50 deg 07 min","125 deg 30 min"
"Mohun Lk",7,10,15,296,3,671,"Mohun Lake","50 deg 07 min","125 deg 30 min"
"Mohun Lk",7,10,15,296,4,408,"Mohun Lake","50 deg 07 min","125 deg 30 min"
"Mohun Lk",7,10,15,296,5,131,"Mohun Lake","50 deg 07 min","125 deg 30 min"
"Mohun Lk",7,15,20,168,1,195,"Mohun Lake","50 deg 07 min","125 deg 30 min"
"Mohun Lk",7,15,20,168,2,421,"Mohun Lake","50 deg 07 min","125 deg 30 min"
"Mohun Lk",7,15,20,168,3,548,"Mohun Lake","50 deg 07 min","125 deg 30 min"
"Mohun Lk",7,15,20,168,4,406,"Mohun Lake","50 deg 07 min","125 deg 30 min"
"Mohun Lk",7,15,20,168,5,75,"Mohun Lake","50 deg 07 min","125 deg 30 min"
"Mohun Lk",7,20,30,69,1,0,"Mohun Lake","50 deg 07 min","125 deg 30 min"
"Mohun Lk",7,20,30,69,2,116,"Mohun Lake","50 deg 07 min","125 deg 30 min"
"Mohun Lk",7,20,30,69,3,317,"Mohun Lake","50 deg 07 min","125 deg 30 min"
"Mohun Lk",7,20,30,69,4,310,"Mohun Lake","50 deg 07 min","125 deg 30 min"
"Mohun Lk",7,20,30,69,5,0,"Mohun Lake","50 deg 07 min","125 deg 30 min"
"Mohun Lk",7,30,40,20,1,0,"Mohun Lake","50 deg 07 min","125 deg 30 min"
"Mohun Lk",7,30,40,20,2,0,"Mohun Lake","50 deg 07 min","125 deg 30 min"
"Mohun Lk",7,30,40,20,3,223,"Mohun Lake","50 deg 07 min","125 deg 30 min"
"Mohun Lk",7,30,40,20,4,165,"Mohun Lake","50 deg 07 min","125 deg 30 min"
"Mohun Lk",7,30,40,20,5,0,"Mohun Lake","50 deg 07 min","125 deg 30 min"
NA,158,NA,NA,NA,NA,NA,"Mohun Lake (Comida)","50 deg 09 min","125 deg 31 min"
NA,84,NA,NA,NA,NA,NA,"Momich Lake","51 deg 19 min","119 deg 21 min"
NA,188,NA,NA,NA,NA,NA,"Moore Lake",NA,NA
NA,15,NA,NA,NA,NA,NA,"Morice Lake","53 deg 59 min","127 deg 37 min"
"Morrison Lk",56,2,5,1164,1,264,"Morrison Lake","55 deg 14 min","126 deg 22 min"
"Morrison Lk",56,2,5,1164,2,554,"Morrison Lake","55 deg 14 min","126 deg 22 min"
"Morrison Lk",56,2,5,1164,3,1339,"Morrison Lake","55 deg 14 min","126 deg 22 min"
"Morrison Lk",56,2,5,1164,4,1191,"Morrison Lake","55 deg 14 min","126 deg 22 min"
"Morrison Lk",56,2,5,1164,5,711,"Morrison Lake","55 deg 14 min","126 deg 22 min"
"Morrison Lk",56,2,5,1164,6,628,"Morrison Lake","55 deg 14 min","126 deg 22 min"
"Morrison Lk",56,2,5,1164,7,617,"Morrison Lake","55 deg 14 min","126 deg 22 min"
"Morrison Lk",56,3,5,1164,1,264,"Morrison Lake","55 deg 14 min","126 deg 22 min"
"Morrison Lk",56,3,5,1164,2,554,"Morrison Lake","55 deg 14 min","126 deg 22 min"
"Morrison Lk",56,3,5,1164,3,1339,"Morrison Lake","55 deg 14 min","126 deg 22 min"
"Morrison Lk",56,3,5,1164,4,1191,"Morrison Lake","55 deg 14 min","126 deg 22 min"
"Morrison Lk",56,3,5,1164,5,711,"Morrison Lake","55 deg 14 min","126 deg 22 min"
"Morrison Lk",56,3,5,1164,6,628,"Morrison Lake","55 deg 14 min","126 deg 22 min"
"Morrison Lk",56,3,5,1164,7,617,"Morrison Lake","55 deg 14 min","126 deg 22 min"
"Morrison Lk",56,5,10,986,1,200,"Morrison Lake","55 deg 14 min","126 deg 22 min"
"Morrison Lk",56,5,10,986,2,535,"Morrison Lake","55 deg 14 min","126 deg 22 min"
"Morrison Lk",56,5,10,986,3,1099,"Morrison Lake","55 deg 14 min","126 deg 22 min"
"Morrison Lk",56,5,10,986,4,1186,"Morrison Lake","55 deg 14 min","126 deg 22 min"
"Morrison Lk",56,5,10,986,5,698,"Morrison Lake","55 deg 14 min","126 deg 22 min"
"Morrison Lk",56,5,10,986,6,408,"Morrison Lake","55 deg 14 min","126 deg 22 min"
"Morrison Lk",56,5,10,986,7,531,"Morrison Lake","55 deg 14 min","126 deg 22 min"
"Morrison Lk",56,10,15,792,1,133,"Morrison Lake","55 deg 14 min","126 deg 22 min"
"Morrison Lk",56,10,15,792,2,504,"Morrison Lake","55 deg 14 min","126 deg 22 min"
"Morrison Lk",56,10,15,792,3,878,"Morrison Lake","55 deg 14 min","126 deg 22 min"
"Morrison Lk",56,10,15,792,4,1168,"Morrison Lake","55 deg 14 min","126 deg 22 min"
"Morrison Lk",56,10,15,792,5,645,"Morrison Lake","55 deg 14 min","126 deg 22 min"
"Morrison Lk",56,10,15,792,6,314,"Morrison Lake","55 deg 14 min","126 deg 22 min"
"Morrison Lk",56,10,15,792,7,409,"Morrison Lake","55 deg 14 min","126 deg 22 min"
"Morrison Lk",56,15,20,629,1,0,"Morrison Lake","55 deg 14 min","126 deg 22 min"
"Morrison Lk",56,15,20,629,2,365,"Morrison Lake","55 deg 14 min","126 deg 22 min"
"Morrison Lk",56,15,20,629,3,829,"Morrison Lake","55 deg 14 min","126 deg 22 min"
"Morrison Lk",56,15,20,629,4,1153,"Morrison Lake","55 deg 14 min","126 deg 22 min"
"Morrison Lk",56,15,20,629,5,611,"Morrison Lake","55 deg 14 min","126 deg 22 min"
"Morrison Lk",56,15,20,629,6,0,"Morrison Lake","55 deg 14 min","126 deg 22 min"
"Morrison Lk",56,15,20,629,7,225,"Morrison Lake","55 deg 14 min","126 deg 22 min"
"Morrison Lk",56,20,30,461,1,0,"Morrison Lake","55 deg 14 min","126 deg 22 min"
"Morrison Lk",56,20,30,461,2,87,"Morrison Lake","55 deg 14 min","126 deg 22 min"
"Morrison Lk",56,20,30,461,3,584,"Morrison Lake","55 deg 14 min","126 deg 22 min"
"Morrison Lk",56,20,30,461,4,1113,"Morrison Lake","55 deg 14 min","126 deg 22 min"
"Morrison Lk",56,20,30,461,5,509,"Morrison Lake","55 deg 14 min","126 deg 22 min"
"Morrison Lk",56,20,30,461,6,0,"Morrison Lake","55 deg 14 min","126 deg 22 min"
"Morrison Lk",56,20,30,461,7,0,"Morrison Lake","55 deg 14 min","126 deg 22 min"
"Morrison Lk",56,30,40,289,1,0,"Morrison Lake","55 deg 14 min","126 deg 22 min"
"Morrison Lk",56,30,40,289,2,0,"Morrison Lake","55 deg 14 min","126 deg 22 min"
"Morrison Lk",56,30,40,289,3,324,"Morrison Lake","55 deg 14 min","126 deg 22 min"
"Morrison Lk",56,30,40,289,4,1065,"Morrison Lake","55 deg 14 min","126 deg 22 min"
"Morrison Lk",56,30,40,289,5,417,"Morrison Lake","55 deg 14 min","126 deg 22 min"
"Morrison Lk",56,30,40,289,6,0,"Morrison Lake","55 deg 14 min","126 deg 22 min"
"Morrison Lk",56,30,40,289,7,0,"Morrison Lake","55 deg 14 min","126 deg 22 min"
"Morrison Lk",56,40,50,157,1,0,"Morrison Lake","55 deg 14 min","126 deg 22 min"
"Morrison Lk",56,40,50,157,2,0,"Morrison Lake","55 deg 14 min","126 deg 22 min"
"Morrison Lk",56,40,50,157,3,0,"Morrison Lake","55 deg 14 min","126 deg 22 min"
"Morrison Lk",56,40,50,157,4,766,"Morrison Lake","55 deg 14 min","126 deg 22 min"
"Morrison Lk",56,40,50,157,5,270,"Morrison Lake","55 deg 14 min","126 deg 22 min"
"Morrison Lk",56,40,50,157,6,0,"Morrison Lake","55 deg 14 min","126 deg 22 min"
"Morrison Lk",56,40,50,157,7,0,"Morrison Lake","55 deg 14 min","126 deg 22 min"
"Morrison Lk",56,50,60,65,1,0,"Morrison Lake","55 deg 14 min","126 deg 22 min"
"Morrison Lk",56,50,60,65,2,0,"Morrison Lake","55 deg 14 min","126 deg 22 min"
"Morrison Lk",56,50,60,65,3,0,"Morrison Lake","55 deg 14 min","126 deg 22 min"
"Morrison Lk",56,50,60,65,4,53,"Morrison Lake","55 deg 14 min","126 deg 22 min"
"Morrison Lk",56,50,60,65,5,270,"Morrison Lake","55 deg 14 min","126 deg 22 min"
"Morrison Lk",56,50,60,65,6,0,"Morrison Lake","55 deg 14 min","126 deg 22 min"
"Morrison Lk",56,50,60,65,7,0,"Morrison Lake","55 deg 14 min","126 deg 22 min"
NA,57,NA,NA,NA,NA,NA,"Mosquito Lake","53 deg 03 min","132 deg 06 min"
"MUCHALAT",45,2,5,623,1,644,"Muchalat Lake","49 deg 41 min","126 deg 06 min"
"MUCHALAT",45,2,5,623,2,1650,"Muchalat Lake","49 deg 41 min","126 deg 06 min"
"MUCHALAT",45,2,5,623,3,500,"Muchalat Lake","49 deg 41 min","126 deg 06 min"
"MUCHALAT",45,2,5,623,4,632,"Muchalat Lake","49 deg 41 min","126 deg 06 min"
"MUCHALAT",45,2,5,623,5,550,"Muchalat Lake","49 deg 41 min","126 deg 06 min"
"MUCHALAT",45,3,5,623,1,644,"Muchalat Lake","49 deg 41 min","126 deg 06 min"
"MUCHALAT",45,3,5,623,2,1650,"Muchalat Lake","49 deg 41 min","126 deg 06 min"
"MUCHALAT",45,3,5,623,3,500,"Muchalat Lake","49 deg 41 min","126 deg 06 min"
"MUCHALAT",45,3,5,623,4,632,"Muchalat Lake","49 deg 41 min","126 deg 06 min"
"MUCHALAT",45,3,5,623,5,550,"Muchalat Lake","49 deg 41 min","126 deg 06 min"
"MUCHALAT",45,5,10,584,1,632,"Muchalat Lake","49 deg 41 min","126 deg 06 min"
"MUCHALAT",45,5,10,584,2,1633,"Muchalat Lake","49 deg 41 min","126 deg 06 min"
"MUCHALAT",45,5,10,584,3,474,"Muchalat Lake","49 deg 41 min","126 deg 06 min"
"MUCHALAT",45,5,10,584,4,614,"Muchalat Lake","49 deg 41 min","126 deg 06 min"
"MUCHALAT",45,5,10,584,5,536,"Muchalat Lake","49 deg 41 min","126 deg 06 min"
"MUCHALAT",45,10,15,550,1,565,"Muchalat Lake","49 deg 41 min","126 deg 06 min"
"MUCHALAT",45,10,15,550,2,1600,"Muchalat Lake","49 deg 41 min","126 deg 06 min"
"MUCHALAT",45,10,15,550,3,439,"Muchalat Lake","49 deg 41 min","126 deg 06 min"
"MUCHALAT",45,10,15,550,4,595,"Muchalat Lake","49 deg 41 min","126 deg 06 min"
"MUCHALAT",45,10,15,550,5,523,"Muchalat Lake","49 deg 41 min","126 deg 06 min"
"MUCHALAT",45,15,20,522,1,541,"Muchalat Lake","49 deg 41 min","126 deg 06 min"
"MUCHALAT",45,15,20,522,2,1575,"Muchalat Lake","49 deg 41 min","126 deg 06 min"
"MUCHALAT",45,15,20,522,3,412,"Muchalat Lake","49 deg 41 min","126 deg 06 min"
"MUCHALAT",45,15,20,522,4,577,"Muchalat Lake","49 deg 41 min","126 deg 06 min"
"MUCHALAT",45,15,20,522,5,509,"Muchalat Lake","49 deg 41 min","126 deg 06 min"
"MUCHALAT",45,20,30,475,1,407,"Muchalat Lake","49 deg 41 min","126 deg 06 min"
"MUCHALAT",45,20,30,475,2,1525,"Muchalat Lake","49 deg 41 min","126 deg 06 min"
"MUCHALAT",45,20,30,475,3,368,"Muchalat Lake","49 deg 41 min","126 deg 06 min"
"MUCHALAT",45,20,30,475,4,540,"Muchalat Lake","49 deg 41 min","126 deg 06 min"
"MUCHALAT",45,20,30,475,5,475,"Muchalat Lake","49 deg 41 min","126 deg 06 min"
"MUCHALAT",45,30,40,402,1,352,"Muchalat Lake","49 deg 41 min","126 deg 06 min"
"MUCHALAT",45,30,40,402,2,1458,"Muchalat Lake","49 deg 41 min","126 deg 06 min"
"MUCHALAT",45,30,40,402,3,237,"Muchalat Lake","49 deg 41 min","126 deg 06 min"
"MUCHALAT",45,30,40,402,4,504,"Muchalat Lake","49 deg 41 min","126 deg 06 min"
"MUCHALAT",45,30,40,402,5,441,"Muchalat Lake","49 deg 41 min","126 deg 06 min"
"MUCHALAT",45,40,50,311,1,176,"Muchalat Lake","49 deg 41 min","126 deg 06 min"
"MUCHALAT",45,40,50,311,2,1258,"Muchalat Lake","49 deg 41 min","126 deg 06 min"
"MUCHALAT",45,40,50,311,3,79,"Muchalat Lake","49 deg 41 min","126 deg 06 min"
"MUCHALAT",45,40,50,311,4,458,"Muchalat Lake","49 deg 41 min","126 deg 06 min"
"MUCHALAT",45,40,50,311,5,394,"Muchalat Lake","49 deg 41 min","126 deg 06 min"
"MUCHALAT",45,50,60,164,1,0,"Muchalat Lake","49 deg 41 min","126 deg 06 min"
"MUCHALAT",45,50,60,164,2,805,"Muchalat Lake","49 deg 41 min","126 deg 06 min"
"MUCHALAT",45,50,60,164,3,0,"Muchalat Lake","49 deg 41 min","126 deg 06 min"
"MUCHALAT",45,50,60,164,4,370,"Muchalat Lake","49 deg 41 min","126 deg 06 min"
"MUCHALAT",45,50,60,164,5,326,"Muchalat Lake","49 deg 41 min","126 deg 06 min"
"MURIEL LAKE",44,2,5,135,1,347,"Muriel Lake","49 deg 08 min","125 deg 36 min"
"MURIEL LAKE",44,2,5,135,2,550,"Muriel Lake","49 deg 08 min","125 deg 36 min"
"MURIEL LAKE",44,2,5,135,3,400,"Muriel Lake","49 deg 08 min","125 deg 36 min"
"MURIEL LAKE",44,2,5,135,4,827,"Muriel Lake","49 deg 08 min","125 deg 36 min"
"MURIEL LAKE",44,2,5,135,5,840,"Muriel Lake","49 deg 08 min","125 deg 36 min"
"MURIEL LAKE",44,2,5,135,6,625,"Muriel Lake","49 deg 08 min","125 deg 36 min"
"MURIEL LAKE",44,2,5,135,7,875,"Muriel Lake","49 deg 08 min","125 deg 36 min"
"MURIEL LAKE",44,2,5,135,8,825,"Muriel Lake","49 deg 08 min","125 deg 36 min"
"MURIEL LAKE",44,2,5,135,9,460,"Muriel Lake","49 deg 08 min","125 deg 36 min"
"MURIEL LAKE",44,2,5,135,10,420,"Muriel Lake","49 deg 08 min","125 deg 36 min"
"MURIEL LAKE",44,3,5,135,1,347,"Muriel Lake","49 deg 08 min","125 deg 36 min"
"MURIEL LAKE",44,3,5,135,2,550,"Muriel Lake","49 deg 08 min","125 deg 36 min"
"MURIEL LAKE",44,3,5,135,3,400,"Muriel Lake","49 deg 08 min","125 deg 36 min"
"MURIEL LAKE",44,3,5,135,4,827,"Muriel Lake","49 deg 08 min","125 deg 36 min"
"MURIEL LAKE",44,3,5,135,5,840,"Muriel Lake","49 deg 08 min","125 deg 36 min"
"MURIEL LAKE",44,3,5,135,6,625,"Muriel Lake","49 deg 08 min","125 deg 36 min"
"MURIEL LAKE",44,3,5,135,7,875,"Muriel Lake","49 deg 08 min","125 deg 36 min"
"MURIEL LAKE",44,3,5,135,8,825,"Muriel Lake","49 deg 08 min","125 deg 36 min"
"MURIEL LAKE",44,3,5,135,9,460,"Muriel Lake","49 deg 08 min","125 deg 36 min"
"MURIEL LAKE",44,3,5,135,10,420,"Muriel Lake","49 deg 08 min","125 deg 36 min"
"MURIEL LAKE",44,5,10,115,1,325,"Muriel Lake","49 deg 08 min","125 deg 36 min"
"MURIEL LAKE",44,5,10,115,2,532,"Muriel Lake","49 deg 08 min","125 deg 36 min"
"MURIEL LAKE",44,5,10,115,3,376,"Muriel Lake","49 deg 08 min","125 deg 36 min"
"MURIEL LAKE",44,5,10,115,4,763,"Muriel Lake","49 deg 08 min","125 deg 36 min"
"MURIEL LAKE",44,5,10,115,5,804,"Muriel Lake","49 deg 08 min","125 deg 36 min"
"MURIEL LAKE",44,5,10,115,6,600,"Muriel Lake","49 deg 08 min","125 deg 36 min"
"MURIEL LAKE",44,5,10,115,7,860,"Muriel Lake","49 deg 08 min","125 deg 36 min"
"MURIEL LAKE",44,5,10,115,8,770,"Muriel Lake","49 deg 08 min","125 deg 36 min"
"MURIEL LAKE",44,5,10,115,9,450,"Muriel Lake","49 deg 08 min","125 deg 36 min"
"MURIEL LAKE",44,5,10,115,10,275,"Muriel Lake","49 deg 08 min","125 deg 36 min"
"MURIEL LAKE",44,10,15,97,1,246,"Muriel Lake","49 deg 08 min","125 deg 36 min"
"MURIEL LAKE",44,10,15,97,2,450,"Muriel Lake","49 deg 08 min","125 deg 36 min"
"MURIEL LAKE",44,10,15,97,3,350,"Muriel Lake","49 deg 08 min","125 deg 36 min"
"MURIEL LAKE",44,10,15,97,4,662,"Muriel Lake","49 deg 08 min","125 deg 36 min"
"MURIEL LAKE",44,10,15,97,5,779,"Muriel Lake","49 deg 08 min","125 deg 36 min"
"MURIEL LAKE",44,10,15,97,6,535,"Muriel Lake","49 deg 08 min","125 deg 36 min"
"MURIEL LAKE",44,10,15,97,7,785,"Muriel Lake","49 deg 08 min","125 deg 36 min"
"MURIEL LAKE",44,10,15,97,8,655,"Muriel Lake","49 deg 08 min","125 deg 36 min"
"MURIEL LAKE",44,10,15,97,9,430,"Muriel Lake","49 deg 08 min","125 deg 36 min"
"MURIEL LAKE",44,10,15,97,10,190,"Muriel Lake","49 deg 08 min","125 deg 36 min"
"MURIEL LAKE",44,15,20,80,1,92,"Muriel Lake","49 deg 08 min","125 deg 36 min"
"MURIEL LAKE",44,15,20,80,2,410,"Muriel Lake","49 deg 08 min","125 deg 36 min"
"MURIEL LAKE",44,15,20,80,3,256,"Muriel Lake","49 deg 08 min","125 deg 36 min"
"MURIEL LAKE",44,15,20,80,4,487,"Muriel Lake","49 deg 08 min","125 deg 36 min"
"MURIEL LAKE",44,15,20,80,5,759,"Muriel Lake","49 deg 08 min","125 deg 36 min"
"MURIEL LAKE",44,15,20,80,6,510,"Muriel Lake","49 deg 08 min","125 deg 36 min"
"MURIEL LAKE",44,15,20,80,7,645,"Muriel Lake","49 deg 08 min","125 deg 36 min"
"MURIEL LAKE",44,15,20,80,8,570,"Muriel Lake","49 deg 08 min","125 deg 36 min"
"MURIEL LAKE",44,15,20,80,9,415,"Muriel Lake","49 deg 08 min","125 deg 36 min"
"MURIEL LAKE",44,15,20,80,10,45,"Muriel Lake","49 deg 08 min","125 deg 36 min"
"MURIEL LAKE",44,20,30,54,1,0,"Muriel Lake","49 deg 08 min","125 deg 36 min"
"MURIEL LAKE",44,20,30,54,2,325,"Muriel Lake","49 deg 08 min","125 deg 36 min"
"MURIEL LAKE",44,20,30,54,3,215,"Muriel Lake","49 deg 08 min","125 deg 36 min"
"MURIEL LAKE",44,20,30,54,4,289,"Muriel Lake","49 deg 08 min","125 deg 36 min"
"MURIEL LAKE",44,20,30,54,5,423,"Muriel Lake","49 deg 08 min","125 deg 36 min"
"MURIEL LAKE",44,20,30,54,6,465,"Muriel Lake","49 deg 08 min","125 deg 36 min"
"MURIEL LAKE",44,20,30,54,7,449,"Muriel Lake","49 deg 08 min","125 deg 36 min"
"MURIEL LAKE",44,20,30,54,8,490,"Muriel Lake","49 deg 08 min","125 deg 36 min"
"MURIEL LAKE",44,20,30,54,9,362,"Muriel Lake","49 deg 08 min","125 deg 36 min"
"MURIEL LAKE",44,20,30,54,10,15,"Muriel Lake","49 deg 08 min","125 deg 36 min"
"MURIEL LAKE",44,30,40,27,1,0,"Muriel Lake","49 deg 08 min","125 deg 36 min"
"MURIEL LAKE",44,30,40,27,2,262,"Muriel Lake","49 deg 08 min","125 deg 36 min"
"MURIEL LAKE",44,30,40,27,3,168,"Muriel Lake","49 deg 08 min","125 deg 36 min"
"MURIEL LAKE",44,30,40,27,4,144,"Muriel Lake","49 deg 08 min","125 deg 36 min"
"MURIEL LAKE",44,30,40,27,5,307,"Muriel Lake","49 deg 08 min","125 deg 36 min"
"MURIEL LAKE",44,30,40,27,6,415,"Muriel Lake","49 deg 08 min","125 deg 36 min"
"MURIEL LAKE",44,30,40,27,7,170,"Muriel Lake","49 deg 08 min","125 deg 36 min"
"MURIEL LAKE",44,30,40,27,8,270,"Muriel Lake","49 deg 08 min","125 deg 36 min"
"MURIEL LAKE",44,30,40,27,9,240,"Muriel Lake","49 deg 08 min","125 deg 36 min"
"MURIEL LAKE",44,30,40,27,10,0,"Muriel Lake","49 deg 08 min","125 deg 36 min"
"MURIEL LAKE",44,40,50,9,1,0,"Muriel Lake","49 deg 08 min","125 deg 36 min"
"MURIEL LAKE",44,40,50,9,2,0,"Muriel Lake","49 deg 08 min","125 deg 36 min"
"MURIEL LAKE",44,40,50,9,3,0,"Muriel Lake","49 deg 08 min","125 deg 36 min"
"MURIEL LAKE",44,40,50,9,4,0,"Muriel Lake","49 deg 08 min","125 deg 36 min"
"MURIEL LAKE",44,40,50,9,5,236,"Muriel Lake","49 deg 08 min","125 deg 36 min"
"MURIEL LAKE",44,40,50,9,6,120,"Muriel Lake","49 deg 08 min","125 deg 36 min"
"MURIEL LAKE",44,40,50,9,7,70,"Muriel Lake","49 deg 08 min","125 deg 36 min"
"MURIEL LAKE",44,40,50,9,8,0,"Muriel Lake","49 deg 08 min","125 deg 36 min"
"MURIEL LAKE",44,40,50,9,9,0,"Muriel Lake","49 deg 08 min","125 deg 36 min"
"MURIEL LAKE",44,40,50,9,10,0,"Muriel Lake","49 deg 08 min","125 deg 36 min"
NA,165,NA,NA,NA,NA,NA,"Muriel Lake S-1","49 deg 08 min","125 deg 37 min"
NA,197,NA,NA,NA,NA,NA,"Nahmint Bay",NA,NA
"Nahmint Lk",153,2,5,711,1,662,"Nahmint Lake","49 deg 09 min","125 deg 00 min"
"Nahmint Lk",153,2,5,711,2,801,"Nahmint Lake","49 deg 09 min","125 deg 00 min"
"Nahmint Lk",153,2,5,711,3,525,"Nahmint Lake","49 deg 09 min","125 deg 00 min"
"Nahmint Lk",153,2,5,711,4,672,"Nahmint Lake","49 deg 09 min","125 deg 00 min"
"Nahmint Lk",153,2,5,711,5,582,"Nahmint Lake","49 deg 09 min","125 deg 00 min"
"Nahmint Lk",153,3,5,711,1,662,"Nahmint Lake","49 deg 09 min","125 deg 00 min"
"Nahmint Lk",153,3,5,711,2,801,"Nahmint Lake","49 deg 09 min","125 deg 00 min"
"Nahmint Lk",153,3,5,711,3,525,"Nahmint Lake","49 deg 09 min","125 deg 00 min"
"Nahmint Lk",153,3,5,711,4,672,"Nahmint Lake","49 deg 09 min","125 deg 00 min"
"Nahmint Lk",153,3,5,711,5,582,"Nahmint Lake","49 deg 09 min","125 deg 00 min"
"Nahmint Lk",153,5,10,692,1,649,"Nahmint Lake","49 deg 09 min","125 deg 00 min"
"Nahmint Lk",153,5,10,692,2,792,"Nahmint Lake","49 deg 09 min","125 deg 00 min"
"Nahmint Lk",153,5,10,692,3,504,"Nahmint Lake","49 deg 09 min","125 deg 00 min"
"Nahmint Lk",153,5,10,692,4,653,"Nahmint Lake","49 deg 09 min","125 deg 00 min"
"Nahmint Lk",153,5,10,692,5,568,"Nahmint Lake","49 deg 09 min","125 deg 00 min"
"Nahmint Lk",153,10,15,673,1,633,"Nahmint Lake","49 deg 09 min","125 deg 00 min"
"Nahmint Lk",153,10,15,673,2,781,"Nahmint Lake","49 deg 09 min","125 deg 00 min"
"Nahmint Lk",153,10,15,673,3,491,"Nahmint Lake","49 deg 09 min","125 deg 00 min"
"Nahmint Lk",153,10,15,673,4,635,"Nahmint Lake","49 deg 09 min","125 deg 00 min"
"Nahmint Lk",153,10,15,673,5,546,"Nahmint Lake","49 deg 09 min","125 deg 00 min"
"Nahmint Lk",153,15,20,654,1,614,"Nahmint Lake","49 deg 09 min","125 deg 00 min"
"Nahmint Lk",153,15,20,654,2,774,"Nahmint Lake","49 deg 09 min","125 deg 00 min"
"Nahmint Lk",153,15,20,654,3,477,"Nahmint Lake","49 deg 09 min","125 deg 00 min"
"Nahmint Lk",153,15,20,654,4,619,"Nahmint Lake","49 deg 09 min","125 deg 00 min"
"Nahmint Lk",153,15,20,654,5,475,"Nahmint Lake","49 deg 09 min","125 deg 00 min"
"Nahmint Lk",153,20,30,625,1,590,"Nahmint Lake","49 deg 09 min","125 deg 00 min"
"Nahmint Lk",153,20,30,625,2,746,"Nahmint Lake","49 deg 09 min","125 deg 00 min"
"Nahmint Lk",153,20,30,625,3,454,"Nahmint Lake","49 deg 09 min","125 deg 00 min"
"Nahmint Lk",153,20,30,625,4,593,"Nahmint Lake","49 deg 09 min","125 deg 00 min"
"Nahmint Lk",153,20,30,625,5,447,"Nahmint Lake","49 deg 09 min","125 deg 00 min"
"Nahmint Lk",153,30,40,581,1,564,"Nahmint Lake","49 deg 09 min","125 deg 00 min"
"Nahmint Lk",153,30,40,581,2,706,"Nahmint Lake","49 deg 09 min","125 deg 00 min"
"Nahmint Lk",153,30,40,581,3,427,"Nahmint Lake","49 deg 09 min","125 deg 00 min"
"Nahmint Lk",153,30,40,581,4,552,"Nahmint Lake","49 deg 09 min","125 deg 00 min"
"Nahmint Lk",153,30,40,581,5,411,"Nahmint Lake","49 deg 09 min","125 deg 00 min"
"Nahmint Lk",153,40,50,565,1,537,"Nahmint Lake","49 deg 09 min","125 deg 00 min"
"Nahmint Lk",153,40,50,565,2,670,"Nahmint Lake","49 deg 09 min","125 deg 00 min"
"Nahmint Lk",153,40,50,565,3,395,"Nahmint Lake","49 deg 09 min","125 deg 00 min"
"Nahmint Lk",153,40,50,565,4,524,"Nahmint Lake","49 deg 09 min","125 deg 00 min"
"Nahmint Lk",153,40,50,565,5,381,"Nahmint Lake","49 deg 09 min","125 deg 00 min"
"Nahmint Lk",153,50,60,533,1,516,"Nahmint Lake","49 deg 09 min","125 deg 00 min"
"Nahmint Lk",153,50,60,533,2,646,"Nahmint Lake","49 deg 09 min","125 deg 00 min"
"Nahmint Lk",153,50,60,533,3,370,"Nahmint Lake","49 deg 09 min","125 deg 00 min"
"Nahmint Lk",153,50,60,533,4,483,"Nahmint Lake","49 deg 09 min","125 deg 00 min"
"Nahmint Lk",153,50,60,533,5,352,"Nahmint Lake","49 deg 09 min","125 deg 00 min"
"Nahwitti Lk",121,2,5,222,1,735,"Nahwitti Lake","50 deg 43 min","127 deg 51 min"
"Nahwitti Lk",121,2,5,222,2,685,"Nahwitti Lake","50 deg 43 min","127 deg 51 min"
"Nahwitti Lk",121,2,5,222,3,640,"Nahwitti Lake","50 deg 43 min","127 deg 51 min"
"Nahwitti Lk",121,2,5,222,4,350,"Nahwitti Lake","50 deg 43 min","127 deg 51 min"
"Nahwitti Lk",121,2,5,222,5,565,"Nahwitti Lake","50 deg 43 min","127 deg 51 min"
"Nahwitti Lk",121,3,5,222,1,735,"Nahwitti Lake","50 deg 43 min","127 deg 51 min"
"Nahwitti Lk",121,3,5,222,2,685,"Nahwitti Lake","50 deg 43 min","127 deg 51 min"
"Nahwitti Lk",121,3,5,222,3,640,"Nahwitti Lake","50 deg 43 min","127 deg 51 min"
"Nahwitti Lk",121,3,5,222,4,350,"Nahwitti Lake","50 deg 43 min","127 deg 51 min"
"Nahwitti Lk",121,3,5,222,5,565,"Nahwitti Lake","50 deg 43 min","127 deg 51 min"
"Nahwitti Lk",121,5,10,207,1,720,"Nahwitti Lake","50 deg 43 min","127 deg 51 min"
"Nahwitti Lk",121,5,10,207,2,660,"Nahwitti Lake","50 deg 43 min","127 deg 51 min"
"Nahwitti Lk",121,5,10,207,3,625,"Nahwitti Lake","50 deg 43 min","127 deg 51 min"
"Nahwitti Lk",121,5,10,207,4,335,"Nahwitti Lake","50 deg 43 min","127 deg 51 min"
"Nahwitti Lk",121,5,10,207,5,515,"Nahwitti Lake","50 deg 43 min","127 deg 51 min"
"Nahwitti Lk",121,10,15,192,1,700,"Nahwitti Lake","50 deg 43 min","127 deg 51 min"
"Nahwitti Lk",121,10,15,192,2,625,"Nahwitti Lake","50 deg 43 min","127 deg 51 min"
"Nahwitti Lk",121,10,15,192,3,610,"Nahwitti Lake","50 deg 43 min","127 deg 51 min"
"Nahwitti Lk",121,10,15,192,4,300,"Nahwitti Lake","50 deg 43 min","127 deg 51 min"
"Nahwitti Lk",121,10,15,192,5,440,"Nahwitti Lake","50 deg 43 min","127 deg 51 min"
"Nahwitti Lk",121,15,20,175,1,680,"Nahwitti Lake","50 deg 43 min","127 deg 51 min"
"Nahwitti Lk",121,15,20,175,2,605,"Nahwitti Lake","50 deg 43 min","127 deg 51 min"
"Nahwitti Lk",121,15,20,175,3,590,"Nahwitti Lake","50 deg 43 min","127 deg 51 min"
"Nahwitti Lk",121,15,20,175,4,265,"Nahwitti Lake","50 deg 43 min","127 deg 51 min"
"Nahwitti Lk",121,15,20,175,5,390,"Nahwitti Lake","50 deg 43 min","127 deg 51 min"
"Nahwitti Lk",121,20,30,144,1,635,"Nahwitti Lake","50 deg 43 min","127 deg 51 min"
"Nahwitti Lk",121,20,30,144,2,550,"Nahwitti Lake","50 deg 43 min","127 deg 51 min"
"Nahwitti Lk",121,20,30,144,3,600,"Nahwitti Lake","50 deg 43 min","127 deg 51 min"
"Nahwitti Lk",121,20,30,144,4,205,"Nahwitti Lake","50 deg 43 min","127 deg 51 min"
"Nahwitti Lk",121,20,30,144,5,325,"Nahwitti Lake","50 deg 43 min","127 deg 51 min"
"Nahwitti Lk",121,30,40,75,1,160,"Nahwitti Lake","50 deg 43 min","127 deg 51 min"
"Nahwitti Lk",121,30,40,75,2,245,"Nahwitti Lake","50 deg 43 min","127 deg 51 min"
"Nahwitti Lk",121,30,40,75,3,295,"Nahwitti Lake","50 deg 43 min","127 deg 51 min"
"Nahwitti Lk",121,30,40,75,4,100,"Nahwitti Lake","50 deg 43 min","127 deg 51 min"
"Nahwitti Lk",121,30,40,75,5,225,"Nahwitti Lake","50 deg 43 min","127 deg 51 min"
"Nahwitti Lk",121,40,50,14,1,0,"Nahwitti Lake","50 deg 43 min","127 deg 51 min"
"Nahwitti Lk",121,40,50,14,2,130,"Nahwitti Lake","50 deg 43 min","127 deg 51 min"
"Nahwitti Lk",121,40,50,14,3,0,"Nahwitti Lake","50 deg 43 min","127 deg 51 min"
"Nahwitti Lk",121,40,50,14,4,0,"Nahwitti Lake","50 deg 43 min","127 deg 51 min"
"Nahwitti Lk",121,40,50,14,5,70,"Nahwitti Lake","50 deg 43 min","127 deg 51 min"
"Nahwitti_2005",247,2,5,222,1,600,"Nahwitti_2005",NA,NA
"Nahwitti_2005",247,2,5,222,2,400,"Nahwitti_2005",NA,NA
"Nahwitti_2005",247,2,5,222,3,700,"Nahwitti_2005",NA,NA
"Nahwitti_2005",247,2,5,222,4,900,"Nahwitti_2005",NA,NA
"Nahwitti_2005",247,2,5,222,5,800,"Nahwitti_2005",NA,NA
"Nahwitti_2005",247,2,5,222,6,800,"Nahwitti_2005",NA,NA
"Nahwitti_2005",247,2,5,222,7,900,"Nahwitti_2005",NA,NA
"Nahwitti_2005",247,2,5,222,8,800,"Nahwitti_2005",NA,NA
"Nahwitti_2005",247,3,5,222,1,600,"Nahwitti_2005",NA,NA
"Nahwitti_2005",247,3,5,222,2,400,"Nahwitti_2005",NA,NA
"Nahwitti_2005",247,3,5,222,3,700,"Nahwitti_2005",NA,NA
"Nahwitti_2005",247,3,5,222,4,900,"Nahwitti_2005",NA,NA
"Nahwitti_2005",247,3,5,222,5,800,"Nahwitti_2005",NA,NA
"Nahwitti_2005",247,3,5,222,6,800,"Nahwitti_2005",NA,NA
"Nahwitti_2005",247,3,5,222,7,900,"Nahwitti_2005",NA,NA
"Nahwitti_2005",247,3,5,222,8,800,"Nahwitti_2005",NA,NA
"Nahwitti_2005",247,5,10,207,1,511,"Nahwitti_2005",NA,NA
"Nahwitti_2005",247,5,10,207,2,388,"Nahwitti_2005",NA,NA
"Nahwitti_2005",247,5,10,207,3,672,"Nahwitti_2005",NA,NA
"Nahwitti_2005",247,5,10,207,4,892,"Nahwitti_2005",NA,NA
"Nahwitti_2005",247,5,10,207,5,794,"Nahwitti_2005",NA,NA
"Nahwitti_2005",247,5,10,207,6,796,"Nahwitti_2005",NA,NA
"Nahwitti_2005",247,5,10,207,7,890,"Nahwitti_2005",NA,NA
"Nahwitti_2005",247,5,10,207,8,787,"Nahwitti_2005",NA,NA
"Nahwitti_2005",247,10,15,192,1,301,"Nahwitti_2005",NA,NA
"Nahwitti_2005",247,10,15,192,2,304,"Nahwitti_2005",NA,NA
"Nahwitti_2005",247,10,15,192,3,633,"Nahwitti_2005",NA,NA
"Nahwitti_2005",247,10,15,192,4,865,"Nahwitti_2005",NA,NA
"Nahwitti_2005",247,10,15,192,5,763,"Nahwitti_2005",NA,NA
"Nahwitti_2005",247,10,15,192,6,782,"Nahwitti_2005",NA,NA
"Nahwitti_2005",247,10,15,192,7,873,"Nahwitti_2005",NA,NA
"Nahwitti_2005",247,10,15,192,8,766,"Nahwitti_2005",NA,NA
"Nahwitti_2005",247,15,20,175,1,255,"Nahwitti_2005",NA,NA
"Nahwitti_2005",247,15,20,175,2,236,"Nahwitti_2005",NA,NA
"Nahwitti_2005",247,15,20,175,3,633,"Nahwitti_2005",NA,NA
"Nahwitti_2005",247,15,20,175,4,833,"Nahwitti_2005",NA,NA
"Nahwitti_2005",247,15,20,175,5,739,"Nahwitti_2005",NA,NA
"Nahwitti_2005",247,15,20,175,6,750,"Nahwitti_2005",NA,NA
"Nahwitti_2005",247,15,20,175,7,846,"Nahwitti_2005",NA,NA
"Nahwitti_2005",247,15,20,175,8,735,"Nahwitti_2005",NA,NA
"Nahwitti_2005",247,20,30,144,1,191,"Nahwitti_2005",NA,NA
"Nahwitti_2005",247,20,30,144,2,41,"Nahwitti_2005",NA,NA
"Nahwitti_2005",247,20,30,144,3,495,"Nahwitti_2005",NA,NA
"Nahwitti_2005",247,20,30,144,4,796,"Nahwitti_2005",NA,NA
"Nahwitti_2005",247,20,30,144,5,695,"Nahwitti_2005",NA,NA
"Nahwitti_2005",247,20,30,144,6,720,"Nahwitti_2005",NA,NA
"Nahwitti_2005",247,20,30,144,7,813,"Nahwitti_2005",NA,NA
"Nahwitti_2005",247,20,30,144,8,675,"Nahwitti_2005",NA,NA
"Nahwitti_2005",247,30,40,75,1,0,"Nahwitti_2005",NA,NA
"Nahwitti_2005",247,30,40,75,2,0,"Nahwitti_2005",NA,NA
"Nahwitti_2005",247,30,40,75,3,342,"Nahwitti_2005",NA,NA
"Nahwitti_2005",247,30,40,75,4,486,"Nahwitti_2005",NA,NA
"Nahwitti_2005",247,30,40,75,5,330,"Nahwitti_2005",NA,NA
"Nahwitti_2005",247,30,40,75,6,270,"Nahwitti_2005",NA,NA
"Nahwitti_2005",247,30,40,75,7,339,"Nahwitti_2005",NA,NA
"Nahwitti_2005",247,30,40,75,8,199,"Nahwitti_2005",NA,NA
"Nahwitti_2005",247,40,50,14,1,0,"Nahwitti_2005",NA,NA
"Nahwitti_2005",247,40,50,14,2,0,"Nahwitti_2005",NA,NA
"Nahwitti_2005",247,40,50,14,3,108,"Nahwitti_2005",NA,NA
"Nahwitti_2005",247,40,50,14,4,0,"Nahwitti_2005",NA,NA
"Nahwitti_2005",247,40,50,14,5,0,"Nahwitti_2005",NA,NA
"Nahwitti_2005",247,40,50,14,6,114,"Nahwitti_2005",NA,NA
"Nahwitti_2005",247,40,50,14,7,176,"Nahwitti_2005",NA,NA
"Nahwitti_2005",247,40,50,14,8,0,"Nahwitti_2005",NA,NA
"NAKINA LK",224,2,5,452.6,1,535,"Nakina Lake",NA,NA
"NAKINA LK",224,2,5,452.6,2,611.4,"Nakina Lake",NA,NA
"NAKINA LK",224,2,5,452.6,3,809,"Nakina Lake",NA,NA
"NAKINA LK",224,2,5,452.6,4,438.6,"Nakina Lake",NA,NA
"NAKINA LK",224,2,5,452.6,5,807.8,"Nakina Lake",NA,NA
"NAKINA LK",224,2,5,452.6,6,261,"Nakina Lake",NA,NA
"NAKINA LK",224,2,5,452.6,7,338.6,"Nakina Lake",NA,NA
"NAKINA LK",224,3,5,452.6,1,535,"Nakina Lake",NA,NA
"NAKINA LK",224,3,5,452.6,2,611.4,"Nakina Lake",NA,NA
"NAKINA LK",224,3,5,452.6,3,809,"Nakina Lake",NA,NA
"NAKINA LK",224,3,5,452.6,4,438.6,"Nakina Lake",NA,NA
"NAKINA LK",224,3,5,452.6,5,807.8,"Nakina Lake",NA,NA
"NAKINA LK",224,3,5,452.6,6,261,"Nakina Lake",NA,NA
"NAKINA LK",224,3,5,452.6,7,338.6,"Nakina Lake",NA,NA
"NAKINA LK",224,5,10,366.8,1,440.9,"Nakina Lake",NA,NA
"NAKINA LK",224,5,10,366.8,2,543.2,"Nakina Lake",NA,NA
"NAKINA LK",224,5,10,366.8,3,711.4,"Nakina Lake",NA,NA
"NAKINA LK",224,5,10,366.8,4,362.2,"Nakina Lake",NA,NA
"NAKINA LK",224,5,10,366.8,5,771.4,"Nakina Lake",NA,NA
"NAKINA LK",224,5,10,366.8,6,0,"Nakina Lake",NA,NA
"NAKINA LK",224,5,10,366.8,7,284.6,"Nakina Lake",NA,NA
"NAKINA LK",224,10,15,272.4,1,410.4,"Nakina Lake",NA,NA
"NAKINA LK",224,10,15,272.4,2,465.6,"Nakina Lake",NA,NA
"NAKINA LK",224,10,15,272.4,3,575,"Nakina Lake",NA,NA
"NAKINA LK",224,10,15,272.4,4,338.6,"Nakina Lake",NA,NA
"NAKINA LK",224,10,15,272.4,5,224.6,"Nakina Lake",NA,NA
"NAKINA LK",224,10,15,272.4,6,0,"Nakina Lake",NA,NA
"NAKINA LK",224,10,15,272.4,7,80,"Nakina Lake",NA,NA
"NAKINA LK",224,15,20,191.1,1,323.4,"Nakina Lake",NA,NA
"NAKINA LK",224,15,20,191.1,2,415.1,"Nakina Lake",NA,NA
"NAKINA LK",224,15,20,191.1,3,397.4,"Nakina Lake",NA,NA
"NAKINA LK",224,15,20,191.1,4,303.4,"Nakina Lake",NA,NA
"NAKINA LK",224,15,20,191.1,5,77.6,"Nakina Lake",NA,NA
"NAKINA LK",224,15,20,191.1,6,0,"Nakina Lake",NA,NA
"NAKINA LK",224,15,20,191.1,7,0,"Nakina Lake",NA,NA
"NAKINA LK",224,20,30,118.7,1,255.2,"Nakina Lake",NA,NA
"NAKINA LK",224,20,30,118.7,2,262.2,"Nakina Lake",NA,NA
"NAKINA LK",224,20,30,118.7,3,209.3,"Nakina Lake",NA,NA
"NAKINA LK",224,20,30,118.7,4,82.3,"Nakina Lake",NA,NA
"NAKINA LK",224,20,30,118.7,5,0,"Nakina Lake",NA,NA
"NAKINA LK",224,20,30,118.7,6,0,"Nakina Lake",NA,NA
"NAKINA LK",224,20,30,118.7,7,0,"Nakina Lake",NA,NA
"NAKINA LK",224,30,40,45.5,1,0,"Nakina Lake",NA,NA
"NAKINA LK",224,30,40,45.5,2,252.8,"Nakina Lake",NA,NA
"NAKINA LK",224,30,40,45.5,3,0,"Nakina Lake",NA,NA
"NAKINA LK",224,30,40,45.5,4,0,"Nakina Lake",NA,NA
"NAKINA LK",224,30,40,45.5,5,0,"Nakina Lake",NA,NA
"NAKINA LK",224,30,40,45.5,6,0,"Nakina Lake",NA,NA
"NAKINA LK",224,30,40,45.5,7,0,"Nakina Lake",NA,NA
NA,150,NA,NA,NA,NA,NA,"Namu Lake","51 deg 53 min","127 deg 50 min"
NA,198,NA,NA,NA,NA,NA,"Nanat Bay",NA,NA
NA,58,NA,NA,NA,NA,NA,"Neskataheen Lake","60 deg 10 min","137 deg 05 min"
"NIMPKISH LAKE",21,2,5,3628,1,806,"Nimpkish Lake","50 deg 25 min","125 deg 40 min"
"NIMPKISH LAKE",21,2,5,3628,2,1344,"Nimpkish Lake","50 deg 25 min","125 deg 40 min"
"NIMPKISH LAKE",21,2,5,3628,3,1269,"Nimpkish Lake","50 deg 25 min","125 deg 40 min"
"NIMPKISH LAKE",21,2,5,3628,4,1702,"Nimpkish Lake","50 deg 25 min","125 deg 40 min"
"NIMPKISH LAKE",21,2,5,3628,5,1729,"Nimpkish Lake","50 deg 25 min","125 deg 40 min"
"NIMPKISH LAKE",21,2,5,3628,6,1843,"Nimpkish Lake","50 deg 25 min","125 deg 40 min"
"NIMPKISH LAKE",21,2,5,3628,7,1537,"Nimpkish Lake","50 deg 25 min","125 deg 40 min"
"NIMPKISH LAKE",21,2,5,3628,8,1093,"Nimpkish Lake","50 deg 25 min","125 deg 40 min"
"NIMPKISH LAKE",21,3,5,3628,1,806,"Nimpkish Lake","50 deg 25 min","125 deg 40 min"
"NIMPKISH LAKE",21,3,5,3628,2,1344,"Nimpkish Lake","50 deg 25 min","125 deg 40 min"
"NIMPKISH LAKE",21,3,5,3628,3,1269,"Nimpkish Lake","50 deg 25 min","125 deg 40 min"
"NIMPKISH LAKE",21,3,5,3628,4,1702,"Nimpkish Lake","50 deg 25 min","125 deg 40 min"
"NIMPKISH LAKE",21,3,5,3628,5,1729,"Nimpkish Lake","50 deg 25 min","125 deg 40 min"
"NIMPKISH LAKE",21,3,5,3628,6,1843,"Nimpkish Lake","50 deg 25 min","125 deg 40 min"
"NIMPKISH LAKE",21,3,5,3628,7,1537,"Nimpkish Lake","50 deg 25 min","125 deg 40 min"
"NIMPKISH LAKE",21,3,5,3628,8,1093,"Nimpkish Lake","50 deg 25 min","125 deg 40 min"
"NIMPKISH LAKE",21,5,10,3604,1,799,"Nimpkish Lake","50 deg 25 min","125 deg 40 min"
"NIMPKISH LAKE",21,5,10,3604,2,1331,"Nimpkish Lake","50 deg 25 min","125 deg 40 min"
"NIMPKISH LAKE",21,5,10,3604,3,1254,"Nimpkish Lake","50 deg 25 min","125 deg 40 min"
"NIMPKISH LAKE",21,5,10,3604,4,1679,"Nimpkish Lake","50 deg 25 min","125 deg 40 min"
"NIMPKISH LAKE",21,5,10,3604,5,1712,"Nimpkish Lake","50 deg 25 min","125 deg 40 min"
"NIMPKISH LAKE",21,5,10,3604,6,1838,"Nimpkish Lake","50 deg 25 min","125 deg 40 min"
"NIMPKISH LAKE",21,5,10,3604,7,1522,"Nimpkish Lake","50 deg 25 min","125 deg 40 min"
"NIMPKISH LAKE",21,5,10,3604,8,1049,"Nimpkish Lake","50 deg 25 min","125 deg 40 min"
"NIMPKISH LAKE",21,10,15,3554,1,791,"Nimpkish Lake","50 deg 25 min","125 deg 40 min"
"NIMPKISH LAKE",21,10,15,3554,2,1330,"Nimpkish Lake","50 deg 25 min","125 deg 40 min"
"NIMPKISH LAKE",21,10,15,3554,3,1246,"Nimpkish Lake","50 deg 25 min","125 deg 40 min"
"NIMPKISH LAKE",21,10,15,3554,4,1657,"Nimpkish Lake","50 deg 25 min","125 deg 40 min"
"NIMPKISH LAKE",21,10,15,3554,5,1700,"Nimpkish Lake","50 deg 25 min","125 deg 40 min"
"NIMPKISH LAKE",21,10,15,3554,6,1819,"Nimpkish Lake","50 deg 25 min","125 deg 40 min"
"NIMPKISH LAKE",21,10,15,3554,7,1505,"Nimpkish Lake","50 deg 25 min","125 deg 40 min"
"NIMPKISH LAKE",21,10,15,3554,8,973,"Nimpkish Lake","50 deg 25 min","125 deg 40 min"
"NIMPKISH LAKE",21,15,20,3424,1,731,"Nimpkish Lake","50 deg 25 min","125 deg 40 min"
"NIMPKISH LAKE",21,15,20,3424,2,1282,"Nimpkish Lake","50 deg 25 min","125 deg 40 min"
"NIMPKISH LAKE",21,15,20,3424,3,1225,"Nimpkish Lake","50 deg 25 min","125 deg 40 min"
"NIMPKISH LAKE",21,15,20,3424,4,1646,"Nimpkish Lake","50 deg 25 min","125 deg 40 min"
"NIMPKISH LAKE",21,15,20,3424,5,1690,"Nimpkish Lake","50 deg 25 min","125 deg 40 min"
"NIMPKISH LAKE",21,15,20,3424,6,1796,"Nimpkish Lake","50 deg 25 min","125 deg 40 min"
"NIMPKISH LAKE",21,15,20,3424,7,1481,"Nimpkish Lake","50 deg 25 min","125 deg 40 min"
"NIMPKISH LAKE",21,15,20,3424,8,891,"Nimpkish Lake","50 deg 25 min","125 deg 40 min"
"NIMPKISH LAKE",21,20,30,3282,1,656,"Nimpkish Lake","50 deg 25 min","125 deg 40 min"
"NIMPKISH LAKE",21,20,30,3282,2,1184,"Nimpkish Lake","50 deg 25 min","125 deg 40 min"
"NIMPKISH LAKE",21,20,30,3282,3,1184,"Nimpkish Lake","50 deg 25 min","125 deg 40 min"
"NIMPKISH LAKE",21,20,30,3282,4,1617,"Nimpkish Lake","50 deg 25 min","125 deg 40 min"
"NIMPKISH LAKE",21,20,30,3282,5,1664,"Nimpkish Lake","50 deg 25 min","125 deg 40 min"
"NIMPKISH LAKE",21,20,30,3282,6,1773,"Nimpkish Lake","50 deg 25 min","125 deg 40 min"
"NIMPKISH LAKE",21,20,30,3282,7,1440,"Nimpkish Lake","50 deg 25 min","125 deg 40 min"
"NIMPKISH LAKE",21,20,30,3282,8,763,"Nimpkish Lake","50 deg 25 min","125 deg 40 min"
"NIMPKISH LAKE",21,30,40,3104,1,576,"Nimpkish Lake","50 deg 25 min","125 deg 40 min"
"NIMPKISH LAKE",21,30,40,3104,2,1162,"Nimpkish Lake","50 deg 25 min","125 deg 40 min"
"NIMPKISH LAKE",21,30,40,3104,3,1144,"Nimpkish Lake","50 deg 25 min","125 deg 40 min"
"NIMPKISH LAKE",21,30,40,3104,4,1573,"Nimpkish Lake","50 deg 25 min","125 deg 40 min"
"NIMPKISH LAKE",21,30,40,3104,5,1627,"Nimpkish Lake","50 deg 25 min","125 deg 40 min"
"NIMPKISH LAKE",21,30,40,3104,6,1738,"Nimpkish Lake","50 deg 25 min","125 deg 40 min"
"NIMPKISH LAKE",21,30,40,3104,7,1390,"Nimpkish Lake","50 deg 25 min","125 deg 40 min"
"NIMPKISH LAKE",21,30,40,3104,8,685,"Nimpkish Lake","50 deg 25 min","125 deg 40 min"
"NIMPKISH LAKE",21,40,50,2976,1,512,"Nimpkish Lake","50 deg 25 min","125 deg 40 min"
"NIMPKISH LAKE",21,40,50,2976,2,1106,"Nimpkish Lake","50 deg 25 min","125 deg 40 min"
"NIMPKISH LAKE",21,40,50,2976,3,1109,"Nimpkish Lake","50 deg 25 min","125 deg 40 min"
"NIMPKISH LAKE",21,40,50,2976,4,1528,"Nimpkish Lake","50 deg 25 min","125 deg 40 min"
"NIMPKISH LAKE",21,40,50,2976,5,1582,"Nimpkish Lake","50 deg 25 min","125 deg 40 min"
"NIMPKISH LAKE",21,40,50,2976,6,1708,"Nimpkish Lake","50 deg 25 min","125 deg 40 min"
"NIMPKISH LAKE",21,40,50,2976,7,1351,"Nimpkish Lake","50 deg 25 min","125 deg 40 min"
"NIMPKISH LAKE",21,40,50,2976,8,612,"Nimpkish Lake","50 deg 25 min","125 deg 40 min"
"NIMPKISH LAKE",21,50,60,2865,1,452,"Nimpkish Lake","50 deg 25 min","125 deg 40 min"
"NIMPKISH LAKE",21,50,60,2865,2,995,"Nimpkish Lake","50 deg 25 min","125 deg 40 min"
"NIMPKISH LAKE",21,50,60,2865,3,1074,"Nimpkish Lake","50 deg 25 min","125 deg 40 min"
"NIMPKISH LAKE",21,50,60,2865,4,1461,"Nimpkish Lake","50 deg 25 min","125 deg 40 min"
"NIMPKISH LAKE",21,50,60,2865,5,1544,"Nimpkish Lake","50 deg 25 min","125 deg 40 min"
"NIMPKISH LAKE",21,50,60,2865,6,1668,"Nimpkish Lake","50 deg 25 min","125 deg 40 min"
"NIMPKISH LAKE",21,50,60,2865,7,1307,"Nimpkish Lake","50 deg 25 min","125 deg 40 min"
"NIMPKISH LAKE",21,50,60,2865,8,551,"Nimpkish Lake","50 deg 25 min","125 deg 40 min"
"NIMPKISH LAKE",21,60,70,2727,1,0,"Nimpkish Lake","50 deg 25 min","125 deg 40 min"
"NIMPKISH LAKE",21,60,70,2727,2,970,"Nimpkish Lake","50 deg 25 min","125 deg 40 min"
"NIMPKISH LAKE",21,60,70,2727,3,1044,"Nimpkish Lake","50 deg 25 min","125 deg 40 min"
"NIMPKISH LAKE",21,60,70,2727,4,1421,"Nimpkish Lake","50 deg 25 min","125 deg 40 min"
"NIMPKISH LAKE",21,60,70,2727,5,1508,"Nimpkish Lake","50 deg 25 min","125 deg 40 min"
"NIMPKISH LAKE",21,60,70,2727,6,1627,"Nimpkish Lake","50 deg 25 min","125 deg 40 min"
"NIMPKISH LAKE",21,60,70,2727,7,1275,"Nimpkish Lake","50 deg 25 min","125 deg 40 min"
"NIMPKISH LAKE",21,60,70,2727,8,504,"Nimpkish Lake","50 deg 25 min","125 deg 40 min"
"NIMPKISH LAKE",21,70,80,2607,1,0,"Nimpkish Lake","50 deg 25 min","125 deg 40 min"
"NIMPKISH LAKE",21,70,80,2607,2,950,"Nimpkish Lake","50 deg 25 min","125 deg 40 min"
"NIMPKISH LAKE",21,70,80,2607,3,1014,"Nimpkish Lake","50 deg 25 min","125 deg 40 min"
"NIMPKISH LAKE",21,70,80,2607,4,1380,"Nimpkish Lake","50 deg 25 min","125 deg 40 min"
"NIMPKISH LAKE",21,70,80,2607,5,1465,"Nimpkish Lake","50 deg 25 min","125 deg 40 min"
"NIMPKISH LAKE",21,70,80,2607,6,1564,"Nimpkish Lake","50 deg 25 min","125 deg 40 min"
"NIMPKISH LAKE",21,70,80,2607,7,1244,"Nimpkish Lake","50 deg 25 min","125 deg 40 min"
"NIMPKISH LAKE",21,70,80,2607,8,464,"Nimpkish Lake","50 deg 25 min","125 deg 40 min"
NA,218,NA,NA,NA,NA,NA,"Niska Lake",NA,NA
NA,132,NA,NA,NA,NA,NA,"Nitinat Lake","48 deg 45 min","124 deg 45 min"
NA,124,NA,NA,NA,NA,NA,"No-Name Lake","52 deg 00 min","120 deg 32 min"
NA,237,NA,NA,NA,NA,NA,"Osoyoos Lake","49 deg 01 min","119 deg 27 min"
"Osoyoos Lk (C)",239,2,5,179,1,1746,"Osoyoos Lake C","49 deg 01 min","119 deg 27 min"
"Osoyoos Lk (C)",239,2,5,179,2,1261,"Osoyoos Lake C","49 deg 01 min","119 deg 27 min"
"Osoyoos Lk (C)",239,3,5,179,1,1746,"Osoyoos Lake C","49 deg 01 min","119 deg 27 min"
"Osoyoos Lk (C)",239,3,5,179,2,1261,"Osoyoos Lake C","49 deg 01 min","119 deg 27 min"
"Osoyoos Lk (C)",239,5,10,140,1,1707,"Osoyoos Lake C","49 deg 01 min","119 deg 27 min"
"Osoyoos Lk (C)",239,5,10,140,2,1261,"Osoyoos Lake C","49 deg 01 min","119 deg 27 min"
"Osoyoos Lk (C)",239,10,15,101,1,1424,"Osoyoos Lake C","49 deg 01 min","119 deg 27 min"
"Osoyoos Lk (C)",239,10,15,101,2,1207,"Osoyoos Lake C","49 deg 01 min","119 deg 27 min"
"Osoyoos Lk (C)",239,15,20,50,1,977,"Osoyoos Lake C","49 deg 01 min","119 deg 27 min"
"Osoyoos Lk (C)",239,15,20,50,2,1084,"Osoyoos Lake C","49 deg 01 min","119 deg 27 min"
"Osoyoos Lk (C)",239,20,30,24,1,911,"Osoyoos Lake C","49 deg 01 min","119 deg 27 min"
"Osoyoos Lk (C)",239,20,30,24,2,0,"Osoyoos Lake C","49 deg 01 min","119 deg 27 min"
"Osoyoos Lk (N)",238,2,5,933,1,828,"Osoyoos Lake N","49 deg 08 min","119 deg 29 min"
"Osoyoos Lk (N)",238,2,5,933,2,1152,"Osoyoos Lake N","49 deg 08 min","119 deg 29 min"
"Osoyoos Lk (N)",238,2,5,933,3,1407,"Osoyoos Lake N","49 deg 08 min","119 deg 29 min"
"Osoyoos Lk (N)",238,2,5,933,4,1151,"Osoyoos Lake N","49 deg 08 min","119 deg 29 min"
"Osoyoos Lk (N)",238,2,5,933,5,752,"Osoyoos Lake N","49 deg 08 min","119 deg 29 min"
"Osoyoos Lk (N)",238,2,5,933,6,814,"Osoyoos Lake N","49 deg 08 min","119 deg 29 min"
"Osoyoos Lk (N)",238,2,5,933,7,1466,"Osoyoos Lake N","49 deg 08 min","119 deg 29 min"
"Osoyoos Lk (N)",238,2,5,933,8,1310,"Osoyoos Lake N","49 deg 08 min","119 deg 29 min"
"Osoyoos Lk (N)",238,2,5,933,9,1181,"Osoyoos Lake N","49 deg 08 min","119 deg 29 min"
"Osoyoos Lk (N)",238,2,5,933,10,2300,"Osoyoos Lake N","49 deg 08 min","119 deg 29 min"
"Osoyoos Lk (N)",238,3,5,933,1,828,"Osoyoos Lake N","49 deg 08 min","119 deg 29 min"
"Osoyoos Lk (N)",238,3,5,933,2,1152,"Osoyoos Lake N","49 deg 08 min","119 deg 29 min"
"Osoyoos Lk (N)",238,3,5,933,3,1407,"Osoyoos Lake N","49 deg 08 min","119 deg 29 min"
"Osoyoos Lk (N)",238,3,5,933,4,1151,"Osoyoos Lake N","49 deg 08 min","119 deg 29 min"
"Osoyoos Lk (N)",238,3,5,933,5,752,"Osoyoos Lake N","49 deg 08 min","119 deg 29 min"
"Osoyoos Lk (N)",238,3,5,933,6,813,"Osoyoos Lake N","49 deg 08 min","119 deg 29 min"
"Osoyoos Lk (N)",238,3,5,933,7,1465,"Osoyoos Lake N","49 deg 08 min","119 deg 29 min"
"Osoyoos Lk (N)",238,3,5,933,8,1310,"Osoyoos Lake N","49 deg 08 min","119 deg 29 min"
"Osoyoos Lk (N)",238,3,5,933,9,1180,"Osoyoos Lake N","49 deg 08 min","119 deg 29 min"
"Osoyoos Lk (N)",238,3,5,933,10,2300,"Osoyoos Lake N","49 deg 08 min","119 deg 29 min"
"Osoyoos Lk (N)",238,5,10,883,1,827,"Osoyoos Lake N","49 deg 08 min","119 deg 29 min"
"Osoyoos Lk (N)",238,5,10,883,2,1136,"Osoyoos Lake N","49 deg 08 min","119 deg 29 min"
"Osoyoos Lk (N)",238,5,10,883,3,1402,"Osoyoos Lake N","49 deg 08 min","119 deg 29 min"
"Osoyoos Lk (N)",238,5,10,883,4,1151,"Osoyoos Lake N","49 deg 08 min","119 deg 29 min"
"Osoyoos Lk (N)",238,5,10,883,5,752,"Osoyoos Lake N","49 deg 08 min","119 deg 29 min"
"Osoyoos Lk (N)",238,5,10,883,6,813,"Osoyoos Lake N","49 deg 08 min","119 deg 29 min"
"Osoyoos Lk (N)",238,5,10,883,7,1465,"Osoyoos Lake N","49 deg 08 min","119 deg 29 min"
"Osoyoos Lk (N)",238,5,10,883,8,1286,"Osoyoos Lake N","49 deg 08 min","119 deg 29 min"
"Osoyoos Lk (N)",238,5,10,883,9,1169,"Osoyoos Lake N","49 deg 08 min","119 deg 29 min"
"Osoyoos Lk (N)",238,5,10,883,10,2232,"Osoyoos Lake N","49 deg 08 min","119 deg 29 min"
"Osoyoos Lk (N)",238,10,15,810,1,809,"Osoyoos Lake N","49 deg 08 min","119 deg 29 min"
"Osoyoos Lk (N)",238,10,15,810,2,1122,"Osoyoos Lake N","49 deg 08 min","119 deg 29 min"
"Osoyoos Lk (N)",238,10,15,810,3,1380,"Osoyoos Lake N","49 deg 08 min","119 deg 29 min"
"Osoyoos Lk (N)",238,10,15,810,4,1128,"Osoyoos Lake N","49 deg 08 min","119 deg 29 min"
"Osoyoos Lk (N)",238,10,15,810,5,752,"Osoyoos Lake N","49 deg 08 min","119 deg 29 min"
"Osoyoos Lk (N)",238,10,15,810,6,800,"Osoyoos Lake N","49 deg 08 min","119 deg 29 min"
"Osoyoos Lk (N)",238,10,15,810,7,1441,"Osoyoos Lake N","49 deg 08 min","119 deg 29 min"
"Osoyoos Lk (N)",238,10,15,810,8,1247,"Osoyoos Lake N","49 deg 08 min","119 deg 29 min"
"Osoyoos Lk (N)",238,10,15,810,9,1150,"Osoyoos Lake N","49 deg 08 min","119 deg 29 min"
"Osoyoos Lk (N)",238,10,15,810,10,2198,"Osoyoos Lake N","49 deg 08 min","119 deg 29 min"
"Osoyoos Lk (N)",238,15,20,734,1,790,"Osoyoos Lake N","49 deg 08 min","119 deg 29 min"
"Osoyoos Lk (N)",238,15,20,734,2,1108,"Osoyoos Lake N","49 deg 08 min","119 deg 29 min"
"Osoyoos Lk (N)",238,15,20,734,3,1302,"Osoyoos Lake N","49 deg 08 min","119 deg 29 min"
"Osoyoos Lk (N)",238,15,20,734,4,1038,"Osoyoos Lake N","49 deg 08 min","119 deg 29 min"
"Osoyoos Lk (N)",238,15,20,734,5,731,"Osoyoos Lake N","49 deg 08 min","119 deg 29 min"
"Osoyoos Lk (N)",238,15,20,734,6,778,"Osoyoos Lake N","49 deg 08 min","119 deg 29 min"
"Osoyoos Lk (N)",238,15,20,734,7,1329,"Osoyoos Lake N","49 deg 08 min","119 deg 29 min"
"Osoyoos Lk (N)",238,15,20,734,8,1145,"Osoyoos Lake N","49 deg 08 min","119 deg 29 min"
"Osoyoos Lk (N)",238,15,20,734,9,1079,"Osoyoos Lake N","49 deg 08 min","119 deg 29 min"
"Osoyoos Lk (N)",238,15,20,734,10,2149,"Osoyoos Lake N","49 deg 08 min","119 deg 29 min"
"Osoyoos Lk (N)",238,20,30,613,1,760,"Osoyoos Lake N","49 deg 08 min","119 deg 29 min"
"Osoyoos Lk (N)",238,20,30,613,2,1073,"Osoyoos Lake N","49 deg 08 min","119 deg 29 min"
"Osoyoos Lk (N)",238,20,30,613,3,1245,"Osoyoos Lake N","49 deg 08 min","119 deg 29 min"
"Osoyoos Lk (N)",238,20,30,613,4,976,"Osoyoos Lake N","49 deg 08 min","119 deg 29 min"
"Osoyoos Lk (N)",238,20,30,613,5,652,"Osoyoos Lake N","49 deg 08 min","119 deg 29 min"
"Osoyoos Lk (N)",238,20,30,613,6,662,"Osoyoos Lake N","49 deg 08 min","119 deg 29 min"
"Osoyoos Lk (N)",238,20,30,613,7,1247,"Osoyoos Lake N","49 deg 08 min","119 deg 29 min"
"Osoyoos Lk (N)",238,20,30,613,8,956,"Osoyoos Lake N","49 deg 08 min","119 deg 29 min"
"Osoyoos Lk (N)",238,20,30,613,9,882,"Osoyoos Lake N","49 deg 08 min","119 deg 29 min"
"Osoyoos Lk (N)",238,20,30,613,10,2008,"Osoyoos Lake N","49 deg 08 min","119 deg 29 min"
"Osoyoos Lk (N)",238,30,40,374,1,611,"Osoyoos Lake N","49 deg 08 min","119 deg 29 min"
"Osoyoos Lk (N)",238,30,40,374,2,973,"Osoyoos Lake N","49 deg 08 min","119 deg 29 min"
"Osoyoos Lk (N)",238,30,40,374,3,1042,"Osoyoos Lake N","49 deg 08 min","119 deg 29 min"
"Osoyoos Lk (N)",238,30,40,374,4,735,"Osoyoos Lake N","49 deg 08 min","119 deg 29 min"
"Osoyoos Lk (N)",238,30,40,374,5,423,"Osoyoos Lake N","49 deg 08 min","119 deg 29 min"
"Osoyoos Lk (N)",238,30,40,374,6,419,"Osoyoos Lake N","49 deg 08 min","119 deg 29 min"
"Osoyoos Lk (N)",238,30,40,374,7,1072,"Osoyoos Lake N","49 deg 08 min","119 deg 29 min"
"Osoyoos Lk (N)",238,30,40,374,8,0,"Osoyoos Lake N","49 deg 08 min","119 deg 29 min"
"Osoyoos Lk (N)",238,30,40,374,9,809,"Osoyoos Lake N","49 deg 08 min","119 deg 29 min"
"Osoyoos Lk (N)",238,30,40,374,10,1673,"Osoyoos Lake N","49 deg 08 min","119 deg 29 min"
"Osoyoos Lk (S)",240,2,5,898,1,936,"Osoyoos Lake S","48 deg 58 min","119 deg 26 min"
"Osoyoos Lk (S)",240,2,5,898,2,905,"Osoyoos Lake S","48 deg 58 min","119 deg 26 min"
"Osoyoos Lk (S)",240,2,5,898,3,1168,"Osoyoos Lake S","48 deg 58 min","119 deg 26 min"
"Osoyoos Lk (S)",240,2,5,898,4,524,"Osoyoos Lake S","48 deg 58 min","119 deg 26 min"
"Osoyoos Lk (S)",240,2,5,898,5,1313,"Osoyoos Lake S","48 deg 58 min","119 deg 26 min"
"Osoyoos Lk (S)",240,2,5,898,6,1744,"Osoyoos Lake S","48 deg 58 min","119 deg 26 min"
"Osoyoos Lk (S)",240,2,5,898,7,2072,"Osoyoos Lake S","48 deg 58 min","119 deg 26 min"
"Osoyoos Lk (S)",240,2,5,898,8,1128,"Osoyoos Lake S","48 deg 58 min","119 deg 26 min"
"Osoyoos Lk (S)",240,3,5,898,1,936,"Osoyoos Lake S","48 deg 58 min","119 deg 26 min"
"Osoyoos Lk (S)",240,3,5,898,2,905,"Osoyoos Lake S","48 deg 58 min","119 deg 26 min"
"Osoyoos Lk (S)",240,3,5,898,3,1168,"Osoyoos Lake S","48 deg 58 min","119 deg 26 min"
"Osoyoos Lk (S)",240,3,5,898,4,524,"Osoyoos Lake S","48 deg 58 min","119 deg 26 min"
"Osoyoos Lk (S)",240,3,5,898,5,1202,"Osoyoos Lake S","48 deg 58 min","119 deg 26 min"
"Osoyoos Lk (S)",240,3,5,898,6,1715,"Osoyoos Lake S","48 deg 58 min","119 deg 26 min"
"Osoyoos Lk (S)",240,3,5,898,7,1912,"Osoyoos Lake S","48 deg 58 min","119 deg 26 min"
"Osoyoos Lk (S)",240,3,5,898,8,915,"Osoyoos Lake S","48 deg 58 min","119 deg 26 min"
"Osoyoos Lk (S)",240,5,10,782,1,927,"Osoyoos Lake S","48 deg 58 min","119 deg 26 min"
"Osoyoos Lk (S)",240,5,10,782,2,897,"Osoyoos Lake S","48 deg 58 min","119 deg 26 min"
"Osoyoos Lk (S)",240,5,10,782,3,1157,"Osoyoos Lake S","48 deg 58 min","119 deg 26 min"
"Osoyoos Lk (S)",240,5,10,782,4,387,"Osoyoos Lake S","48 deg 58 min","119 deg 26 min"
"Osoyoos Lk (S)",240,5,10,782,5,1150,"Osoyoos Lake S","48 deg 58 min","119 deg 26 min"
"Osoyoos Lk (S)",240,5,10,782,6,1504,"Osoyoos Lake S","48 deg 58 min","119 deg 26 min"
"Osoyoos Lk (S)",240,5,10,782,7,1741,"Osoyoos Lake S","48 deg 58 min","119 deg 26 min"
"Osoyoos Lk (S)",240,5,10,782,8,586,"Osoyoos Lake S","48 deg 58 min","119 deg 26 min"
"Osoyoos Lk (S)",240,10,15,625,1,894,"Osoyoos Lake S","48 deg 58 min","119 deg 26 min"
"Osoyoos Lk (S)",240,10,15,625,2,825,"Osoyoos Lake S","48 deg 58 min","119 deg 26 min"
"Osoyoos Lk (S)",240,10,15,625,3,1109,"Osoyoos Lake S","48 deg 58 min","119 deg 26 min"
"Osoyoos Lk (S)",240,10,15,625,4,278,"Osoyoos Lake S","48 deg 58 min","119 deg 26 min"
"Osoyoos Lk (S)",240,10,15,625,5,934,"Osoyoos Lake S","48 deg 58 min","119 deg 26 min"
"Osoyoos Lk (S)",240,10,15,625,6,1081,"Osoyoos Lake S","48 deg 58 min","119 deg 26 min"
"Osoyoos Lk (S)",240,10,15,625,7,0,"Osoyoos Lake S","48 deg 58 min","119 deg 26 min"
"Osoyoos Lk (S)",240,10,15,625,8,0,"Osoyoos Lake S","48 deg 58 min","119 deg 26 min"
"Osoyoos Lk (S)",240,15,20,285,1,729,"Osoyoos Lake S","48 deg 58 min","119 deg 26 min"
"Osoyoos Lk (S)",240,15,20,285,2,580,"Osoyoos Lake S","48 deg 58 min","119 deg 26 min"
"Osoyoos Lk (S)",240,15,20,285,3,0,"Osoyoos Lake S","48 deg 58 min","119 deg 26 min"
"Osoyoos Lk (S)",240,15,20,285,4,0,"Osoyoos Lake S","48 deg 58 min","119 deg 26 min"
"Osoyoos Lk (S)",240,15,20,285,5,0,"Osoyoos Lake S","48 deg 58 min","119 deg 26 min"
"Osoyoos Lk (S)",240,15,20,285,6,0,"Osoyoos Lake S","48 deg 58 min","119 deg 26 min"
"Osoyoos Lk (S)",240,15,20,285,7,0,"Osoyoos Lake S","48 deg 58 min","119 deg 26 min"
"Osoyoos Lk (S)",240,15,20,285,8,0,"Osoyoos Lake S","48 deg 58 min","119 deg 26 min"
"Osoyoos Lk (S)",240,20,30,129,1,573,"Osoyoos Lake S","48 deg 58 min","119 deg 26 min"
"Osoyoos Lk (S)",240,20,30,129,2,0,"Osoyoos Lake S","48 deg 58 min","119 deg 26 min"
"Osoyoos Lk (S)",240,20,30,129,3,0,"Osoyoos Lake S","48 deg 58 min","119 deg 26 min"
"Osoyoos Lk (S)",240,20,30,129,4,0,"Osoyoos Lake S","48 deg 58 min","119 deg 26 min"
"Osoyoos Lk (S)",240,20,30,129,5,0,"Osoyoos Lake S","48 deg 58 min","119 deg 26 min"
"Osoyoos Lk (S)",240,20,30,129,6,0,"Osoyoos Lake S","48 deg 58 min","119 deg 26 min"
"Osoyoos Lk (S)",240,20,30,129,7,0,"Osoyoos Lake S","48 deg 58 min","119 deg 26 min"
"Osoyoos Lk (S)",240,20,30,129,8,0,"Osoyoos Lake S","48 deg 58 min","119 deg 26 min"
"Osoyoos_2005",251,2,5,933,1,828,"Osoyoos_2005",NA,NA
"Osoyoos_2005",251,2,5,933,2,1152,"Osoyoos_2005",NA,NA
"Osoyoos_2005",251,2,5,933,3,1407,"Osoyoos_2005",NA,NA
"Osoyoos_2005",251,2,5,933,4,1151,"Osoyoos_2005",NA,NA
"Osoyoos_2005",251,2,5,933,5,752,"Osoyoos_2005",NA,NA
"Osoyoos_2005",251,2,5,933,6,814,"Osoyoos_2005",NA,NA
"Osoyoos_2005",251,2,5,933,7,1466,"Osoyoos_2005",NA,NA
"Osoyoos_2005",251,2,5,933,8,1310,"Osoyoos_2005",NA,NA
"Osoyoos_2005",251,2,5,933,9,1181,"Osoyoos_2005",NA,NA
"Osoyoos_2005",251,2,5,933,10,2300,"Osoyoos_2005",NA,NA
"Osoyoos_2005",251,2,5,933,11,1400,"Osoyoos_2005",NA,NA
"Osoyoos_2005",251,2,5,933,12,1600,"Osoyoos_2005",NA,NA
"Osoyoos_2005",251,2,5,933,13,2000,"Osoyoos_2005",NA,NA
"Osoyoos_2005",251,2,5,933,14,2900,"Osoyoos_2005",NA,NA
"Osoyoos_2005",251,3,5,933,1,828,"Osoyoos_2005",NA,NA
"Osoyoos_2005",251,3,5,933,2,1152,"Osoyoos_2005",NA,NA
"Osoyoos_2005",251,3,5,933,3,1407,"Osoyoos_2005",NA,NA
"Osoyoos_2005",251,3,5,933,4,1151,"Osoyoos_2005",NA,NA
"Osoyoos_2005",251,3,5,933,5,752,"Osoyoos_2005",NA,NA
"Osoyoos_2005",251,3,5,933,6,813,"Osoyoos_2005",NA,NA
"Osoyoos_2005",251,3,5,933,7,1465,"Osoyoos_2005",NA,NA
"Osoyoos_2005",251,3,5,933,8,1310,"Osoyoos_2005",NA,NA
"Osoyoos_2005",251,3,5,933,9,1180,"Osoyoos_2005",NA,NA
"Osoyoos_2005",251,3,5,933,10,2300,"Osoyoos_2005",NA,NA
"Osoyoos_2005",251,3,5,933,11,1400,"Osoyoos_2005",NA,NA
"Osoyoos_2005",251,3,5,933,12,1600,"Osoyoos_2005",NA,NA
"Osoyoos_2005",251,3,5,933,13,2000,"Osoyoos_2005",NA,NA
"Osoyoos_2005",251,3,5,933,14,2900,"Osoyoos_2005",NA,NA
"Osoyoos_2005",251,5,10,883,1,827,"Osoyoos_2005",NA,NA
"Osoyoos_2005",251,5,10,883,2,1136,"Osoyoos_2005",NA,NA
"Osoyoos_2005",251,5,10,883,3,1402,"Osoyoos_2005",NA,NA
"Osoyoos_2005",251,5,10,883,4,1151,"Osoyoos_2005",NA,NA
"Osoyoos_2005",251,5,10,883,5,752,"Osoyoos_2005",NA,NA
"Osoyoos_2005",251,5,10,883,6,813,"Osoyoos_2005",NA,NA
"Osoyoos_2005",251,5,10,883,7,1465,"Osoyoos_2005",NA,NA
"Osoyoos_2005",251,5,10,883,8,1286,"Osoyoos_2005",NA,NA
"Osoyoos_2005",251,5,10,883,9,1169,"Osoyoos_2005",NA,NA
"Osoyoos_2005",251,5,10,883,10,2232,"Osoyoos_2005",NA,NA
"Osoyoos_2005",251,5,10,883,11,1379,"Osoyoos_2005",NA,NA
"Osoyoos_2005",251,5,10,883,12,1576,"Osoyoos_2005",NA,NA
"Osoyoos_2005",251,5,10,883,13,2000,"Osoyoos_2005",NA,NA
"Osoyoos_2005",251,5,10,883,14,2892,"Osoyoos_2005",NA,NA
"Osoyoos_2005",251,10,15,810,1,809,"Osoyoos_2005",NA,NA
"Osoyoos_2005",251,10,15,810,2,1122,"Osoyoos_2005",NA,NA
"Osoyoos_2005",251,10,15,810,3,1380,"Osoyoos_2005",NA,NA
"Osoyoos_2005",251,10,15,810,4,1128,"Osoyoos_2005",NA,NA
"Osoyoos_2005",251,10,15,810,5,752,"Osoyoos_2005",NA,NA
"Osoyoos_2005",251,10,15,810,6,800,"Osoyoos_2005",NA,NA
"Osoyoos_2005",251,10,15,810,7,1441,"Osoyoos_2005",NA,NA
"Osoyoos_2005",251,10,15,810,8,1247,"Osoyoos_2005",NA,NA
"Osoyoos_2005",251,10,15,810,9,1150,"Osoyoos_2005",NA,NA
"Osoyoos_2005",251,10,15,810,10,2198,"Osoyoos_2005",NA,NA
"Osoyoos_2005",251,10,15,810,11,1142,"Osoyoos_2005",NA,NA
"Osoyoos_2005",251,10,15,810,12,1448,"Osoyoos_2005",NA,NA
"Osoyoos_2005",251,10,15,810,13,1705,"Osoyoos_2005",NA,NA
"Osoyoos_2005",251,10,15,810,14,2827,"Osoyoos_2005",NA,NA
"Osoyoos_2005",251,15,20,734,1,790,"Osoyoos_2005",NA,NA
"Osoyoos_2005",251,15,20,734,2,1108,"Osoyoos_2005",NA,NA
"Osoyoos_2005",251,15,20,734,3,1302,"Osoyoos_2005",NA,NA
"Osoyoos_2005",251,15,20,734,4,1038,"Osoyoos_2005",NA,NA
"Osoyoos_2005",251,15,20,734,5,731,"Osoyoos_2005",NA,NA
"Osoyoos_2005",251,15,20,734,6,778,"Osoyoos_2005",NA,NA
"Osoyoos_2005",251,15,20,734,7,1329,"Osoyoos_2005",NA,NA
"Osoyoos_2005",251,15,20,734,8,1145,"Osoyoos_2005",NA,NA
"Osoyoos_2005",251,15,20,734,9,1079,"Osoyoos_2005",NA,NA
"Osoyoos_2005",251,15,20,734,10,2149,"Osoyoos_2005",NA,NA
"Osoyoos_2005",251,15,20,734,11,1008,"Osoyoos_2005",NA,NA
"Osoyoos_2005",251,15,20,734,12,968,"Osoyoos_2005",NA,NA
"Osoyoos_2005",251,15,20,734,13,1589,"Osoyoos_2005",NA,NA
"Osoyoos_2005",251,15,20,734,14,2634,"Osoyoos_2005",NA,NA
"Osoyoos_2005",251,20,30,613,1,760,"Osoyoos_2005",NA,NA
"Osoyoos_2005",251,20,30,613,2,1073,"Osoyoos_2005",NA,NA
"Osoyoos_2005",251,20,30,613,3,1245,"Osoyoos_2005",NA,NA
"Osoyoos_2005",251,20,30,613,4,976,"Osoyoos_2005",NA,NA
"Osoyoos_2005",251,20,30,613,5,652,"Osoyoos_2005",NA,NA
"Osoyoos_2005",251,20,30,613,6,662,"Osoyoos_2005",NA,NA
"Osoyoos_2005",251,20,30,613,7,1247,"Osoyoos_2005",NA,NA
"Osoyoos_2005",251,20,30,613,8,956,"Osoyoos_2005",NA,NA
"Osoyoos_2005",251,20,30,613,9,882,"Osoyoos_2005",NA,NA
"Osoyoos_2005",251,20,30,613,10,2008,"Osoyoos_2005",NA,NA
"Osoyoos_2005",251,20,30,613,11,792,"Osoyoos_2005",NA,NA
"Osoyoos_2005",251,20,30,613,12,719,"Osoyoos_2005",NA,NA
"Osoyoos_2005",251,20,30,613,13,1375,"Osoyoos_2005",NA,NA
"Osoyoos_2005",251,20,30,613,14,2295,"Osoyoos_2005",NA,NA
"Osoyoos_2005",251,30,40,374,1,611,"Osoyoos_2005",NA,NA
"Osoyoos_2005",251,30,40,374,2,973,"Osoyoos_2005",NA,NA
"Osoyoos_2005",251,30,40,374,3,1042,"Osoyoos_2005",NA,NA
"Osoyoos_2005",251,30,40,374,4,735,"Osoyoos_2005",NA,NA
"Osoyoos_2005",251,30,40,374,5,423,"Osoyoos_2005",NA,NA
"Osoyoos_2005",251,30,40,374,6,419,"Osoyoos_2005",NA,NA
"Osoyoos_2005",251,30,40,374,7,1072,"Osoyoos_2005",NA,NA
"Osoyoos_2005",251,30,40,374,8,0,"Osoyoos_2005",NA,NA
"Osoyoos_2005",251,30,40,374,9,809,"Osoyoos_2005",NA,NA
"Osoyoos_2005",251,30,40,374,10,1673,"Osoyoos_2005",NA,NA
"Osoyoos_2005",251,30,40,374,11,82,"Osoyoos_2005",NA,NA
"Osoyoos_2005",251,30,40,374,12,541,"Osoyoos_2005",NA,NA
"Osoyoos_2005",251,30,40,374,13,1063,"Osoyoos_2005",NA,NA
"Osoyoos_2005",251,30,40,374,14,1450,"Osoyoos_2005",NA,NA
NA,219,NA,NA,NA,NA,NA,"Oweegee Lake",NA,NA
NA,18,NA,NA,NA,NA,NA,"Owikeno Lake","51 deg 41 min","126 deg 55 min"
"Owikeno Lk (A)",228,2,5,6625,1,1644,"Owikeno Lake (A)","51 deg 41 min","126 deg 55 min"
"Owikeno Lk (A)",228,2,5,6625,2,1833,"Owikeno Lake (A)","51 deg 41 min","126 deg 55 min"
"Owikeno Lk (A)",228,2,5,6625,3,2000,"Owikeno Lake (A)","51 deg 41 min","126 deg 55 min"
"Owikeno Lk (A)",228,2,5,6625,4,1788,"Owikeno Lake (A)","51 deg 41 min","126 deg 55 min"
"Owikeno Lk (A)",228,2,5,6625,5,1661,"Owikeno Lake (A)","51 deg 41 min","126 deg 55 min"
"Owikeno Lk (A)",228,2,5,6625,6,1770,"Owikeno Lake (A)","51 deg 41 min","126 deg 55 min"
"Owikeno Lk (A)",228,2,5,6625,7,1600,"Owikeno Lake (A)","51 deg 41 min","126 deg 55 min"
"Owikeno Lk (A)",228,2,5,6625,8,1900,"Owikeno Lake (A)","51 deg 41 min","126 deg 55 min"
"Owikeno Lk (A)",228,2,5,6625,9,2000,"Owikeno Lake (A)","51 deg 41 min","126 deg 55 min"
"Owikeno Lk (A)",228,2,5,6625,10,2000,"Owikeno Lake (A)","51 deg 41 min","126 deg 55 min"
"Owikeno Lk (A)",228,2,5,6625,11,2600,"Owikeno Lake (A)","51 deg 41 min","126 deg 55 min"
"Owikeno Lk (A)",228,2,5,6625,12,1600,"Owikeno Lake (A)","51 deg 41 min","126 deg 55 min"
"Owikeno Lk (A)",228,2,5,6625,13,1900,"Owikeno Lake (A)","51 deg 41 min","126 deg 55 min"
"Owikeno Lk (A)",228,3,5,6625,1,1644,"Owikeno Lake (A)","51 deg 41 min","126 deg 55 min"
"Owikeno Lk (A)",228,3,5,6625,2,1833,"Owikeno Lake (A)","51 deg 41 min","126 deg 55 min"
"Owikeno Lk (A)",228,3,5,6625,3,2000,"Owikeno Lake (A)","51 deg 41 min","126 deg 55 min"
"Owikeno Lk (A)",228,3,5,6625,4,1788,"Owikeno Lake (A)","51 deg 41 min","126 deg 55 min"
"Owikeno Lk (A)",228,3,5,6625,5,1661,"Owikeno Lake (A)","51 deg 41 min","126 deg 55 min"
"Owikeno Lk (A)",228,3,5,6625,6,1770,"Owikeno Lake (A)","51 deg 41 min","126 deg 55 min"
"Owikeno Lk (A)",228,3,5,6625,7,1600,"Owikeno Lake (A)","51 deg 41 min","126 deg 55 min"
"Owikeno Lk (A)",228,3,5,6625,8,1900,"Owikeno Lake (A)","51 deg 41 min","126 deg 55 min"
"Owikeno Lk (A)",228,3,5,6625,9,2000,"Owikeno Lake (A)","51 deg 41 min","126 deg 55 min"
"Owikeno Lk (A)",228,3,5,6625,10,2000,"Owikeno Lake (A)","51 deg 41 min","126 deg 55 min"
"Owikeno Lk (A)",228,3,5,6625,11,2600,"Owikeno Lake (A)","51 deg 41 min","126 deg 55 min"
"Owikeno Lk (A)",228,3,5,6625,12,1600,"Owikeno Lake (A)","51 deg 41 min","126 deg 55 min"
"Owikeno Lk (A)",228,3,5,6625,13,1900,"Owikeno Lake (A)","51 deg 41 min","126 deg 55 min"
"Owikeno Lk (A)",228,5,10,6526,1,1644,"Owikeno Lake (A)","51 deg 41 min","126 deg 55 min"
"Owikeno Lk (A)",228,5,10,6526,2,1827,"Owikeno Lake (A)","51 deg 41 min","126 deg 55 min"
"Owikeno Lk (A)",228,5,10,6526,3,2000,"Owikeno Lake (A)","51 deg 41 min","126 deg 55 min"
"Owikeno Lk (A)",228,5,10,6526,4,1786,"Owikeno Lake (A)","51 deg 41 min","126 deg 55 min"
"Owikeno Lk (A)",228,5,10,6526,5,1661,"Owikeno Lake (A)","51 deg 41 min","126 deg 55 min"
"Owikeno Lk (A)",228,5,10,6526,6,1767,"Owikeno Lake (A)","51 deg 41 min","126 deg 55 min"
"Owikeno Lk (A)",228,5,10,6526,7,1591,"Owikeno Lake (A)","51 deg 41 min","126 deg 55 min"
"Owikeno Lk (A)",228,5,10,6526,8,1886,"Owikeno Lake (A)","51 deg 41 min","126 deg 55 min"
"Owikeno Lk (A)",228,5,10,6526,9,1985,"Owikeno Lake (A)","51 deg 41 min","126 deg 55 min"
"Owikeno Lk (A)",228,5,10,6526,10,2000,"Owikeno Lake (A)","51 deg 41 min","126 deg 55 min"
"Owikeno Lk (A)",228,5,10,6526,11,2580,"Owikeno Lake (A)","51 deg 41 min","126 deg 55 min"
"Owikeno Lk (A)",228,5,10,6526,12,1593,"Owikeno Lake (A)","51 deg 41 min","126 deg 55 min"
"Owikeno Lk (A)",228,5,10,6526,13,1863,"Owikeno Lake (A)","51 deg 41 min","126 deg 55 min"
"Owikeno Lk (A)",228,10,15,6393,1,1638,"Owikeno Lake (A)","51 deg 41 min","126 deg 55 min"
"Owikeno Lk (A)",228,10,15,6393,2,1805,"Owikeno Lake (A)","51 deg 41 min","126 deg 55 min"
"Owikeno Lk (A)",228,10,15,6393,3,1974,"Owikeno Lake (A)","51 deg 41 min","126 deg 55 min"
"Owikeno Lk (A)",228,10,15,6393,4,1775,"Owikeno Lake (A)","51 deg 41 min","126 deg 55 min"
"Owikeno Lk (A)",228,10,15,6393,5,1657,"Owikeno Lake (A)","51 deg 41 min","126 deg 55 min"
"Owikeno Lk (A)",228,10,15,6393,6,1752,"Owikeno Lake (A)","51 deg 41 min","126 deg 55 min"
"Owikeno Lk (A)",228,10,15,6393,7,1567,"Owikeno Lake (A)","51 deg 41 min","126 deg 55 min"
"Owikeno Lk (A)",228,10,15,6393,8,1880,"Owikeno Lake (A)","51 deg 41 min","126 deg 55 min"
"Owikeno Lk (A)",228,10,15,6393,9,1900,"Owikeno Lake (A)","51 deg 41 min","126 deg 55 min"
"Owikeno Lk (A)",228,10,15,6393,10,2000,"Owikeno Lake (A)","51 deg 41 min","126 deg 55 min"
"Owikeno Lk (A)",228,10,15,6393,11,2557,"Owikeno Lake (A)","51 deg 41 min","126 deg 55 min"
"Owikeno Lk (A)",228,10,15,6393,12,1573,"Owikeno Lake (A)","51 deg 41 min","126 deg 55 min"
"Owikeno Lk (A)",228,10,15,6393,13,1839,"Owikeno Lake (A)","51 deg 41 min","126 deg 55 min"
"Owikeno Lk (A)",228,15,20,6260,1,1626,"Owikeno Lake (A)","51 deg 41 min","126 deg 55 min"
"Owikeno Lk (A)",228,15,20,6260,2,1783,"Owikeno Lake (A)","51 deg 41 min","126 deg 55 min"
"Owikeno Lk (A)",228,15,20,6260,3,1935,"Owikeno Lake (A)","51 deg 41 min","126 deg 55 min"
"Owikeno Lk (A)",228,15,20,6260,4,1761,"Owikeno Lake (A)","51 deg 41 min","126 deg 55 min"
"Owikeno Lk (A)",228,15,20,6260,5,1640,"Owikeno Lake (A)","51 deg 41 min","126 deg 55 min"
"Owikeno Lk (A)",228,15,20,6260,6,1732,"Owikeno Lake (A)","51 deg 41 min","126 deg 55 min"
"Owikeno Lk (A)",228,15,20,6260,7,1553,"Owikeno Lake (A)","51 deg 41 min","126 deg 55 min"
"Owikeno Lk (A)",228,15,20,6260,8,1873,"Owikeno Lake (A)","51 deg 41 min","126 deg 55 min"
"Owikeno Lk (A)",228,15,20,6260,9,1886,"Owikeno Lake (A)","51 deg 41 min","126 deg 55 min"
"Owikeno Lk (A)",228,15,20,6260,10,1972,"Owikeno Lake (A)","51 deg 41 min","126 deg 55 min"
"Owikeno Lk (A)",228,15,20,6260,11,2533,"Owikeno Lake (A)","51 deg 41 min","126 deg 55 min"
"Owikeno Lk (A)",228,15,20,6260,12,1553,"Owikeno Lake (A)","51 deg 41 min","126 deg 55 min"
"Owikeno Lk (A)",228,15,20,6260,13,1827,"Owikeno Lake (A)","51 deg 41 min","126 deg 55 min"
"Owikeno Lk (A)",228,20,30,6090,1,1607,"Owikeno Lake (A)","51 deg 41 min","126 deg 55 min"
"Owikeno Lk (A)",228,20,30,6090,2,1752,"Owikeno Lake (A)","51 deg 41 min","126 deg 55 min"
"Owikeno Lk (A)",228,20,30,6090,3,1899,"Owikeno Lake (A)","51 deg 41 min","126 deg 55 min"
"Owikeno Lk (A)",228,20,30,6090,4,1741,"Owikeno Lake (A)","51 deg 41 min","126 deg 55 min"
"Owikeno Lk (A)",228,20,30,6090,5,1611,"Owikeno Lake (A)","51 deg 41 min","126 deg 55 min"
"Owikeno Lk (A)",228,20,30,6090,6,1707,"Owikeno Lake (A)","51 deg 41 min","126 deg 55 min"
"Owikeno Lk (A)",228,20,30,6090,7,1535,"Owikeno Lake (A)","51 deg 41 min","126 deg 55 min"
"Owikeno Lk (A)",228,20,30,6090,8,1860,"Owikeno Lake (A)","51 deg 41 min","126 deg 55 min"
"Owikeno Lk (A)",228,20,30,6090,9,1871,"Owikeno Lake (A)","51 deg 41 min","126 deg 55 min"
"Owikeno Lk (A)",228,20,30,6090,10,1944,"Owikeno Lake (A)","51 deg 41 min","126 deg 55 min"
"Owikeno Lk (A)",228,20,30,6090,11,2514,"Owikeno Lake (A)","51 deg 41 min","126 deg 55 min"
"Owikeno Lk (A)",228,20,30,6090,12,1540,"Owikeno Lake (A)","51 deg 41 min","126 deg 55 min"
"Owikeno Lk (A)",228,20,30,6090,13,1797,"Owikeno Lake (A)","51 deg 41 min","126 deg 55 min"
"Owikeno Lk (A)",228,30,40,5883,1,1581,"Owikeno Lake (A)","51 deg 41 min","126 deg 55 min"
"Owikeno Lk (A)",228,30,40,5883,2,1707,"Owikeno Lake (A)","51 deg 41 min","126 deg 55 min"
"Owikeno Lk (A)",228,30,40,5883,3,1854,"Owikeno Lake (A)","51 deg 41 min","126 deg 55 min"
"Owikeno Lk (A)",228,30,40,5883,4,1712,"Owikeno Lake (A)","51 deg 41 min","126 deg 55 min"
"Owikeno Lk (A)",228,30,40,5883,5,1577,"Owikeno Lake (A)","51 deg 41 min","126 deg 55 min"
"Owikeno Lk (A)",228,30,40,5883,6,1676,"Owikeno Lake (A)","51 deg 41 min","126 deg 55 min"
"Owikeno Lk (A)",228,30,40,5883,7,1494,"Owikeno Lake (A)","51 deg 41 min","126 deg 55 min"
"Owikeno Lk (A)",228,30,40,5883,8,1847,"Owikeno Lake (A)","51 deg 41 min","126 deg 55 min"
"Owikeno Lk (A)",228,30,40,5883,9,1843,"Owikeno Lake (A)","51 deg 41 min","126 deg 55 min"
"Owikeno Lk (A)",228,30,40,5883,10,1896,"Owikeno Lake (A)","51 deg 41 min","126 deg 55 min"
"Owikeno Lk (A)",228,30,40,5883,11,2476,"Owikeno Lake (A)","51 deg 41 min","126 deg 55 min"
"Owikeno Lk (A)",228,30,40,5883,12,1507,"Owikeno Lake (A)","51 deg 41 min","126 deg 55 min"
"Owikeno Lk (A)",228,30,40,5883,13,1760,"Owikeno Lake (A)","51 deg 41 min","126 deg 55 min"
"Owikeno Lk (A)",228,40,50,5691,1,1551,"Owikeno Lake (A)","51 deg 41 min","126 deg 55 min"
"Owikeno Lk (A)",228,40,50,5691,2,1664,"Owikeno Lake (A)","51 deg 41 min","126 deg 55 min"
"Owikeno Lk (A)",228,40,50,5691,3,1813,"Owikeno Lake (A)","51 deg 41 min","126 deg 55 min"
"Owikeno Lk (A)",228,40,50,5691,4,1682,"Owikeno Lake (A)","51 deg 41 min","126 deg 55 min"
"Owikeno Lk (A)",228,40,50,5691,5,1550,"Owikeno Lake (A)","51 deg 41 min","126 deg 55 min"
"Owikeno Lk (A)",228,40,50,5691,6,1647,"Owikeno Lake (A)","51 deg 41 min","126 deg 55 min"
"Owikeno Lk (A)",228,40,50,5691,7,1447,"Owikeno Lake (A)","51 deg 41 min","126 deg 55 min"
"Owikeno Lk (A)",228,40,50,5691,8,1828,"Owikeno Lake (A)","51 deg 41 min","126 deg 55 min"
"Owikeno Lk (A)",228,40,50,5691,9,1800,"Owikeno Lake (A)","51 deg 41 min","126 deg 55 min"
"Owikeno Lk (A)",228,40,50,5691,10,1868,"Owikeno Lake (A)","51 deg 41 min","126 deg 55 min"
"Owikeno Lk (A)",228,40,50,5691,11,2447,"Owikeno Lake (A)","51 deg 41 min","126 deg 55 min"
"Owikeno Lk (A)",228,40,50,5691,12,1461,"Owikeno Lake (A)","51 deg 41 min","126 deg 55 min"
"Owikeno Lk (A)",228,40,50,5691,13,1724,"Owikeno Lake (A)","51 deg 41 min","126 deg 55 min"
"Owikeno Lk (A)",228,50,60,5514,1,1521,"Owikeno Lake (A)","51 deg 41 min","126 deg 55 min"
"Owikeno Lk (A)",228,50,60,5514,2,1613,"Owikeno Lake (A)","51 deg 41 min","126 deg 55 min"
"Owikeno Lk (A)",228,50,60,5514,3,1776,"Owikeno Lake (A)","51 deg 41 min","126 deg 55 min"
"Owikeno Lk (A)",228,50,60,5514,4,1656,"Owikeno Lake (A)","51 deg 41 min","126 deg 55 min"
"Owikeno Lk (A)",228,50,60,5514,5,1521,"Owikeno Lake (A)","51 deg 41 min","126 deg 55 min"
"Owikeno Lk (A)",228,50,60,5514,6,1614,"Owikeno Lake (A)","51 deg 41 min","126 deg 55 min"
"Owikeno Lk (A)",228,50,60,5514,7,1447,"Owikeno Lake (A)","51 deg 41 min","126 deg 55 min"
"Owikeno Lk (A)",228,50,60,5514,8,1828,"Owikeno Lake (A)","51 deg 41 min","126 deg 55 min"
"Owikeno Lk (A)",228,50,60,5514,9,1800,"Owikeno Lake (A)","51 deg 41 min","126 deg 55 min"
"Owikeno Lk (A)",228,50,60,5514,10,1868,"Owikeno Lake (A)","51 deg 41 min","126 deg 55 min"
"Owikeno Lk (A)",228,50,60,5514,11,2447,"Owikeno Lake (A)","51 deg 41 min","126 deg 55 min"
"Owikeno Lk (A)",228,50,60,5514,12,1461,"Owikeno Lake (A)","51 deg 41 min","126 deg 55 min"
"Owikeno Lk (A)",228,50,60,5514,13,1724,"Owikeno Lake (A)","51 deg 41 min","126 deg 55 min"
"Owikeno Lk (A)",228,60,70,5357,1,1487,"Owikeno Lake (A)","51 deg 41 min","126 deg 55 min"
"Owikeno Lk (A)",228,60,70,5357,2,1559,"Owikeno Lake (A)","51 deg 41 min","126 deg 55 min"
"Owikeno Lk (A)",228,60,70,5357,3,1741,"Owikeno Lake (A)","51 deg 41 min","126 deg 55 min"
"Owikeno Lk (A)",228,60,70,5357,4,1628,"Owikeno Lake (A)","51 deg 41 min","126 deg 55 min"
"Owikeno Lk (A)",228,60,70,5357,5,1490,"Owikeno Lake (A)","51 deg 41 min","126 deg 55 min"
"Owikeno Lk (A)",228,60,70,5357,6,1632,"Owikeno Lake (A)","51 deg 41 min","126 deg 55 min"
"Owikeno Lk (A)",228,60,70,5357,7,1447,"Owikeno Lake (A)","51 deg 41 min","126 deg 55 min"
"Owikeno Lk (A)",228,60,70,5357,8,1828,"Owikeno Lake (A)","51 deg 41 min","126 deg 55 min"
"Owikeno Lk (A)",228,60,70,5357,9,1800,"Owikeno Lake (A)","51 deg 41 min","126 deg 55 min"
"Owikeno Lk (A)",228,60,70,5357,10,1868,"Owikeno Lake (A)","51 deg 41 min","126 deg 55 min"
"Owikeno Lk (A)",228,60,70,5357,11,2447,"Owikeno Lake (A)","51 deg 41 min","126 deg 55 min"
"Owikeno Lk (A)",228,60,70,5357,12,1461,"Owikeno Lake (A)","51 deg 41 min","126 deg 55 min"
"Owikeno Lk (A)",228,60,70,5357,13,1724,"Owikeno Lake (A)","51 deg 41 min","126 deg 55 min"
"Owikeno Lk (A)",228,70,80,5220,1,1450,"Owikeno Lake (A)","51 deg 41 min","126 deg 55 min"
"Owikeno Lk (A)",228,70,80,5220,2,1525,"Owikeno Lake (A)","51 deg 41 min","126 deg 55 min"
"Owikeno Lk (A)",228,70,80,5220,3,1712,"Owikeno Lake (A)","51 deg 41 min","126 deg 55 min"
"Owikeno Lk (A)",228,70,80,5220,4,1603,"Owikeno Lake (A)","51 deg 41 min","126 deg 55 min"
"Owikeno Lk (A)",228,70,80,5220,5,1461,"Owikeno Lake (A)","51 deg 41 min","126 deg 55 min"
"Owikeno Lk (A)",228,70,80,5220,6,1661,"Owikeno Lake (A)","51 deg 41 min","126 deg 55 min"
"Owikeno Lk (A)",228,70,80,5220,7,1447,"Owikeno Lake (A)","51 deg 41 min","126 deg 55 min"
"Owikeno Lk (A)",228,70,80,5220,8,1828,"Owikeno Lake (A)","51 deg 41 min","126 deg 55 min"
"Owikeno Lk (A)",228,70,80,5220,9,1800,"Owikeno Lake (A)","51 deg 41 min","126 deg 55 min"
"Owikeno Lk (A)",228,70,80,5220,10,1868,"Owikeno Lake (A)","51 deg 41 min","126 deg 55 min"
"Owikeno Lk (A)",228,70,80,5220,11,2447,"Owikeno Lake (A)","51 deg 41 min","126 deg 55 min"
"Owikeno Lk (A)",228,70,80,5220,12,1461,"Owikeno Lake (A)","51 deg 41 min","126 deg 55 min"
"Owikeno Lk (A)",228,70,80,5220,13,1724,"Owikeno Lake (A)","51 deg 41 min","126 deg 55 min"
"Owikeno Lk (A)",228,80,90,5081,1,1421,"Owikeno Lake (A)","51 deg 41 min","126 deg 55 min"
"Owikeno Lk (A)",228,80,90,5081,2,1501,"Owikeno Lake (A)","51 deg 41 min","126 deg 55 min"
"Owikeno Lk (A)",228,80,90,5081,3,1687,"Owikeno Lake (A)","51 deg 41 min","126 deg 55 min"
"Owikeno Lk (A)",228,80,90,5081,4,1577,"Owikeno Lake (A)","51 deg 41 min","126 deg 55 min"
"Owikeno Lk (A)",228,80,90,5081,5,1427,"Owikeno Lake (A)","51 deg 41 min","126 deg 55 min"
"Owikeno Lk (A)",228,80,90,5081,6,1650,"Owikeno Lake (A)","51 deg 41 min","126 deg 55 min"
"Owikeno Lk (A)",228,80,90,5081,7,1447,"Owikeno Lake (A)","51 deg 41 min","126 deg 55 min"
"Owikeno Lk (A)",228,80,90,5081,8,1828,"Owikeno Lake (A)","51 deg 41 min","126 deg 55 min"
"Owikeno Lk (A)",228,80,90,5081,9,1800,"Owikeno Lake (A)","51 deg 41 min","126 deg 55 min"
"Owikeno Lk (A)",228,80,90,5081,10,1868,"Owikeno Lake (A)","51 deg 41 min","126 deg 55 min"
"Owikeno Lk (A)",228,80,90,5081,11,2447,"Owikeno Lake (A)","51 deg 41 min","126 deg 55 min"
"Owikeno Lk (A)",228,80,90,5081,12,1461,"Owikeno Lake (A)","51 deg 41 min","126 deg 55 min"
"Owikeno Lk (A)",228,80,90,5081,13,1724,"Owikeno Lake (A)","51 deg 41 min","126 deg 55 min"
"Owikeno Lk (A)",228,90,100,4939,1,1394,"Owikeno Lake (A)","51 deg 41 min","126 deg 55 min"
"Owikeno Lk (A)",228,90,100,4939,2,1475,"Owikeno Lake (A)","51 deg 41 min","126 deg 55 min"
"Owikeno Lk (A)",228,90,100,4939,3,1662,"Owikeno Lake (A)","51 deg 41 min","126 deg 55 min"
"Owikeno Lk (A)",228,90,100,4939,4,1551,"Owikeno Lake (A)","51 deg 41 min","126 deg 55 min"
"Owikeno Lk (A)",228,90,100,4939,5,1398,"Owikeno Lake (A)","51 deg 41 min","126 deg 55 min"
"Owikeno Lk (A)",228,90,100,4939,6,1639,"Owikeno Lake (A)","51 deg 41 min","126 deg 55 min"
"Owikeno Lk (A)",228,90,100,4939,7,1447,"Owikeno Lake (A)","51 deg 41 min","126 deg 55 min"
"Owikeno Lk (A)",228,90,100,4939,8,1828,"Owikeno Lake (A)","51 deg 41 min","126 deg 55 min"
"Owikeno Lk (A)",228,90,100,4939,9,1800,"Owikeno Lake (A)","51 deg 41 min","126 deg 55 min"
"Owikeno Lk (A)",228,90,100,4939,10,1868,"Owikeno Lake (A)","51 deg 41 min","126 deg 55 min"
"Owikeno Lk (A)",228,90,100,4939,11,2447,"Owikeno Lake (A)","51 deg 41 min","126 deg 55 min"
"Owikeno Lk (A)",228,90,100,4939,12,1461,"Owikeno Lake (A)","51 deg 41 min","126 deg 55 min"
"Owikeno Lk (A)",228,90,100,4939,13,1724,"Owikeno Lake (A)","51 deg 41 min","126 deg 55 min"
"Owikeno Lk (B)",229,2,5,1960,1,1841,"Owikeno Lake (B)","51 deg 41 min","126 deg 55 min"
"Owikeno Lk (B)",229,2,5,1960,2,1674,"Owikeno Lake (B)","51 deg 41 min","126 deg 55 min"
"Owikeno Lk (B)",229,2,5,1960,3,1529,"Owikeno Lake (B)","51 deg 41 min","126 deg 55 min"
"Owikeno Lk (B)",229,2,5,1960,4,1750,"Owikeno Lake (B)","51 deg 41 min","126 deg 55 min"
"Owikeno Lk (B)",229,2,5,1960,5,2040,"Owikeno Lake (B)","51 deg 41 min","126 deg 55 min"
"Owikeno Lk (B)",229,2,5,1960,6,1500,"Owikeno Lake (B)","51 deg 41 min","126 deg 55 min"
"Owikeno Lk (B)",229,2,5,1960,7,1800,"Owikeno Lake (B)","51 deg 41 min","126 deg 55 min"
"Owikeno Lk (B)",229,2,5,1960,8,2200,"Owikeno Lake (B)","51 deg 41 min","126 deg 55 min"
"Owikeno Lk (B)",229,3,5,1960,1,1841,"Owikeno Lake (B)","51 deg 41 min","126 deg 55 min"
"Owikeno Lk (B)",229,3,5,1960,2,1674,"Owikeno Lake (B)","51 deg 41 min","126 deg 55 min"
"Owikeno Lk (B)",229,3,5,1960,3,1529,"Owikeno Lake (B)","51 deg 41 min","126 deg 55 min"
"Owikeno Lk (B)",229,3,5,1960,4,1750,"Owikeno Lake (B)","51 deg 41 min","126 deg 55 min"
"Owikeno Lk (B)",229,3,5,1960,5,2040,"Owikeno Lake (B)","51 deg 41 min","126 deg 55 min"
"Owikeno Lk (B)",229,3,5,1960,6,1500,"Owikeno Lake (B)","51 deg 41 min","126 deg 55 min"
"Owikeno Lk (B)",229,3,5,1960,7,1800,"Owikeno Lake (B)","51 deg 41 min","126 deg 55 min"
"Owikeno Lk (B)",229,3,5,1960,8,2200,"Owikeno Lake (B)","51 deg 41 min","126 deg 55 min"
"Owikeno Lk (B)",229,5,10,1901,1,1816,"Owikeno Lake (B)","51 deg 41 min","126 deg 55 min"
"Owikeno Lk (B)",229,5,10,1901,2,1662,"Owikeno Lake (B)","51 deg 41 min","126 deg 55 min"
"Owikeno Lk (B)",229,5,10,1901,3,1504,"Owikeno Lake (B)","51 deg 41 min","126 deg 55 min"
"Owikeno Lk (B)",229,5,10,1901,4,1734,"Owikeno Lake (B)","51 deg 41 min","126 deg 55 min"
"Owikeno Lk (B)",229,5,10,1901,5,2017,"Owikeno Lake (B)","51 deg 41 min","126 deg 55 min"
"Owikeno Lk (B)",229,5,10,1901,6,1485,"Owikeno Lake (B)","51 deg 41 min","126 deg 55 min"
"Owikeno Lk (B)",229,5,10,1901,7,1795,"Owikeno Lake (B)","51 deg 41 min","126 deg 55 min"
"Owikeno Lk (B)",229,5,10,1901,8,2200,"Owikeno Lake (B)","51 deg 41 min","126 deg 55 min"
"Owikeno Lk (B)",229,10,15,1825,1,1792,"Owikeno Lake (B)","51 deg 41 min","126 deg 55 min"
"Owikeno Lk (B)",229,10,15,1825,2,1643,"Owikeno Lake (B)","51 deg 41 min","126 deg 55 min"
"Owikeno Lk (B)",229,10,15,1825,3,1460,"Owikeno Lake (B)","51 deg 41 min","126 deg 55 min"
"Owikeno Lk (B)",229,10,15,1825,4,1716,"Owikeno Lake (B)","51 deg 41 min","126 deg 55 min"
"Owikeno Lk (B)",229,10,15,1825,5,1994,"Owikeno Lake (B)","51 deg 41 min","126 deg 55 min"
"Owikeno Lk (B)",229,10,15,1825,6,1461,"Owikeno Lake (B)","51 deg 41 min","126 deg 55 min"
"Owikeno Lk (B)",229,10,15,1825,7,1795,"Owikeno Lake (B)","51 deg 41 min","126 deg 55 min"
"Owikeno Lk (B)",229,10,15,1825,8,2200,"Owikeno Lake (B)","51 deg 41 min","126 deg 55 min"
"Owikeno Lk (B)",229,15,20,1750,1,1764,"Owikeno Lake (B)","51 deg 41 min","126 deg 55 min"
"Owikeno Lk (B)",229,15,20,1750,2,1624,"Owikeno Lake (B)","51 deg 41 min","126 deg 55 min"
"Owikeno Lk (B)",229,15,20,1750,3,1430,"Owikeno Lake (B)","51 deg 41 min","126 deg 55 min"
"Owikeno Lk (B)",229,15,20,1750,4,1697,"Owikeno Lake (B)","51 deg 41 min","126 deg 55 min"
"Owikeno Lk (B)",229,15,20,1750,5,1957,"Owikeno Lake (B)","51 deg 41 min","126 deg 55 min"
"Owikeno Lk (B)",229,15,20,1750,6,1452,"Owikeno Lake (B)","51 deg 41 min","126 deg 55 min"
"Owikeno Lk (B)",229,15,20,1750,7,1787,"Owikeno Lake (B)","51 deg 41 min","126 deg 55 min"
"Owikeno Lk (B)",229,15,20,1750,8,2186,"Owikeno Lake (B)","51 deg 41 min","126 deg 55 min"
"Owikeno Lk (B)",229,20,30,1607,1,1720,"Owikeno Lake (B)","51 deg 41 min","126 deg 55 min"
"Owikeno Lk (B)",229,20,30,1607,2,1596,"Owikeno Lake (B)","51 deg 41 min","126 deg 55 min"
"Owikeno Lk (B)",229,20,30,1607,3,1400,"Owikeno Lake (B)","51 deg 41 min","126 deg 55 min"
"Owikeno Lk (B)",229,20,30,1607,4,1673,"Owikeno Lake (B)","51 deg 41 min","126 deg 55 min"
"Owikeno Lk (B)",229,20,30,1607,5,1920,"Owikeno Lake (B)","51 deg 41 min","126 deg 55 min"
"Owikeno Lk (B)",229,20,30,1607,6,1428,"Owikeno Lake (B)","51 deg 41 min","126 deg 55 min"
"Owikeno Lk (B)",229,20,30,1607,7,1770,"Owikeno Lake (B)","51 deg 41 min","126 deg 55 min"
"Owikeno Lk (B)",229,20,30,1607,8,2145,"Owikeno Lake (B)","51 deg 41 min","126 deg 55 min"
"Owikeno Lk (B)",229,30,40,1543,1,1663,"Owikeno Lake (B)","51 deg 41 min","126 deg 55 min"
"Owikeno Lk (B)",229,30,40,1543,2,1551,"Owikeno Lake (B)","51 deg 41 min","126 deg 55 min"
"Owikeno Lk (B)",229,30,40,1543,3,1365,"Owikeno Lake (B)","51 deg 41 min","126 deg 55 min"
"Owikeno Lk (B)",229,30,40,1543,4,1641,"Owikeno Lake (B)","51 deg 41 min","126 deg 55 min"
"Owikeno Lk (B)",229,30,40,1543,5,1838,"Owikeno Lake (B)","51 deg 41 min","126 deg 55 min"
"Owikeno Lk (B)",229,30,40,1543,6,1404,"Owikeno Lake (B)","51 deg 41 min","126 deg 55 min"
"Owikeno Lk (B)",229,30,40,1543,7,1716,"Owikeno Lake (B)","51 deg 41 min","126 deg 55 min"
"Owikeno Lk (B)",229,30,40,1543,8,2100,"Owikeno Lake (B)","51 deg 41 min","126 deg 55 min"
"Owikeno Lk (B)",229,40,50,1476,1,1604,"Owikeno Lake (B)","51 deg 41 min","126 deg 55 min"
"Owikeno Lk (B)",229,40,50,1476,2,1505,"Owikeno Lake (B)","51 deg 41 min","126 deg 55 min"
"Owikeno Lk (B)",229,40,50,1476,3,1334,"Owikeno Lake (B)","51 deg 41 min","126 deg 55 min"
"Owikeno Lk (B)",229,40,50,1476,4,1605,"Owikeno Lake (B)","51 deg 41 min","126 deg 55 min"
"Owikeno Lk (B)",229,40,50,1476,5,1806,"Owikeno Lake (B)","51 deg 41 min","126 deg 55 min"
"Owikeno Lk (B)",229,40,50,1476,6,1371,"Owikeno Lake (B)","51 deg 41 min","126 deg 55 min"
"Owikeno Lk (B)",229,40,50,1476,7,1691,"Owikeno Lake (B)","51 deg 41 min","126 deg 55 min"
"Owikeno Lk (B)",229,40,50,1476,8,2024,"Owikeno Lake (B)","51 deg 41 min","126 deg 55 min"
"Owikeno Lk (B)",229,50,60,1408,1,1590,"Owikeno Lake (B)","51 deg 41 min","126 deg 55 min"
"Owikeno Lk (B)",229,50,60,1408,2,1470,"Owikeno Lake (B)","51 deg 41 min","126 deg 55 min"
"Owikeno Lk (B)",229,50,60,1408,3,1279,"Owikeno Lake (B)","51 deg 41 min","126 deg 55 min"
"Owikeno Lk (B)",229,50,60,1408,4,1568,"Owikeno Lake (B)","51 deg 41 min","126 deg 55 min"
"Owikeno Lk (B)",229,50,60,1408,5,1769,"Owikeno Lake (B)","51 deg 41 min","126 deg 55 min"
"Owikeno Lk (B)",229,50,60,1408,6,1232,"Owikeno Lake (B)","51 deg 41 min","126 deg 55 min"
"Owikeno Lk (B)",229,50,60,1408,7,1653,"Owikeno Lake (B)","51 deg 41 min","126 deg 55 min"
"Owikeno Lk (B)",229,50,60,1408,8,1925,"Owikeno Lake (B)","51 deg 41 min","126 deg 55 min"
"Owikeno Lk (B)",229,60,70,1336,1,1426,"Owikeno Lake (B)","51 deg 41 min","126 deg 55 min"
"Owikeno Lk (B)",229,60,70,1336,2,1439,"Owikeno Lake (B)","51 deg 41 min","126 deg 55 min"
"Owikeno Lk (B)",229,60,70,1336,3,1222,"Owikeno Lake (B)","51 deg 41 min","126 deg 55 min"
"Owikeno Lk (B)",229,60,70,1336,4,1587,"Owikeno Lake (B)","51 deg 41 min","126 deg 55 min"
"Owikeno Lk (B)",229,60,70,1336,5,1769,"Owikeno Lake (B)","51 deg 41 min","126 deg 55 min"
"Owikeno Lk (B)",229,60,70,1336,6,1232,"Owikeno Lake (B)","51 deg 41 min","126 deg 55 min"
"Owikeno Lk (B)",229,60,70,1336,7,1653,"Owikeno Lake (B)","51 deg 41 min","126 deg 55 min"
"Owikeno Lk (B)",229,60,70,1336,8,1925,"Owikeno Lake (B)","51 deg 41 min","126 deg 55 min"
"Owikeno Lk (B)",229,70,80,1261,1,1012,"Owikeno Lake (B)","51 deg 41 min","126 deg 55 min"
"Owikeno Lk (B)",229,70,80,1261,2,1405,"Owikeno Lake (B)","51 deg 41 min","126 deg 55 min"
"Owikeno Lk (B)",229,70,80,1261,3,1179,"Owikeno Lake (B)","51 deg 41 min","126 deg 55 min"
"Owikeno Lk (B)",229,70,80,1261,4,1608,"Owikeno Lake (B)","51 deg 41 min","126 deg 55 min"
"Owikeno Lk (B)",229,70,80,1261,5,1769,"Owikeno Lake (B)","51 deg 41 min","126 deg 55 min"
"Owikeno Lk (B)",229,70,80,1261,6,1232,"Owikeno Lake (B)","51 deg 41 min","126 deg 55 min"
"Owikeno Lk (B)",229,70,80,1261,7,1653,"Owikeno Lake (B)","51 deg 41 min","126 deg 55 min"
"Owikeno Lk (B)",229,70,80,1261,8,1925,"Owikeno Lake (B)","51 deg 41 min","126 deg 55 min"
"Owikeno Lk (B)",229,80,90,1190,1,389,"Owikeno Lake (B)","51 deg 41 min","126 deg 55 min"
"Owikeno Lk (B)",229,80,90,1190,2,1367,"Owikeno Lake (B)","51 deg 41 min","126 deg 55 min"
"Owikeno Lk (B)",229,80,90,1190,3,1138,"Owikeno Lake (B)","51 deg 41 min","126 deg 55 min"
"Owikeno Lk (B)",229,80,90,1190,4,1578,"Owikeno Lake (B)","51 deg 41 min","126 deg 55 min"
"Owikeno Lk (B)",229,80,90,1190,5,1769,"Owikeno Lake (B)","51 deg 41 min","126 deg 55 min"
"Owikeno Lk (B)",229,80,90,1190,6,1232,"Owikeno Lake (B)","51 deg 41 min","126 deg 55 min"
"Owikeno Lk (B)",229,80,90,1190,7,1653,"Owikeno Lake (B)","51 deg 41 min","126 deg 55 min"
"Owikeno Lk (B)",229,80,90,1190,8,1925,"Owikeno Lake (B)","51 deg 41 min","126 deg 55 min"
"Owikeno Lk (B)",229,90,100,1125,1,0,"Owikeno Lake (B)","51 deg 41 min","126 deg 55 min"
"Owikeno Lk (B)",229,90,100,1125,2,1334,"Owikeno Lake (B)","51 deg 41 min","126 deg 55 min"
"Owikeno Lk (B)",229,90,100,1125,3,1100,"Owikeno Lake (B)","51 deg 41 min","126 deg 55 min"
"Owikeno Lk (B)",229,90,100,1125,4,1557,"Owikeno Lake (B)","51 deg 41 min","126 deg 55 min"
"Owikeno Lk (B)",229,90,100,1125,5,1769,"Owikeno Lake (B)","51 deg 41 min","126 deg 55 min"
"Owikeno Lk (B)",229,90,100,1125,6,1232,"Owikeno Lake (B)","51 deg 41 min","126 deg 55 min"
"Owikeno Lk (B)",229,90,100,1125,7,1653,"Owikeno Lake (B)","51 deg 41 min","126 deg 55 min"
"Owikeno Lk (B)",229,90,100,1125,8,1925,"Owikeno Lake (B)","51 deg 41 min","126 deg 55 min"
"Owikeno Lk (C)",230,2,5,177,1,691,"Owikeno Lake (C)","51 deg 41 min","126 deg 55 min"
"Owikeno Lk (C)",230,3,5,177,1,691,"Owikeno Lake (C)","51 deg 41 min","126 deg 55 min"
"Owikeno Lk (C)",230,5,10,161,1,682,"Owikeno Lake (C)","51 deg 41 min","126 deg 55 min"
"Owikeno Lk (C)",230,10,15,143,1,667,"Owikeno Lake (C)","51 deg 41 min","126 deg 55 min"
"Owikeno Lk (C)",230,15,20,129,1,655,"Owikeno Lake (C)","51 deg 41 min","126 deg 55 min"
"Owikeno Lk (C)",230,20,30,108,1,636,"Owikeno Lake (C)","51 deg 41 min","126 deg 55 min"
"Owikeno Lk (C)",230,30,40,871,1,615,"Owikeno Lake (C)","51 deg 41 min","126 deg 55 min"
"Owikeno Lk (C)",230,40,50,73,1,599,"Owikeno Lake (C)","51 deg 41 min","126 deg 55 min"
"Owikeno Lk (C)",230,50,60,56,1,574,"Owikeno Lake (C)","51 deg 41 min","126 deg 55 min"
"Owikeno Lk (C)",230,60,70,39,1,536,"Owikeno Lake (C)","51 deg 41 min","126 deg 55 min"
"Owikeno Lk (C)",230,70,80,27,1,499,"Owikeno Lake (C)","51 deg 41 min","126 deg 55 min"
"Owikeno Lk (D)",231,2,5,376.3,1,1034,"Owikeno Lake (D)","51 deg 41 min","126 deg 55 min"
"Owikeno Lk (D)",231,2,5,376.3,2,861,"Owikeno Lake (D)","51 deg 41 min","126 deg 55 min"
"Owikeno Lk (D)",231,2,5,376.3,3,621,"Owikeno Lake (D)","51 deg 41 min","126 deg 55 min"
"Owikeno Lk (D)",231,2,5,376.3,4,1300,"Owikeno Lake (D)","51 deg 41 min","126 deg 55 min"
"Owikeno Lk (D)",231,3,5,376.3,1,1034,"Owikeno Lake (D)","51 deg 41 min","126 deg 55 min"
"Owikeno Lk (D)",231,3,5,376.3,2,861,"Owikeno Lake (D)","51 deg 41 min","126 deg 55 min"
"Owikeno Lk (D)",231,3,5,376.3,3,621,"Owikeno Lake (D)","51 deg 41 min","126 deg 55 min"
"Owikeno Lk (D)",231,3,5,376.3,4,1300,"Owikeno Lake (D)","51 deg 41 min","126 deg 55 min"
"Owikeno Lk (D)",231,5,10,357.2,1,994,"Owikeno Lake (D)","51 deg 41 min","126 deg 55 min"
"Owikeno Lk (D)",231,5,10,357.2,2,849,"Owikeno Lake (D)","51 deg 41 min","126 deg 55 min"
"Owikeno Lk (D)",231,5,10,357.2,3,609,"Owikeno Lake (D)","51 deg 41 min","126 deg 55 min"
"Owikeno Lk (D)",231,5,10,357.2,4,1243,"Owikeno Lake (D)","51 deg 41 min","126 deg 55 min"
"Owikeno Lk (D)",231,10,15,336.4,1,972,"Owikeno Lake (D)","51 deg 41 min","126 deg 55 min"
"Owikeno Lk (D)",231,10,15,336.4,2,837,"Owikeno Lake (D)","51 deg 41 min","126 deg 55 min"
"Owikeno Lk (D)",231,10,15,336.4,3,589,"Owikeno Lake (D)","51 deg 41 min","126 deg 55 min"
"Owikeno Lk (D)",231,10,15,336.4,4,1206,"Owikeno Lake (D)","51 deg 41 min","126 deg 55 min"
"Owikeno Lk (D)",231,15,20,321.5,1,940,"Owikeno Lake (D)","51 deg 41 min","126 deg 55 min"
"Owikeno Lk (D)",231,15,20,321.5,2,820,"Owikeno Lake (D)","51 deg 41 min","126 deg 55 min"
"Owikeno Lk (D)",231,15,20,321.5,3,569,"Owikeno Lake (D)","51 deg 41 min","126 deg 55 min"
"Owikeno Lk (D)",231,15,20,321.5,4,1169,"Owikeno Lake (D)","51 deg 41 min","126 deg 55 min"
"Owikeno Lk (D)",231,20,30,297.8,1,882,"Owikeno Lake (D)","51 deg 41 min","126 deg 55 min"
"Owikeno Lk (D)",231,20,30,297.8,2,783,"Owikeno Lake (D)","51 deg 41 min","126 deg 55 min"
"Owikeno Lk (D)",231,20,30,297.8,3,537,"Owikeno Lake (D)","51 deg 41 min","126 deg 55 min"
"Owikeno Lk (D)",231,20,30,297.8,4,1103,"Owikeno Lake (D)","51 deg 41 min","126 deg 55 min"
"Owikeno Lk (D)",231,30,40,264,1,795,"Owikeno Lake (D)","51 deg 41 min","126 deg 55 min"
"Owikeno Lk (D)",231,30,40,264,2,709,"Owikeno Lake (D)","51 deg 41 min","126 deg 55 min"
"Owikeno Lk (D)",231,30,40,264,3,494,"Owikeno Lake (D)","51 deg 41 min","126 deg 55 min"
"Owikeno Lk (D)",231,30,40,264,4,1010,"Owikeno Lake (D)","51 deg 41 min","126 deg 55 min"
"Owikeno Lk (D)",231,40,50,228.8,1,701,"Owikeno Lake (D)","51 deg 41 min","126 deg 55 min"
"Owikeno Lk (D)",231,40,50,228.8,2,619,"Owikeno Lake (D)","51 deg 41 min","126 deg 55 min"
"Owikeno Lk (D)",231,40,50,228.8,3,450,"Owikeno Lake (D)","51 deg 41 min","126 deg 55 min"
"Owikeno Lk (D)",231,40,50,228.8,4,925,"Owikeno Lake (D)","51 deg 41 min","126 deg 55 min"
"Owikeno Lk (D)",231,50,60,191.7,1,593,"Owikeno Lake (D)","51 deg 41 min","126 deg 55 min"
"Owikeno Lk (D)",231,50,60,191.7,2,513,"Owikeno Lake (D)","51 deg 41 min","126 deg 55 min"
"Owikeno Lk (D)",231,50,60,191.7,3,410,"Owikeno Lake (D)","51 deg 41 min","126 deg 55 min"
"Owikeno Lk (D)",231,50,60,191.7,4,832,"Owikeno Lake (D)","51 deg 41 min","126 deg 55 min"
"Owikeno Lk (D)",231,60,70,145.5,1,0,"Owikeno Lake (D)","51 deg 41 min","126 deg 55 min"
"Owikeno Lk (D)",231,60,70,145.5,2,398,"Owikeno Lake (D)","51 deg 41 min","126 deg 55 min"
"Owikeno Lk (D)",231,60,70,145.5,3,366,"Owikeno Lake (D)","51 deg 41 min","126 deg 55 min"
"Owikeno Lk (D)",231,60,70,145.5,4,832,"Owikeno Lake (D)","51 deg 41 min","126 deg 55 min"
"Owikeno Lk (D)",231,70,80,83.1,1,0,"Owikeno Lake (D)","51 deg 41 min","126 deg 55 min"
"Owikeno Lk (D)",231,70,80,83.1,2,0,"Owikeno Lake (D)","51 deg 41 min","126 deg 55 min"
"Owikeno Lk (D)",231,70,80,83.1,3,295,"Owikeno Lake (D)","51 deg 41 min","126 deg 55 min"
"Owikeno Lk (D)",231,70,80,83.1,4,832,"Owikeno Lake (D)","51 deg 41 min","126 deg 55 min"
NA,73,NA,NA,NA,NA,NA,"Patterson Lake","50 deg 04 min","125 deg 40 min"
"Phillips Lk",59,2,5,295,1,850,"Phillips Lake","50 deg 35 min","125 deg 21 min"
"Phillips Lk",59,2,5,295,2,845,"Phillips Lake","50 deg 35 min","125 deg 21 min"
"Phillips Lk",59,2,5,295,3,870,"Phillips Lake","50 deg 35 min","125 deg 21 min"
"Phillips Lk",59,2,5,295,4,690,"Phillips Lake","50 deg 35 min","125 deg 21 min"
"Phillips Lk",59,2,5,295,5,580,"Phillips Lake","50 deg 35 min","125 deg 21 min"
"Phillips Lk",59,2,5,295,6,1049,"Phillips Lake","50 deg 35 min","125 deg 21 min"
"Phillips Lk",59,2,5,295,7,1147,"Phillips Lake","50 deg 35 min","125 deg 21 min"
"Phillips Lk",59,2,5,295,8,1254,"Phillips Lake","50 deg 35 min","125 deg 21 min"
"Phillips Lk",59,2,5,295,9,969,"Phillips Lake","50 deg 35 min","125 deg 21 min"
"Phillips Lk",59,3,5,295,1,850,"Phillips Lake","50 deg 35 min","125 deg 21 min"
"Phillips Lk",59,3,5,295,2,845,"Phillips Lake","50 deg 35 min","125 deg 21 min"
"Phillips Lk",59,3,5,295,3,870,"Phillips Lake","50 deg 35 min","125 deg 21 min"
"Phillips Lk",59,3,5,295,4,690,"Phillips Lake","50 deg 35 min","125 deg 21 min"
"Phillips Lk",59,3,5,295,5,580,"Phillips Lake","50 deg 35 min","125 deg 21 min"
"Phillips Lk",59,3,5,295,6,1049,"Phillips Lake","50 deg 35 min","125 deg 21 min"
"Phillips Lk",59,3,5,295,7,1147,"Phillips Lake","50 deg 35 min","125 deg 21 min"
"Phillips Lk",59,3,5,295,8,1254,"Phillips Lake","50 deg 35 min","125 deg 21 min"
"Phillips Lk",59,3,5,295,9,969,"Phillips Lake","50 deg 35 min","125 deg 21 min"
"Phillips Lk",59,5,10,280,1,835,"Phillips Lake","50 deg 35 min","125 deg 21 min"
"Phillips Lk",59,5,10,280,2,835,"Phillips Lake","50 deg 35 min","125 deg 21 min"
"Phillips Lk",59,5,10,280,3,865,"Phillips Lake","50 deg 35 min","125 deg 21 min"
"Phillips Lk",59,5,10,280,4,665,"Phillips Lake","50 deg 35 min","125 deg 21 min"
"Phillips Lk",59,5,10,280,5,560,"Phillips Lake","50 deg 35 min","125 deg 21 min"
"Phillips Lk",59,5,10,280,6,1019,"Phillips Lake","50 deg 35 min","125 deg 21 min"
"Phillips Lk",59,5,10,280,7,1142,"Phillips Lake","50 deg 35 min","125 deg 21 min"
"Phillips Lk",59,5,10,280,8,1251,"Phillips Lake","50 deg 35 min","125 deg 21 min"
"Phillips Lk",59,5,10,280,9,937,"Phillips Lake","50 deg 35 min","125 deg 21 min"
"Phillips Lk",59,10,15,266,1,795,"Phillips Lake","50 deg 35 min","125 deg 21 min"
"Phillips Lk",59,10,15,266,2,805,"Phillips Lake","50 deg 35 min","125 deg 21 min"
"Phillips Lk",59,10,15,266,3,840,"Phillips Lake","50 deg 35 min","125 deg 21 min"
"Phillips Lk",59,10,15,266,4,650,"Phillips Lake","50 deg 35 min","125 deg 21 min"
"Phillips Lk",59,10,15,266,5,515,"Phillips Lake","50 deg 35 min","125 deg 21 min"
"Phillips Lk",59,10,15,266,6,980,"Phillips Lake","50 deg 35 min","125 deg 21 min"
"Phillips Lk",59,10,15,266,7,1125,"Phillips Lake","50 deg 35 min","125 deg 21 min"
"Phillips Lk",59,10,15,266,8,1205,"Phillips Lake","50 deg 35 min","125 deg 21 min"
"Phillips Lk",59,10,15,266,9,900,"Phillips Lake","50 deg 35 min","125 deg 21 min"
"Phillips Lk",59,15,20,255,1,755,"Phillips Lake","50 deg 35 min","125 deg 21 min"
"Phillips Lk",59,15,20,255,2,775,"Phillips Lake","50 deg 35 min","125 deg 21 min"
"Phillips Lk",59,15,20,255,3,830,"Phillips Lake","50 deg 35 min","125 deg 21 min"
"Phillips Lk",59,15,20,255,4,630,"Phillips Lake","50 deg 35 min","125 deg 21 min"
"Phillips Lk",59,15,20,255,5,495,"Phillips Lake","50 deg 35 min","125 deg 21 min"
"Phillips Lk",59,15,20,255,6,947,"Phillips Lake","50 deg 35 min","125 deg 21 min"
"Phillips Lk",59,15,20,255,7,1102,"Phillips Lake","50 deg 35 min","125 deg 21 min"
"Phillips Lk",59,15,20,255,8,1168,"Phillips Lake","50 deg 35 min","125 deg 21 min"
"Phillips Lk",59,15,20,255,9,868,"Phillips Lake","50 deg 35 min","125 deg 21 min"
"Phillips Lk",59,20,30,233,1,695,"Phillips Lake","50 deg 35 min","125 deg 21 min"
"Phillips Lk",59,20,30,233,2,730,"Phillips Lake","50 deg 35 min","125 deg 21 min"
"Phillips Lk",59,20,30,233,3,805,"Phillips Lake","50 deg 35 min","125 deg 21 min"
"Phillips Lk",59,20,30,233,4,595,"Phillips Lake","50 deg 35 min","125 deg 21 min"
"Phillips Lk",59,20,30,233,5,405,"Phillips Lake","50 deg 35 min","125 deg 21 min"
"Phillips Lk",59,20,30,233,6,900,"Phillips Lake","50 deg 35 min","125 deg 21 min"
"Phillips Lk",59,20,30,233,7,1058,"Phillips Lake","50 deg 35 min","125 deg 21 min"
"Phillips Lk",59,20,30,233,8,1106,"Phillips Lake","50 deg 35 min","125 deg 21 min"
"Phillips Lk",59,20,30,233,9,828,"Phillips Lake","50 deg 35 min","125 deg 21 min"
"Phillips Lk",59,30,40,199,1,585,"Phillips Lake","50 deg 35 min","125 deg 21 min"
"Phillips Lk",59,30,40,199,2,635,"Phillips Lake","50 deg 35 min","125 deg 21 min"
"Phillips Lk",59,30,40,199,3,775,"Phillips Lake","50 deg 35 min","125 deg 21 min"
"Phillips Lk",59,30,40,199,4,560,"Phillips Lake","50 deg 35 min","125 deg 21 min"
"Phillips Lk",59,30,40,199,5,130,"Phillips Lake","50 deg 35 min","125 deg 21 min"
"Phillips Lk",59,30,40,199,6,770,"Phillips Lake","50 deg 35 min","125 deg 21 min"
"Phillips Lk",59,30,40,199,7,970,"Phillips Lake","50 deg 35 min","125 deg 21 min"
"Phillips Lk",59,30,40,199,8,997,"Phillips Lake","50 deg 35 min","125 deg 21 min"
"Phillips Lk",59,30,40,199,9,784,"Phillips Lake","50 deg 35 min","125 deg 21 min"
"Phillips Lk",59,40,50,167,1,470,"Phillips Lake","50 deg 35 min","125 deg 21 min"
"Phillips Lk",59,40,50,167,2,510,"Phillips Lake","50 deg 35 min","125 deg 21 min"
"Phillips Lk",59,40,50,167,3,740,"Phillips Lake","50 deg 35 min","125 deg 21 min"
"Phillips Lk",59,40,50,167,4,535,"Phillips Lake","50 deg 35 min","125 deg 21 min"
"Phillips Lk",59,40,50,167,5,0,"Phillips Lake","50 deg 35 min","125 deg 21 min"
"Phillips Lk",59,40,50,167,6,573,"Phillips Lake","50 deg 35 min","125 deg 21 min"
"Phillips Lk",59,40,50,167,7,918,"Phillips Lake","50 deg 35 min","125 deg 21 min"
"Phillips Lk",59,40,50,167,8,892,"Phillips Lake","50 deg 35 min","125 deg 21 min"
"Phillips Lk",59,40,50,167,9,727,"Phillips Lake","50 deg 35 min","125 deg 21 min"
"Phillips_2005",249,2,5,295,1,743,"Phillips_2005",NA,NA
"Phillips_2005",249,2,5,295,2,1059,"Phillips_2005",NA,NA
"Phillips_2005",249,2,5,295,3,914,"Phillips_2005",NA,NA
"Phillips_2005",249,2,5,295,4,1059,"Phillips_2005",NA,NA
"Phillips_2005",249,2,5,295,5,1000,"Phillips_2005",NA,NA
"Phillips_2005",249,2,5,295,6,891,"Phillips_2005",NA,NA
"Phillips_2005",249,2,5,295,7,1011,"Phillips_2005",NA,NA
"Phillips_2005",249,2,5,295,8,602,"Phillips_2005",NA,NA
"Phillips_2005",249,3,5,295,1,743,"Phillips_2005",NA,NA
"Phillips_2005",249,3,5,295,2,1059,"Phillips_2005",NA,NA
"Phillips_2005",249,3,5,295,3,914,"Phillips_2005",NA,NA
"Phillips_2005",249,3,5,295,4,1059,"Phillips_2005",NA,NA
"Phillips_2005",249,3,5,295,5,1000,"Phillips_2005",NA,NA
"Phillips_2005",249,3,5,295,6,891,"Phillips_2005",NA,NA
"Phillips_2005",249,3,5,295,7,1011,"Phillips_2005",NA,NA
"Phillips_2005",249,3,5,295,8,602,"Phillips_2005",NA,NA
"Phillips_2005",249,5,10,280,1,728,"Phillips_2005",NA,NA
"Phillips_2005",249,5,10,280,2,1055,"Phillips_2005",NA,NA
"Phillips_2005",249,5,10,280,3,901,"Phillips_2005",NA,NA
"Phillips_2005",249,5,10,280,4,1051,"Phillips_2005",NA,NA
"Phillips_2005",249,5,10,280,5,1000,"Phillips_2005",NA,NA
"Phillips_2005",249,5,10,280,6,859,"Phillips_2005",NA,NA
"Phillips_2005",249,5,10,280,7,991,"Phillips_2005",NA,NA
"Phillips_2005",249,5,10,280,8,593,"Phillips_2005",NA,NA
"Phillips_2005",249,10,15,266,1,688,"Phillips_2005",NA,NA
"Phillips_2005",249,10,15,266,2,1022,"Phillips_2005",NA,NA
"Phillips_2005",249,10,15,266,3,881,"Phillips_2005",NA,NA
"Phillips_2005",249,10,15,266,4,1040,"Phillips_2005",NA,NA
"Phillips_2005",249,10,15,266,5,1000,"Phillips_2005",NA,NA
"Phillips_2005",249,10,15,266,6,805,"Phillips_2005",NA,NA
"Phillips_2005",249,10,15,266,7,928,"Phillips_2005",NA,NA
"Phillips_2005",249,10,15,266,8,545,"Phillips_2005",NA,NA
"Phillips_2005",249,15,20,255,1,605,"Phillips_2005",NA,NA
"Phillips_2005",249,15,20,255,2,987,"Phillips_2005",NA,NA
"Phillips_2005",249,15,20,255,3,853,"Phillips_2005",NA,NA
"Phillips_2005",249,15,20,255,4,1024,"Phillips_2005",NA,NA
"Phillips_2005",249,15,20,255,5,1000,"Phillips_2005",NA,NA
"Phillips_2005",249,15,20,255,6,736,"Phillips_2005",NA,NA
"Phillips_2005",249,15,20,255,7,874,"Phillips_2005",NA,NA
"Phillips_2005",249,15,20,255,8,479,"Phillips_2005",NA,NA
"Phillips_2005",249,20,30,233,1,494,"Phillips_2005",NA,NA
"Phillips_2005",249,20,30,233,2,952,"Phillips_2005",NA,NA
"Phillips_2005",249,20,30,233,3,795,"Phillips_2005",NA,NA
"Phillips_2005",249,20,30,233,4,982,"Phillips_2005",NA,NA
"Phillips_2005",249,20,30,233,5,968,"Phillips_2005",NA,NA
"Phillips_2005",249,20,30,233,6,670,"Phillips_2005",NA,NA
"Phillips_2005",249,20,30,233,7,766,"Phillips_2005",NA,NA
"Phillips_2005",249,20,30,233,8,426,"Phillips_2005",NA,NA
"Phillips_2005",249,30,40,199,1,425,"Phillips_2005",NA,NA
"Phillips_2005",249,30,40,199,2,921,"Phillips_2005",NA,NA
"Phillips_2005",249,30,40,199,3,747,"Phillips_2005",NA,NA
"Phillips_2005",249,30,40,199,4,938,"Phillips_2005",NA,NA
"Phillips_2005",249,30,40,199,5,936,"Phillips_2005",NA,NA
"Phillips_2005",249,30,40,199,6,558,"Phillips_2005",NA,NA
"Phillips_2005",249,30,40,199,7,653,"Phillips_2005",NA,NA
"Phillips_2005",249,30,40,199,8,0,"Phillips_2005",NA,NA
"Phillips_2005",249,40,50,167,1,311,"Phillips_2005",NA,NA
"Phillips_2005",249,40,50,167,2,838,"Phillips_2005",NA,NA
"Phillips_2005",249,40,50,167,3,696,"Phillips_2005",NA,NA
"Phillips_2005",249,40,50,167,4,886,"Phillips_2005",NA,NA
"Phillips_2005",249,40,50,167,5,872,"Phillips_2005",NA,NA
"Phillips_2005",249,40,50,167,6,415,"Phillips_2005",NA,NA
"Phillips_2005",249,40,50,167,7,394,"Phillips_2005",NA,NA
"Phillips_2005",249,40,50,167,8,0,"Phillips_2005",NA,NA
NA,76,NA,NA,NA,NA,NA,"Pitt Lake","49 deg 25 min","122 deg 33 min"
NA,200,NA,NA,NA,NA,NA,"Polly Pt.",NA,NA
"PORT JOHN",110,2,5,85,1,400,"Port John Lake","52 deg 07 min","127 deg 49 min"
"PORT JOHN",110,2,5,85,2,400,"Port John Lake","52 deg 07 min","127 deg 49 min"
"PORT JOHN",110,2,5,85,3,330,"Port John Lake","52 deg 07 min","127 deg 49 min"
"PORT JOHN",110,2,5,85,4,300,"Port John Lake","52 deg 07 min","127 deg 49 min"
"PORT JOHN",110,2,5,85,5,265,"Port John Lake","52 deg 07 min","127 deg 49 min"
"PORT JOHN",110,3,5,85,1,400,"Port John Lake","52 deg 07 min","127 deg 49 min"
"PORT JOHN",110,3,5,85,2,400,"Port John Lake","52 deg 07 min","127 deg 49 min"
"PORT JOHN",110,3,5,85,3,330,"Port John Lake","52 deg 07 min","127 deg 49 min"
"PORT JOHN",110,3,5,85,4,300,"Port John Lake","52 deg 07 min","127 deg 49 min"
"PORT JOHN",110,3,5,85,5,265,"Port John Lake","52 deg 07 min","127 deg 49 min"
"PORT JOHN",110,5,10,75,1,374,"Port John Lake","52 deg 07 min","127 deg 49 min"
"PORT JOHN",110,5,10,75,2,373,"Port John Lake","52 deg 07 min","127 deg 49 min"
"PORT JOHN",110,5,10,75,3,315,"Port John Lake","52 deg 07 min","127 deg 49 min"
"PORT JOHN",110,5,10,75,4,276,"Port John Lake","52 deg 07 min","127 deg 49 min"
"PORT JOHN",110,5,10,75,5,265,"Port John Lake","52 deg 07 min","127 deg 49 min"
"PORT JOHN",110,10,15,67,1,342,"Port John Lake","52 deg 07 min","127 deg 49 min"
"PORT JOHN",110,10,15,67,2,345,"Port John Lake","52 deg 07 min","127 deg 49 min"
"PORT JOHN",110,10,15,67,3,268,"Port John Lake","52 deg 07 min","127 deg 49 min"
"PORT JOHN",110,10,15,67,4,240,"Port John Lake","52 deg 07 min","127 deg 49 min"
"PORT JOHN",110,10,15,67,5,256,"Port John Lake","52 deg 07 min","127 deg 49 min"
"PORT JOHN",110,15,20,61,1,303,"Port John Lake","52 deg 07 min","127 deg 49 min"
"PORT JOHN",110,15,20,61,2,327,"Port John Lake","52 deg 07 min","127 deg 49 min"
"PORT JOHN",110,15,20,61,3,207,"Port John Lake","52 deg 07 min","127 deg 49 min"
"PORT JOHN",110,15,20,61,4,120,"Port John Lake","52 deg 07 min","127 deg 49 min"
"PORT JOHN",110,15,20,61,5,218,"Port John Lake","52 deg 07 min","127 deg 49 min"
"PORT JOHN",110,20,30,42,1,161,"Port John Lake","52 deg 07 min","127 deg 49 min"
"PORT JOHN",110,20,30,42,2,209,"Port John Lake","52 deg 07 min","127 deg 49 min"
"PORT JOHN",110,20,30,42,3,153,"Port John Lake","52 deg 07 min","127 deg 49 min"
"PORT JOHN",110,20,30,42,4,0,"Port John Lake","52 deg 07 min","127 deg 49 min"
"PORT JOHN",110,20,30,42,5,161,"Port John Lake","52 deg 07 min","127 deg 49 min"
"PORT JOHN",110,30,40,19,1,0,"Port John Lake","52 deg 07 min","127 deg 49 min"
"PORT JOHN",110,30,40,19,2,64,"Port John Lake","52 deg 07 min","127 deg 49 min"
"PORT JOHN",110,30,40,19,3,108,"Port John Lake","52 deg 07 min","127 deg 49 min"
"PORT JOHN",110,30,40,19,4,0,"Port John Lake","52 deg 07 min","127 deg 49 min"
"PORT JOHN",110,30,40,19,5,0,"Port John Lake","52 deg 07 min","127 deg 49 min"
"PORT JOHN",110,40,50,13,1,0,"Port John Lake","52 deg 07 min","127 deg 49 min"
"PORT JOHN",110,40,50,13,2,0,"Port John Lake","52 deg 07 min","127 deg 49 min"
"PORT JOHN",110,40,50,13,3,54,"Port John Lake","52 deg 07 min","127 deg 49 min"
"PORT JOHN",110,40,50,13,4,0,"Port John Lake","52 deg 07 min","127 deg 49 min"
"PORT JOHN",110,40,50,13,5,0,"Port John Lake","52 deg 07 min","127 deg 49 min"
"Power LK",157,2,5,61,1,699,"Power Lake","50 deg 12 min","127 deg 29 min"
"Power LK",157,2,5,61,2,338,"Power Lake","50 deg 12 min","127 deg 29 min"
"Power LK",157,2,5,61,3,650,"Power Lake","50 deg 12 min","127 deg 29 min"
"Power LK",157,2,5,61,4,167,"Power Lake","50 deg 12 min","127 deg 29 min"
"Power LK",157,2,5,61,5,488,"Power Lake","50 deg 12 min","127 deg 29 min"
"Power LK",157,2,5,61,6,1925,"Power Lake","50 deg 12 min","127 deg 29 min"
"Power LK",157,3,5,61,1,699,"Power Lake","50 deg 12 min","127 deg 29 min"
"Power LK",157,3,5,61,2,338,"Power Lake","50 deg 12 min","127 deg 29 min"
"Power LK",157,3,5,61,3,650,"Power Lake","50 deg 12 min","127 deg 29 min"
"Power LK",157,3,5,61,4,167,"Power Lake","50 deg 12 min","127 deg 29 min"
"Power LK",157,3,5,61,5,488,"Power Lake","50 deg 12 min","127 deg 29 min"
"Power LK",157,3,5,61,6,1925,"Power Lake","50 deg 12 min","127 deg 29 min"
"Power LK",157,5,10,53,1,660,"Power Lake","50 deg 12 min","127 deg 29 min"
"Power LK",157,5,10,53,2,304,"Power Lake","50 deg 12 min","127 deg 29 min"
"Power LK",157,5,10,53,3,616,"Power Lake","50 deg 12 min","127 deg 29 min"
"Power LK",157,5,10,53,4,153,"Power Lake","50 deg 12 min","127 deg 29 min"
"Power LK",157,5,10,53,5,414,"Power Lake","50 deg 12 min","127 deg 29 min"
"Power LK",157,5,10,53,6,1837,"Power Lake","50 deg 12 min","127 deg 29 min"
"Power LK",157,10,15,45,1,592,"Power Lake","50 deg 12 min","127 deg 29 min"
"Power LK",157,10,15,45,2,239,"Power Lake","50 deg 12 min","127 deg 29 min"
"Power LK",157,10,15,45,3,569,"Power Lake","50 deg 12 min","127 deg 29 min"
"Power LK",157,10,15,45,4,135,"Power Lake","50 deg 12 min","127 deg 29 min"
"Power LK",157,10,15,45,5,333,"Power Lake","50 deg 12 min","127 deg 29 min"
"Power LK",157,10,15,45,6,1742,"Power Lake","50 deg 12 min","127 deg 29 min"
"Power LK",157,15,20,38,1,553,"Power Lake","50 deg 12 min","127 deg 29 min"
"Power LK",157,15,20,38,2,202,"Power Lake","50 deg 12 min","127 deg 29 min"
"Power LK",157,15,20,38,3,540,"Power Lake","50 deg 12 min","127 deg 29 min"
"Power LK",157,15,20,38,4,112,"Power Lake","50 deg 12 min","127 deg 29 min"
"Power LK",157,15,20,38,5,270,"Power Lake","50 deg 12 min","127 deg 29 min"
"Power LK",157,15,20,38,6,1637,"Power Lake","50 deg 12 min","127 deg 29 min"
"Power LK",157,20,30,30,1,504,"Power Lake","50 deg 12 min","127 deg 29 min"
"Power LK",157,20,30,30,2,161,"Power Lake","50 deg 12 min","127 deg 29 min"
"Power LK",157,20,30,30,3,498,"Power Lake","50 deg 12 min","127 deg 29 min"
"Power LK",157,20,30,30,4,62,"Power Lake","50 deg 12 min","127 deg 29 min"
"Power LK",157,20,30,30,5,0,"Power Lake","50 deg 12 min","127 deg 29 min"
"Power LK",157,20,30,30,6,1307,"Power Lake","50 deg 12 min","127 deg 29 min"
"Power LK",157,30,40,20,1,326,"Power Lake","50 deg 12 min","127 deg 29 min"
"Power LK",157,30,40,20,2,108,"Power Lake","50 deg 12 min","127 deg 29 min"
"Power LK",157,30,40,20,3,263,"Power Lake","50 deg 12 min","127 deg 29 min"
"Power LK",157,30,40,20,4,0,"Power Lake","50 deg 12 min","127 deg 29 min"
"Power LK",157,30,40,20,5,0,"Power Lake","50 deg 12 min","127 deg 29 min"
"Power LK",157,30,40,20,6,682,"Power Lake","50 deg 12 min","127 deg 29 min"
NA,60,NA,NA,NA,NA,NA,"Quatansta Lake","53 deg 31 min","130 deg 14 min"
"Quatse Lk",122,2,5,119,1,105,"Quatse Lake","50 deg 38 min","127 deg 34 min"
"Quatse Lk",122,2,5,119,2,485,"Quatse Lake","50 deg 38 min","127 deg 34 min"
"Quatse Lk",122,2,5,119,3,470,"Quatse Lake","50 deg 38 min","127 deg 34 min"
"Quatse Lk",122,2,5,119,4,550,"Quatse Lake","50 deg 38 min","127 deg 34 min"
"Quatse Lk",122,2,5,119,5,515,"Quatse Lake","50 deg 38 min","127 deg 34 min"
"Quatse Lk",122,3,5,119,1,105,"Quatse Lake","50 deg 38 min","127 deg 34 min"
"Quatse Lk",122,3,5,119,2,485,"Quatse Lake","50 deg 38 min","127 deg 34 min"
"Quatse Lk",122,3,5,119,3,470,"Quatse Lake","50 deg 38 min","127 deg 34 min"
"Quatse Lk",122,3,5,119,4,550,"Quatse Lake","50 deg 38 min","127 deg 34 min"
"Quatse Lk",122,3,5,119,5,515,"Quatse Lake","50 deg 38 min","127 deg 34 min"
"Quatse Lk",122,5,10,73,1,50,"Quatse Lake","50 deg 38 min","127 deg 34 min"
"Quatse Lk",122,5,10,73,2,430,"Quatse Lake","50 deg 38 min","127 deg 34 min"
"Quatse Lk",122,5,10,73,3,400,"Quatse Lake","50 deg 38 min","127 deg 34 min"
"Quatse Lk",122,5,10,73,4,460,"Quatse Lake","50 deg 38 min","127 deg 34 min"
"Quatse Lk",122,5,10,73,5,375,"Quatse Lake","50 deg 38 min","127 deg 34 min"
"Quatse Lk",122,10,15,36,1,0,"Quatse Lake","50 deg 38 min","127 deg 34 min"
"Quatse Lk",122,10,15,36,2,275,"Quatse Lake","50 deg 38 min","127 deg 34 min"
"Quatse Lk",122,10,15,36,3,250,"Quatse Lake","50 deg 38 min","127 deg 34 min"
"Quatse Lk",122,10,15,36,4,180,"Quatse Lake","50 deg 38 min","127 deg 34 min"
"Quatse Lk",122,10,15,36,5,0,"Quatse Lake","50 deg 38 min","127 deg 34 min"
"Quatse Lk",122,15,20,10,1,0,"Quatse Lake","50 deg 38 min","127 deg 34 min"
"Quatse Lk",122,15,20,10,2,200,"Quatse Lake","50 deg 38 min","127 deg 34 min"
"Quatse Lk",122,15,20,10,3,75,"Quatse Lake","50 deg 38 min","127 deg 34 min"
"Quatse Lk",122,15,20,10,4,60,"Quatse Lake","50 deg 38 min","127 deg 34 min"
"Quatse Lk",122,15,20,10,5,0,"Quatse Lake","50 deg 38 min","127 deg 34 min"
"Quatse_2005",252,2,5,119,1,400,"Quatse_2005",NA,NA
"Quatse_2005",252,2,5,119,2,500,"Quatse_2005",NA,NA
"Quatse_2005",252,2,5,119,3,500,"Quatse_2005",NA,NA
"Quatse_2005",252,2,5,119,4,500,"Quatse_2005",NA,NA
"Quatse_2005",252,2,5,119,5,600,"Quatse_2005",NA,NA
"Quatse_2005",252,2,5,119,6,500,"Quatse_2005",NA,NA
"Quatse_2005",252,2,5,119,7,800,"Quatse_2005",NA,NA
"Quatse_2005",252,3,5,119,1,400,"Quatse_2005",NA,NA
"Quatse_2005",252,3,5,119,2,500,"Quatse_2005",NA,NA
"Quatse_2005",252,3,5,119,3,500,"Quatse_2005",NA,NA
"Quatse_2005",252,3,5,119,4,500,"Quatse_2005",NA,NA
"Quatse_2005",252,3,5,119,5,600,"Quatse_2005",NA,NA
"Quatse_2005",252,3,5,119,6,500,"Quatse_2005",NA,NA
"Quatse_2005",252,3,5,119,7,719,"Quatse_2005",NA,NA
"Quatse_2005",252,5,10,73,1,316,"Quatse_2005",NA,NA
"Quatse_2005",252,5,10,73,2,432,"Quatse_2005",NA,NA
"Quatse_2005",252,5,10,73,3,380,"Quatse_2005",NA,NA
"Quatse_2005",252,5,10,73,4,196,"Quatse_2005",NA,NA
"Quatse_2005",252,5,10,73,5,508,"Quatse_2005",NA,NA
"Quatse_2005",252,5,10,73,6,422,"Quatse_2005",NA,NA
"Quatse_2005",252,5,10,73,7,637,"Quatse_2005",NA,NA
"Quatse_2005",252,10,15,36,1,211,"Quatse_2005",NA,NA
"Quatse_2005",252,10,15,36,2,159,"Quatse_2005",NA,NA
"Quatse_2005",252,10,15,36,3,120,"Quatse_2005",NA,NA
"Quatse_2005",252,10,15,36,4,0,"Quatse_2005",NA,NA
"Quatse_2005",252,10,15,36,5,383,"Quatse_2005",NA,NA
"Quatse_2005",252,10,15,36,6,281,"Quatse_2005",NA,NA
"Quatse_2005",252,10,15,36,7,302,"Quatse_2005",NA,NA
"Quatse_2005",252,15,20,10,1,126,"Quatse_2005",NA,NA
"Quatse_2005",252,15,20,10,2,0,"Quatse_2005",NA,NA
"Quatse_2005",252,15,20,10,3,0,"Quatse_2005",NA,NA
"Quatse_2005",252,15,20,10,4,0,"Quatse_2005",NA,NA
"Quatse_2005",252,15,20,10,5,208,"Quatse_2005",NA,NA
"Quatse_2005",252,15,20,10,6,117,"Quatse_2005",NA,NA
"Quatse_2005",252,15,20,10,7,0,"Quatse_2005",NA,NA
NA,80,NA,NA,NA,NA,NA,"Quesnel Lake","52 deg 31 min","121 deg 00 min"
NA,101,NA,NA,NA,NA,NA,"Quiet Lake","61 deg 05 min","133 deg 05 min"
NA,208,NA,NA,NA,NA,NA,"Rainy Bay",NA,NA
NA,183,NA,NA,NA,NA,NA,"Red Bluff Lake","53 deg 27 min","129 deg 35 min"
NA,141,NA,NA,NA,NA,NA,"Robertson Creek","49 deg 20 min","124 deg 59 min"
NA,222,NA,NA,NA,NA,NA,"Roderick Lake","52 deg 36 min","128 deg 21 min"
"Ruby Lk",246,2,5,466,1,940,"Ruby Lake",NA,NA
"Ruby Lk",246,2,5,466,2,845,"Ruby Lake",NA,NA
"Ruby Lk",246,2,5,466,3,800,"Ruby Lake",NA,NA
"Ruby Lk",246,2,5,466,4,600,"Ruby Lake",NA,NA
"Ruby Lk",246,2,5,466,5,1200,"Ruby Lake",NA,NA
"Ruby Lk",246,2,5,466,6,1500,"Ruby Lake",NA,NA
"Ruby Lk",246,2,5,466,7,900,"Ruby Lake",NA,NA
"Ruby Lk",246,3,5,466,1,940,"Ruby Lake",NA,NA
"Ruby Lk",246,3,5,466,2,845,"Ruby Lake",NA,NA
"Ruby Lk",246,3,5,466,3,800,"Ruby Lake",NA,NA
"Ruby Lk",246,3,5,466,4,600,"Ruby Lake",NA,NA
"Ruby Lk",246,3,5,466,5,1200,"Ruby Lake",NA,NA
"Ruby Lk",246,3,5,466,6,1500,"Ruby Lake",NA,NA
"Ruby Lk",246,3,5,466,7,900,"Ruby Lake",NA,NA
"Ruby Lk",246,5,10,432,1,920,"Ruby Lake",NA,NA
"Ruby Lk",246,5,10,432,2,829,"Ruby Lake",NA,NA
"Ruby Lk",246,5,10,432,3,800,"Ruby Lake",NA,NA
"Ruby Lk",246,5,10,432,4,600,"Ruby Lake",NA,NA
"Ruby Lk",246,5,10,432,5,1200,"Ruby Lake",NA,NA
"Ruby Lk",246,5,10,432,6,1500,"Ruby Lake",NA,NA
"Ruby Lk",246,5,10,432,7,892,"Ruby Lake",NA,NA
"Ruby Lk",246,10,15,396,1,873,"Ruby Lake",NA,NA
"Ruby Lk",246,10,15,396,2,807,"Ruby Lake",NA,NA
"Ruby Lk",246,10,15,396,3,766,"Ruby Lake",NA,NA
"Ruby Lk",246,10,15,396,4,590,"Ruby Lake",NA,NA
"Ruby Lk",246,10,15,396,5,1152,"Ruby Lake",NA,NA
"Ruby Lk",246,10,15,396,6,1463,"Ruby Lake",NA,NA
"Ruby Lk",246,10,15,396,7,879,"Ruby Lake",NA,NA
"Ruby Lk",246,15,20,376,1,840,"Ruby Lake",NA,NA
"Ruby Lk",246,15,20,376,2,763,"Ruby Lake",NA,NA
"Ruby Lk",246,15,20,376,3,738,"Ruby Lake",NA,NA
"Ruby Lk",246,15,20,376,4,586,"Ruby Lake",NA,NA
"Ruby Lk",246,15,20,376,5,1064,"Ruby Lake",NA,NA
"Ruby Lk",246,15,20,376,6,1436,"Ruby Lake",NA,NA
"Ruby Lk",246,15,20,376,7,863,"Ruby Lake",NA,NA
"Ruby Lk",246,20,30,352,1,793,"Ruby Lake",NA,NA
"Ruby Lk",246,20,30,352,2,741,"Ruby Lake",NA,NA
"Ruby Lk",246,20,30,352,3,608,"Ruby Lake",NA,NA
"Ruby Lk",246,20,30,352,4,547,"Ruby Lake",NA,NA
"Ruby Lk",246,20,30,352,5,1016,"Ruby Lake",NA,NA
"Ruby Lk",246,20,30,352,6,1409,"Ruby Lake",NA,NA
"Ruby Lk",246,20,30,352,7,834,"Ruby Lake",NA,NA
"Ruby Lk",246,30,40,317,1,720,"Ruby Lake",NA,NA
"Ruby Lk",246,30,40,317,2,713,"Ruby Lake",NA,NA
"Ruby Lk",246,30,40,317,3,569,"Ruby Lake",NA,NA
"Ruby Lk",246,30,40,317,4,509,"Ruby Lake",NA,NA
"Ruby Lk",246,30,40,317,5,902,"Ruby Lake",NA,NA
"Ruby Lk",246,30,40,317,6,1377,"Ruby Lake",NA,NA
"Ruby Lk",246,30,40,317,7,805,"Ruby Lake",NA,NA
"Ruby Lk",246,40,50,254,1,520,"Ruby Lake",NA,NA
"Ruby Lk",246,40,50,254,2,675,"Ruby Lake",NA,NA
"Ruby Lk",246,40,50,254,3,530,"Ruby Lake",NA,NA
"Ruby Lk",246,40,50,254,4,394,"Ruby Lake",NA,NA
"Ruby Lk",246,40,50,254,5,867,"Ruby Lake",NA,NA
"Ruby Lk",246,40,50,254,6,1345,"Ruby Lake",NA,NA
"Ruby Lk",246,40,50,254,7,763,"Ruby Lake",NA,NA
"Ruby Lk",246,50,60,213,1,320,"Ruby Lake",NA,NA
"Ruby Lk",246,50,60,213,2,587,"Ruby Lake",NA,NA
"Ruby Lk",246,50,60,213,3,490,"Ruby Lake",NA,NA
"Ruby Lk",246,50,60,213,4,197,"Ruby Lake",NA,NA
"Ruby Lk",246,50,60,213,5,793,"Ruby Lake",NA,NA
"Ruby Lk",246,50,60,213,6,1243,"Ruby Lake",NA,NA
"Ruby Lk",246,50,60,213,7,593,"Ruby Lake",NA,NA
NA,210,NA,NA,NA,NA,NA,"Rutley Is.",NA,NA
"Sakinaw Lk",61,2,5,816,1,200,"Sakinaw Lake","49 deg 41 min","124 deg 02 min"
"Sakinaw Lk",61,2,5,816,2,200,"Sakinaw Lake","49 deg 41 min","124 deg 02 min"
"Sakinaw Lk",61,2,5,816,3,900,"Sakinaw Lake","49 deg 41 min","124 deg 02 min"
"Sakinaw Lk",61,2,5,816,4,600,"Sakinaw Lake","49 deg 41 min","124 deg 02 min"
"Sakinaw Lk",61,2,5,816,5,700,"Sakinaw Lake","49 deg 41 min","124 deg 02 min"
"Sakinaw Lk",61,2,5,816,6,400,"Sakinaw Lake","49 deg 41 min","124 deg 02 min"
"Sakinaw Lk",61,2,5,816,7,900,"Sakinaw Lake","49 deg 41 min","124 deg 02 min"
"Sakinaw Lk",61,2,5,816,8,800,"Sakinaw Lake","49 deg 41 min","124 deg 02 min"
"Sakinaw Lk",61,2,5,816,9,800,"Sakinaw Lake","49 deg 41 min","124 deg 02 min"
"Sakinaw Lk",61,2,5,816,10,700,"Sakinaw Lake","49 deg 41 min","124 deg 02 min"
"Sakinaw Lk",61,2,5,816,11,200,"Sakinaw Lake","49 deg 41 min","124 deg 02 min"
"Sakinaw Lk",61,2,5,816,12,700,"Sakinaw Lake","49 deg 41 min","124 deg 02 min"
"Sakinaw Lk",61,2,5,816,13,500,"Sakinaw Lake","49 deg 41 min","124 deg 02 min"
"Sakinaw Lk",61,2,5,816,14,600,"Sakinaw Lake","49 deg 41 min","124 deg 02 min"
"Sakinaw Lk",61,3,5,816,1,200,"Sakinaw Lake","49 deg 41 min","124 deg 02 min"
"Sakinaw Lk",61,3,5,816,2,200,"Sakinaw Lake","49 deg 41 min","124 deg 02 min"
"Sakinaw Lk",61,3,5,816,3,900,"Sakinaw Lake","49 deg 41 min","124 deg 02 min"
"Sakinaw Lk",61,3,5,816,4,600,"Sakinaw Lake","49 deg 41 min","124 deg 02 min"
"Sakinaw Lk",61,3,5,816,5,700,"Sakinaw Lake","49 deg 41 min","124 deg 02 min"
"Sakinaw Lk",61,3,5,816,6,400,"Sakinaw Lake","49 deg 41 min","124 deg 02 min"
"Sakinaw Lk",61,3,5,816,7,900,"Sakinaw Lake","49 deg 41 min","124 deg 02 min"
"Sakinaw Lk",61,3,5,816,8,800,"Sakinaw Lake","49 deg 41 min","124 deg 02 min"
"Sakinaw Lk",61,3,5,816,9,800,"Sakinaw Lake","49 deg 41 min","124 deg 02 min"
"Sakinaw Lk",61,3,5,816,10,700,"Sakinaw Lake","49 deg 41 min","124 deg 02 min"
"Sakinaw Lk",61,3,5,816,11,200,"Sakinaw Lake","49 deg 41 min","124 deg 02 min"
"Sakinaw Lk",61,3,5,816,12,700,"Sakinaw Lake","49 deg 41 min","124 deg 02 min"
"Sakinaw Lk",61,3,5,816,13,500,"Sakinaw Lake","49 deg 41 min","124 deg 02 min"
"Sakinaw Lk",61,3,5,816,14,600,"Sakinaw Lake","49 deg 41 min","124 deg 02 min"
"Sakinaw Lk",61,5,10,727,1,158,"Sakinaw Lake","49 deg 41 min","124 deg 02 min"
"Sakinaw Lk",61,5,10,727,2,200,"Sakinaw Lake","49 deg 41 min","124 deg 02 min"
"Sakinaw Lk",61,5,10,727,3,878,"Sakinaw Lake","49 deg 41 min","124 deg 02 min"
"Sakinaw Lk",61,5,10,727,4,591,"Sakinaw Lake","49 deg 41 min","124 deg 02 min"
"Sakinaw Lk",61,5,10,727,5,700,"Sakinaw Lake","49 deg 41 min","124 deg 02 min"
"Sakinaw Lk",61,5,10,727,6,395,"Sakinaw Lake","49 deg 41 min","124 deg 02 min"
"Sakinaw Lk",61,5,10,727,7,890,"Sakinaw Lake","49 deg 41 min","124 deg 02 min"
"Sakinaw Lk",61,5,10,727,8,800,"Sakinaw Lake","49 deg 41 min","124 deg 02 min"
"Sakinaw Lk",61,5,10,727,9,790,"Sakinaw Lake","49 deg 41 min","124 deg 02 min"
"Sakinaw Lk",61,5,10,727,10,695,"Sakinaw Lake","49 deg 41 min","124 deg 02 min"
"Sakinaw Lk",61,5,10,727,11,177,"Sakinaw Lake","49 deg 41 min","124 deg 02 min"
"Sakinaw Lk",61,5,10,727,12,666,"Sakinaw Lake","49 deg 41 min","124 deg 02 min"
"Sakinaw Lk",61,5,10,727,13,495,"Sakinaw Lake","49 deg 41 min","124 deg 02 min"
"Sakinaw Lk",61,5,10,727,14,600,"Sakinaw Lake","49 deg 41 min","124 deg 02 min"
"Sakinaw Lk",61,10,15,686,1,140,"Sakinaw Lake","49 deg 41 min","124 deg 02 min"
"Sakinaw Lk",61,10,15,686,2,181,"Sakinaw Lake","49 deg 41 min","124 deg 02 min"
"Sakinaw Lk",61,10,15,686,3,856,"Sakinaw Lake","49 deg 41 min","124 deg 02 min"
"Sakinaw Lk",61,10,15,686,4,586,"Sakinaw Lake","49 deg 41 min","124 deg 02 min"
"Sakinaw Lk",61,10,15,686,5,675,"Sakinaw Lake","49 deg 41 min","124 deg 02 min"
"Sakinaw Lk",61,10,15,686,6,380,"Sakinaw Lake","49 deg 41 min","124 deg 02 min"
"Sakinaw Lk",61,10,15,686,7,865,"Sakinaw Lake","49 deg 41 min","124 deg 02 min"
"Sakinaw Lk",61,10,15,686,8,744,"Sakinaw Lake","49 deg 41 min","124 deg 02 min"
"Sakinaw Lk",61,10,15,686,9,766,"Sakinaw Lake","49 deg 41 min","124 deg 02 min"
"Sakinaw Lk",61,10,15,686,10,667,"Sakinaw Lake","49 deg 41 min","124 deg 02 min"
"Sakinaw Lk",61,10,15,686,11,158,"Sakinaw Lake","49 deg 41 min","124 deg 02 min"
"Sakinaw Lk",61,10,15,686,12,656,"Sakinaw Lake","49 deg 41 min","124 deg 02 min"
"Sakinaw Lk",61,10,15,686,13,452,"Sakinaw Lake","49 deg 41 min","124 deg 02 min"
"Sakinaw Lk",61,10,15,686,14,572,"Sakinaw Lake","49 deg 41 min","124 deg 02 min"
"Sakinaw Lk",61,15,20,628,1,125,"Sakinaw Lake","49 deg 41 min","124 deg 02 min"
"Sakinaw Lk",61,15,20,628,2,168,"Sakinaw Lake","49 deg 41 min","124 deg 02 min"
"Sakinaw Lk",61,15,20,628,3,828,"Sakinaw Lake","49 deg 41 min","124 deg 02 min"
"Sakinaw Lk",61,15,20,628,4,567,"Sakinaw Lake","49 deg 41 min","124 deg 02 min"
"Sakinaw Lk",61,15,20,628,5,665,"Sakinaw Lake","49 deg 41 min","124 deg 02 min"
"Sakinaw Lk",61,15,20,628,6,359,"Sakinaw Lake","49 deg 41 min","124 deg 02 min"
"Sakinaw Lk",61,15,20,628,7,840,"Sakinaw Lake","49 deg 41 min","124 deg 02 min"
"Sakinaw Lk",61,15,20,628,8,713,"Sakinaw Lake","49 deg 41 min","124 deg 02 min"
"Sakinaw Lk",61,15,20,628,9,738,"Sakinaw Lake","49 deg 41 min","124 deg 02 min"
"Sakinaw Lk",61,15,20,628,10,639,"Sakinaw Lake","49 deg 41 min","124 deg 02 min"
"Sakinaw Lk",61,15,20,628,11,139,"Sakinaw Lake","49 deg 41 min","124 deg 02 min"
"Sakinaw Lk",61,15,20,628,12,642,"Sakinaw Lake","49 deg 41 min","124 deg 02 min"
"Sakinaw Lk",61,15,20,628,13,429,"Sakinaw Lake","49 deg 41 min","124 deg 02 min"
"Sakinaw Lk",61,15,20,628,14,555,"Sakinaw Lake","49 deg 41 min","124 deg 02 min"
"Sakinaw Lk",61,20,30,525,1,43,"Sakinaw Lake","49 deg 41 min","124 deg 02 min"
"Sakinaw Lk",61,20,30,525,2,158,"Sakinaw Lake","49 deg 41 min","124 deg 02 min"
"Sakinaw Lk",61,20,30,525,3,800,"Sakinaw Lake","49 deg 41 min","124 deg 02 min"
"Sakinaw Lk",61,20,30,525,4,529,"Sakinaw Lake","49 deg 41 min","124 deg 02 min"
"Sakinaw Lk",61,20,30,525,5,640,"Sakinaw Lake","49 deg 41 min","124 deg 02 min"
"Sakinaw Lk",61,20,30,525,6,339,"Sakinaw Lake","49 deg 41 min","124 deg 02 min"
"Sakinaw Lk",61,20,30,525,7,825,"Sakinaw Lake","49 deg 41 min","124 deg 02 min"
"Sakinaw Lk",61,20,30,525,8,683,"Sakinaw Lake","49 deg 41 min","124 deg 02 min"
"Sakinaw Lk",61,20,30,525,9,704,"Sakinaw Lake","49 deg 41 min","124 deg 02 min"
"Sakinaw Lk",61,20,30,525,10,592,"Sakinaw Lake","49 deg 41 min","124 deg 02 min"
"Sakinaw Lk",61,20,30,525,11,100,"Sakinaw Lake","49 deg 41 min","124 deg 02 min"
"Sakinaw Lk",61,20,30,525,12,598,"Sakinaw Lake","49 deg 41 min","124 deg 02 min"
"Sakinaw Lk",61,20,30,525,13,381,"Sakinaw Lake","49 deg 41 min","124 deg 02 min"
"Sakinaw Lk",61,20,30,525,14,533,"Sakinaw Lake","49 deg 41 min","124 deg 02 min"
"Sakinaw Lk",61,30,40,422,1,0,"Sakinaw Lake","49 deg 41 min","124 deg 02 min"
"Sakinaw Lk",61,30,40,422,2,141,"Sakinaw Lake","49 deg 41 min","124 deg 02 min"
"Sakinaw Lk",61,30,40,422,3,772,"Sakinaw Lake","49 deg 41 min","124 deg 02 min"
"Sakinaw Lk",61,30,40,422,4,463,"Sakinaw Lake","49 deg 41 min","124 deg 02 min"
"Sakinaw Lk",61,30,40,422,5,539,"Sakinaw Lake","49 deg 41 min","124 deg 02 min"
"Sakinaw Lk",61,30,40,422,6,294,"Sakinaw Lake","49 deg 41 min","124 deg 02 min"
"Sakinaw Lk",61,30,40,422,7,799,"Sakinaw Lake","49 deg 41 min","124 deg 02 min"
"Sakinaw Lk",61,30,40,422,8,647,"Sakinaw Lake","49 deg 41 min","124 deg 02 min"
"Sakinaw Lk",61,30,40,422,9,680,"Sakinaw Lake","49 deg 41 min","124 deg 02 min"
"Sakinaw Lk",61,30,40,422,10,540,"Sakinaw Lake","49 deg 41 min","124 deg 02 min"
"Sakinaw Lk",61,30,40,422,11,65,"Sakinaw Lake","49 deg 41 min","124 deg 02 min"
"Sakinaw Lk",61,30,40,422,12,496,"Sakinaw Lake","49 deg 41 min","124 deg 02 min"
"Sakinaw Lk",61,30,40,422,13,329,"Sakinaw Lake","49 deg 41 min","124 deg 02 min"
"Sakinaw Lk",61,30,40,422,14,493,"Sakinaw Lake","49 deg 41 min","124 deg 02 min"
"Sakinaw Lk",61,40,50,358,1,0,"Sakinaw Lake","49 deg 41 min","124 deg 02 min"
"Sakinaw Lk",61,40,50,358,2,116,"Sakinaw Lake","49 deg 41 min","124 deg 02 min"
"Sakinaw Lk",61,40,50,358,3,733,"Sakinaw Lake","49 deg 41 min","124 deg 02 min"
"Sakinaw Lk",61,40,50,358,4,430,"Sakinaw Lake","49 deg 41 min","124 deg 02 min"
"Sakinaw Lk",61,40,50,358,5,504,"Sakinaw Lake","49 deg 41 min","124 deg 02 min"
"Sakinaw Lk",61,40,50,358,6,273,"Sakinaw Lake","49 deg 41 min","124 deg 02 min"
"Sakinaw Lk",61,40,50,358,7,764,"Sakinaw Lake","49 deg 41 min","124 deg 02 min"
"Sakinaw Lk",61,40,50,358,8,611,"Sakinaw Lake","49 deg 41 min","124 deg 02 min"
"Sakinaw Lk",61,40,50,358,9,632,"Sakinaw Lake","49 deg 41 min","124 deg 02 min"
"Sakinaw Lk",61,40,50,358,10,474,"Sakinaw Lake","49 deg 41 min","124 deg 02 min"
"Sakinaw Lk",61,40,50,358,11,0,"Sakinaw Lake","49 deg 41 min","124 deg 02 min"
"Sakinaw Lk",61,40,50,358,12,384,"Sakinaw Lake","49 deg 41 min","124 deg 02 min"
"Sakinaw Lk",61,40,50,358,13,114,"Sakinaw Lake","49 deg 41 min","124 deg 02 min"
"Sakinaw Lk",61,40,50,358,14,460,"Sakinaw Lake","49 deg 41 min","124 deg 02 min"
NA,232,NA,NA,NA,NA,NA,"Sand R",NA,NA
"Schoen Lk",24,2,5,243,1,643,"Schoen Lake","50 deg 10 min","126 deg 16 min"
"Schoen Lk",24,2,5,243,2,945,"Schoen Lake","50 deg 10 min","126 deg 16 min"
"Schoen Lk",24,2,5,243,3,399,"Schoen Lake","50 deg 10 min","126 deg 16 min"
"Schoen Lk",24,2,5,243,4,805,"Schoen Lake","50 deg 10 min","126 deg 16 min"
"Schoen Lk",24,3,5,243,1,643,"Schoen Lake","50 deg 10 min","126 deg 16 min"
"Schoen Lk",24,3,5,243,2,945,"Schoen Lake","50 deg 10 min","126 deg 16 min"
"Schoen Lk",24,3,5,243,3,399,"Schoen Lake","50 deg 10 min","126 deg 16 min"
"Schoen Lk",24,3,5,243,4,805,"Schoen Lake","50 deg 10 min","126 deg 16 min"
"Schoen Lk",24,5,10,224,1,614,"Schoen Lake","50 deg 10 min","126 deg 16 min"
"Schoen Lk",24,5,10,224,2,902,"Schoen Lake","50 deg 10 min","126 deg 16 min"
"Schoen Lk",24,5,10,224,3,399,"Schoen Lake","50 deg 10 min","126 deg 16 min"
"Schoen Lk",24,5,10,224,4,795,"Schoen Lake","50 deg 10 min","126 deg 16 min"
"Schoen Lk",24,10,15,208,1,614,"Schoen Lake","50 deg 10 min","126 deg 16 min"
"Schoen Lk",24,10,15,208,2,807,"Schoen Lake","50 deg 10 min","126 deg 16 min"
"Schoen Lk",24,10,15,208,3,368,"Schoen Lake","50 deg 10 min","126 deg 16 min"
"Schoen Lk",24,10,15,208,4,786,"Schoen Lake","50 deg 10 min","126 deg 16 min"
"Schoen Lk",24,15,20,196,1,595,"Schoen Lake","50 deg 10 min","126 deg 16 min"
"Schoen Lk",24,15,20,196,2,687,"Schoen Lake","50 deg 10 min","126 deg 16 min"
"Schoen Lk",24,15,20,196,3,345,"Schoen Lake","50 deg 10 min","126 deg 16 min"
"Schoen Lk",24,15,20,196,4,776,"Schoen Lake","50 deg 10 min","126 deg 16 min"
"Schoen Lk",24,20,30,172,1,538,"Schoen Lake","50 deg 10 min","126 deg 16 min"
"Schoen Lk",24,20,30,172,2,601,"Schoen Lake","50 deg 10 min","126 deg 16 min"
"Schoen Lk",24,20,30,172,3,322,"Schoen Lake","50 deg 10 min","126 deg 16 min"
"Schoen Lk",24,20,30,172,4,701,"Schoen Lake","50 deg 10 min","126 deg 16 min"
"Schoen Lk",24,30,40,137,1,336,"Schoen Lake","50 deg 10 min","126 deg 16 min"
"Schoen Lk",24,30,40,137,2,472,"Schoen Lake","50 deg 10 min","126 deg 16 min"
"Schoen Lk",24,30,40,137,3,238,"Schoen Lake","50 deg 10 min","126 deg 16 min"
"Schoen Lk",24,30,40,137,4,634,"Schoen Lake","50 deg 10 min","126 deg 16 min"
"Schoen Lk",24,40,50,83,1,0,"Schoen Lake","50 deg 10 min","126 deg 16 min"
"Schoen Lk",24,40,50,83,2,412,"Schoen Lake","50 deg 10 min","126 deg 16 min"
"Schoen Lk",24,40,50,83,3,184,"Schoen Lake","50 deg 10 min","126 deg 16 min"
"Schoen Lk",24,40,50,83,4,549,"Schoen Lake","50 deg 10 min","126 deg 16 min"
"Schoen Lk",24,50,60,32,1,0,"Schoen Lake","50 deg 10 min","126 deg 16 min"
"Schoen Lk",24,50,60,32,2,0,"Schoen Lake","50 deg 10 min","126 deg 16 min"
"Schoen Lk",24,50,60,32,3,138,"Schoen Lake","50 deg 10 min","126 deg 16 min"
"Schoen Lk",24,50,60,32,4,454,"Schoen Lake","50 deg 10 min","126 deg 16 min"
NA,102,NA,NA,NA,NA,NA,"Sekulmun Lake","61 deg 26 min","137 deg 33 min"
NA,85,NA,NA,NA,NA,NA,"Seton Lake","50 deg 43 min","122 deg 10 min"
NA,77,NA,NA,NA,NA,NA,"Shuswap Lake","50 deg 57 min","119 deg 10 min"
NA,19,NA,NA,NA,NA,NA,"Simpson Lake","53 deg 37 min","129 deg 33 min"
"Skaha Lk",241,2,5,1946,1,2271,"Skaha Lake","49 deg 24 min","119 deg 35 min"
"Skaha Lk",241,2,5,1946,2,1750,"Skaha Lake","49 deg 24 min","119 deg 35 min"
"Skaha Lk",241,2,5,1946,3,1833,"Skaha Lake","49 deg 24 min","119 deg 35 min"
"Skaha Lk",241,2,5,1946,4,688,"Skaha Lake","49 deg 24 min","119 deg 35 min"
"Skaha Lk",241,2,5,1946,5,3021,"Skaha Lake","49 deg 24 min","119 deg 35 min"
"Skaha Lk",241,2,5,1946,6,2630,"Skaha Lake","49 deg 24 min","119 deg 35 min"
"Skaha Lk",241,2,5,1946,7,2580,"Skaha Lake","49 deg 24 min","119 deg 35 min"
"Skaha Lk",241,2,5,1946,8,1900,"Skaha Lake","49 deg 24 min","119 deg 35 min"
"Skaha Lk",241,2,5,1946,9,2740,"Skaha Lake","49 deg 24 min","119 deg 35 min"
"Skaha Lk",241,3,5,1635,1,2271,"Skaha Lake","49 deg 24 min","119 deg 35 min"
"Skaha Lk",241,3,5,1635,2,1732,"Skaha Lake","49 deg 24 min","119 deg 35 min"
"Skaha Lk",241,3,5,1635,3,1819,"Skaha Lake","49 deg 24 min","119 deg 35 min"
"Skaha Lk",241,3,5,1635,4,658,"Skaha Lake","49 deg 24 min","119 deg 35 min"
"Skaha Lk",241,3,5,1635,5,3021,"Skaha Lake","49 deg 24 min","119 deg 35 min"
"Skaha Lk",241,3,5,1635,6,2630,"Skaha Lake","49 deg 24 min","119 deg 35 min"
"Skaha Lk",241,3,5,1635,7,2580,"Skaha Lake","49 deg 24 min","119 deg 35 min"
"Skaha Lk",241,3,5,1635,8,1900,"Skaha Lake","49 deg 24 min","119 deg 35 min"
"Skaha Lk",241,3,5,1635,9,2740,"Skaha Lake","49 deg 24 min","119 deg 35 min"
"Skaha Lk",241,5,10,1503,1,2254,"Skaha Lake","49 deg 24 min","119 deg 35 min"
"Skaha Lk",241,5,10,1503,2,1710,"Skaha Lake","49 deg 24 min","119 deg 35 min"
"Skaha Lk",241,5,10,1503,3,1782,"Skaha Lake","49 deg 24 min","119 deg 35 min"
"Skaha Lk",241,5,10,1503,4,581,"Skaha Lake","49 deg 24 min","119 deg 35 min"
"Skaha Lk",241,5,10,1503,5,3021,"Skaha Lake","49 deg 24 min","119 deg 35 min"
"Skaha Lk",241,5,10,1503,6,2630,"Skaha Lake","49 deg 24 min","119 deg 35 min"
"Skaha Lk",241,5,10,1503,7,2464,"Skaha Lake","49 deg 24 min","119 deg 35 min"
"Skaha Lk",241,5,10,1503,8,1834,"Skaha Lake","49 deg 24 min","119 deg 35 min"
"Skaha Lk",241,5,10,1503,9,2657,"Skaha Lake","49 deg 24 min","119 deg 35 min"
"Skaha Lk",241,10,15,1342,1,2088,"Skaha Lake","49 deg 24 min","119 deg 35 min"
"Skaha Lk",241,10,15,1342,2,1674,"Skaha Lake","49 deg 24 min","119 deg 35 min"
"Skaha Lk",241,10,15,1342,3,1712,"Skaha Lake","49 deg 24 min","119 deg 35 min"
"Skaha Lk",241,10,15,1342,4,540,"Skaha Lake","49 deg 24 min","119 deg 35 min"
"Skaha Lk",241,10,15,1342,5,2944,"Skaha Lake","49 deg 24 min","119 deg 35 min"
"Skaha Lk",241,10,15,1342,6,2571,"Skaha Lake","49 deg 24 min","119 deg 35 min"
"Skaha Lk",241,10,15,1342,7,2377,"Skaha Lake","49 deg 24 min","119 deg 35 min"
"Skaha Lk",241,10,15,1342,8,1671,"Skaha Lake","49 deg 24 min","119 deg 35 min"
"Skaha Lk",241,10,15,1342,9,2468,"Skaha Lake","49 deg 24 min","119 deg 35 min"
"Skaha Lk",241,15,20,1129,1,1902,"Skaha Lake","49 deg 24 min","119 deg 35 min"
"Skaha Lk",241,15,20,1129,2,1624,"Skaha Lake","49 deg 24 min","119 deg 35 min"
"Skaha Lk",241,15,20,1129,3,1522,"Skaha Lake","49 deg 24 min","119 deg 35 min"
"Skaha Lk",241,15,20,1129,4,487,"Skaha Lake","49 deg 24 min","119 deg 35 min"
"Skaha Lk",241,15,20,1129,5,2732,"Skaha Lake","49 deg 24 min","119 deg 35 min"
"Skaha Lk",241,15,20,1129,6,2360,"Skaha Lake","49 deg 24 min","119 deg 35 min"
"Skaha Lk",241,15,20,1129,7,2196,"Skaha Lake","49 deg 24 min","119 deg 35 min"
"Skaha Lk",241,15,20,1129,8,1146,"Skaha Lake","49 deg 24 min","119 deg 35 min"
"Skaha Lk",241,15,20,1129,9,2158,"Skaha Lake","49 deg 24 min","119 deg 35 min"
"Skaha Lk",241,20,30,929,1,1822,"Skaha Lake","49 deg 24 min","119 deg 35 min"
"Skaha Lk",241,20,30,929,2,1548,"Skaha Lake","49 deg 24 min","119 deg 35 min"
"Skaha Lk",241,20,30,929,3,1410,"Skaha Lake","49 deg 24 min","119 deg 35 min"
"Skaha Lk",241,20,30,929,4,346,"Skaha Lake","49 deg 24 min","119 deg 35 min"
"Skaha Lk",241,20,30,929,5,2623,"Skaha Lake","49 deg 24 min","119 deg 35 min"
"Skaha Lk",241,20,30,929,6,2252,"Skaha Lake","49 deg 24 min","119 deg 35 min"
"Skaha Lk",241,20,30,929,7,2015,"Skaha Lake","49 deg 24 min","119 deg 35 min"
"Skaha Lk",241,20,30,929,8,1095,"Skaha Lake","49 deg 24 min","119 deg 35 min"
"Skaha Lk",241,20,30,929,9,1925,"Skaha Lake","49 deg 24 min","119 deg 35 min"
"Skaha Lk",241,30,40,736,1,1591,"Skaha Lake","49 deg 24 min","119 deg 35 min"
"Skaha Lk",241,30,40,736,2,1426,"Skaha Lake","49 deg 24 min","119 deg 35 min"
"Skaha Lk",241,30,40,736,3,1224,"Skaha Lake","49 deg 24 min","119 deg 35 min"
"Skaha Lk",241,30,40,736,4,0,"Skaha Lake","49 deg 24 min","119 deg 35 min"
"Skaha Lk",241,30,40,736,5,2360,"Skaha Lake","49 deg 24 min","119 deg 35 min"
"Skaha Lk",241,30,40,736,6,2004,"Skaha Lake","49 deg 24 min","119 deg 35 min"
"Skaha Lk",241,30,40,736,7,1268,"Skaha Lake","49 deg 24 min","119 deg 35 min"
"Skaha Lk",241,30,40,736,8,560,"Skaha Lake","49 deg 24 min","119 deg 35 min"
"Skaha Lk",241,30,40,736,9,1719,"Skaha Lake","49 deg 24 min","119 deg 35 min"
"Skaha Lk",241,40,50,664,1,1242,"Skaha Lake","49 deg 24 min","119 deg 35 min"
"Skaha Lk",241,40,50,664,2,1246,"Skaha Lake","49 deg 24 min","119 deg 35 min"
"Skaha Lk",241,40,50,664,3,791,"Skaha Lake","49 deg 24 min","119 deg 35 min"
"Skaha Lk",241,40,50,664,4,0,"Skaha Lake","49 deg 24 min","119 deg 35 min"
"Skaha Lk",241,40,50,664,5,2128,"Skaha Lake","49 deg 24 min","119 deg 35 min"
"Skaha Lk",241,40,50,664,6,1474,"Skaha Lake","49 deg 24 min","119 deg 35 min"
"Skaha Lk",241,40,50,664,7,0,"Skaha Lake","49 deg 24 min","119 deg 35 min"
"Skaha Lk",241,40,50,664,8,0,"Skaha Lake","49 deg 24 min","119 deg 35 min"
"Skaha Lk",241,40,50,664,9,0,"Skaha Lake","49 deg 24 min","119 deg 35 min"
"Skaha Lk",241,50,60,351,1,0,"Skaha Lake","49 deg 24 min","119 deg 35 min"
"Skaha Lk",241,50,60,351,2,674,"Skaha Lake","49 deg 24 min","119 deg 35 min"
"Skaha Lk",241,50,60,351,3,0,"Skaha Lake","49 deg 24 min","119 deg 35 min"
"Skaha Lk",241,50,60,351,4,0,"Skaha Lake","49 deg 24 min","119 deg 35 min"
"Skaha Lk",241,50,60,351,5,1095,"Skaha Lake","49 deg 24 min","119 deg 35 min"
"Skaha Lk",241,50,60,351,6,108,"Skaha Lake","49 deg 24 min","119 deg 35 min"
"Skaha Lk",241,50,60,351,7,0,"Skaha Lake","49 deg 24 min","119 deg 35 min"
"Skaha Lk",241,50,60,351,8,0,"Skaha Lake","49 deg 24 min","119 deg 35 min"
"Skaha Lk",241,50,60,351,9,0,"Skaha Lake","49 deg 24 min","119 deg 35 min"
"Skaha Lk",241,60,70,0,1,0,"Skaha Lake","49 deg 24 min","119 deg 35 min"
"Skaha Lk",241,60,70,0,2,0,"Skaha Lake","49 deg 24 min","119 deg 35 min"
"Skaha Lk",241,60,70,0,3,0,"Skaha Lake","49 deg 24 min","119 deg 35 min"
"Skaha Lk",241,60,70,0,4,0,"Skaha Lake","49 deg 24 min","119 deg 35 min"
"Skaha Lk",241,60,70,0,5,0,"Skaha Lake","49 deg 24 min","119 deg 35 min"
"Skaha Lk",241,60,70,0,6,0,"Skaha Lake","49 deg 24 min","119 deg 35 min"
"Skaha Lk",241,60,70,0,7,0,"Skaha Lake","49 deg 24 min","119 deg 35 min"
"Skaha Lk",241,60,70,0,8,0,"Skaha Lake","49 deg 24 min","119 deg 35 min"
"Skaha Lk",241,60,70,0,9,0,"Skaha Lake","49 deg 24 min","119 deg 35 min"
"Skaha_2007",255,2,5,1946,1,2271,"Skaha_2007",NA,NA
"Skaha_2007",255,2,5,1946,2,1750,"Skaha_2007",NA,NA
"Skaha_2007",255,2,5,1946,3,1833,"Skaha_2007",NA,NA
"Skaha_2007",255,2,5,1946,4,688,"Skaha_2007",NA,NA
"Skaha_2007",255,2,5,1946,5,3021,"Skaha_2007",NA,NA
"Skaha_2007",255,2,5,1946,6,2630,"Skaha_2007",NA,NA
"Skaha_2007",255,2,5,1946,7,2580,"Skaha_2007",NA,NA
"Skaha_2007",255,2,5,1946,8,1900,"Skaha_2007",NA,NA
"Skaha_2007",255,2,5,1946,9,2740,"Skaha_2007",NA,NA
"Skaha_2007",255,2,5,1946,10,1284,"Skaha_2007",NA,NA
"Skaha_2007",255,2,5,1946,11,800,"Skaha_2007",NA,NA
"Skaha_2007",255,2,5,1946,12,2000,"Skaha_2007",NA,NA
"Skaha_2007",255,2,5,1946,13,2100,"Skaha_2007",NA,NA
"Skaha_2007",255,2,5,1946,14,2700,"Skaha_2007",NA,NA
"Skaha_2007",255,2,5,1946,15,2700,"Skaha_2007",NA,NA
"Skaha_2007",255,3,5,1635,1,2271,"Skaha_2007",NA,NA
"Skaha_2007",255,3,5,1635,2,1732,"Skaha_2007",NA,NA
"Skaha_2007",255,3,5,1635,3,1819,"Skaha_2007",NA,NA
"Skaha_2007",255,3,5,1635,4,658,"Skaha_2007",NA,NA
"Skaha_2007",255,3,5,1635,5,3021,"Skaha_2007",NA,NA
"Skaha_2007",255,3,5,1635,6,2630,"Skaha_2007",NA,NA
"Skaha_2007",255,3,5,1635,7,2580,"Skaha_2007",NA,NA
"Skaha_2007",255,3,5,1635,8,1900,"Skaha_2007",NA,NA
"Skaha_2007",255,3,5,1635,9,2740,"Skaha_2007",NA,NA
"Skaha_2007",255,3,5,1635,10,1284,"Skaha_2007",NA,NA
"Skaha_2007",255,3,5,1635,11,800,"Skaha_2007",NA,NA
"Skaha_2007",255,3,5,1635,12,2000,"Skaha_2007",NA,NA
"Skaha_2007",255,3,5,1635,13,2100,"Skaha_2007",NA,NA
"Skaha_2007",255,3,5,1635,14,2700,"Skaha_2007",NA,NA
"Skaha_2007",255,3,5,1635,15,2700,"Skaha_2007",NA,NA
"Skaha_2007",255,5,10,1503,1,2254,"Skaha_2007",NA,NA
"Skaha_2007",255,5,10,1503,2,1710,"Skaha_2007",NA,NA
"Skaha_2007",255,5,10,1503,3,1782,"Skaha_2007",NA,NA
"Skaha_2007",255,5,10,1503,4,581,"Skaha_2007",NA,NA
"Skaha_2007",255,5,10,1503,5,3021,"Skaha_2007",NA,NA
"Skaha_2007",255,5,10,1503,6,2630,"Skaha_2007",NA,NA
"Skaha_2007",255,5,10,1503,7,2464,"Skaha_2007",NA,NA
"Skaha_2007",255,5,10,1503,8,1834,"Skaha_2007",NA,NA
"Skaha_2007",255,5,10,1503,9,2657,"Skaha_2007",NA,NA
"Skaha_2007",255,5,10,1503,10,1260,"Skaha_2007",NA,NA
"Skaha_2007",255,5,10,1503,11,786,"Skaha_2007",NA,NA
"Skaha_2007",255,5,10,1503,12,2000,"Skaha_2007",NA,NA
"Skaha_2007",255,5,10,1503,13,2100,"Skaha_2007",NA,NA
"Skaha_2007",255,5,10,1503,14,2700,"Skaha_2007",NA,NA
"Skaha_2007",255,5,10,1503,15,2700,"Skaha_2007",NA,NA
"Skaha_2007",255,10,15,1342,1,2088,"Skaha_2007",NA,NA
"Skaha_2007",255,10,15,1342,2,1674,"Skaha_2007",NA,NA
"Skaha_2007",255,10,15,1342,3,1712,"Skaha_2007",NA,NA
"Skaha_2007",255,10,15,1342,4,540,"Skaha_2007",NA,NA
"Skaha_2007",255,10,15,1342,5,2944,"Skaha_2007",NA,NA
"Skaha_2007",255,10,15,1342,6,2571,"Skaha_2007",NA,NA
"Skaha_2007",255,10,15,1342,7,2377,"Skaha_2007",NA,NA
"Skaha_2007",255,10,15,1342,8,1671,"Skaha_2007",NA,NA
"Skaha_2007",255,10,15,1342,9,2468,"Skaha_2007",NA,NA
"Skaha_2007",255,10,15,1342,10,1222,"Skaha_2007",NA,NA
"Skaha_2007",255,10,15,1342,11,611,"Skaha_2007",NA,NA
"Skaha_2007",255,10,15,1342,12,1973,"Skaha_2007",NA,NA
"Skaha_2007",255,10,15,1342,13,2006,"Skaha_2007",NA,NA
"Skaha_2007",255,10,15,1342,14,2629,"Skaha_2007",NA,NA
"Skaha_2007",255,10,15,1342,15,2700,"Skaha_2007",NA,NA
"Skaha_2007",255,15,20,1129,1,1902,"Skaha_2007",NA,NA
"Skaha_2007",255,15,20,1129,2,1624,"Skaha_2007",NA,NA
"Skaha_2007",255,15,20,1129,3,1522,"Skaha_2007",NA,NA
"Skaha_2007",255,15,20,1129,4,487,"Skaha_2007",NA,NA
"Skaha_2007",255,15,20,1129,5,2732,"Skaha_2007",NA,NA
"Skaha_2007",255,15,20,1129,6,2360,"Skaha_2007",NA,NA
"Skaha_2007",255,15,20,1129,7,2196,"Skaha_2007",NA,NA
"Skaha_2007",255,15,20,1129,8,1146,"Skaha_2007",NA,NA
"Skaha_2007",255,15,20,1129,9,2158,"Skaha_2007",NA,NA
"Skaha_2007",255,15,20,1129,10,1176,"Skaha_2007",NA,NA
"Skaha_2007",255,15,20,1129,11,546,"Skaha_2007",NA,NA
"Skaha_2007",255,15,20,1129,12,1635,"Skaha_2007",NA,NA
"Skaha_2007",255,15,20,1129,13,1936,"Skaha_2007",NA,NA
"Skaha_2007",255,15,20,1129,14,2414,"Skaha_2007",NA,NA
"Skaha_2007",255,15,20,1129,15,2569,"Skaha_2007",NA,NA
"Skaha_2007",255,20,30,929,1,1822,"Skaha_2007",NA,NA
"Skaha_2007",255,20,30,929,2,1548,"Skaha_2007",NA,NA
"Skaha_2007",255,20,30,929,3,1410,"Skaha_2007",NA,NA
"Skaha_2007",255,20,30,929,4,346,"Skaha_2007",NA,NA
"Skaha_2007",255,20,30,929,5,2623,"Skaha_2007",NA,NA
"Skaha_2007",255,20,30,929,6,2252,"Skaha_2007",NA,NA
"Skaha_2007",255,20,30,929,7,2015,"Skaha_2007",NA,NA
"Skaha_2007",255,20,30,929,8,1095,"Skaha_2007",NA,NA
"Skaha_2007",255,20,30,929,9,1925,"Skaha_2007",NA,NA
"Skaha_2007",255,20,30,929,10,700,"Skaha_2007",NA,NA
"Skaha_2007",255,20,30,929,11,487,"Skaha_2007",NA,NA
"Skaha_2007",255,20,30,929,12,1342,"Skaha_2007",NA,NA
"Skaha_2007",255,20,30,929,13,1818,"Skaha_2007",NA,NA
"Skaha_2007",255,20,30,929,14,2314,"Skaha_2007",NA,NA
"Skaha_2007",255,20,30,929,15,2450,"Skaha_2007",NA,NA
"Skaha_2007",255,30,40,736,1,1591,"Skaha_2007",NA,NA
"Skaha_2007",255,30,40,736,2,1426,"Skaha_2007",NA,NA
"Skaha_2007",255,30,40,736,3,1224,"Skaha_2007",NA,NA
"Skaha_2007",255,30,40,736,4,0,"Skaha_2007",NA,NA
"Skaha_2007",255,30,40,736,5,2360,"Skaha_2007",NA,NA
"Skaha_2007",255,30,40,736,6,2004,"Skaha_2007",NA,NA
"Skaha_2007",255,30,40,736,7,1268,"Skaha_2007",NA,NA
"Skaha_2007",255,30,40,736,8,560,"Skaha_2007",NA,NA
"Skaha_2007",255,30,40,736,9,1719,"Skaha_2007",NA,NA
"Skaha_2007",255,30,40,736,10,0,"Skaha_2007",NA,NA
"Skaha_2007",255,30,40,736,11,385,"Skaha_2007",NA,NA
"Skaha_2007",255,30,40,736,12,384,"Skaha_2007",NA,NA
"Skaha_2007",255,30,40,736,13,1443,"Skaha_2007",NA,NA
"Skaha_2007",255,30,40,736,14,1900,"Skaha_2007",NA,NA
"Skaha_2007",255,30,40,736,15,1998,"Skaha_2007",NA,NA
"Skaha_2007",255,40,50,664,1,1242,"Skaha_2007",NA,NA
"Skaha_2007",255,40,50,664,2,1246,"Skaha_2007",NA,NA
"Skaha_2007",255,40,50,664,3,791,"Skaha_2007",NA,NA
"Skaha_2007",255,40,50,664,4,0,"Skaha_2007",NA,NA
"Skaha_2007",255,40,50,664,5,2128,"Skaha_2007",NA,NA
"Skaha_2007",255,40,50,664,6,1474,"Skaha_2007",NA,NA
"Skaha_2007",255,40,50,664,7,0,"Skaha_2007",NA,NA
"Skaha_2007",255,40,50,664,8,0,"Skaha_2007",NA,NA
"Skaha_2007",255,40,50,664,9,1159,"Skaha_2007",NA,NA
"Skaha_2007",255,40,50,664,10,0,"Skaha_2007",NA,NA
"Skaha_2007",255,40,50,664,11,0,"Skaha_2007",NA,NA
"Skaha_2007",255,40,50,664,12,0,"Skaha_2007",NA,NA
"Skaha_2007",255,40,50,664,13,1079,"Skaha_2007",NA,NA
"Skaha_2007",255,40,50,664,14,1386,"Skaha_2007",NA,NA
"Skaha_2007",255,40,50,664,15,345,"Skaha_2007",NA,NA
"Skaha_2007",255,50,60,351,1,0,"Skaha_2007",NA,NA
"Skaha_2007",255,50,60,351,2,674,"Skaha_2007",NA,NA
"Skaha_2007",255,50,60,351,3,0,"Skaha_2007",NA,NA
"Skaha_2007",255,50,60,351,4,0,"Skaha_2007",NA,NA
"Skaha_2007",255,50,60,351,5,1095,"Skaha_2007",NA,NA
"Skaha_2007",255,50,60,351,6,108,"Skaha_2007",NA,NA
"Skaha_2007",255,50,60,351,7,0,"Skaha_2007",NA,NA
"Skaha_2007",255,50,60,351,8,0,"Skaha_2007",NA,NA
"Skaha_2007",255,50,60,351,9,0,"Skaha_2007",NA,NA
"Skaha_2007",255,50,60,351,10,0,"Skaha_2007",NA,NA
"Skaha_2007",255,50,60,351,11,0,"Skaha_2007",NA,NA
"Skaha_2007",255,50,60,351,12,0,"Skaha_2007",NA,NA
"Skaha_2007",255,50,60,351,13,0,"Skaha_2007",NA,NA
"Skaha_2007",255,50,60,351,14,0,"Skaha_2007",NA,NA
"Skaha_2007",255,50,60,351,15,0,"Skaha_2007",NA,NA
"Skaha_2007",255,60,70,0,1,0,"Skaha_2007",NA,NA
"Skaha_2007",255,60,70,0,2,0,"Skaha_2007",NA,NA
"Skaha_2007",255,60,70,0,3,0,"Skaha_2007",NA,NA
"Skaha_2007",255,60,70,0,4,0,"Skaha_2007",NA,NA
"Skaha_2007",255,60,70,0,5,0,"Skaha_2007",NA,NA
"Skaha_2007",255,60,70,0,6,0,"Skaha_2007",NA,NA
"Skaha_2007",255,60,70,0,7,0,"Skaha_2007",NA,NA
"Skaha_2007",255,60,70,0,8,0,"Skaha_2007",NA,NA
"Skaha_2007",255,60,70,0,9,0,"Skaha_2007",NA,NA
"Skaha_2007",255,60,70,0,10,0,"Skaha_2007",NA,NA
"Skaha_2007",255,60,70,0,11,0,"Skaha_2007",NA,NA
"Skaha_2007",255,60,70,0,12,0,"Skaha_2007",NA,NA
"Skaha_2007",255,60,70,0,13,0,"Skaha_2007",NA,NA
"Skaha_2007",255,60,70,0,14,0,"Skaha_2007",NA,NA
"Skaha_2007",255,60,70,0,15,0,"Skaha_2007",NA,NA
NA,62,NA,NA,NA,NA,NA,"Skidegate Lake","53 deg 05 min","131 deg 56 min"
"Skidegate Lk ne",156,2,5,378,1,801,"Skidegate Lake NE","53 deg 05 min","131 deg 54 min"
"Skidegate Lk ne",156,2,5,378,2,1770,"Skidegate Lake NE","53 deg 05 min","131 deg 54 min"
"Skidegate Lk ne",156,2,5,378,3,864,"Skidegate Lake NE","53 deg 05 min","131 deg 54 min"
"Skidegate Lk ne",156,2,5,378,4,1957,"Skidegate Lake NE","53 deg 05 min","131 deg 54 min"
"Skidegate Lk ne",156,2,5,378,5,926,"Skidegate Lake NE","53 deg 05 min","131 deg 54 min"
"Skidegate Lk ne",156,2,5,378,6,1490,"Skidegate Lake NE","53 deg 05 min","131 deg 54 min"
"Skidegate Lk ne",156,2,5,378,7,1037,"Skidegate Lake NE","53 deg 05 min","131 deg 54 min"
"Skidegate Lk ne",156,3,5,378,1,801,"Skidegate Lake NE","53 deg 05 min","131 deg 54 min"
"Skidegate Lk ne",156,3,5,378,2,1770,"Skidegate Lake NE","53 deg 05 min","131 deg 54 min"
"Skidegate Lk ne",156,3,5,378,3,864,"Skidegate Lake NE","53 deg 05 min","131 deg 54 min"
"Skidegate Lk ne",156,3,5,378,4,1957,"Skidegate Lake NE","53 deg 05 min","131 deg 54 min"
"Skidegate Lk ne",156,3,5,378,5,926,"Skidegate Lake NE","53 deg 05 min","131 deg 54 min"
"Skidegate Lk ne",156,3,5,378,6,1490,"Skidegate Lake NE","53 deg 05 min","131 deg 54 min"
"Skidegate Lk ne",156,3,5,378,7,1037,"Skidegate Lake NE","53 deg 05 min","131 deg 54 min"
"Skidegate Lk ne",156,5,10,314,1,724,"Skidegate Lake NE","53 deg 05 min","131 deg 54 min"
"Skidegate Lk ne",156,5,10,314,2,1606,"Skidegate Lake NE","53 deg 05 min","131 deg 54 min"
"Skidegate Lk ne",156,5,10,314,3,844,"Skidegate Lake NE","53 deg 05 min","131 deg 54 min"
"Skidegate Lk ne",156,5,10,314,4,1919,"Skidegate Lake NE","53 deg 05 min","131 deg 54 min"
"Skidegate Lk ne",156,5,10,314,5,858,"Skidegate Lake NE","53 deg 05 min","131 deg 54 min"
"Skidegate Lk ne",156,5,10,314,6,1422,"Skidegate Lake NE","53 deg 05 min","131 deg 54 min"
"Skidegate Lk ne",156,5,10,314,7,1015,"Skidegate Lake NE","53 deg 05 min","131 deg 54 min"
"Skidegate Lk ne",156,10,15,235,1,166,"Skidegate Lake NE","53 deg 05 min","131 deg 54 min"
"Skidegate Lk ne",156,10,15,235,2,1340,"Skidegate Lake NE","53 deg 05 min","131 deg 54 min"
"Skidegate Lk ne",156,10,15,235,3,725,"Skidegate Lake NE","53 deg 05 min","131 deg 54 min"
"Skidegate Lk ne",156,10,15,235,4,1473,"Skidegate Lake NE","53 deg 05 min","131 deg 54 min"
"Skidegate Lk ne",156,10,15,235,5,573,"Skidegate Lake NE","53 deg 05 min","131 deg 54 min"
"Skidegate Lk ne",156,10,15,235,6,1252,"Skidegate Lake NE","53 deg 05 min","131 deg 54 min"
"Skidegate Lk ne",156,10,15,235,7,827,"Skidegate Lake NE","53 deg 05 min","131 deg 54 min"
"Skidegate Lk ne",156,15,20,188,1,0,"Skidegate Lake NE","53 deg 05 min","131 deg 54 min"
"Skidegate Lk ne",156,15,20,188,2,1130,"Skidegate Lake NE","53 deg 05 min","131 deg 54 min"
"Skidegate Lk ne",156,15,20,188,3,387,"Skidegate Lake NE","53 deg 05 min","131 deg 54 min"
"Skidegate Lk ne",156,15,20,188,4,638,"Skidegate Lake NE","53 deg 05 min","131 deg 54 min"
"Skidegate Lk ne",156,15,20,188,5,164,"Skidegate Lake NE","53 deg 05 min","131 deg 54 min"
"Skidegate Lk ne",156,15,20,188,6,0,"Skidegate Lake NE","53 deg 05 min","131 deg 54 min"
"Skidegate Lk ne",156,15,20,188,7,630,"Skidegate Lake NE","53 deg 05 min","131 deg 54 min"
"Skidegate Lk sw",155,2,5,211,1,486,"Skidegate Lake SW","53 deg 05 min","131 deg 58 min"
"Skidegate Lk sw",155,2,5,211,2,780,"Skidegate Lake SW","53 deg 05 min","131 deg 58 min"
"Skidegate Lk sw",155,2,5,211,3,1012,"Skidegate Lake SW","53 deg 05 min","131 deg 58 min"
"Skidegate Lk sw",155,3,5,211,1,486,"Skidegate Lake SW","53 deg 05 min","131 deg 58 min"
"Skidegate Lk sw",155,3,5,211,2,780,"Skidegate Lake SW","53 deg 05 min","131 deg 58 min"
"Skidegate Lk sw",155,3,5,211,3,1012,"Skidegate Lake SW","53 deg 05 min","131 deg 58 min"
"Skidegate Lk sw",155,5,10,148,1,388,"Skidegate Lake SW","53 deg 05 min","131 deg 58 min"
"Skidegate Lk sw",155,5,10,148,2,373,"Skidegate Lake SW","53 deg 05 min","131 deg 58 min"
"Skidegate Lk sw",155,5,10,148,3,845,"Skidegate Lake SW","53 deg 05 min","131 deg 58 min"
NA,191,NA,NA,NA,NA,NA,"Smokehouse Ck",NA,NA
NA,103,NA,NA,NA,NA,NA,"Snafu Lake","60 deg 11 min","133 deg 26 min"
NA,140,NA,NA,NA,NA,NA,"Somass River","49 deg 14 min","124 deg 49 min"
"SPROAT",2,2,5,3775,1,630,"Sproat Lake","49 deg 14 min","125 deg 06 min"
"SPROAT",2,2,5,3775,2,1060,"Sproat Lake","49 deg 14 min","125 deg 06 min"
"SPROAT",2,2,5,3775,3,1060,"Sproat Lake","49 deg 14 min","125 deg 06 min"
"SPROAT",2,2,5,3775,4,1650,"Sproat Lake","49 deg 14 min","125 deg 06 min"
"SPROAT",2,2,5,3775,5,1150,"Sproat Lake","49 deg 14 min","125 deg 06 min"
"SPROAT",2,2,5,3775,6,860,"Sproat Lake","49 deg 14 min","125 deg 06 min"
"SPROAT",2,2,5,3775,7,765,"Sproat Lake","49 deg 14 min","125 deg 06 min"
"SPROAT",2,2,5,3775,8,1500,"Sproat Lake","49 deg 14 min","125 deg 06 min"
"SPROAT",2,2,5,3775,9,1025,"Sproat Lake","49 deg 14 min","125 deg 06 min"
"SPROAT",2,2,5,3775,10,1540,"Sproat Lake","49 deg 14 min","125 deg 06 min"
"SPROAT",2,2,5,3775,11,1400,"Sproat Lake","49 deg 14 min","125 deg 06 min"
"SPROAT",2,3,5,3775,1,630,"Sproat Lake","49 deg 14 min","125 deg 06 min"
"SPROAT",2,3,5,3775,2,1060,"Sproat Lake","49 deg 14 min","125 deg 06 min"
"SPROAT",2,3,5,3775,3,1060,"Sproat Lake","49 deg 14 min","125 deg 06 min"
"SPROAT",2,3,5,3775,4,1650,"Sproat Lake","49 deg 14 min","125 deg 06 min"
"SPROAT",2,3,5,3775,5,1150,"Sproat Lake","49 deg 14 min","125 deg 06 min"
"SPROAT",2,3,5,3775,6,860,"Sproat Lake","49 deg 14 min","125 deg 06 min"
"SPROAT",2,3,5,3775,7,765,"Sproat Lake","49 deg 14 min","125 deg 06 min"
"SPROAT",2,3,5,3775,8,1500,"Sproat Lake","49 deg 14 min","125 deg 06 min"
"SPROAT",2,3,5,3775,9,1025,"Sproat Lake","49 deg 14 min","125 deg 06 min"
"SPROAT",2,3,5,3775,10,1540,"Sproat Lake","49 deg 14 min","125 deg 06 min"
"SPROAT",2,3,5,3775,11,1400,"Sproat Lake","49 deg 14 min","125 deg 06 min"
"SPROAT",2,5,10,3725,1,630,"Sproat Lake","49 deg 14 min","125 deg 06 min"
"SPROAT",2,5,10,3725,2,1060,"Sproat Lake","49 deg 14 min","125 deg 06 min"
"SPROAT",2,5,10,3725,3,1060,"Sproat Lake","49 deg 14 min","125 deg 06 min"
"SPROAT",2,5,10,3725,4,1650,"Sproat Lake","49 deg 14 min","125 deg 06 min"
"SPROAT",2,5,10,3725,5,1150,"Sproat Lake","49 deg 14 min","125 deg 06 min"
"SPROAT",2,5,10,3725,6,825,"Sproat Lake","49 deg 14 min","125 deg 06 min"
"SPROAT",2,5,10,3725,7,760,"Sproat Lake","49 deg 14 min","125 deg 06 min"
"SPROAT",2,5,10,3725,8,1490,"Sproat Lake","49 deg 14 min","125 deg 06 min"
"SPROAT",2,5,10,3725,9,1000,"Sproat Lake","49 deg 14 min","125 deg 06 min"
"SPROAT",2,5,10,3725,10,1410,"Sproat Lake","49 deg 14 min","125 deg 06 min"
"SPROAT",2,5,10,3725,11,1380,"Sproat Lake","49 deg 14 min","125 deg 06 min"
"SPROAT",2,10,15,3675,1,620,"Sproat Lake","49 deg 14 min","125 deg 06 min"
"SPROAT",2,10,15,3675,2,1054,"Sproat Lake","49 deg 14 min","125 deg 06 min"
"SPROAT",2,10,15,3675,3,1048,"Sproat Lake","49 deg 14 min","125 deg 06 min"
"SPROAT",2,10,15,3675,4,1642,"Sproat Lake","49 deg 14 min","125 deg 06 min"
"SPROAT",2,10,15,3675,5,1140,"Sproat Lake","49 deg 14 min","125 deg 06 min"
"SPROAT",2,10,15,3675,6,800,"Sproat Lake","49 deg 14 min","125 deg 06 min"
"SPROAT",2,10,15,3675,7,755,"Sproat Lake","49 deg 14 min","125 deg 06 min"
"SPROAT",2,10,15,3675,8,1485,"Sproat Lake","49 deg 14 min","125 deg 06 min"
"SPROAT",2,10,15,3675,9,955,"Sproat Lake","49 deg 14 min","125 deg 06 min"
"SPROAT",2,10,15,3675,10,1300,"Sproat Lake","49 deg 14 min","125 deg 06 min"
"SPROAT",2,10,15,3675,11,1270,"Sproat Lake","49 deg 14 min","125 deg 06 min"
"SPROAT",2,15,20,3580,1,610,"Sproat Lake","49 deg 14 min","125 deg 06 min"
"SPROAT",2,15,20,3580,2,1050,"Sproat Lake","49 deg 14 min","125 deg 06 min"
"SPROAT",2,15,20,3580,3,1027,"Sproat Lake","49 deg 14 min","125 deg 06 min"
"SPROAT",2,15,20,3580,4,1640,"Sproat Lake","49 deg 14 min","125 deg 06 min"
"SPROAT",2,15,20,3580,5,1130,"Sproat Lake","49 deg 14 min","125 deg 06 min"
"SPROAT",2,15,20,3580,6,755,"Sproat Lake","49 deg 14 min","125 deg 06 min"
"SPROAT",2,15,20,3580,7,750,"Sproat Lake","49 deg 14 min","125 deg 06 min"
"SPROAT",2,15,20,3580,8,1480,"Sproat Lake","49 deg 14 min","125 deg 06 min"
"SPROAT",2,15,20,3580,9,935,"Sproat Lake","49 deg 14 min","125 deg 06 min"
"SPROAT",2,15,20,3580,10,1300,"Sproat Lake","49 deg 14 min","125 deg 06 min"
"SPROAT",2,15,20,3580,11,1050,"Sproat Lake","49 deg 14 min","125 deg 06 min"
"SPROAT",2,20,30,3375,1,600,"Sproat Lake","49 deg 14 min","125 deg 06 min"
"SPROAT",2,20,30,3375,2,1042,"Sproat Lake","49 deg 14 min","125 deg 06 min"
"SPROAT",2,20,30,3375,3,1010,"Sproat Lake","49 deg 14 min","125 deg 06 min"
"SPROAT",2,20,30,3375,4,1631,"Sproat Lake","49 deg 14 min","125 deg 06 min"
"SPROAT",2,20,30,3375,5,1120,"Sproat Lake","49 deg 14 min","125 deg 06 min"
"SPROAT",2,20,30,3375,6,750,"Sproat Lake","49 deg 14 min","125 deg 06 min"
"SPROAT",2,20,30,3375,7,725,"Sproat Lake","49 deg 14 min","125 deg 06 min"
"SPROAT",2,20,30,3375,8,1440,"Sproat Lake","49 deg 14 min","125 deg 06 min"
"SPROAT",2,20,30,3375,9,890,"Sproat Lake","49 deg 14 min","125 deg 06 min"
"SPROAT",2,20,30,3375,10,1110,"Sproat Lake","49 deg 14 min","125 deg 06 min"
"SPROAT",2,20,30,3375,11,1030,"Sproat Lake","49 deg 14 min","125 deg 06 min"
"SPROAT",2,30,40,3070,1,540,"Sproat Lake","49 deg 14 min","125 deg 06 min"
"SPROAT",2,30,40,3070,2,1000,"Sproat Lake","49 deg 14 min","125 deg 06 min"
"SPROAT",2,30,40,3070,3,990,"Sproat Lake","49 deg 14 min","125 deg 06 min"
"SPROAT",2,30,40,3070,4,1590,"Sproat Lake","49 deg 14 min","125 deg 06 min"
"SPROAT",2,30,40,3070,5,1090,"Sproat Lake","49 deg 14 min","125 deg 06 min"
"SPROAT",2,30,40,3070,6,385,"Sproat Lake","49 deg 14 min","125 deg 06 min"
"SPROAT",2,30,40,3070,7,695,"Sproat Lake","49 deg 14 min","125 deg 06 min"
"SPROAT",2,30,40,3070,8,1400,"Sproat Lake","49 deg 14 min","125 deg 06 min"
"SPROAT",2,30,40,3070,9,840,"Sproat Lake","49 deg 14 min","125 deg 06 min"
"SPROAT",2,30,40,3070,10,1070,"Sproat Lake","49 deg 14 min","125 deg 06 min"
"SPROAT",2,30,40,3070,11,820,"Sproat Lake","49 deg 14 min","125 deg 06 min"
"SPROAT",2,40,50,2875,1,520,"Sproat Lake","49 deg 14 min","125 deg 06 min"
"SPROAT",2,40,50,2875,2,956,"Sproat Lake","49 deg 14 min","125 deg 06 min"
"SPROAT",2,40,50,2875,3,950,"Sproat Lake","49 deg 14 min","125 deg 06 min"
"SPROAT",2,40,50,2875,4,1540,"Sproat Lake","49 deg 14 min","125 deg 06 min"
"SPROAT",2,40,50,2875,5,1060,"Sproat Lake","49 deg 14 min","125 deg 06 min"
"SPROAT",2,40,50,2875,6,290,"Sproat Lake","49 deg 14 min","125 deg 06 min"
"SPROAT",2,40,50,2875,7,660,"Sproat Lake","49 deg 14 min","125 deg 06 min"
"SPROAT",2,40,50,2875,8,1360,"Sproat Lake","49 deg 14 min","125 deg 06 min"
"SPROAT",2,40,50,2875,9,735,"Sproat Lake","49 deg 14 min","125 deg 06 min"
"SPROAT",2,40,50,2875,10,958,"Sproat Lake","49 deg 14 min","125 deg 06 min"
"SPROAT",2,40,50,2875,11,593,"Sproat Lake","49 deg 14 min","125 deg 06 min"
"SPROAT",2,50,60,2645,1,480,"Sproat Lake","49 deg 14 min","125 deg 06 min"
"SPROAT",2,50,60,2645,2,933,"Sproat Lake","49 deg 14 min","125 deg 06 min"
"SPROAT",2,50,60,2645,3,940,"Sproat Lake","49 deg 14 min","125 deg 06 min"
"SPROAT",2,50,60,2645,4,1430,"Sproat Lake","49 deg 14 min","125 deg 06 min"
"SPROAT",2,50,60,2645,5,1030,"Sproat Lake","49 deg 14 min","125 deg 06 min"
"SPROAT",2,50,60,2645,6,225,"Sproat Lake","49 deg 14 min","125 deg 06 min"
"SPROAT",2,50,60,2645,7,640,"Sproat Lake","49 deg 14 min","125 deg 06 min"
"SPROAT",2,50,60,2645,8,1310,"Sproat Lake","49 deg 14 min","125 deg 06 min"
"SPROAT",2,50,60,2645,9,665,"Sproat Lake","49 deg 14 min","125 deg 06 min"
"SPROAT",2,50,60,2645,10,884,"Sproat Lake","49 deg 14 min","125 deg 06 min"
"SPROAT",2,50,60,2645,11,300,"Sproat Lake","49 deg 14 min","125 deg 06 min"
"SPROAT",2,60,70,2465,1,460,"Sproat Lake","49 deg 14 min","125 deg 06 min"
"SPROAT",2,60,70,2465,2,930,"Sproat Lake","49 deg 14 min","125 deg 06 min"
"SPROAT",2,60,70,2465,3,930,"Sproat Lake","49 deg 14 min","125 deg 06 min"
"SPROAT",2,60,70,2465,4,1350,"Sproat Lake","49 deg 14 min","125 deg 06 min"
"SPROAT",2,60,70,2465,5,960,"Sproat Lake","49 deg 14 min","125 deg 06 min"
"SPROAT",2,60,70,2465,6,185,"Sproat Lake","49 deg 14 min","125 deg 06 min"
"SPROAT",2,60,70,2465,7,560,"Sproat Lake","49 deg 14 min","125 deg 06 min"
"SPROAT",2,60,70,2465,8,1295,"Sproat Lake","49 deg 14 min","125 deg 06 min"
"SPROAT",2,60,70,2465,9,605,"Sproat Lake","49 deg 14 min","125 deg 06 min"
"SPROAT",2,60,70,2465,10,820,"Sproat Lake","49 deg 14 min","125 deg 06 min"
"SPROAT",2,60,70,2465,11,0,"Sproat Lake","49 deg 14 min","125 deg 06 min"
"SPROAT",2,70,80,1410,1,427,"Sproat Lake","49 deg 14 min","125 deg 06 min"
"SPROAT",2,70,80,1410,2,913,"Sproat Lake","49 deg 14 min","125 deg 06 min"
"SPROAT",2,70,80,1410,3,910,"Sproat Lake","49 deg 14 min","125 deg 06 min"
"SPROAT",2,70,80,1410,4,1250,"Sproat Lake","49 deg 14 min","125 deg 06 min"
"SPROAT",2,70,80,1410,5,875,"Sproat Lake","49 deg 14 min","125 deg 06 min"
"SPROAT",2,70,80,1410,6,0,"Sproat Lake","49 deg 14 min","125 deg 06 min"
"SPROAT",2,70,80,1410,7,0,"Sproat Lake","49 deg 14 min","125 deg 06 min"
"SPROAT",2,70,80,1410,8,1285,"Sproat Lake","49 deg 14 min","125 deg 06 min"
"SPROAT",2,70,80,1410,9,0,"Sproat Lake","49 deg 14 min","125 deg 06 min"
"SPROAT",2,70,80,1410,10,710,"Sproat Lake","49 deg 14 min","125 deg 06 min"
"SPROAT",2,70,80,1410,11,0,"Sproat Lake","49 deg 14 min","125 deg 06 min"
NA,164,NA,NA,NA,NA,NA,"Sproat Lake (Outlt)","49 deg 16 min","124 deg 59 min"
NA,163,NA,NA,NA,NA,NA,"Sproat Lake (Strlng)","49 deg 15 min","124 deg 55 min"
NA,160,NA,NA,NA,NA,NA,"Sproat Lake (Taylor)","49 deg 17 min","125 deg 03 min"
"Two Rivers Arm",159,2,5,616,1,765,"Sproat Lake (Two R)","49 deg 15 min","125 deg 00 min"
"Two Rivers Arm",159,2,5,616,2,1500,"Sproat Lake (Two R)","49 deg 15 min","125 deg 00 min"
"Two Rivers Arm",159,3,5,616,1,765,"Sproat Lake (Two R)","49 deg 15 min","125 deg 00 min"
"Two Rivers Arm",159,3,5,616,2,1500,"Sproat Lake (Two R)","49 deg 15 min","125 deg 00 min"
"Two Rivers Arm",159,5,10,608,1,760,"Sproat Lake (Two R)","49 deg 15 min","125 deg 00 min"
"Two Rivers Arm",159,5,10,608,2,1490,"Sproat Lake (Two R)","49 deg 15 min","125 deg 00 min"
"Two Rivers Arm",159,10,15,600,1,755,"Sproat Lake (Two R)","49 deg 15 min","125 deg 00 min"
"Two Rivers Arm",159,10,15,600,2,1485,"Sproat Lake (Two R)","49 deg 15 min","125 deg 00 min"
"Two Rivers Arm",159,15,20,585,1,750,"Sproat Lake (Two R)","49 deg 15 min","125 deg 00 min"
"Two Rivers Arm",159,15,20,585,2,1480,"Sproat Lake (Two R)","49 deg 15 min","125 deg 00 min"
"Two Rivers Arm",159,20,30,552,1,725,"Sproat Lake (Two R)","49 deg 15 min","125 deg 00 min"
"Two Rivers Arm",159,20,30,552,2,1440,"Sproat Lake (Two R)","49 deg 15 min","125 deg 00 min"
"Two Rivers Arm",159,30,40,502,1,695,"Sproat Lake (Two R)","49 deg 15 min","125 deg 00 min"
"Two Rivers Arm",159,30,40,502,2,1400,"Sproat Lake (Two R)","49 deg 15 min","125 deg 00 min"
"Two Rivers Arm",159,40,50,470,1,660,"Sproat Lake (Two R)","49 deg 15 min","125 deg 00 min"
"Two Rivers Arm",159,40,50,470,2,1360,"Sproat Lake (Two R)","49 deg 15 min","125 deg 00 min"
"Two Rivers Arm",159,50,60,432,1,640,"Sproat Lake (Two R)","49 deg 15 min","125 deg 00 min"
"Two Rivers Arm",159,50,60,432,2,1310,"Sproat Lake (Two R)","49 deg 15 min","125 deg 00 min"
"Two Rivers Arm",159,60,70,403,1,560,"Sproat Lake (Two R)","49 deg 15 min","125 deg 00 min"
"Two Rivers Arm",159,60,70,403,2,1295,"Sproat Lake (Two R)","49 deg 15 min","125 deg 00 min"
"Two Rivers Arm",159,70,80,230,1,0,"Sproat Lake (Two R)","49 deg 15 min","125 deg 00 min"
"Two Rivers Arm",159,70,80,230,2,1285,"Sproat Lake (Two R)","49 deg 15 min","125 deg 00 min"
NA,194,NA,NA,NA,NA,NA,"Sproat Narrows",NA,NA
NA,142,NA,NA,NA,NA,NA,"Sproat River","49 deg 18 min","124 deg 53 min"
"Squalicum Lk",138,2,5,197.4,1,352,"Squalicum Lake","48 deg 45 min","124 deg 49 min"
"Squalicum Lk",138,2,5,197.4,2,472,"Squalicum Lake","48 deg 45 min","124 deg 49 min"
"Squalicum Lk",138,2,5,197.4,3,849,"Squalicum Lake","48 deg 45 min","124 deg 49 min"
"Squalicum Lk",138,2,5,197.4,4,672,"Squalicum Lake","48 deg 45 min","124 deg 49 min"
"Squalicum Lk",138,2,5,197.4,5,636,"Squalicum Lake","48 deg 45 min","124 deg 49 min"
"Squalicum Lk",138,3,5,0,1,0,"Squalicum Lake","48 deg 45 min","124 deg 49 min"
"Squalicum Lk",138,3,5,0,2,0,"Squalicum Lake","48 deg 45 min","124 deg 49 min"
"Squalicum Lk",138,3,5,0,3,0,"Squalicum Lake","48 deg 45 min","124 deg 49 min"
"Squalicum Lk",138,3,5,0,4,0,"Squalicum Lake","48 deg 45 min","124 deg 49 min"
"Squalicum Lk",138,3,5,0,5,0,"Squalicum Lake","48 deg 45 min","124 deg 49 min"
"Squalicum Lk",138,5,10,181,1,328,"Squalicum Lake","48 deg 45 min","124 deg 49 min"
"Squalicum Lk",138,5,10,181,2,454,"Squalicum Lake","48 deg 45 min","124 deg 49 min"
"Squalicum Lk",138,5,10,181,3,807,"Squalicum Lake","48 deg 45 min","124 deg 49 min"
"Squalicum Lk",138,5,10,181,4,629,"Squalicum Lake","48 deg 45 min","124 deg 49 min"
"Squalicum Lk",138,5,10,181,5,590,"Squalicum Lake","48 deg 45 min","124 deg 49 min"
"Squalicum Lk",138,10,15,164.6,1,300,"Squalicum Lake","48 deg 45 min","124 deg 49 min"
"Squalicum Lk",138,10,15,164.6,2,437,"Squalicum Lake","48 deg 45 min","124 deg 49 min"
"Squalicum Lk",138,10,15,164.6,3,767,"Squalicum Lake","48 deg 45 min","124 deg 49 min"
"Squalicum Lk",138,10,15,164.6,4,570,"Squalicum Lake","48 deg 45 min","124 deg 49 min"
"Squalicum Lk",138,10,15,164.6,5,503,"Squalicum Lake","48 deg 45 min","124 deg 49 min"
"Squalicum Lk",138,15,20,150.5,1,236,"Squalicum Lake","48 deg 45 min","124 deg 49 min"
"Squalicum Lk",138,15,20,150.5,2,414,"Squalicum Lake","48 deg 45 min","124 deg 49 min"
"Squalicum Lk",138,15,20,150.5,3,723,"Squalicum Lake","48 deg 45 min","124 deg 49 min"
"Squalicum Lk",138,15,20,150.5,4,549,"Squalicum Lake","48 deg 45 min","124 deg 49 min"
"Squalicum Lk",138,15,20,150.5,5,379,"Squalicum Lake","48 deg 45 min","124 deg 49 min"
"Squalicum Lk",138,20,30,122.2,1,115,"Squalicum Lake","48 deg 45 min","124 deg 49 min"
"Squalicum Lk",138,20,30,122.2,2,270,"Squalicum Lake","48 deg 45 min","124 deg 49 min"
"Squalicum Lk",138,20,30,122.2,3,633,"Squalicum Lake","48 deg 45 min","124 deg 49 min"
"Squalicum Lk",138,20,30,122.2,4,505,"Squalicum Lake","48 deg 45 min","124 deg 49 min"
"Squalicum Lk",138,20,30,122.2,5,220,"Squalicum Lake","48 deg 45 min","124 deg 49 min"
"Squalicum Lk",138,30,40,87.3,1,0,"Squalicum Lake","48 deg 45 min","124 deg 49 min"
"Squalicum Lk",138,30,40,87.3,2,66,"Squalicum Lake","48 deg 45 min","124 deg 49 min"
"Squalicum Lk",138,30,40,87.3,3,505,"Squalicum Lake","48 deg 45 min","124 deg 49 min"
"Squalicum Lk",138,30,40,87.3,4,471,"Squalicum Lake","48 deg 45 min","124 deg 49 min"
"Squalicum Lk",138,30,40,87.3,5,142,"Squalicum Lake","48 deg 45 min","124 deg 49 min"
"Squalicum Lk",138,40,50,55.3,1,0,"Squalicum Lake","48 deg 45 min","124 deg 49 min"
"Squalicum Lk",138,40,50,55.3,2,0,"Squalicum Lake","48 deg 45 min","124 deg 49 min"
"Squalicum Lk",138,40,50,55.3,3,442,"Squalicum Lake","48 deg 45 min","124 deg 49 min"
"Squalicum Lk",138,40,50,55.3,4,426,"Squalicum Lake","48 deg 45 min","124 deg 49 min"
"Squalicum Lk",138,40,50,55.3,5,54,"Squalicum Lake","48 deg 45 min","124 deg 49 min"
"Squalicum Lk",138,50,60,31,1,0,"Squalicum Lake","48 deg 45 min","124 deg 49 min"
"Squalicum Lk",138,50,60,31,2,0,"Squalicum Lake","48 deg 45 min","124 deg 49 min"
"Squalicum Lk",138,50,60,31,3,333,"Squalicum Lake","48 deg 45 min","124 deg 49 min"
"Squalicum Lk",138,50,60,31,4,320,"Squalicum Lake","48 deg 45 min","124 deg 49 min"
"Squalicum Lk",138,50,60,31,5,0,"Squalicum Lake","48 deg 45 min","124 deg 49 min"
NA,125,NA,NA,NA,NA,NA,"Stamp Falls","49 deg 20 min","124 deg 55 min"
NA,9,NA,NA,NA,NA,NA,"Stamp R","49 deg 19 min","124 deg 55 min"
NA,14,NA,NA,NA,NA,NA,"Stephens Lake","55 deg 45 min","128 deg 35 min"
NA,63,NA,NA,NA,NA,NA,"Stuart Lake","54 deg 36 min","124 deg 45 min"
"Sustut Lk",225,2,5,174.1,1,352.9,"Sustut Lake",NA,NA
"Sustut Lk",225,2,5,174.1,2,409,"Sustut Lake",NA,NA
"Sustut Lk",225,2,5,174.1,3,440.5,"Sustut Lake",NA,NA
"Sustut Lk",225,2,5,174.1,4,392.1,"Sustut Lake",NA,NA
"Sustut Lk",225,2,5,174.1,5,276.5,"Sustut Lake",NA,NA
"Sustut Lk",225,3,5,174.1,1,353.9,"Sustut Lake",NA,NA
"Sustut Lk",225,3,5,174.1,2,409,"Sustut Lake",NA,NA
"Sustut Lk",225,3,5,174.1,3,440.5,"Sustut Lake",NA,NA
"Sustut Lk",225,3,5,174.1,4,392.1,"Sustut Lake",NA,NA
"Sustut Lk",225,3,5,174.1,5,276.5,"Sustut Lake",NA,NA
"Sustut Lk",225,5,10,88.5,1,161.4,"Sustut Lake",NA,NA
"Sustut Lk",225,5,10,88.5,2,176.1,"Sustut Lake",NA,NA
"Sustut Lk",225,5,10,88.5,3,333.4,"Sustut Lake",NA,NA
"Sustut Lk",225,5,10,88.5,4,164.7,"Sustut Lake",NA,NA
"Sustut Lk",225,5,10,88.5,5,111.4,"Sustut Lake",NA,NA
"Sustut Lk",225,10,15,19.5,1,0,"Sustut Lake",NA,NA
"Sustut Lk",225,10,15,19.5,2,0,"Sustut Lake",NA,NA
"Sustut Lk",225,10,15,19.5,3,197.2,"Sustut Lake",NA,NA
"Sustut Lk",225,10,15,19.5,4,0,"Sustut Lake",NA,NA
"Sustut Lk",225,10,15,19.5,5,0,"Sustut Lake",NA,NA
"Sustut Lk",225,15,20,6,1,0,"Sustut Lake",NA,NA
"Sustut Lk",225,15,20,6,2,0,"Sustut Lake",NA,NA
"Sustut Lk",225,15,20,6,3,71.3,"Sustut Lake",NA,NA
"Sustut Lk",225,15,20,6,4,0,"Sustut Lake",NA,NA
"Sustut Lk",225,15,20,6,5,0,"Sustut Lake",NA,NA
NA,204,NA,NA,NA,NA,NA,"Swale Rock",NA,NA
"Swan Lk",13,2,5,1593,1,976,"Swan Lake","55 deg 46 min","128 deg 39 min"
"Swan Lk",13,2,5,1593,2,1658,"Swan Lake","55 deg 46 min","128 deg 39 min"
"Swan Lk",13,2,5,1593,3,1236,"Swan Lake","55 deg 46 min","128 deg 39 min"
"Swan Lk",13,2,5,1593,4,755,"Swan Lake","55 deg 46 min","128 deg 39 min"
"Swan Lk",13,2,5,1593,5,2419,"Swan Lake","55 deg 46 min","128 deg 39 min"
"Swan Lk",13,2,5,1593,6,451,"Swan Lake","55 deg 46 min","128 deg 39 min"
"Swan Lk",13,2,5,1593,7,641,"Swan Lake","55 deg 46 min","128 deg 39 min"
"Swan Lk",13,2,5,1593,8,913,"Swan Lake","55 deg 46 min","128 deg 39 min"
"Swan Lk",13,3,5,1593,1,976,"Swan Lake","55 deg 46 min","128 deg 39 min"
"Swan Lk",13,3,5,1593,2,1658,"Swan Lake","55 deg 46 min","128 deg 39 min"
"Swan Lk",13,3,5,1593,3,1236,"Swan Lake","55 deg 46 min","128 deg 39 min"
"Swan Lk",13,3,5,1593,4,755,"Swan Lake","55 deg 46 min","128 deg 39 min"
"Swan Lk",13,3,5,1593,5,2419,"Swan Lake","55 deg 46 min","128 deg 39 min"
"Swan Lk",13,3,5,1593,6,451,"Swan Lake","55 deg 46 min","128 deg 39 min"
"Swan Lk",13,3,5,1593,7,641,"Swan Lake","55 deg 46 min","128 deg 39 min"
"Swan Lk",13,3,5,1593,8,913,"Swan Lake","55 deg 46 min","128 deg 39 min"
"Swan Lk",13,5,10,1414,1,976,"Swan Lake","55 deg 46 min","128 deg 39 min"
"Swan Lk",13,5,10,1414,2,1514,"Swan Lake","55 deg 46 min","128 deg 39 min"
"Swan Lk",13,5,10,1414,3,1044,"Swan Lake","55 deg 46 min","128 deg 39 min"
"Swan Lk",13,5,10,1414,4,737,"Swan Lake","55 deg 46 min","128 deg 39 min"
"Swan Lk",13,5,10,1414,5,2419,"Swan Lake","55 deg 46 min","128 deg 39 min"
"Swan Lk",13,5,10,1414,6,451,"Swan Lake","55 deg 46 min","128 deg 39 min"
"Swan Lk",13,5,10,1414,7,572,"Swan Lake","55 deg 46 min","128 deg 39 min"
"Swan Lk",13,5,10,1414,8,747,"Swan Lake","55 deg 46 min","128 deg 39 min"
"Swan Lk",13,10,15,1190,1,953,"Swan Lake","55 deg 46 min","128 deg 39 min"
"Swan Lk",13,10,15,1190,2,1357,"Swan Lake","55 deg 46 min","128 deg 39 min"
"Swan Lk",13,10,15,1190,3,760,"Swan Lake","55 deg 46 min","128 deg 39 min"
"Swan Lk",13,10,15,1190,4,704,"Swan Lake","55 deg 46 min","128 deg 39 min"
"Swan Lk",13,10,15,1190,5,2059,"Swan Lake","55 deg 46 min","128 deg 39 min"
"Swan Lk",13,10,15,1190,6,299,"Swan Lake","55 deg 46 min","128 deg 39 min"
"Swan Lk",13,10,15,1190,7,412,"Swan Lake","55 deg 46 min","128 deg 39 min"
"Swan Lk",13,10,15,1190,8,609,"Swan Lake","55 deg 46 min","128 deg 39 min"
"Swan Lk",13,15,20,966,1,929,"Swan Lake","55 deg 46 min","128 deg 39 min"
"Swan Lk",13,15,20,966,2,1136,"Swan Lake","55 deg 46 min","128 deg 39 min"
"Swan Lk",13,15,20,966,3,557,"Swan Lake","55 deg 46 min","128 deg 39 min"
"Swan Lk",13,15,20,966,4,681,"Swan Lake","55 deg 46 min","128 deg 39 min"
"Swan Lk",13,15,20,966,5,1975,"Swan Lake","55 deg 46 min","128 deg 39 min"
"Swan Lk",13,15,20,966,6,260,"Swan Lake","55 deg 46 min","128 deg 39 min"
"Swan Lk",13,15,20,966,7,356,"Swan Lake","55 deg 46 min","128 deg 39 min"
"Swan Lk",13,15,20,966,8,435,"Swan Lake","55 deg 46 min","128 deg 39 min"
"Swan Lk",13,20,30,704,1,901,"Swan Lake","55 deg 46 min","128 deg 39 min"
"Swan Lk",13,20,30,704,2,1006,"Swan Lake","55 deg 46 min","128 deg 39 min"
"Swan Lk",13,20,30,704,3,387,"Swan Lake","55 deg 46 min","128 deg 39 min"
"Swan Lk",13,20,30,704,4,565,"Swan Lake","55 deg 46 min","128 deg 39 min"
"Swan Lk",13,20,30,704,5,1607,"Swan Lake","55 deg 46 min","128 deg 39 min"
"Swan Lk",13,20,30,704,6,114,"Swan Lake","55 deg 46 min","128 deg 39 min"
"Swan Lk",13,20,30,704,7,225,"Swan Lake","55 deg 46 min","128 deg 39 min"
"Swan Lk",13,20,30,704,8,225,"Swan Lake","55 deg 46 min","128 deg 39 min"
"Swan Lk",13,30,40,405,1,677,"Swan Lake","55 deg 46 min","128 deg 39 min"
"Swan Lk",13,30,40,405,2,721,"Swan Lake","55 deg 46 min","128 deg 39 min"
"Swan Lk",13,30,40,405,3,162,"Swan Lake","55 deg 46 min","128 deg 39 min"
"Swan Lk",13,30,40,405,4,444,"Swan Lake","55 deg 46 min","128 deg 39 min"
"Swan Lk",13,30,40,405,5,1060,"Swan Lake","55 deg 46 min","128 deg 39 min"
"Swan Lk",13,30,40,405,6,0,"Swan Lake","55 deg 46 min","128 deg 39 min"
"Swan Lk",13,30,40,405,7,140,"Swan Lake","55 deg 46 min","128 deg 39 min"
"Swan Lk",13,30,40,405,8,0,"Swan Lake","55 deg 46 min","128 deg 39 min"
"Swan Lk",13,40,50,195,1,539,"Swan Lake","55 deg 46 min","128 deg 39 min"
"Swan Lk",13,40,50,195,2,534,"Swan Lake","55 deg 46 min","128 deg 39 min"
"Swan Lk",13,40,50,195,3,30,"Swan Lake","55 deg 46 min","128 deg 39 min"
"Swan Lk",13,40,50,195,4,303,"Swan Lake","55 deg 46 min","128 deg 39 min"
"Swan Lk",13,40,50,195,5,756,"Swan Lake","55 deg 46 min","128 deg 39 min"
"Swan Lk",13,40,50,195,6,0,"Swan Lake","55 deg 46 min","128 deg 39 min"
"Swan Lk",13,40,50,195,7,0,"Swan Lake","55 deg 46 min","128 deg 39 min"
"Swan Lk",13,40,50,195,8,0,"Swan Lake","55 deg 46 min","128 deg 39 min"
"Swan Lk",13,50,60,76,1,0,"Swan Lake","55 deg 46 min","128 deg 39 min"
"Swan Lk",13,50,60,76,2,296,"Swan Lake","55 deg 46 min","128 deg 39 min"
"Swan Lk",13,50,60,76,3,0,"Swan Lake","55 deg 46 min","128 deg 39 min"
"Swan Lk",13,50,60,76,4,141,"Swan Lake","55 deg 46 min","128 deg 39 min"
"Swan Lk",13,50,60,76,5,170,"Swan Lake","55 deg 46 min","128 deg 39 min"
"Swan Lk",13,50,60,76,6,0,"Swan Lake","55 deg 46 min","128 deg 39 min"
"Swan Lk",13,50,60,76,7,0,"Swan Lake","55 deg 46 min","128 deg 39 min"
"Swan Lk",13,50,60,76,8,0,"Swan Lake","55 deg 46 min","128 deg 39 min"
NA,184,NA,NA,NA,NA,NA,"Sylvia Lake","53 deg 31 min","129 deg 38 min"
"TAHLTAN LK",64,2,5,460,1,384,"Tahltan Lake","57 deg 57 min","131 deg 37 min"
"TAHLTAN LK",64,2,5,460,2,588,"Tahltan Lake","57 deg 57 min","131 deg 37 min"
"TAHLTAN LK",64,2,5,460,3,1145,"Tahltan Lake","57 deg 57 min","131 deg 37 min"
"TAHLTAN LK",64,2,5,460,4,703,"Tahltan Lake","57 deg 57 min","131 deg 37 min"
"TAHLTAN LK",64,2,5,460,5,855,"Tahltan Lake","57 deg 57 min","131 deg 37 min"
"TAHLTAN LK",64,2,5,460,6,632,"Tahltan Lake","57 deg 57 min","131 deg 37 min"
"TAHLTAN LK",64,2,5,460,7,630,"Tahltan Lake","57 deg 57 min","131 deg 37 min"
"TAHLTAN LK",64,2,5,460,8,495,"Tahltan Lake","57 deg 57 min","131 deg 37 min"
"TAHLTAN LK",64,2,5,460,9,1054,"Tahltan Lake","57 deg 57 min","131 deg 37 min"
"TAHLTAN LK",64,2,5,460,10,612,"Tahltan Lake","57 deg 57 min","131 deg 37 min"
"TAHLTAN LK",64,2,5,460,11,1017,"Tahltan Lake","57 deg 57 min","131 deg 37 min"
"TAHLTAN LK",64,2,5,460,12,748,"Tahltan Lake","57 deg 57 min","131 deg 37 min"
"TAHLTAN LK",64,2,5,460,13,1244,"Tahltan Lake","57 deg 57 min","131 deg 37 min"
"TAHLTAN LK",64,2,5,460,14,1090,"Tahltan Lake","57 deg 57 min","131 deg 37 min"
"TAHLTAN LK",64,3,5,460,1,384,"Tahltan Lake","57 deg 57 min","131 deg 37 min"
"TAHLTAN LK",64,3,5,460,2,588,"Tahltan Lake","57 deg 57 min","131 deg 37 min"
"TAHLTAN LK",64,3,5,460,3,1145,"Tahltan Lake","57 deg 57 min","131 deg 37 min"
"TAHLTAN LK",64,3,5,460,4,703,"Tahltan Lake","57 deg 57 min","131 deg 37 min"
"TAHLTAN LK",64,3,5,460,5,855,"Tahltan Lake","57 deg 57 min","131 deg 37 min"
"TAHLTAN LK",64,3,5,460,6,632,"Tahltan Lake","57 deg 57 min","131 deg 37 min"
"TAHLTAN LK",64,3,5,460,7,630,"Tahltan Lake","57 deg 57 min","131 deg 37 min"
"TAHLTAN LK",64,3,5,460,8,495,"Tahltan Lake","57 deg 57 min","131 deg 37 min"
"TAHLTAN LK",64,3,5,460,9,1054,"Tahltan Lake","57 deg 57 min","131 deg 37 min"
"TAHLTAN LK",64,3,5,460,10,612,"Tahltan Lake","57 deg 57 min","131 deg 37 min"
"TAHLTAN LK",64,3,5,460,11,1017,"Tahltan Lake","57 deg 57 min","131 deg 37 min"
"TAHLTAN LK",64,3,5,460,12,748,"Tahltan Lake","57 deg 57 min","131 deg 37 min"
"TAHLTAN LK",64,3,5,460,13,1244,"Tahltan Lake","57 deg 57 min","131 deg 37 min"
"TAHLTAN LK",64,3,5,460,14,1090,"Tahltan Lake","57 deg 57 min","131 deg 37 min"
"TAHLTAN LK",64,5,10,402,1,356,"Tahltan Lake","57 deg 57 min","131 deg 37 min"
"TAHLTAN LK",64,5,10,402,2,563,"Tahltan Lake","57 deg 57 min","131 deg 37 min"
"TAHLTAN LK",64,5,10,402,3,1058,"Tahltan Lake","57 deg 57 min","131 deg 37 min"
"TAHLTAN LK",64,5,10,402,4,644,"Tahltan Lake","57 deg 57 min","131 deg 37 min"
"TAHLTAN LK",64,5,10,402,5,816,"Tahltan Lake","57 deg 57 min","131 deg 37 min"
"TAHLTAN LK",64,5,10,402,6,551,"Tahltan Lake","57 deg 57 min","131 deg 37 min"
"TAHLTAN LK",64,5,10,402,7,562,"Tahltan Lake","57 deg 57 min","131 deg 37 min"
"TAHLTAN LK",64,5,10,402,8,446,"Tahltan Lake","57 deg 57 min","131 deg 37 min"
"TAHLTAN LK",64,5,10,402,9,1008,"Tahltan Lake","57 deg 57 min","131 deg 37 min"
"TAHLTAN LK",64,5,10,402,10,239,"Tahltan Lake","57 deg 57 min","131 deg 37 min"
"TAHLTAN LK",64,5,10,402,11,982,"Tahltan Lake","57 deg 57 min","131 deg 37 min"
"TAHLTAN LK",64,5,10,402,12,699,"Tahltan Lake","57 deg 57 min","131 deg 37 min"
"TAHLTAN LK",64,5,10,402,13,1201,"Tahltan Lake","57 deg 57 min","131 deg 37 min"
"TAHLTAN LK",64,5,10,402,14,1049,"Tahltan Lake","57 deg 57 min","131 deg 37 min"
"TAHLTAN LK",64,10,15,345,1,325,"Tahltan Lake","57 deg 57 min","131 deg 37 min"
"TAHLTAN LK",64,10,15,345,2,525,"Tahltan Lake","57 deg 57 min","131 deg 37 min"
"TAHLTAN LK",64,10,15,345,3,911,"Tahltan Lake","57 deg 57 min","131 deg 37 min"
"TAHLTAN LK",64,10,15,345,4,620,"Tahltan Lake","57 deg 57 min","131 deg 37 min"
"TAHLTAN LK",64,10,15,345,5,789,"Tahltan Lake","57 deg 57 min","131 deg 37 min"
"TAHLTAN LK",64,10,15,345,6,425,"Tahltan Lake","57 deg 57 min","131 deg 37 min"
"TAHLTAN LK",64,10,15,345,7,502,"Tahltan Lake","57 deg 57 min","131 deg 37 min"
"TAHLTAN LK",64,10,15,345,8,410,"Tahltan Lake","57 deg 57 min","131 deg 37 min"
"TAHLTAN LK",64,10,15,345,9,885,"Tahltan Lake","57 deg 57 min","131 deg 37 min"
"TAHLTAN LK",64,10,15,345,10,206,"Tahltan Lake","57 deg 57 min","131 deg 37 min"
"TAHLTAN LK",64,10,15,345,11,952,"Tahltan Lake","57 deg 57 min","131 deg 37 min"
"TAHLTAN LK",64,10,15,345,12,648,"Tahltan Lake","57 deg 57 min","131 deg 37 min"
"TAHLTAN LK",64,10,15,345,13,1061,"Tahltan Lake","57 deg 57 min","131 deg 37 min"
"TAHLTAN LK",64,10,15,345,14,1005,"Tahltan Lake","57 deg 57 min","131 deg 37 min"
"TAHLTAN LK",64,15,20,296,1,293,"Tahltan Lake","57 deg 57 min","131 deg 37 min"
"TAHLTAN LK",64,15,20,296,2,502,"Tahltan Lake","57 deg 57 min","131 deg 37 min"
"TAHLTAN LK",64,15,20,296,3,880,"Tahltan Lake","57 deg 57 min","131 deg 37 min"
"TAHLTAN LK",64,15,20,296,4,581,"Tahltan Lake","57 deg 57 min","131 deg 37 min"
"TAHLTAN LK",64,15,20,296,5,542,"Tahltan Lake","57 deg 57 min","131 deg 37 min"
"TAHLTAN LK",64,15,20,296,6,400,"Tahltan Lake","57 deg 57 min","131 deg 37 min"
"TAHLTAN LK",64,15,20,296,7,450,"Tahltan Lake","57 deg 57 min","131 deg 37 min"
"TAHLTAN LK",64,15,20,296,8,342,"Tahltan Lake","57 deg 57 min","131 deg 37 min"
"TAHLTAN LK",64,15,20,296,9,735,"Tahltan Lake","57 deg 57 min","131 deg 37 min"
"TAHLTAN LK",64,15,20,296,10,0,"Tahltan Lake","57 deg 57 min","131 deg 37 min"
"TAHLTAN LK",64,15,20,296,11,933,"Tahltan Lake","57 deg 57 min","131 deg 37 min"
"TAHLTAN LK",64,15,20,296,12,627,"Tahltan Lake","57 deg 57 min","131 deg 37 min"
"TAHLTAN LK",64,15,20,296,13,955,"Tahltan Lake","57 deg 57 min","131 deg 37 min"
"TAHLTAN LK",64,15,20,296,14,0,"Tahltan Lake","57 deg 57 min","131 deg 37 min"
"TAHLTAN LK",64,20,30,235,1,259,"Tahltan Lake","57 deg 57 min","131 deg 37 min"
"TAHLTAN LK",64,20,30,235,2,462,"Tahltan Lake","57 deg 57 min","131 deg 37 min"
"TAHLTAN LK",64,20,30,235,3,826,"Tahltan Lake","57 deg 57 min","131 deg 37 min"
"TAHLTAN LK",64,20,30,235,4,545,"Tahltan Lake","57 deg 57 min","131 deg 37 min"
"TAHLTAN LK",64,20,30,235,5,436,"Tahltan Lake","57 deg 57 min","131 deg 37 min"
"TAHLTAN LK",64,20,30,235,6,0,"Tahltan Lake","57 deg 57 min","131 deg 37 min"
"TAHLTAN LK",64,20,30,235,7,0,"Tahltan Lake","57 deg 57 min","131 deg 37 min"
"TAHLTAN LK",64,20,30,235,8,0,"Tahltan Lake","57 deg 57 min","131 deg 37 min"
"TAHLTAN LK",64,20,30,235,9,0,"Tahltan Lake","57 deg 57 min","131 deg 37 min"
"TAHLTAN LK",64,20,30,235,10,0,"Tahltan Lake","57 deg 57 min","131 deg 37 min"
"TAHLTAN LK",64,20,30,235,11,789,"Tahltan Lake","57 deg 57 min","131 deg 37 min"
"TAHLTAN LK",64,20,30,235,12,593,"Tahltan Lake","57 deg 57 min","131 deg 37 min"
"TAHLTAN LK",64,20,30,235,13,825,"Tahltan Lake","57 deg 57 min","131 deg 37 min"
"TAHLTAN LK",64,20,30,235,14,0,"Tahltan Lake","57 deg 57 min","131 deg 37 min"
"TAHLTAN LK",64,30,40,144,1,204,"Tahltan Lake","57 deg 57 min","131 deg 37 min"
"TAHLTAN LK",64,30,40,144,2,0,"Tahltan Lake","57 deg 57 min","131 deg 37 min"
"TAHLTAN LK",64,30,40,144,3,593,"Tahltan Lake","57 deg 57 min","131 deg 37 min"
"TAHLTAN LK",64,30,40,144,4,479,"Tahltan Lake","57 deg 57 min","131 deg 37 min"
"TAHLTAN LK",64,30,40,144,5,345,"Tahltan Lake","57 deg 57 min","131 deg 37 min"
"TAHLTAN LK",64,30,40,144,6,0,"Tahltan Lake","57 deg 57 min","131 deg 37 min"
"TAHLTAN LK",64,30,40,144,7,0,"Tahltan Lake","57 deg 57 min","131 deg 37 min"
"TAHLTAN LK",64,30,40,144,8,0,"Tahltan Lake","57 deg 57 min","131 deg 37 min"
"TAHLTAN LK",64,30,40,144,9,0,"Tahltan Lake","57 deg 57 min","131 deg 37 min"
"TAHLTAN LK",64,30,40,144,10,0,"Tahltan Lake","57 deg 57 min","131 deg 37 min"
"TAHLTAN LK",64,30,40,144,11,204,"Tahltan Lake","57 deg 57 min","131 deg 37 min"
"TAHLTAN LK",64,30,40,144,12,475,"Tahltan Lake","57 deg 57 min","131 deg 37 min"
"TAHLTAN LK",64,30,40,144,13,429,"Tahltan Lake","57 deg 57 min","131 deg 37 min"
"TAHLTAN LK",64,30,40,144,14,0,"Tahltan Lake","57 deg 57 min","131 deg 37 min"
"Takla Lk",65,2,5,26999,1,914,"Takla Lake","55 deg 23 min","125 deg 50 min"
"Takla Lk",65,2,5,26999,2,1189,"Takla Lake","55 deg 23 min","125 deg 50 min"
"Takla Lk",65,2,5,26999,3,2377,"Takla Lake","55 deg 23 min","125 deg 50 min"
"Takla Lk",65,2,5,26999,4,2057,"Takla Lake","55 deg 23 min","125 deg 50 min"
"Takla Lk",65,2,5,26999,5,1417,"Takla Lake","55 deg 23 min","125 deg 50 min"
"Takla Lk",65,2,5,26999,6,732,"Takla Lake","55 deg 23 min","125 deg 50 min"
"Takla Lk",65,2,5,26999,7,1737,"Takla Lake","55 deg 23 min","125 deg 50 min"
"Takla Lk",65,2,5,26999,8,2423,"Takla Lake","55 deg 23 min","125 deg 50 min"
"Takla Lk",65,2,5,26999,9,2240,"Takla Lake","55 deg 23 min","125 deg 50 min"
"Takla Lk",65,2,5,26999,10,2423,"Takla Lake","55 deg 23 min","125 deg 50 min"
"Takla Lk",65,2,5,26999,11,2652,"Takla Lake","55 deg 23 min","125 deg 50 min"
"Takla Lk",65,2,5,26999,12,1509,"Takla Lake","55 deg 23 min","125 deg 50 min"
"Takla Lk",65,2,5,26999,13,2972,"Takla Lake","55 deg 23 min","125 deg 50 min"
"Takla Lk",65,3,5,26999,1,914,"Takla Lake","55 deg 23 min","125 deg 50 min"
"Takla Lk",65,3,5,26999,2,1189,"Takla Lake","55 deg 23 min","125 deg 50 min"
"Takla Lk",65,3,5,26999,3,2377,"Takla Lake","55 deg 23 min","125 deg 50 min"
"Takla Lk",65,3,5,26999,4,2057,"Takla Lake","55 deg 23 min","125 deg 50 min"
"Takla Lk",65,3,5,26999,5,1417,"Takla Lake","55 deg 23 min","125 deg 50 min"
"Takla Lk",65,3,5,26999,6,732,"Takla Lake","55 deg 23 min","125 deg 50 min"
"Takla Lk",65,3,5,26999,7,1737,"Takla Lake","55 deg 23 min","125 deg 50 min"
"Takla Lk",65,3,5,26999,8,2423,"Takla Lake","55 deg 23 min","125 deg 50 min"
"Takla Lk",65,3,5,26999,9,2240,"Takla Lake","55 deg 23 min","125 deg 50 min"
"Takla Lk",65,3,5,26999,10,2423,"Takla Lake","55 deg 23 min","125 deg 50 min"
"Takla Lk",65,3,5,26999,11,2652,"Takla Lake","55 deg 23 min","125 deg 50 min"
"Takla Lk",65,3,5,26999,12,1509,"Takla Lake","55 deg 23 min","125 deg 50 min"
"Takla Lk",65,3,5,26999,13,2972,"Takla Lake","55 deg 23 min","125 deg 50 min"
"Takla Lk",65,5,10,26240,1,812,"Takla Lake","55 deg 23 min","125 deg 50 min"
"Takla Lk",65,5,10,26240,2,991,"Takla Lake","55 deg 23 min","125 deg 50 min"
"Takla Lk",65,5,10,26240,3,2356,"Takla Lake","55 deg 23 min","125 deg 50 min"
"Takla Lk",65,5,10,26240,4,1939,"Takla Lake","55 deg 23 min","125 deg 50 min"
"Takla Lk",65,5,10,26240,5,1382,"Takla Lake","55 deg 23 min","125 deg 50 min"
"Takla Lk",65,5,10,26240,6,695,"Takla Lake","55 deg 23 min","125 deg 50 min"
"Takla Lk",65,5,10,26240,7,1663,"Takla Lake","55 deg 23 min","125 deg 50 min"
"Takla Lk",65,5,10,26240,8,2375,"Takla Lake","55 deg 23 min","125 deg 50 min"
"Takla Lk",65,5,10,26240,9,2210,"Takla Lake","55 deg 23 min","125 deg 50 min"
"Takla Lk",65,5,10,26240,10,2420,"Takla Lake","55 deg 23 min","125 deg 50 min"
"Takla Lk",65,5,10,26240,11,2587,"Takla Lake","55 deg 23 min","125 deg 50 min"
"Takla Lk",65,5,10,26240,12,1490,"Takla Lake","55 deg 23 min","125 deg 50 min"
"Takla Lk",65,5,10,26240,13,2882,"Takla Lake","55 deg 23 min","125 deg 50 min"
"Takla Lk",65,10,15,25481,1,736,"Takla Lake","55 deg 23 min","125 deg 50 min"
"Takla Lk",65,10,15,25481,2,927,"Takla Lake","55 deg 23 min","125 deg 50 min"
"Takla Lk",65,10,15,25481,3,2330,"Takla Lake","55 deg 23 min","125 deg 50 min"
"Takla Lk",65,10,15,25481,4,1908,"Takla Lake","55 deg 23 min","125 deg 50 min"
"Takla Lk",65,10,15,25481,5,1359,"Takla Lake","55 deg 23 min","125 deg 50 min"
"Takla Lk",65,10,15,25481,6,673,"Takla Lake","55 deg 23 min","125 deg 50 min"
"Takla Lk",65,10,15,25481,7,1634,"Takla Lake","55 deg 23 min","125 deg 50 min"
"Takla Lk",65,10,15,25481,8,2334,"Takla Lake","55 deg 23 min","125 deg 50 min"
"Takla Lk",65,10,15,25481,9,2170,"Takla Lake","55 deg 23 min","125 deg 50 min"
"Takla Lk",65,10,15,25481,10,2413,"Takla Lake","55 deg 23 min","125 deg 50 min"
"Takla Lk",65,10,15,25481,11,2561,"Takla Lake","55 deg 23 min","125 deg 50 min"
"Takla Lk",65,10,15,25481,12,1479,"Takla Lake","55 deg 23 min","125 deg 50 min"
"Takla Lk",65,10,15,25481,13,2847,"Takla Lake","55 deg 23 min","125 deg 50 min"
"Takla Lk",65,15,20,24723,1,695,"Takla Lake","55 deg 23 min","125 deg 50 min"
"Takla Lk",65,15,20,24723,2,884,"Takla Lake","55 deg 23 min","125 deg 50 min"
"Takla Lk",65,15,20,24723,3,2310,"Takla Lake","55 deg 23 min","125 deg 50 min"
"Takla Lk",65,15,20,24723,4,1886,"Takla Lake","55 deg 23 min","125 deg 50 min"
"Takla Lk",65,15,20,24723,5,1317,"Takla Lake","55 deg 23 min","125 deg 50 min"
"Takla Lk",65,15,20,24723,6,651,"Takla Lake","55 deg 23 min","125 deg 50 min"
"Takla Lk",65,15,20,24723,7,1606,"Takla Lake","55 deg 23 min","125 deg 50 min"
"Takla Lk",65,15,20,24723,8,2299,"Takla Lake","55 deg 23 min","125 deg 50 min"
"Takla Lk",65,15,20,24723,9,2131,"Takla Lake","55 deg 23 min","125 deg 50 min"
"Takla Lk",65,15,20,24723,10,2392,"Takla Lake","55 deg 23 min","125 deg 50 min"
"Takla Lk",65,15,20,24723,11,2527,"Takla Lake","55 deg 23 min","125 deg 50 min"
"Takla Lk",65,15,20,24723,12,1469,"Takla Lake","55 deg 23 min","125 deg 50 min"
"Takla Lk",65,15,20,24723,13,2780,"Takla Lake","55 deg 23 min","125 deg 50 min"
"Takla Lk",65,20,30,23585,1,638,"Takla Lake","55 deg 23 min","125 deg 50 min"
"Takla Lk",65,20,30,23585,2,832,"Takla Lake","55 deg 23 min","125 deg 50 min"
"Takla Lk",65,20,30,23585,3,2274,"Takla Lake","55 deg 23 min","125 deg 50 min"
"Takla Lk",65,20,30,23585,4,1844,"Takla Lake","55 deg 23 min","125 deg 50 min"
"Takla Lk",65,20,30,23585,5,1177,"Takla Lake","55 deg 23 min","125 deg 50 min"
"Takla Lk",65,20,30,23585,6,624,"Takla Lake","55 deg 23 min","125 deg 50 min"
"Takla Lk",65,20,30,23585,7,1555,"Takla Lake","55 deg 23 min","125 deg 50 min"
"Takla Lk",65,20,30,23585,8,2237,"Takla Lake","55 deg 23 min","125 deg 50 min"
"Takla Lk",65,20,30,23585,9,2087,"Takla Lake","55 deg 23 min","125 deg 50 min"
"Takla Lk",65,20,30,23585,10,2350,"Takla Lake","55 deg 23 min","125 deg 50 min"
"Takla Lk",65,20,30,23585,11,2498,"Takla Lake","55 deg 23 min","125 deg 50 min"
"Takla Lk",65,20,30,23585,12,1430,"Takla Lake","55 deg 23 min","125 deg 50 min"
"Takla Lk",65,20,30,23585,13,2624,"Takla Lake","55 deg 23 min","125 deg 50 min"
"Takla Lk",65,30,40,21900,1,257,"Takla Lake","55 deg 23 min","125 deg 50 min"
"Takla Lk",65,30,40,21900,2,694,"Takla Lake","55 deg 23 min","125 deg 50 min"
"Takla Lk",65,30,40,21900,3,2225,"Takla Lake","55 deg 23 min","125 deg 50 min"
"Takla Lk",65,30,40,21900,4,1794,"Takla Lake","55 deg 23 min","125 deg 50 min"
"Takla Lk",65,30,40,21900,5,1031,"Takla Lake","55 deg 23 min","125 deg 50 min"
"Takla Lk",65,30,40,21900,6,574,"Takla Lake","55 deg 23 min","125 deg 50 min"
"Takla Lk",65,30,40,21900,7,1469,"Takla Lake","55 deg 23 min","125 deg 50 min"
"Takla Lk",65,30,40,21900,8,2148,"Takla Lake","55 deg 23 min","125 deg 50 min"
"Takla Lk",65,30,40,21900,9,2027,"Takla Lake","55 deg 23 min","125 deg 50 min"
"Takla Lk",65,30,40,21900,10,2258,"Takla Lake","55 deg 23 min","125 deg 50 min"
"Takla Lk",65,30,40,21900,11,2461,"Takla Lake","55 deg 23 min","125 deg 50 min"
"Takla Lk",65,30,40,21900,12,1359,"Takla Lake","55 deg 23 min","125 deg 50 min"
"Takla Lk",65,30,40,21900,13,2232,"Takla Lake","55 deg 23 min","125 deg 50 min"
"Takla Lk",65,40,50,20402,1,151,"Takla Lake","55 deg 23 min","125 deg 50 min"
"Takla Lk",65,40,50,20402,2,507,"Takla Lake","55 deg 23 min","125 deg 50 min"
"Takla Lk",65,40,50,20402,3,2183,"Takla Lake","55 deg 23 min","125 deg 50 min"
"Takla Lk",65,40,50,20402,4,1733,"Takla Lake","55 deg 23 min","125 deg 50 min"
"Takla Lk",65,40,50,20402,5,939,"Takla Lake","55 deg 23 min","125 deg 50 min"
"Takla Lk",65,40,50,20402,6,309,"Takla Lake","55 deg 23 min","125 deg 50 min"
"Takla Lk",65,40,50,20402,7,1289,"Takla Lake","55 deg 23 min","125 deg 50 min"
"Takla Lk",65,40,50,20402,8,2065,"Takla Lake","55 deg 23 min","125 deg 50 min"
"Takla Lk",65,40,50,20402,9,1973,"Takla Lake","55 deg 23 min","125 deg 50 min"
"Takla Lk",65,40,50,20402,10,2196,"Takla Lake","55 deg 23 min","125 deg 50 min"
"Takla Lk",65,40,50,20402,11,2413,"Takla Lake","55 deg 23 min","125 deg 50 min"
"Takla Lk",65,40,50,20402,12,1309,"Takla Lake","55 deg 23 min","125 deg 50 min"
"Takla Lk",65,40,50,20402,13,1801,"Takla Lake","55 deg 23 min","125 deg 50 min"
"Takla Lk",65,50,60,18770,1,0,"Takla Lake","55 deg 23 min","125 deg 50 min"
"Takla Lk",65,50,60,18770,2,357,"Takla Lake","55 deg 23 min","125 deg 50 min"
"Takla Lk",65,50,60,18770,3,2121,"Takla Lake","55 deg 23 min","125 deg 50 min"
"Takla Lk",65,50,60,18770,4,1653,"Takla Lake","55 deg 23 min","125 deg 50 min"
"Takla Lk",65,50,60,18770,5,866,"Takla Lake","55 deg 23 min","125 deg 50 min"
"Takla Lk",65,50,60,18770,6,0,"Takla Lake","55 deg 23 min","125 deg 50 min"
"Takla Lk",65,50,60,18770,7,1139,"Takla Lake","55 deg 23 min","125 deg 50 min"
"Takla Lk",65,50,60,18770,8,1962,"Takla Lake","55 deg 23 min","125 deg 50 min"
"Takla Lk",65,50,60,18770,9,1919,"Takla Lake","55 deg 23 min","125 deg 50 min"
"Takla Lk",65,50,60,18770,10,2155,"Takla Lake","55 deg 23 min","125 deg 50 min"
"Takla Lk",65,50,60,18770,11,2356,"Takla Lake","55 deg 23 min","125 deg 50 min"
"Takla Lk",65,50,60,18770,12,1279,"Takla Lake","55 deg 23 min","125 deg 50 min"
"Takla Lk",65,50,60,18770,13,1723,"Takla Lake","55 deg 23 min","125 deg 50 min"
NA,186,NA,NA,NA,NA,NA,"Tankeeah R",NA,NA
NA,78,NA,NA,NA,NA,NA,"Taseko Lake","51 deg 15 min","123 deg 35 min"
"Tatsamenie Lk",66,2,5,1622,1,911,"Tatsamenie Lake","58 deg 20 min","132 deg 20 min"
"Tatsamenie Lk",66,2,5,1622,2,483,"Tatsamenie Lake","58 deg 20 min","132 deg 20 min"
"Tatsamenie Lk",66,2,5,1622,3,1357,"Tatsamenie Lake","58 deg 20 min","132 deg 20 min"
"Tatsamenie Lk",66,2,5,1622,4,1034,"Tatsamenie Lake","58 deg 20 min","132 deg 20 min"
"Tatsamenie Lk",66,2,5,1622,5,994,"Tatsamenie Lake","58 deg 20 min","132 deg 20 min"
"Tatsamenie Lk",66,2,5,1622,6,1035,"Tatsamenie Lake","58 deg 20 min","132 deg 20 min"
"Tatsamenie Lk",66,2,5,1622,7,701,"Tatsamenie Lake","58 deg 20 min","132 deg 20 min"
"Tatsamenie Lk",66,2,5,1622,8,1000,"Tatsamenie Lake","58 deg 20 min","132 deg 20 min"
"Tatsamenie Lk",66,2,5,1622,9,1300,"Tatsamenie Lake","58 deg 20 min","132 deg 20 min"
"Tatsamenie Lk",66,2,5,1622,10,700,"Tatsamenie Lake","58 deg 20 min","132 deg 20 min"
"Tatsamenie Lk",66,2,5,1622,11,1100,"Tatsamenie Lake","58 deg 20 min","132 deg 20 min"
"Tatsamenie Lk",66,2,5,1622,12,810,"Tatsamenie Lake","58 deg 20 min","132 deg 20 min"
"Tatsamenie Lk",66,2,5,1622,13,780,"Tatsamenie Lake","58 deg 20 min","132 deg 20 min"
"Tatsamenie Lk",66,2,5,1622,14,2830,"Tatsamenie Lake","58 deg 20 min","132 deg 20 min"
"Tatsamenie Lk",66,2,5,1622,15,2680,"Tatsamenie Lake","58 deg 20 min","132 deg 20 min"
"Tatsamenie Lk",66,2,5,1622,16,2660,"Tatsamenie Lake","58 deg 20 min","132 deg 20 min"
"Tatsamenie Lk",66,3,5,1622,1,911,"Tatsamenie Lake","58 deg 20 min","132 deg 20 min"
"Tatsamenie Lk",66,3,5,1622,2,483,"Tatsamenie Lake","58 deg 20 min","132 deg 20 min"
"Tatsamenie Lk",66,3,5,1622,3,1357,"Tatsamenie Lake","58 deg 20 min","132 deg 20 min"
"Tatsamenie Lk",66,3,5,1622,4,1034,"Tatsamenie Lake","58 deg 20 min","132 deg 20 min"
"Tatsamenie Lk",66,3,5,1622,5,994,"Tatsamenie Lake","58 deg 20 min","132 deg 20 min"
"Tatsamenie Lk",66,3,5,1622,6,1035,"Tatsamenie Lake","58 deg 20 min","132 deg 20 min"
"Tatsamenie Lk",66,3,5,1622,7,701,"Tatsamenie Lake","58 deg 20 min","132 deg 20 min"
"Tatsamenie Lk",66,3,5,1622,8,1000,"Tatsamenie Lake","58 deg 20 min","132 deg 20 min"
"Tatsamenie Lk",66,3,5,1622,9,1300,"Tatsamenie Lake","58 deg 20 min","132 deg 20 min"
"Tatsamenie Lk",66,3,5,1622,10,700,"Tatsamenie Lake","58 deg 20 min","132 deg 20 min"
"Tatsamenie Lk",66,3,5,1622,11,1100,"Tatsamenie Lake","58 deg 20 min","132 deg 20 min"
"Tatsamenie Lk",66,3,5,1622,12,810,"Tatsamenie Lake","58 deg 20 min","132 deg 20 min"
"Tatsamenie Lk",66,3,5,1622,13,780,"Tatsamenie Lake","58 deg 20 min","132 deg 20 min"
"Tatsamenie Lk",66,3,5,1622,14,2811,"Tatsamenie Lake","58 deg 20 min","132 deg 20 min"
"Tatsamenie Lk",66,3,5,1622,15,2604,"Tatsamenie Lake","58 deg 20 min","132 deg 20 min"
"Tatsamenie Lk",66,3,5,1622,16,2660,"Tatsamenie Lake","58 deg 20 min","132 deg 20 min"
"Tatsamenie Lk",66,5,10,1508,1,898,"Tatsamenie Lake","58 deg 20 min","132 deg 20 min"
"Tatsamenie Lk",66,5,10,1508,2,458,"Tatsamenie Lake","58 deg 20 min","132 deg 20 min"
"Tatsamenie Lk",66,5,10,1508,3,1305,"Tatsamenie Lake","58 deg 20 min","132 deg 20 min"
"Tatsamenie Lk",66,5,10,1508,4,1001,"Tatsamenie Lake","58 deg 20 min","132 deg 20 min"
"Tatsamenie Lk",66,5,10,1508,5,961,"Tatsamenie Lake","58 deg 20 min","132 deg 20 min"
"Tatsamenie Lk",66,5,10,1508,6,1015,"Tatsamenie Lake","58 deg 20 min","132 deg 20 min"
"Tatsamenie Lk",66,5,10,1508,7,678,"Tatsamenie Lake","58 deg 20 min","132 deg 20 min"
"Tatsamenie Lk",66,5,10,1508,8,987,"Tatsamenie Lake","58 deg 20 min","132 deg 20 min"
"Tatsamenie Lk",66,5,10,1508,9,1256,"Tatsamenie Lake","58 deg 20 min","132 deg 20 min"
"Tatsamenie Lk",66,5,10,1508,10,700,"Tatsamenie Lake","58 deg 20 min","132 deg 20 min"
"Tatsamenie Lk",66,5,10,1508,11,1100,"Tatsamenie Lake","58 deg 20 min","132 deg 20 min"
"Tatsamenie Lk",66,5,10,1508,12,810,"Tatsamenie Lake","58 deg 20 min","132 deg 20 min"
"Tatsamenie Lk",66,5,10,1508,13,755,"Tatsamenie Lake","58 deg 20 min","132 deg 20 min"
"Tatsamenie Lk",66,5,10,1508,14,2801,"Tatsamenie Lake","58 deg 20 min","132 deg 20 min"
"Tatsamenie Lk",66,5,10,1508,15,2528,"Tatsamenie Lake","58 deg 20 min","132 deg 20 min"
"Tatsamenie Lk",66,5,10,1508,16,2501,"Tatsamenie Lake","58 deg 20 min","132 deg 20 min"
"Tatsamenie Lk",66,10,15,1410,1,887,"Tatsamenie Lake","58 deg 20 min","132 deg 20 min"
"Tatsamenie Lk",66,10,15,1410,2,435,"Tatsamenie Lake","58 deg 20 min","132 deg 20 min"
"Tatsamenie Lk",66,10,15,1410,3,1260,"Tatsamenie Lake","58 deg 20 min","132 deg 20 min"
"Tatsamenie Lk",66,10,15,1410,4,965,"Tatsamenie Lake","58 deg 20 min","132 deg 20 min"
"Tatsamenie Lk",66,10,15,1410,5,941,"Tatsamenie Lake","58 deg 20 min","132 deg 20 min"
"Tatsamenie Lk",66,10,15,1410,6,989,"Tatsamenie Lake","58 deg 20 min","132 deg 20 min"
"Tatsamenie Lk",66,10,15,1410,7,646,"Tatsamenie Lake","58 deg 20 min","132 deg 20 min"
"Tatsamenie Lk",66,10,15,1410,8,962,"Tatsamenie Lake","58 deg 20 min","132 deg 20 min"
"Tatsamenie Lk",66,10,15,1410,9,1194,"Tatsamenie Lake","58 deg 20 min","132 deg 20 min"
"Tatsamenie Lk",66,10,15,1410,10,688,"Tatsamenie Lake","58 deg 20 min","132 deg 20 min"
"Tatsamenie Lk",66,10,15,1410,11,999,"Tatsamenie Lake","58 deg 20 min","132 deg 20 min"
"Tatsamenie Lk",66,10,15,1410,12,769,"Tatsamenie Lake","58 deg 20 min","132 deg 20 min"
"Tatsamenie Lk",66,10,15,1410,13,684,"Tatsamenie Lake","58 deg 20 min","132 deg 20 min"
"Tatsamenie Lk",66,10,15,1410,14,2792,"Tatsamenie Lake","58 deg 20 min","132 deg 20 min"
"Tatsamenie Lk",66,10,15,1410,15,2375,"Tatsamenie Lake","58 deg 20 min","132 deg 20 min"
"Tatsamenie Lk",66,10,15,1410,16,2451,"Tatsamenie Lake","58 deg 20 min","132 deg 20 min"
"Tatsamenie Lk",66,15,20,1326,1,865,"Tatsamenie Lake","58 deg 20 min","132 deg 20 min"
"Tatsamenie Lk",66,15,20,1326,2,413,"Tatsamenie Lake","58 deg 20 min","132 deg 20 min"
"Tatsamenie Lk",66,15,20,1326,3,1094,"Tatsamenie Lake","58 deg 20 min","132 deg 20 min"
"Tatsamenie Lk",66,15,20,1326,4,934,"Tatsamenie Lake","58 deg 20 min","132 deg 20 min"
"Tatsamenie Lk",66,15,20,1326,5,919,"Tatsamenie Lake","58 deg 20 min","132 deg 20 min"
"Tatsamenie Lk",66,15,20,1326,6,965,"Tatsamenie Lake","58 deg 20 min","132 deg 20 min"
"Tatsamenie Lk",66,15,20,1326,7,609,"Tatsamenie Lake","58 deg 20 min","132 deg 20 min"
"Tatsamenie Lk",66,15,20,1326,8,927,"Tatsamenie Lake","58 deg 20 min","132 deg 20 min"
"Tatsamenie Lk",66,15,20,1326,9,1125,"Tatsamenie Lake","58 deg 20 min","132 deg 20 min"
"Tatsamenie Lk",66,15,20,1326,10,649,"Tatsamenie Lake","58 deg 20 min","132 deg 20 min"
"Tatsamenie Lk",66,15,20,1326,11,896,"Tatsamenie Lake","58 deg 20 min","132 deg 20 min"
"Tatsamenie Lk",66,15,20,1326,12,739,"Tatsamenie Lake","58 deg 20 min","132 deg 20 min"
"Tatsamenie Lk",66,15,20,1326,13,640,"Tatsamenie Lake","58 deg 20 min","132 deg 20 min"
"Tatsamenie Lk",66,15,20,1326,14,2706,"Tatsamenie Lake","58 deg 20 min","132 deg 20 min"
"Tatsamenie Lk",66,15,20,1326,15,2299,"Tatsamenie Lake","58 deg 20 min","132 deg 20 min"
"Tatsamenie Lk",66,15,20,1326,16,2392,"Tatsamenie Lake","58 deg 20 min","132 deg 20 min"
"Tatsamenie Lk",66,20,30,1198,1,825,"Tatsamenie Lake","58 deg 20 min","132 deg 20 min"
"Tatsamenie Lk",66,20,30,1198,2,382,"Tatsamenie Lake","58 deg 20 min","132 deg 20 min"
"Tatsamenie Lk",66,20,30,1198,3,935,"Tatsamenie Lake","58 deg 20 min","132 deg 20 min"
"Tatsamenie Lk",66,20,30,1198,4,889,"Tatsamenie Lake","58 deg 20 min","132 deg 20 min"
"Tatsamenie Lk",66,20,30,1198,5,886,"Tatsamenie Lake","58 deg 20 min","132 deg 20 min"
"Tatsamenie Lk",66,20,30,1198,6,914,"Tatsamenie Lake","58 deg 20 min","132 deg 20 min"
"Tatsamenie Lk",66,20,30,1198,7,532,"Tatsamenie Lake","58 deg 20 min","132 deg 20 min"
"Tatsamenie Lk",66,20,30,1198,8,877,"Tatsamenie Lake","58 deg 20 min","132 deg 20 min"
"Tatsamenie Lk",66,20,30,1198,9,1013,"Tatsamenie Lake","58 deg 20 min","132 deg 20 min"
"Tatsamenie Lk",66,20,30,1198,10,590,"Tatsamenie Lake","58 deg 20 min","132 deg 20 min"
"Tatsamenie Lk",66,20,30,1198,11,808,"Tatsamenie Lake","58 deg 20 min","132 deg 20 min"
"Tatsamenie Lk",66,20,30,1198,12,714,"Tatsamenie Lake","58 deg 20 min","132 deg 20 min"
"Tatsamenie Lk",66,20,30,1198,13,502,"Tatsamenie Lake","58 deg 20 min","132 deg 20 min"
"Tatsamenie Lk",66,20,30,1198,14,2624,"Tatsamenie Lake","58 deg 20 min","132 deg 20 min"
"Tatsamenie Lk",66,20,30,1198,15,2139,"Tatsamenie Lake","58 deg 20 min","132 deg 20 min"
"Tatsamenie Lk",66,20,30,1198,16,2287,"Tatsamenie Lake","58 deg 20 min","132 deg 20 min"
"Tatsamenie Lk",66,30,40,1048,1,781,"Tatsamenie Lake","58 deg 20 min","132 deg 20 min"
"Tatsamenie Lk",66,30,40,1048,2,337,"Tatsamenie Lake","58 deg 20 min","132 deg 20 min"
"Tatsamenie Lk",66,30,40,1048,3,779,"Tatsamenie Lake","58 deg 20 min","132 deg 20 min"
"Tatsamenie Lk",66,30,40,1048,4,772,"Tatsamenie Lake","58 deg 20 min","132 deg 20 min"
"Tatsamenie Lk",66,30,40,1048,5,830,"Tatsamenie Lake","58 deg 20 min","132 deg 20 min"
"Tatsamenie Lk",66,30,40,1048,6,854,"Tatsamenie Lake","58 deg 20 min","132 deg 20 min"
"Tatsamenie Lk",66,30,40,1048,7,310,"Tatsamenie Lake","58 deg 20 min","132 deg 20 min"
"Tatsamenie Lk",66,30,40,1048,8,826,"Tatsamenie Lake","58 deg 20 min","132 deg 20 min"
"Tatsamenie Lk",66,30,40,1048,9,625,"Tatsamenie Lake","58 deg 20 min","132 deg 20 min"
"Tatsamenie Lk",66,30,40,1048,10,497,"Tatsamenie Lake","58 deg 20 min","132 deg 20 min"
"Tatsamenie Lk",66,30,40,1048,11,742,"Tatsamenie Lake","58 deg 20 min","132 deg 20 min"
"Tatsamenie Lk",66,30,40,1048,12,619,"Tatsamenie Lake","58 deg 20 min","132 deg 20 min"
"Tatsamenie Lk",66,30,40,1048,13,374,"Tatsamenie Lake","58 deg 20 min","132 deg 20 min"
"Tatsamenie Lk",66,30,40,1048,14,2467,"Tatsamenie Lake","58 deg 20 min","132 deg 20 min"
"Tatsamenie Lk",66,30,40,1048,15,1972,"Tatsamenie Lake","58 deg 20 min","132 deg 20 min"
"Tatsamenie Lk",66,30,40,1048,16,2103,"Tatsamenie Lake","58 deg 20 min","132 deg 20 min"
"Tatsamenie Lk",66,40,50,927,1,744,"Tatsamenie Lake","58 deg 20 min","132 deg 20 min"
"Tatsamenie Lk",66,40,50,927,2,301,"Tatsamenie Lake","58 deg 20 min","132 deg 20 min"
"Tatsamenie Lk",66,40,50,927,3,731,"Tatsamenie Lake","58 deg 20 min","132 deg 20 min"
"Tatsamenie Lk",66,40,50,927,4,710,"Tatsamenie Lake","58 deg 20 min","132 deg 20 min"
"Tatsamenie Lk",66,40,50,927,5,780,"Tatsamenie Lake","58 deg 20 min","132 deg 20 min"
"Tatsamenie Lk",66,40,50,927,6,761,"Tatsamenie Lake","58 deg 20 min","132 deg 20 min"
"Tatsamenie Lk",66,40,50,927,7,0,"Tatsamenie Lake","58 deg 20 min","132 deg 20 min"
"Tatsamenie Lk",66,40,50,927,8,774,"Tatsamenie Lake","58 deg 20 min","132 deg 20 min"
"Tatsamenie Lk",66,40,50,927,9,533,"Tatsamenie Lake","58 deg 20 min","132 deg 20 min"
"Tatsamenie Lk",66,40,50,927,10,469,"Tatsamenie Lake","58 deg 20 min","132 deg 20 min"
"Tatsamenie Lk",66,40,50,927,11,668,"Tatsamenie Lake","58 deg 20 min","132 deg 20 min"
"Tatsamenie Lk",66,40,50,927,12,531,"Tatsamenie Lake","58 deg 20 min","132 deg 20 min"
"Tatsamenie Lk",66,40,50,927,13,308,"Tatsamenie Lake","58 deg 20 min","132 deg 20 min"
"Tatsamenie Lk",66,40,50,927,14,2433,"Tatsamenie Lake","58 deg 20 min","132 deg 20 min"
"Tatsamenie Lk",66,40,50,927,15,1827,"Tatsamenie Lake","58 deg 20 min","132 deg 20 min"
"Tatsamenie Lk",66,40,50,927,16,2034,"Tatsamenie Lake","58 deg 20 min","132 deg 20 min"
"Tatsamenie Lk",66,50,60,813,1,704,"Tatsamenie Lake","58 deg 20 min","132 deg 20 min"
"Tatsamenie Lk",66,50,60,813,2,247,"Tatsamenie Lake","58 deg 20 min","132 deg 20 min"
"Tatsamenie Lk",66,50,60,813,3,649,"Tatsamenie Lake","58 deg 20 min","132 deg 20 min"
"Tatsamenie Lk",66,50,60,813,4,657,"Tatsamenie Lake","58 deg 20 min","132 deg 20 min"
"Tatsamenie Lk",66,50,60,813,5,735,"Tatsamenie Lake","58 deg 20 min","132 deg 20 min"
"Tatsamenie Lk",66,50,60,813,6,642,"Tatsamenie Lake","58 deg 20 min","132 deg 20 min"
"Tatsamenie Lk",66,50,60,813,7,0,"Tatsamenie Lake","58 deg 20 min","132 deg 20 min"
"Tatsamenie Lk",66,50,60,813,8,774,"Tatsamenie Lake","58 deg 20 min","132 deg 20 min"
"Tatsamenie Lk",66,50,60,813,9,533,"Tatsamenie Lake","58 deg 20 min","132 deg 20 min"
"Tatsamenie Lk",66,50,60,813,10,469,"Tatsamenie Lake","58 deg 20 min","132 deg 20 min"
"Tatsamenie Lk",66,50,60,813,11,668,"Tatsamenie Lake","58 deg 20 min","132 deg 20 min"
"Tatsamenie Lk",66,50,60,813,12,531,"Tatsamenie Lake","58 deg 20 min","132 deg 20 min"
"Tatsamenie Lk",66,50,60,813,13,308,"Tatsamenie Lake","58 deg 20 min","132 deg 20 min"
"Tatsamenie Lk",66,50,60,813,14,2342,"Tatsamenie Lake","58 deg 20 min","132 deg 20 min"
"Tatsamenie Lk",66,50,60,813,15,1705,"Tatsamenie Lake","58 deg 20 min","132 deg 20 min"
"Tatsamenie Lk",66,50,60,813,16,1929,"Tatsamenie Lake","58 deg 20 min","132 deg 20 min"
NA,133,NA,NA,NA,NA,NA,"Taye Lake","60 deg 56 min","136 deg 21 min"
NA,112,NA,NA,NA,NA,NA,"Toquart Lake","49 deg 05 min","125 deg 21 min"
"Trapper Lk",67,2,5,542,1,849,"Trapper Lake","58 deg 28 min","132 deg 38 min"
"Trapper Lk",67,2,5,542,2,827,"Trapper Lake","58 deg 28 min","132 deg 38 min"
"Trapper Lk",67,2,5,542,3,476,"Trapper Lake","58 deg 28 min","132 deg 38 min"
"Trapper Lk",67,2,5,542,4,1637,"Trapper Lake","58 deg 28 min","132 deg 38 min"
"Trapper Lk",67,2,5,542,5,628,"Trapper Lake","58 deg 28 min","132 deg 38 min"
"Trapper Lk",67,3,5,542,1,849,"Trapper Lake","58 deg 28 min","132 deg 38 min"
"Trapper Lk",67,3,5,542,2,827,"Trapper Lake","58 deg 28 min","132 deg 38 min"
"Trapper Lk",67,3,5,542,3,476,"Trapper Lake","58 deg 28 min","132 deg 38 min"
"Trapper Lk",67,3,5,542,4,1637,"Trapper Lake","58 deg 28 min","132 deg 38 min"
"Trapper Lk",67,3,5,542,5,628,"Trapper Lake","58 deg 28 min","132 deg 38 min"
"Trapper Lk",67,5,10,513,1,835,"Trapper Lake","58 deg 28 min","132 deg 38 min"
"Trapper Lk",67,5,10,513,2,815,"Trapper Lake","58 deg 28 min","132 deg 38 min"
"Trapper Lk",67,5,10,513,3,465,"Trapper Lake","58 deg 28 min","132 deg 38 min"
"Trapper Lk",67,5,10,513,4,1617,"Trapper Lake","58 deg 28 min","132 deg 38 min"
"Trapper Lk",67,5,10,513,5,607,"Trapper Lake","58 deg 28 min","132 deg 38 min"
"Trapper Lk",67,10,15,490,1,823,"Trapper Lake","58 deg 28 min","132 deg 38 min"
"Trapper Lk",67,10,15,490,2,800,"Trapper Lake","58 deg 28 min","132 deg 38 min"
"Trapper Lk",67,10,15,490,3,460,"Trapper Lake","58 deg 28 min","132 deg 38 min"
"Trapper Lk",67,10,15,490,4,1599,"Trapper Lake","58 deg 28 min","132 deg 38 min"
"Trapper Lk",67,10,15,490,5,586,"Trapper Lake","58 deg 28 min","132 deg 38 min"
"Trapper Lk",67,15,20,472,1,818,"Trapper Lake","58 deg 28 min","132 deg 38 min"
"Trapper Lk",67,15,20,472,2,779,"Trapper Lake","58 deg 28 min","132 deg 38 min"
"Trapper Lk",67,15,20,472,3,454,"Trapper Lake","58 deg 28 min","132 deg 38 min"
"Trapper Lk",67,15,20,472,4,1568,"Trapper Lake","58 deg 28 min","132 deg 38 min"
"Trapper Lk",67,15,20,472,5,565,"Trapper Lake","58 deg 28 min","132 deg 38 min"
"Trapper Lk",67,20,30,445,1,797,"Trapper Lake","58 deg 28 min","132 deg 38 min"
"Trapper Lk",67,20,30,445,2,761,"Trapper Lake","58 deg 28 min","132 deg 38 min"
"Trapper Lk",67,20,30,445,3,439,"Trapper Lake","58 deg 28 min","132 deg 38 min"
"Trapper Lk",67,20,30,445,4,1462,"Trapper Lake","58 deg 28 min","132 deg 38 min"
"Trapper Lk",67,20,30,445,5,527,"Trapper Lake","58 deg 28 min","132 deg 38 min"
"Trapper Lk",67,30,40,410,1,763,"Trapper Lake","58 deg 28 min","132 deg 38 min"
"Trapper Lk",67,30,40,410,2,731,"Trapper Lake","58 deg 28 min","132 deg 38 min"
"Trapper Lk",67,30,40,410,3,423,"Trapper Lake","58 deg 28 min","132 deg 38 min"
"Trapper Lk",67,30,40,410,4,1410,"Trapper Lake","58 deg 28 min","132 deg 38 min"
"Trapper Lk",67,30,40,410,5,485,"Trapper Lake","58 deg 28 min","132 deg 38 min"
"Trapper Lk",67,40,50,374,1,751,"Trapper Lake","58 deg 28 min","132 deg 38 min"
"Trapper Lk",67,40,50,374,2,704,"Trapper Lake","58 deg 28 min","132 deg 38 min"
"Trapper Lk",67,40,50,374,3,396,"Trapper Lake","58 deg 28 min","132 deg 38 min"
"Trapper Lk",67,40,50,374,4,1286,"Trapper Lake","58 deg 28 min","132 deg 38 min"
"Trapper Lk",67,40,50,374,5,412,"Trapper Lake","58 deg 28 min","132 deg 38 min"
"Trapper Lk",67,50,60,312,1,720,"Trapper Lake","58 deg 28 min","132 deg 38 min"
"Trapper Lk",67,50,60,312,2,774,"Trapper Lake","58 deg 28 min","132 deg 38 min"
"Trapper Lk",67,50,60,312,3,383,"Trapper Lake","58 deg 28 min","132 deg 38 min"
"Trapper Lk",67,50,60,312,4,1111,"Trapper Lake","58 deg 28 min","132 deg 38 min"
"Trapper Lk",67,50,60,312,5,0,"Trapper Lake","58 deg 28 min","132 deg 38 min"
NA,68,NA,NA,NA,NA,NA,"Trembleur Lake","54 deg 49 min","125 deg 09 min"
"Tsusiat Lk",137,2,5,283.3,1,556,"Tsusiat Lake","48 deg 44 min","124 deg 53 min"
"Tsusiat Lk",137,2,5,283.3,2,577,"Tsusiat Lake","48 deg 44 min","124 deg 53 min"
"Tsusiat Lk",137,2,5,283.3,3,502,"Tsusiat Lake","48 deg 44 min","124 deg 53 min"
"Tsusiat Lk",137,2,5,283.3,4,339,"Tsusiat Lake","48 deg 44 min","124 deg 53 min"
"Tsusiat Lk",137,2,5,283.3,5,672,"Tsusiat Lake","48 deg 44 min","124 deg 53 min"
"Tsusiat Lk",137,2,5,283.3,6,381,"Tsusiat Lake","48 deg 44 min","124 deg 53 min"
"Tsusiat Lk",137,2,5,283.3,7,175,"Tsusiat Lake","48 deg 44 min","124 deg 53 min"
"Tsusiat Lk",137,3,5,0,1,0,"Tsusiat Lake","48 deg 44 min","124 deg 53 min"
"Tsusiat Lk",137,3,5,0,2,0,"Tsusiat Lake","48 deg 44 min","124 deg 53 min"
"Tsusiat Lk",137,3,5,0,3,0,"Tsusiat Lake","48 deg 44 min","124 deg 53 min"
"Tsusiat Lk",137,3,5,0,4,0,"Tsusiat Lake","48 deg 44 min","124 deg 53 min"
"Tsusiat Lk",137,3,5,0,5,0,"Tsusiat Lake","48 deg 44 min","124 deg 53 min"
"Tsusiat Lk",137,3,5,0,6,0,"Tsusiat Lake","48 deg 44 min","124 deg 53 min"
"Tsusiat Lk",137,3,5,0,7,0,"Tsusiat Lake","48 deg 44 min","124 deg 53 min"
"Tsusiat Lk",137,5,10,253.8,1,495,"Tsusiat Lake","48 deg 44 min","124 deg 53 min"
"Tsusiat Lk",137,5,10,253.8,2,557,"Tsusiat Lake","48 deg 44 min","124 deg 53 min"
"Tsusiat Lk",137,5,10,253.8,3,488,"Tsusiat Lake","48 deg 44 min","124 deg 53 min"
"Tsusiat Lk",137,5,10,253.8,4,277,"Tsusiat Lake","48 deg 44 min","124 deg 53 min"
"Tsusiat Lk",137,5,10,253.8,5,455,"Tsusiat Lake","48 deg 44 min","124 deg 53 min"
"Tsusiat Lk",137,5,10,253.8,6,360,"Tsusiat Lake","48 deg 44 min","124 deg 53 min"
"Tsusiat Lk",137,5,10,253.8,7,155,"Tsusiat Lake","48 deg 44 min","124 deg 53 min"
"Tsusiat Lk",137,10,15,228.3,1,387,"Tsusiat Lake","48 deg 44 min","124 deg 53 min"
"Tsusiat Lk",137,10,15,228.3,2,498,"Tsusiat Lake","48 deg 44 min","124 deg 53 min"
"Tsusiat Lk",137,10,15,228.3,3,461,"Tsusiat Lake","48 deg 44 min","124 deg 53 min"
"Tsusiat Lk",137,10,15,228.3,4,0,"Tsusiat Lake","48 deg 44 min","124 deg 53 min"
"Tsusiat Lk",137,10,15,228.3,5,352,"Tsusiat Lake","48 deg 44 min","124 deg 53 min"
"Tsusiat Lk",137,10,15,228.3,6,314,"Tsusiat Lake","48 deg 44 min","124 deg 53 min"
"Tsusiat Lk",137,10,15,228.3,7,118,"Tsusiat Lake","48 deg 44 min","124 deg 53 min"
"Tsusiat Lk",137,15,20,194.1,1,132,"Tsusiat Lake","48 deg 44 min","124 deg 53 min"
"Tsusiat Lk",137,15,20,194.1,2,466,"Tsusiat Lake","48 deg 44 min","124 deg 53 min"
"Tsusiat Lk",137,15,20,194.1,3,436,"Tsusiat Lake","48 deg 44 min","124 deg 53 min"
"Tsusiat Lk",137,15,20,194.1,4,0,"Tsusiat Lake","48 deg 44 min","124 deg 53 min"
"Tsusiat Lk",137,15,20,194.1,5,300,"Tsusiat Lake","48 deg 44 min","124 deg 53 min"
"Tsusiat Lk",137,15,20,194.1,6,73,"Tsusiat Lake","48 deg 44 min","124 deg 53 min"
"Tsusiat Lk",137,15,20,194.1,7,0,"Tsusiat Lake","48 deg 44 min","124 deg 53 min"
"Tsusiat Lk",137,20,30,145.2,1,0,"Tsusiat Lake","48 deg 44 min","124 deg 53 min"
"Tsusiat Lk",137,20,30,145.2,2,417,"Tsusiat Lake","48 deg 44 min","124 deg 53 min"
"Tsusiat Lk",137,20,30,145.2,3,392,"Tsusiat Lake","48 deg 44 min","124 deg 53 min"
"Tsusiat Lk",137,20,30,145.2,4,0,"Tsusiat Lake","48 deg 44 min","124 deg 53 min"
"Tsusiat Lk",137,20,30,145.2,5,0,"Tsusiat Lake","48 deg 44 min","124 deg 53 min"
"Tsusiat Lk",137,20,30,145.2,6,0,"Tsusiat Lake","48 deg 44 min","124 deg 53 min"
"Tsusiat Lk",137,20,30,145.2,7,0,"Tsusiat Lake","48 deg 44 min","124 deg 53 min"
"Tsusiat Lk",137,30,40,104.9,1,0,"Tsusiat Lake","48 deg 44 min","124 deg 53 min"
"Tsusiat Lk",137,30,40,104.9,2,345,"Tsusiat Lake","48 deg 44 min","124 deg 53 min"
"Tsusiat Lk",137,30,40,104.9,3,294,"Tsusiat Lake","48 deg 44 min","124 deg 53 min"
"Tsusiat Lk",137,30,40,104.9,4,0,"Tsusiat Lake","48 deg 44 min","124 deg 53 min"
"Tsusiat Lk",137,30,40,104.9,5,0,"Tsusiat Lake","48 deg 44 min","124 deg 53 min"
"Tsusiat Lk",137,30,40,104.9,6,0,"Tsusiat Lake","48 deg 44 min","124 deg 53 min"
"Tsusiat Lk",137,30,40,104.9,7,0,"Tsusiat Lake","48 deg 44 min","124 deg 53 min"
"Tsusiat Lk",137,40,50,70.3,1,0,"Tsusiat Lake","48 deg 44 min","124 deg 53 min"
"Tsusiat Lk",137,40,50,70.3,2,0,"Tsusiat Lake","48 deg 44 min","124 deg 53 min"
"Tsusiat Lk",137,40,50,70.3,3,0,"Tsusiat Lake","48 deg 44 min","124 deg 53 min"
"Tsusiat Lk",137,40,50,70.3,4,0,"Tsusiat Lake","48 deg 44 min","124 deg 53 min"
"Tsusiat Lk",137,40,50,70.3,5,0,"Tsusiat Lake","48 deg 44 min","124 deg 53 min"
"Tsusiat Lk",137,40,50,70.3,6,0,"Tsusiat Lake","48 deg 44 min","124 deg 53 min"
"Tsusiat Lk",137,40,50,70.3,7,0,"Tsusiat Lake","48 deg 44 min","124 deg 53 min"
"Tsusiat Lk",137,50,60,33.4,1,0,"Tsusiat Lake","48 deg 44 min","124 deg 53 min"
"Tsusiat Lk",137,50,60,33.4,2,0,"Tsusiat Lake","48 deg 44 min","124 deg 53 min"
"Tsusiat Lk",137,50,60,33.4,3,0,"Tsusiat Lake","48 deg 44 min","124 deg 53 min"
"Tsusiat Lk",137,50,60,33.4,4,0,"Tsusiat Lake","48 deg 44 min","124 deg 53 min"
"Tsusiat Lk",137,50,60,33.4,5,0,"Tsusiat Lake","48 deg 44 min","124 deg 53 min"
"Tsusiat Lk",137,50,60,33.4,6,0,"Tsusiat Lake","48 deg 44 min","124 deg 53 min"
"Tsusiat Lk",137,50,60,33.4,7,0,"Tsusiat Lake","48 deg 44 min","124 deg 53 min"
"Tuya Lk",175,2,5,2948,1,1511,"Tuya Lake","59 deg 05 min","130 deg 34 min"
"Tuya Lk",175,2,5,2948,2,2191,"Tuya Lake","59 deg 05 min","130 deg 34 min"
"Tuya Lk",175,2,5,2948,3,3105,"Tuya Lake","59 deg 05 min","130 deg 34 min"
"Tuya Lk",175,2,5,2948,4,2251,"Tuya Lake","59 deg 05 min","130 deg 34 min"
"Tuya Lk",175,2,5,2948,5,2647,"Tuya Lake","59 deg 05 min","130 deg 34 min"
"Tuya Lk",175,2,5,2948,6,873,"Tuya Lake","59 deg 05 min","130 deg 34 min"
"Tuya Lk",175,2,5,2948,7,1214,"Tuya Lake","59 deg 05 min","130 deg 34 min"
"Tuya Lk",175,2,5,2948,8,1215,"Tuya Lake","59 deg 05 min","130 deg 34 min"
"Tuya Lk",175,2,5,2948,9,1779,"Tuya Lake","59 deg 05 min","130 deg 34 min"
"Tuya Lk",175,2,5,2948,10,1426,"Tuya Lake","59 deg 05 min","130 deg 34 min"
"Tuya Lk",175,3,5,2948,1,1511,"Tuya Lake","59 deg 05 min","130 deg 34 min"
"Tuya Lk",175,3,5,2948,2,2191,"Tuya Lake","59 deg 05 min","130 deg 34 min"
"Tuya Lk",175,3,5,2948,3,3105,"Tuya Lake","59 deg 05 min","130 deg 34 min"
"Tuya Lk",175,3,5,2948,4,2251,"Tuya Lake","59 deg 05 min","130 deg 34 min"
"Tuya Lk",175,3,5,2948,5,2647,"Tuya Lake","59 deg 05 min","130 deg 34 min"
"Tuya Lk",175,3,5,2948,6,873,"Tuya Lake","59 deg 05 min","130 deg 34 min"
"Tuya Lk",175,3,5,2948,7,1214,"Tuya Lake","59 deg 05 min","130 deg 34 min"
"Tuya Lk",175,3,5,2948,8,1215,"Tuya Lake","59 deg 05 min","130 deg 34 min"
"Tuya Lk",175,3,5,2948,9,1779,"Tuya Lake","59 deg 05 min","130 deg 34 min"
"Tuya Lk",175,3,5,2948,10,1426,"Tuya Lake","59 deg 05 min","130 deg 34 min"
"Tuya Lk",175,5,10,2615,1,1485,"Tuya Lake","59 deg 05 min","130 deg 34 min"
"Tuya Lk",175,5,10,2615,2,2007,"Tuya Lake","59 deg 05 min","130 deg 34 min"
"Tuya Lk",175,5,10,2615,3,3019,"Tuya Lake","59 deg 05 min","130 deg 34 min"
"Tuya Lk",175,5,10,2615,4,2181,"Tuya Lake","59 deg 05 min","130 deg 34 min"
"Tuya Lk",175,5,10,2615,5,2365,"Tuya Lake","59 deg 05 min","130 deg 34 min"
"Tuya Lk",175,5,10,2615,6,198,"Tuya Lake","59 deg 05 min","130 deg 34 min"
"Tuya Lk",175,5,10,2615,7,1173,"Tuya Lake","59 deg 05 min","130 deg 34 min"
"Tuya Lk",175,5,10,2615,8,1118,"Tuya Lake","59 deg 05 min","130 deg 34 min"
"Tuya Lk",175,5,10,2615,9,1616,"Tuya Lake","59 deg 05 min","130 deg 34 min"
"Tuya Lk",175,5,10,2615,10,1349,"Tuya Lake","59 deg 05 min","130 deg 34 min"
"Tuya Lk",175,10,15,2353,1,1448,"Tuya Lake","59 deg 05 min","130 deg 34 min"
"Tuya Lk",175,10,15,2353,2,1882,"Tuya Lake","59 deg 05 min","130 deg 34 min"
"Tuya Lk",175,10,15,2353,3,2865,"Tuya Lake","59 deg 05 min","130 deg 34 min"
"Tuya Lk",175,10,15,2353,4,1919,"Tuya Lake","59 deg 05 min","130 deg 34 min"
"Tuya Lk",175,10,15,2353,5,2162,"Tuya Lake","59 deg 05 min","130 deg 34 min"
"Tuya Lk",175,10,15,2353,6,0,"Tuya Lake","59 deg 05 min","130 deg 34 min"
"Tuya Lk",175,10,15,2353,7,1119,"Tuya Lake","59 deg 05 min","130 deg 34 min"
"Tuya Lk",175,10,15,2353,8,909,"Tuya Lake","59 deg 05 min","130 deg 34 min"
"Tuya Lk",175,10,15,2353,9,1583,"Tuya Lake","59 deg 05 min","130 deg 34 min"
"Tuya Lk",175,10,15,2353,10,1265,"Tuya Lake","59 deg 05 min","130 deg 34 min"
"Tuya Lk",175,15,20,9097,1,1375,"Tuya Lake","59 deg 05 min","130 deg 34 min"
"Tuya Lk",175,15,20,9097,2,1639,"Tuya Lake","59 deg 05 min","130 deg 34 min"
"Tuya Lk",175,15,20,9097,3,2730,"Tuya Lake","59 deg 05 min","130 deg 34 min"
"Tuya Lk",175,15,20,9097,4,1809,"Tuya Lake","59 deg 05 min","130 deg 34 min"
"Tuya Lk",175,15,20,9097,5,1976,"Tuya Lake","59 deg 05 min","130 deg 34 min"
"Tuya Lk",175,15,20,9097,6,0,"Tuya Lake","59 deg 05 min","130 deg 34 min"
"Tuya Lk",175,15,20,9097,7,1066,"Tuya Lake","59 deg 05 min","130 deg 34 min"
"Tuya Lk",175,15,20,9097,8,849,"Tuya Lake","59 deg 05 min","130 deg 34 min"
"Tuya Lk",175,15,20,9097,9,1498,"Tuya Lake","59 deg 05 min","130 deg 34 min"
"Tuya Lk",175,15,20,9097,10,1193,"Tuya Lake","59 deg 05 min","130 deg 34 min"
"Tuya Lk",175,20,30,1450,1,1110,"Tuya Lake","59 deg 05 min","130 deg 34 min"
"Tuya Lk",175,20,30,1450,2,1112,"Tuya Lake","59 deg 05 min","130 deg 34 min"
"Tuya Lk",175,20,30,1450,3,2341,"Tuya Lake","59 deg 05 min","130 deg 34 min"
"Tuya Lk",175,20,30,1450,4,1279,"Tuya Lake","59 deg 05 min","130 deg 34 min"
"Tuya Lk",175,20,30,1450,5,0,"Tuya Lake","59 deg 05 min","130 deg 34 min"
"Tuya Lk",175,20,30,1450,6,0,"Tuya Lake","59 deg 05 min","130 deg 34 min"
"Tuya Lk",175,20,30,1450,7,933,"Tuya Lake","59 deg 05 min","130 deg 34 min"
"Tuya Lk",175,20,30,1450,8,300,"Tuya Lake","59 deg 05 min","130 deg 34 min"
"Tuya Lk",175,20,30,1450,9,1136,"Tuya Lake","59 deg 05 min","130 deg 34 min"
"Tuya Lk",175,20,30,1450,10,971,"Tuya Lake","59 deg 05 min","130 deg 34 min"
"Tuya Lk",175,30,40,603,1,0,"Tuya Lake","59 deg 05 min","130 deg 34 min"
"Tuya Lk",175,30,40,603,2,857,"Tuya Lake","59 deg 05 min","130 deg 34 min"
"Tuya Lk",175,30,40,603,3,1724,"Tuya Lake","59 deg 05 min","130 deg 34 min"
"Tuya Lk",175,30,40,603,4,189,"Tuya Lake","59 deg 05 min","130 deg 34 min"
"Tuya Lk",175,30,40,603,5,0,"Tuya Lake","59 deg 05 min","130 deg 34 min"
"Tuya Lk",175,30,40,603,6,0,"Tuya Lake","59 deg 05 min","130 deg 34 min"
"Tuya Lk",175,30,40,603,7,0,"Tuya Lake","59 deg 05 min","130 deg 34 min"
"Tuya Lk",175,30,40,603,8,0,"Tuya Lake","59 deg 05 min","130 deg 34 min"
"Tuya Lk",175,30,40,603,9,635,"Tuya Lake","59 deg 05 min","130 deg 34 min"
"Tuya Lk",175,30,40,603,10,187,"Tuya Lake","59 deg 05 min","130 deg 34 min"
"Tuya Lk",175,40,50,155,1,0,"Tuya Lake","59 deg 05 min","130 deg 34 min"
"Tuya Lk",175,40,50,155,2,364,"Tuya Lake","59 deg 05 min","130 deg 34 min"
"Tuya Lk",175,40,50,155,3,0,"Tuya Lake","59 deg 05 min","130 deg 34 min"
"Tuya Lk",175,40,50,155,4,0,"Tuya Lake","59 deg 05 min","130 deg 34 min"
"Tuya Lk",175,40,50,155,5,0,"Tuya Lake","59 deg 05 min","130 deg 34 min"
"Tuya Lk",175,40,50,155,6,0,"Tuya Lake","59 deg 05 min","130 deg 34 min"
"Tuya Lk",175,40,50,155,7,0,"Tuya Lake","59 deg 05 min","130 deg 34 min"
"Tuya Lk",175,40,50,155,8,0,"Tuya Lake","59 deg 05 min","130 deg 34 min"
"Tuya Lk",175,40,50,155,9,103,"Tuya Lake","59 deg 05 min","130 deg 34 min"
"Tuya Lk",175,40,50,155,10,0,"Tuya Lake","59 deg 05 min","130 deg 34 min"
NA,104,NA,NA,NA,NA,NA,"Twin Lake","61 deg 42 min","135 deg 59 min"
NA,235,NA,NA,NA,NA,NA,"U Kennedy R M74",NA,NA
"Uchuck Lk",115,2,5,92,1,490,"Uchuck Lake","49 deg 02 min","125 deg 05 min"
"Uchuck Lk",115,2,5,92,2,617,"Uchuck Lake","49 deg 02 min","125 deg 05 min"
"Uchuck Lk",115,2,5,92,3,475,"Uchuck Lake","49 deg 02 min","125 deg 05 min"
"Uchuck Lk",115,2,5,92,4,393,"Uchuck Lake","49 deg 02 min","125 deg 05 min"
"Uchuck Lk",115,2,5,92,5,2564,"Uchuck Lake","49 deg 02 min","125 deg 05 min"
"Uchuck Lk",115,3,5,92,1,490,"Uchuck Lake","49 deg 02 min","125 deg 05 min"
"Uchuck Lk",115,3,5,92,2,617,"Uchuck Lake","49 deg 02 min","125 deg 05 min"
"Uchuck Lk",115,3,5,92,3,475,"Uchuck Lake","49 deg 02 min","125 deg 05 min"
"Uchuck Lk",115,3,5,92,4,393,"Uchuck Lake","49 deg 02 min","125 deg 05 min"
"Uchuck Lk",115,3,5,92,5,2564,"Uchuck Lake","49 deg 02 min","125 deg 05 min"
"Uchuck Lk",115,5,10,68,1,425,"Uchuck Lake","49 deg 02 min","125 deg 05 min"
"Uchuck Lk",115,5,10,68,2,587,"Uchuck Lake","49 deg 02 min","125 deg 05 min"
"Uchuck Lk",115,5,10,68,3,453,"Uchuck Lake","49 deg 02 min","125 deg 05 min"
"Uchuck Lk",115,5,10,68,4,379,"Uchuck Lake","49 deg 02 min","125 deg 05 min"
"Uchuck Lk",115,5,10,68,5,2384,"Uchuck Lake","49 deg 02 min","125 deg 05 min"
"Uchuck Lk",115,10,15,57,1,352,"Uchuck Lake","49 deg 02 min","125 deg 05 min"
"Uchuck Lk",115,10,15,57,2,562,"Uchuck Lake","49 deg 02 min","125 deg 05 min"
"Uchuck Lk",115,10,15,57,3,435,"Uchuck Lake","49 deg 02 min","125 deg 05 min"
"Uchuck Lk",115,10,15,57,4,348,"Uchuck Lake","49 deg 02 min","125 deg 05 min"
"Uchuck Lk",115,10,15,57,5,2243,"Uchuck Lake","49 deg 02 min","125 deg 05 min"
"Uchuck Lk",115,15,20,50,1,268,"Uchuck Lake","49 deg 02 min","125 deg 05 min"
"Uchuck Lk",115,15,20,50,2,537,"Uchuck Lake","49 deg 02 min","125 deg 05 min"
"Uchuck Lk",115,15,20,50,3,405,"Uchuck Lake","49 deg 02 min","125 deg 05 min"
"Uchuck Lk",115,15,20,50,4,324,"Uchuck Lake","49 deg 02 min","125 deg 05 min"
"Uchuck Lk",115,15,20,50,5,2129,"Uchuck Lake","49 deg 02 min","125 deg 05 min"
"Uchuck Lk",115,20,30,39,1,123,"Uchuck Lake","49 deg 02 min","125 deg 05 min"
"Uchuck Lk",115,20,30,39,2,491,"Uchuck Lake","49 deg 02 min","125 deg 05 min"
"Uchuck Lk",115,20,30,39,3,375,"Uchuck Lake","49 deg 02 min","125 deg 05 min"
"Uchuck Lk",115,20,30,39,4,143,"Uchuck Lake","49 deg 02 min","125 deg 05 min"
"Uchuck Lk",115,20,30,39,5,1992,"Uchuck Lake","49 deg 02 min","125 deg 05 min"
"Uchuck Lk",115,30,40,26,1,0,"Uchuck Lake","49 deg 02 min","125 deg 05 min"
"Uchuck Lk",115,30,40,26,2,398,"Uchuck Lake","49 deg 02 min","125 deg 05 min"
"Uchuck Lk",115,30,40,26,3,271,"Uchuck Lake","49 deg 02 min","125 deg 05 min"
"Uchuck Lk",115,30,40,26,4,0,"Uchuck Lake","49 deg 02 min","125 deg 05 min"
"Uchuck Lk",115,30,40,26,5,1368,"Uchuck Lake","49 deg 02 min","125 deg 05 min"
"Uchuck Lk",115,40,50,7,1,0,"Uchuck Lake","49 deg 02 min","125 deg 05 min"
"Uchuck Lk",115,40,50,7,2,252,"Uchuck Lake","49 deg 02 min","125 deg 05 min"
"Uchuck Lk",115,40,50,7,3,0,"Uchuck Lake","49 deg 02 min","125 deg 05 min"
"Uchuck Lk",115,40,50,7,4,0,"Uchuck Lake","49 deg 02 min","125 deg 05 min"
"Uchuck Lk",115,40,50,7,5,0,"Uchuck Lake","49 deg 02 min","125 deg 05 min"
NA,202,NA,NA,NA,NA,NA,"Underwood Cove",NA,NA
NA,130,NA,NA,NA,NA,NA,"Upper Mikado Lake","53 deg 28 min","129 deg 48 min"
NA,201,NA,NA,NA,NA,NA,"Vernon Bay",NA,NA
"Vernon Lk",23,2,5,810,1,626,"Vernon Lake","50 deg 62 min","126 deg 26 min"
"Vernon Lk",23,2,5,810,2,1324,"Vernon Lake","50 deg 62 min","126 deg 26 min"
"Vernon Lk",23,2,5,810,3,1111,"Vernon Lake","50 deg 62 min","126 deg 26 min"
"Vernon Lk",23,2,5,810,4,1104,"Vernon Lake","50 deg 62 min","126 deg 26 min"
"Vernon Lk",23,2,5,810,5,2100,"Vernon Lake","50 deg 62 min","126 deg 26 min"
"Vernon Lk",23,2,5,810,6,2000,"Vernon Lake","50 deg 62 min","126 deg 26 min"
"Vernon Lk",23,2,5,810,7,2200,"Vernon Lake","50 deg 62 min","126 deg 26 min"
"Vernon Lk",23,3,5,810,1,626,"Vernon Lake","50 deg 62 min","126 deg 26 min"
"Vernon Lk",23,3,5,810,2,1324,"Vernon Lake","50 deg 62 min","126 deg 26 min"
"Vernon Lk",23,3,5,810,3,1111,"Vernon Lake","50 deg 62 min","126 deg 26 min"
"Vernon Lk",23,3,5,810,4,1104,"Vernon Lake","50 deg 62 min","126 deg 26 min"
"Vernon Lk",23,3,5,810,5,2065,"Vernon Lake","50 deg 62 min","126 deg 26 min"
"Vernon Lk",23,3,5,810,6,1981,"Vernon Lake","50 deg 62 min","126 deg 26 min"
"Vernon Lk",23,3,5,810,7,2172,"Vernon Lake","50 deg 62 min","126 deg 26 min"
"Vernon Lk",23,5,10,771,1,612,"Vernon Lake","50 deg 62 min","126 deg 26 min"
"Vernon Lk",23,5,10,771,2,1313,"Vernon Lake","50 deg 62 min","126 deg 26 min"
"Vernon Lk",23,5,10,771,3,1091,"Vernon Lake","50 deg 62 min","126 deg 26 min"
"Vernon Lk",23,5,10,771,4,1066,"Vernon Lake","50 deg 62 min","126 deg 26 min"
"Vernon Lk",23,5,10,771,5,2046,"Vernon Lake","50 deg 62 min","126 deg 26 min"
"Vernon Lk",23,5,10,771,6,1973,"Vernon Lake","50 deg 62 min","126 deg 26 min"
"Vernon Lk",23,5,10,771,7,2160,"Vernon Lake","50 deg 62 min","126 deg 26 min"
"Vernon Lk",23,10,15,726,1,585,"Vernon Lake","50 deg 62 min","126 deg 26 min"
"Vernon Lk",23,10,15,726,2,1251,"Vernon Lake","50 deg 62 min","126 deg 26 min"
"Vernon Lk",23,10,15,726,3,1064,"Vernon Lake","50 deg 62 min","126 deg 26 min"
"Vernon Lk",23,10,15,726,4,1007,"Vernon Lake","50 deg 62 min","126 deg 26 min"
"Vernon Lk",23,10,15,726,5,2026,"Vernon Lake","50 deg 62 min","126 deg 26 min"
"Vernon Lk",23,10,15,726,6,1943,"Vernon Lake","50 deg 62 min","126 deg 26 min"
"Vernon Lk",23,10,15,726,7,2120,"Vernon Lake","50 deg 62 min","126 deg 26 min"
"Vernon Lk",23,15,20,682,1,563,"Vernon Lake","50 deg 62 min","126 deg 26 min"
"Vernon Lk",23,15,20,682,2,1211,"Vernon Lake","50 deg 62 min","126 deg 26 min"
"Vernon Lk",23,15,20,682,3,1032,"Vernon Lake","50 deg 62 min","126 deg 26 min"
"Vernon Lk",23,15,20,682,4,1000,"Vernon Lake","50 deg 62 min","126 deg 26 min"
"Vernon Lk",23,15,20,682,5,2007,"Vernon Lake","50 deg 62 min","126 deg 26 min"
"Vernon Lk",23,15,20,682,6,1917,"Vernon Lake","50 deg 62 min","126 deg 26 min"
"Vernon Lk",23,15,20,682,7,2088,"Vernon Lake","50 deg 62 min","126 deg 26 min"
"Vernon Lk",23,20,30,636,1,533,"Vernon Lake","50 deg 62 min","126 deg 26 min"
"Vernon Lk",23,20,30,636,2,1170,"Vernon Lake","50 deg 62 min","126 deg 26 min"
"Vernon Lk",23,20,30,636,3,991,"Vernon Lake","50 deg 62 min","126 deg 26 min"
"Vernon Lk",23,20,30,636,4,972,"Vernon Lake","50 deg 62 min","126 deg 26 min"
"Vernon Lk",23,20,30,636,5,1980,"Vernon Lake","50 deg 62 min","126 deg 26 min"
"Vernon Lk",23,20,30,636,6,1883,"Vernon Lake","50 deg 62 min","126 deg 26 min"
"Vernon Lk",23,20,30,636,7,2025,"Vernon Lake","50 deg 62 min","126 deg 26 min"
"Vernon Lk",23,30,40,583,1,472,"Vernon Lake","50 deg 62 min","126 deg 26 min"
"Vernon Lk",23,30,40,583,2,1111,"Vernon Lake","50 deg 62 min","126 deg 26 min"
"Vernon Lk",23,30,40,583,3,944,"Vernon Lake","50 deg 62 min","126 deg 26 min"
"Vernon Lk",23,30,40,583,4,913,"Vernon Lake","50 deg 62 min","126 deg 26 min"
"Vernon Lk",23,30,40,583,5,1938,"Vernon Lake","50 deg 62 min","126 deg 26 min"
"Vernon Lk",23,30,40,583,6,1681,"Vernon Lake","50 deg 62 min","126 deg 26 min"
"Vernon Lk",23,30,40,583,7,1790,"Vernon Lake","50 deg 62 min","126 deg 26 min"
"Vernon Lk",23,40,50,527,1,404,"Vernon Lake","50 deg 62 min","126 deg 26 min"
"Vernon Lk",23,40,50,527,2,1049,"Vernon Lake","50 deg 62 min","126 deg 26 min"
"Vernon Lk",23,40,50,527,3,895,"Vernon Lake","50 deg 62 min","126 deg 26 min"
"Vernon Lk",23,40,50,527,4,674,"Vernon Lake","50 deg 62 min","126 deg 26 min"
"Vernon Lk",23,40,50,527,5,1710,"Vernon Lake","50 deg 62 min","126 deg 26 min"
"Vernon Lk",23,40,50,527,6,1617,"Vernon Lake","50 deg 62 min","126 deg 26 min"
"Vernon Lk",23,40,50,527,7,1663,"Vernon Lake","50 deg 62 min","126 deg 26 min"
"Vernon Lk",23,50,60,427,1,288,"Vernon Lake","50 deg 62 min","126 deg 26 min"
"Vernon Lk",23,50,60,427,2,982,"Vernon Lake","50 deg 62 min","126 deg 26 min"
"Vernon Lk",23,50,60,427,3,833,"Vernon Lake","50 deg 62 min","126 deg 26 min"
"Vernon Lk",23,50,60,427,4,601,"Vernon Lake","50 deg 62 min","126 deg 26 min"
"Vernon Lk",23,50,60,427,5,1618,"Vernon Lake","50 deg 62 min","126 deg 26 min"
"Vernon Lk",23,50,60,427,6,1530,"Vernon Lake","50 deg 62 min","126 deg 26 min"
"Vernon Lk",23,50,60,427,7,1501,"Vernon Lake","50 deg 62 min","126 deg 26 min"
"Village Bay_2005",253,2,5,322,1,400,"Village Bay_2005",NA,NA
"Village Bay_2005",253,2,5,322,2,400,"Village Bay_2005",NA,NA
"Village Bay_2005",253,2,5,322,3,700,"Village Bay_2005",NA,NA
"Village Bay_2005",253,2,5,322,4,1400,"Village Bay_2005",NA,NA
"Village Bay_2005",253,2,5,322,5,1400,"Village Bay_2005",NA,NA
"Village Bay_2005",253,2,5,322,6,700,"Village Bay_2005",NA,NA
"Village Bay_2005",253,2,5,322,7,600,"Village Bay_2005",NA,NA
"Village Bay_2005",253,2,5,322,8,700,"Village Bay_2005",NA,NA
"Village Bay_2005",253,2,5,322,9,400,"Village Bay_2005",NA,NA
"Village Bay_2005",253,2,5,322,10,400,"Village Bay_2005",NA,NA
"Village Bay_2005",253,3,5,322,1,400,"Village Bay_2005",NA,NA
"Village Bay_2005",253,3,5,322,2,400,"Village Bay_2005",NA,NA
"Village Bay_2005",253,3,5,322,3,700,"Village Bay_2005",NA,NA
"Village Bay_2005",253,3,5,322,4,1400,"Village Bay_2005",NA,NA
"Village Bay_2005",253,3,5,322,5,1400,"Village Bay_2005",NA,NA
"Village Bay_2005",253,3,5,322,6,700,"Village Bay_2005",NA,NA
"Village Bay_2005",253,3,5,322,7,600,"Village Bay_2005",NA,NA
"Village Bay_2005",253,3,5,322,8,700,"Village Bay_2005",NA,NA
"Village Bay_2005",253,3,5,322,9,400,"Village Bay_2005",NA,NA
"Village Bay_2005",253,3,5,322,10,400,"Village Bay_2005",NA,NA
"Village Bay_2005",253,5,10,306,1,373,"Village Bay_2005",NA,NA
"Village Bay_2005",253,5,10,306,2,349,"Village Bay_2005",NA,NA
"Village Bay_2005",253,5,10,306,3,691,"Village Bay_2005",NA,NA
"Village Bay_2005",253,5,10,306,4,1381,"Village Bay_2005",NA,NA
"Village Bay_2005",253,5,10,306,5,1379,"Village Bay_2005",NA,NA
"Village Bay_2005",253,5,10,306,6,682,"Village Bay_2005",NA,NA
"Village Bay_2005",253,5,10,306,7,593,"Village Bay_2005",NA,NA
"Village Bay_2005",253,5,10,306,8,697,"Village Bay_2005",NA,NA
"Village Bay_2005",253,5,10,306,9,396,"Village Bay_2005",NA,NA
"Village Bay_2005",253,5,10,306,10,373,"Village Bay_2005",NA,NA
"Village Bay_2005",253,10,15,264,1,343,"Village Bay_2005",NA,NA
"Village Bay_2005",253,10,15,264,2,273,"Village Bay_2005",NA,NA
"Village Bay_2005",253,10,15,264,3,638,"Village Bay_2005",NA,NA
"Village Bay_2005",253,10,15,264,4,1351,"Village Bay_2005",NA,NA
"Village Bay_2005",253,10,15,264,5,1340,"Village Bay_2005",NA,NA
"Village Bay_2005",253,10,15,264,6,574,"Village Bay_2005",NA,NA
"Village Bay_2005",253,10,15,264,7,561,"Village Bay_2005",NA,NA
"Village Bay_2005",253,10,15,264,8,663,"Village Bay_2005",NA,NA
"Village Bay_2005",253,10,15,264,9,361,"Village Bay_2005",NA,NA
"Village Bay_2005",253,10,15,264,10,351,"Village Bay_2005",NA,NA
"Village Bay_2005",253,15,20,201,1,313,"Village Bay_2005",NA,NA
"Village Bay_2005",253,15,20,201,2,210,"Village Bay_2005",NA,NA
"Village Bay_2005",253,15,20,201,3,610,"Village Bay_2005",NA,NA
"Village Bay_2005",253,15,20,201,4,1299,"Village Bay_2005",NA,NA
"Village Bay_2005",253,15,20,201,5,1246,"Village Bay_2005",NA,NA
"Village Bay_2005",253,15,20,201,6,532,"Village Bay_2005",NA,NA
"Village Bay_2005",253,15,20,201,7,524,"Village Bay_2005",NA,NA
"Village Bay_2005",253,15,20,201,8,629,"Village Bay_2005",NA,NA
"Village Bay_2005",253,15,20,201,9,342,"Village Bay_2005",NA,NA
"Village Bay_2005",253,15,20,201,10,327,"Village Bay_2005",NA,NA
"Village Bay_2005",253,20,30,185,1,286,"Village Bay_2005",NA,NA
"Village Bay_2005",253,20,30,185,2,172,"Village Bay_2005",NA,NA
"Village Bay_2005",253,20,30,185,3,575,"Village Bay_2005",NA,NA
"Village Bay_2005",253,20,30,185,4,1248,"Village Bay_2005",NA,NA
"Village Bay_2005",253,20,30,185,5,1177,"Village Bay_2005",NA,NA
"Village Bay_2005",253,20,30,185,6,486,"Village Bay_2005",NA,NA
"Village Bay_2005",253,20,30,185,7,473,"Village Bay_2005",NA,NA
"Village Bay_2005",253,20,30,185,8,599,"Village Bay_2005",NA,NA
"Village Bay_2005",253,20,30,185,9,323,"Village Bay_2005",NA,NA
"Village Bay_2005",253,20,30,185,10,301,"Village Bay_2005",NA,NA
"Village Bay_2005",253,30,40,152,1,256,"Village Bay_2005",NA,NA
"Village Bay_2005",253,30,40,152,2,121,"Village Bay_2005",NA,NA
"Village Bay_2005",253,30,40,152,3,485,"Village Bay_2005",NA,NA
"Village Bay_2005",253,30,40,152,4,1170,"Village Bay_2005",NA,NA
"Village Bay_2005",253,30,40,152,5,1092,"Village Bay_2005",NA,NA
"Village Bay_2005",253,30,40,152,6,426,"Village Bay_2005",NA,NA
"Village Bay_2005",253,30,40,152,7,435,"Village Bay_2005",NA,NA
"Village Bay_2005",253,30,40,152,8,554,"Village Bay_2005",NA,NA
"Village Bay_2005",253,30,40,152,9,213,"Village Bay_2005",NA,NA
"Village Bay_2005",253,30,40,152,10,180,"Village Bay_2005",NA,NA
"Village Bay_2005",253,40,50,61.7,1,0,"Village Bay_2005",NA,NA
"Village Bay_2005",253,40,50,61.7,2,0,"Village Bay_2005",NA,NA
"Village Bay_2005",253,40,50,61.7,3,0,"Village Bay_2005",NA,NA
"Village Bay_2005",253,40,50,61.7,4,1031,"Village Bay_2005",NA,NA
"Village Bay_2005",253,40,50,61.7,5,893,"Village Bay_2005",NA,NA
"Village Bay_2005",253,40,50,61.7,6,0,"Village Bay_2005",NA,NA
"Village Bay_2005",253,40,50,61.7,7,203,"Village Bay_2005",NA,NA
"Village Bay_2005",253,40,50,61.7,8,0,"Village Bay_2005",NA,NA
"Village Bay_2005",253,40,50,61.7,9,0,"Village Bay_2005",NA,NA
"Village Bay_2005",253,40,50,61.7,10,0,"Village Bay_2005",NA,NA
NA,192,NA,NA,NA,NA,NA,"Wannock R",NA,NA
NA,71,NA,NA,NA,NA,NA,"Weare Lake","53 deg 34 min","129 deg 29 min"
NA,105,NA,NA,NA,NA,NA,"Wellesley Lake","62 deg 21 min","139 deg 49 min"
NA,888,NA,NA,NA,NA,NA,"Wenatchee Lake",NA,NA
NA,106,NA,NA,NA,NA,NA,"Wolf Lake","60 deg 39 min","131 deg 40 min"
"WOSS LAKE",22,2,5,1291,1,1253,"Woss Lake","50 deg 08 min","126 deg 38 min"
"WOSS LAKE",22,2,5,1291,2,1487,"Woss Lake","50 deg 08 min","126 deg 38 min"
"WOSS LAKE",22,2,5,1291,3,852,"Woss Lake","50 deg 08 min","126 deg 38 min"
"WOSS LAKE",22,2,5,1291,4,743,"Woss Lake","50 deg 08 min","126 deg 38 min"
"WOSS LAKE",22,2,5,1291,5,593,"Woss Lake","50 deg 08 min","126 deg 38 min"
"WOSS LAKE",22,2,5,1291,6,490,"Woss Lake","50 deg 08 min","126 deg 38 min"
"WOSS LAKE",22,2,5,1291,7,605,"Woss Lake","50 deg 08 min","126 deg 38 min"
"WOSS LAKE",22,2,5,1291,8,611,"Woss Lake","50 deg 08 min","126 deg 38 min"
"WOSS LAKE",22,2,5,1291,9,808,"Woss Lake","50 deg 08 min","126 deg 38 min"
"WOSS LAKE",22,2,5,1291,10,618,"Woss Lake","50 deg 08 min","126 deg 38 min"
"WOSS LAKE",22,2,5,1291,11,596,"Woss Lake","50 deg 08 min","126 deg 38 min"
"WOSS LAKE",22,2,5,1291,12,754,"Woss Lake","50 deg 08 min","126 deg 38 min"
"WOSS LAKE",22,2,5,1291,13,1430,"Woss Lake","50 deg 08 min","126 deg 38 min"
"WOSS LAKE",22,2,5,1291,14,1150,"Woss Lake","50 deg 08 min","126 deg 38 min"
"WOSS LAKE",22,3,5,1291,1,1253,"Woss Lake","50 deg 08 min","126 deg 38 min"
"WOSS LAKE",22,3,5,1291,2,1487,"Woss Lake","50 deg 08 min","126 deg 38 min"
"WOSS LAKE",22,3,5,1291,3,852,"Woss Lake","50 deg 08 min","126 deg 38 min"
"WOSS LAKE",22,3,5,1291,4,743,"Woss Lake","50 deg 08 min","126 deg 38 min"
"WOSS LAKE",22,3,5,1291,5,593,"Woss Lake","50 deg 08 min","126 deg 38 min"
"WOSS LAKE",22,3,5,1291,6,490,"Woss Lake","50 deg 08 min","126 deg 38 min"
"WOSS LAKE",22,3,5,1291,7,605,"Woss Lake","50 deg 08 min","126 deg 38 min"
"WOSS LAKE",22,3,5,1291,8,611,"Woss Lake","50 deg 08 min","126 deg 38 min"
"WOSS LAKE",22,3,5,1291,9,808,"Woss Lake","50 deg 08 min","126 deg 38 min"
"WOSS LAKE",22,3,5,1291,10,618,"Woss Lake","50 deg 08 min","126 deg 38 min"
"WOSS LAKE",22,3,5,1291,11,596,"Woss Lake","50 deg 08 min","126 deg 38 min"
"WOSS LAKE",22,3,5,1291,12,754,"Woss Lake","50 deg 08 min","126 deg 38 min"
"WOSS LAKE",22,3,5,1291,13,1430,"Woss Lake","50 deg 08 min","126 deg 38 min"
"WOSS LAKE",22,3,5,1291,14,1150,"Woss Lake","50 deg 08 min","126 deg 38 min"
"WOSS LAKE",22,5,10,1285,1,1238,"Woss Lake","50 deg 08 min","126 deg 38 min"
"WOSS LAKE",22,5,10,1285,2,1472,"Woss Lake","50 deg 08 min","126 deg 38 min"
"WOSS LAKE",22,5,10,1285,3,836,"Woss Lake","50 deg 08 min","126 deg 38 min"
"WOSS LAKE",22,5,10,1285,4,726,"Woss Lake","50 deg 08 min","126 deg 38 min"
"WOSS LAKE",22,5,10,1285,5,508,"Woss Lake","50 deg 08 min","126 deg 38 min"
"WOSS LAKE",22,5,10,1285,6,490,"Woss Lake","50 deg 08 min","126 deg 38 min"
"WOSS LAKE",22,5,10,1285,7,579,"Woss Lake","50 deg 08 min","126 deg 38 min"
"WOSS LAKE",22,5,10,1285,8,611,"Woss Lake","50 deg 08 min","126 deg 38 min"
"WOSS LAKE",22,5,10,1285,9,808,"Woss Lake","50 deg 08 min","126 deg 38 min"
"WOSS LAKE",22,5,10,1285,10,618,"Woss Lake","50 deg 08 min","126 deg 38 min"
"WOSS LAKE",22,5,10,1285,11,596,"Woss Lake","50 deg 08 min","126 deg 38 min"
"WOSS LAKE",22,5,10,1285,12,754,"Woss Lake","50 deg 08 min","126 deg 38 min"
"WOSS LAKE",22,5,10,1285,13,1430,"Woss Lake","50 deg 08 min","126 deg 38 min"
"WOSS LAKE",22,5,10,1285,14,1150,"Woss Lake","50 deg 08 min","126 deg 38 min"
"WOSS LAKE",22,10,15,1236,1,1088,"Woss Lake","50 deg 08 min","126 deg 38 min"
"WOSS LAKE",22,10,15,1236,2,1450,"Woss Lake","50 deg 08 min","126 deg 38 min"
"WOSS LAKE",22,10,15,1236,3,811,"Woss Lake","50 deg 08 min","126 deg 38 min"
"WOSS LAKE",22,10,15,1236,4,700,"Woss Lake","50 deg 08 min","126 deg 38 min"
"WOSS LAKE",22,10,15,1236,5,473,"Woss Lake","50 deg 08 min","126 deg 38 min"
"WOSS LAKE",22,10,15,1236,6,490,"Woss Lake","50 deg 08 min","126 deg 38 min"
"WOSS LAKE",22,10,15,1236,7,519,"Woss Lake","50 deg 08 min","126 deg 38 min"
"WOSS LAKE",22,10,15,1236,8,592,"Woss Lake","50 deg 08 min","126 deg 38 min"
"WOSS LAKE",22,10,15,1236,9,789,"Woss Lake","50 deg 08 min","126 deg 38 min"
"WOSS LAKE",22,10,15,1236,10,591,"Woss Lake","50 deg 08 min","126 deg 38 min"
"WOSS LAKE",22,10,15,1236,11,593,"Woss Lake","50 deg 08 min","126 deg 38 min"
"WOSS LAKE",22,10,15,1236,12,754,"Woss Lake","50 deg 08 min","126 deg 38 min"
"WOSS LAKE",22,10,15,1236,13,1390,"Woss Lake","50 deg 08 min","126 deg 38 min"
"WOSS LAKE",22,10,15,1236,14,1150,"Woss Lake","50 deg 08 min","126 deg 38 min"
"WOSS LAKE",22,15,20,1188,1,971,"Woss Lake","50 deg 08 min","126 deg 38 min"
"WOSS LAKE",22,15,20,1188,2,1411,"Woss Lake","50 deg 08 min","126 deg 38 min"
"WOSS LAKE",22,15,20,1188,3,786,"Woss Lake","50 deg 08 min","126 deg 38 min"
"WOSS LAKE",22,15,20,1188,4,667,"Woss Lake","50 deg 08 min","126 deg 38 min"
"WOSS LAKE",22,15,20,1188,5,444,"Woss Lake","50 deg 08 min","126 deg 38 min"
"WOSS LAKE",22,15,20,1188,6,468,"Woss Lake","50 deg 08 min","126 deg 38 min"
"WOSS LAKE",22,15,20,1188,7,490,"Woss Lake","50 deg 08 min","126 deg 38 min"
"WOSS LAKE",22,15,20,1188,8,576,"Woss Lake","50 deg 08 min","126 deg 38 min"
"WOSS LAKE",22,15,20,1188,9,744,"Woss Lake","50 deg 08 min","126 deg 38 min"
"WOSS LAKE",22,15,20,1188,10,570,"Woss Lake","50 deg 08 min","126 deg 38 min"
"WOSS LAKE",22,15,20,1188,11,562,"Woss Lake","50 deg 08 min","126 deg 38 min"
"WOSS LAKE",22,15,20,1188,12,751,"Woss Lake","50 deg 08 min","126 deg 38 min"
"WOSS LAKE",22,15,20,1188,13,1315,"Woss Lake","50 deg 08 min","126 deg 38 min"
"WOSS LAKE",22,15,20,1188,14,1150,"Woss Lake","50 deg 08 min","126 deg 38 min"
"WOSS LAKE",22,20,30,1118,1,793,"Woss Lake","50 deg 08 min","126 deg 38 min"
"WOSS LAKE",22,20,30,1118,2,1360,"Woss Lake","50 deg 08 min","126 deg 38 min"
"WOSS LAKE",22,20,30,1118,3,756,"Woss Lake","50 deg 08 min","126 deg 38 min"
"WOSS LAKE",22,20,30,1118,4,638,"Woss Lake","50 deg 08 min","126 deg 38 min"
"WOSS LAKE",22,20,30,1118,5,414,"Woss Lake","50 deg 08 min","126 deg 38 min"
"WOSS LAKE",22,20,30,1118,6,423,"Woss Lake","50 deg 08 min","126 deg 38 min"
"WOSS LAKE",22,20,30,1118,7,465,"Woss Lake","50 deg 08 min","126 deg 38 min"
"WOSS LAKE",22,20,30,1118,8,523,"Woss Lake","50 deg 08 min","126 deg 38 min"
"WOSS LAKE",22,20,30,1118,9,679,"Woss Lake","50 deg 08 min","126 deg 38 min"
"WOSS LAKE",22,20,30,1118,10,537,"Woss Lake","50 deg 08 min","126 deg 38 min"
"WOSS LAKE",22,20,30,1118,11,504,"Woss Lake","50 deg 08 min","126 deg 38 min"
"WOSS LAKE",22,20,30,1118,12,721,"Woss Lake","50 deg 08 min","126 deg 38 min"
"WOSS LAKE",22,20,30,1118,13,1236,"Woss Lake","50 deg 08 min","126 deg 38 min"
"WOSS LAKE",22,20,30,1118,14,1125,"Woss Lake","50 deg 08 min","126 deg 38 min"
"WOSS LAKE",22,30,40,1030,1,731,"Woss Lake","50 deg 08 min","126 deg 38 min"
"WOSS LAKE",22,30,40,1030,2,1269,"Woss Lake","50 deg 08 min","126 deg 38 min"
"WOSS LAKE",22,30,40,1030,3,714,"Woss Lake","50 deg 08 min","126 deg 38 min"
"WOSS LAKE",22,30,40,1030,4,608,"Woss Lake","50 deg 08 min","126 deg 38 min"
"WOSS LAKE",22,30,40,1030,5,366,"Woss Lake","50 deg 08 min","126 deg 38 min"
"WOSS LAKE",22,30,40,1030,6,351,"Woss Lake","50 deg 08 min","126 deg 38 min"
"WOSS LAKE",22,30,40,1030,7,424,"Woss Lake","50 deg 08 min","126 deg 38 min"
"WOSS LAKE",22,30,40,1030,8,453,"Woss Lake","50 deg 08 min","126 deg 38 min"
"WOSS LAKE",22,30,40,1030,9,615,"Woss Lake","50 deg 08 min","126 deg 38 min"
"WOSS LAKE",22,30,40,1030,10,438,"Woss Lake","50 deg 08 min","126 deg 38 min"
"WOSS LAKE",22,30,40,1030,11,462,"Woss Lake","50 deg 08 min","126 deg 38 min"
"WOSS LAKE",22,30,40,1030,12,662,"Woss Lake","50 deg 08 min","126 deg 38 min"
"WOSS LAKE",22,30,40,1030,13,1154,"Woss Lake","50 deg 08 min","126 deg 38 min"
"WOSS LAKE",22,30,40,1030,14,767,"Woss Lake","50 deg 08 min","126 deg 38 min"
"WOSS LAKE",22,40,50,951,1,665,"Woss Lake","50 deg 08 min","126 deg 38 min"
"WOSS LAKE",22,40,50,951,2,1139,"Woss Lake","50 deg 08 min","126 deg 38 min"
"WOSS LAKE",22,40,50,951,3,664,"Woss Lake","50 deg 08 min","126 deg 38 min"
"WOSS LAKE",22,40,50,951,4,545,"Woss Lake","50 deg 08 min","126 deg 38 min"
"WOSS LAKE",22,40,50,951,5,305,"Woss Lake","50 deg 08 min","126 deg 38 min"
"WOSS LAKE",22,40,50,951,6,308,"Woss Lake","50 deg 08 min","126 deg 38 min"
"WOSS LAKE",22,40,50,951,7,373,"Woss Lake","50 deg 08 min","126 deg 38 min"
"WOSS LAKE",22,40,50,951,8,399,"Woss Lake","50 deg 08 min","126 deg 38 min"
"WOSS LAKE",22,40,50,951,9,546,"Woss Lake","50 deg 08 min","126 deg 38 min"
"WOSS LAKE",22,40,50,951,10,407,"Woss Lake","50 deg 08 min","126 deg 38 min"
"WOSS LAKE",22,40,50,951,11,434,"Woss Lake","50 deg 08 min","126 deg 38 min"
"WOSS LAKE",22,40,50,951,12,582,"Woss Lake","50 deg 08 min","126 deg 38 min"
"WOSS LAKE",22,40,50,951,13,1054,"Woss Lake","50 deg 08 min","126 deg 38 min"
"WOSS LAKE",22,40,50,951,14,719,"Woss Lake","50 deg 08 min","126 deg 38 min"
"WOSS LAKE",22,50,60,870,1,612,"Woss Lake","50 deg 08 min","126 deg 38 min"
"WOSS LAKE",22,50,60,870,2,1049,"Woss Lake","50 deg 08 min","126 deg 38 min"
"WOSS LAKE",22,50,60,870,3,630,"Woss Lake","50 deg 08 min","126 deg 38 min"
"WOSS LAKE",22,50,60,870,4,502,"Woss Lake","50 deg 08 min","126 deg 38 min"
"WOSS LAKE",22,50,60,870,5,270,"Woss Lake","50 deg 08 min","126 deg 38 min"
"WOSS LAKE",22,50,60,870,6,308,"Woss Lake","50 deg 08 min","126 deg 38 min"
"WOSS LAKE",22,50,60,870,7,373,"Woss Lake","50 deg 08 min","126 deg 38 min"
"WOSS LAKE",22,50,60,870,8,399,"Woss Lake","50 deg 08 min","126 deg 38 min"
"WOSS LAKE",22,50,60,870,9,546,"Woss Lake","50 deg 08 min","126 deg 38 min"
"WOSS LAKE",22,50,60,870,10,407,"Woss Lake","50 deg 08 min","126 deg 38 min"
"WOSS LAKE",22,50,60,870,11,434,"Woss Lake","50 deg 08 min","126 deg 38 min"
"WOSS LAKE",22,50,60,870,12,582,"Woss Lake","50 deg 08 min","126 deg 38 min"
"WOSS LAKE",22,50,60,870,13,1054,"Woss Lake","50 deg 08 min","126 deg 38 min"
"WOSS LAKE",22,50,60,870,14,719,"Woss Lake","50 deg 08 min","126 deg 38 min"
"WOSS LAKE",22,60,70,790,1,505,"Woss Lake","50 deg 08 min","126 deg 38 min"
"WOSS LAKE",22,60,70,790,2,995,"Woss Lake","50 deg 08 min","126 deg 38 min"
"WOSS LAKE",22,60,70,790,3,580,"Woss Lake","50 deg 08 min","126 deg 38 min"
"WOSS LAKE",22,60,70,790,4,483,"Woss Lake","50 deg 08 min","126 deg 38 min"
"WOSS LAKE",22,60,70,790,5,0,"Woss Lake","50 deg 08 min","126 deg 38 min"
"WOSS LAKE",22,60,70,790,6,308,"Woss Lake","50 deg 08 min","126 deg 38 min"
"WOSS LAKE",22,60,70,790,7,373,"Woss Lake","50 deg 08 min","126 deg 38 min"
"WOSS LAKE",22,60,70,790,8,399,"Woss Lake","50 deg 08 min","126 deg 38 min"
"WOSS LAKE",22,60,70,790,9,546,"Woss Lake","50 deg 08 min","126 deg 38 min"
"WOSS LAKE",22,60,70,790,10,407,"Woss Lake","50 deg 08 min","126 deg 38 min"
"WOSS LAKE",22,60,70,790,11,434,"Woss Lake","50 deg 08 min","126 deg 38 min"
"WOSS LAKE",22,60,70,790,12,582,"Woss Lake","50 deg 08 min","126 deg 38 min"
"WOSS LAKE",22,60,70,790,13,1054,"Woss Lake","50 deg 08 min","126 deg 38 min"
"WOSS LAKE",22,60,70,790,14,719,"Woss Lake","50 deg 08 min","126 deg 38 min"
"WOSS LAKE",22,70,80,723,1,400,"Woss Lake","50 deg 08 min","126 deg 38 min"
"WOSS LAKE",22,70,80,723,2,929,"Woss Lake","50 deg 08 min","126 deg 38 min"
"WOSS LAKE",22,70,80,723,3,534,"Woss Lake","50 deg 08 min","126 deg 38 min"
"WOSS LAKE",22,70,80,723,4,448,"Woss Lake","50 deg 08 min","126 deg 38 min"
"WOSS LAKE",22,70,80,723,5,0,"Woss Lake","50 deg 08 min","126 deg 38 min"
"WOSS LAKE",22,70,80,723,6,308,"Woss Lake","50 deg 08 min","126 deg 38 min"
"WOSS LAKE",22,70,80,723,7,373,"Woss Lake","50 deg 08 min","126 deg 38 min"
"WOSS LAKE",22,70,80,723,8,399,"Woss Lake","50 deg 08 min","126 deg 38 min"
"WOSS LAKE",22,70,80,723,9,546,"Woss Lake","50 deg 08 min","126 deg 38 min"
"WOSS LAKE",22,70,80,723,10,407,"Woss Lake","50 deg 08 min","126 deg 38 min"
"WOSS LAKE",22,70,80,723,11,434,"Woss Lake","50 deg 08 min","126 deg 38 min"
"WOSS LAKE",22,70,80,723,12,582,"Woss Lake","50 deg 08 min","126 deg 38 min"
"WOSS LAKE",22,70,80,723,13,1054,"Woss Lake","50 deg 08 min","126 deg 38 min"
"WOSS LAKE",22,70,80,723,14,719,"Woss Lake","50 deg 08 min","126 deg 38 min"
NA,134,NA,NA,NA,NA,NA,"Wyclees Lagoon","51 deg 15 min","127 deg 21 min"
"Yakoun Lk",69,2,5,781,1,812,"Yakoun Lake","53 deg 19 min","132 deg 17 min"
"Yakoun Lk",69,2,5,781,2,1145,"Yakoun Lake","53 deg 19 min","132 deg 17 min"
"Yakoun Lk",69,2,5,781,3,892,"Yakoun Lake","53 deg 19 min","132 deg 17 min"
"Yakoun Lk",69,2,5,781,4,1092,"Yakoun Lake","53 deg 19 min","132 deg 17 min"
"Yakoun Lk",69,2,5,781,5,1140,"Yakoun Lake","53 deg 19 min","132 deg 17 min"
"Yakoun Lk",69,2,5,781,6,1061,"Yakoun Lake","53 deg 19 min","132 deg 17 min"
"Yakoun Lk",69,2,5,781,7,957,"Yakoun Lake","53 deg 19 min","132 deg 17 min"
"Yakoun Lk",69,2,5,781,8,1050,"Yakoun Lake","53 deg 19 min","132 deg 17 min"
"Yakoun Lk",69,2,5,781,9,1216,"Yakoun Lake","53 deg 19 min","132 deg 17 min"
"Yakoun Lk",69,2,5,781,10,1598,"Yakoun Lake","53 deg 19 min","132 deg 17 min"
"Yakoun Lk",69,2,5,781,11,1086,"Yakoun Lake","53 deg 19 min","132 deg 17 min"
"Yakoun Lk",69,2,5,781,12,1412,"Yakoun Lake","53 deg 19 min","132 deg 17 min"
"Yakoun Lk",69,3,5,781,1,812,"Yakoun Lake","53 deg 19 min","132 deg 17 min"
"Yakoun Lk",69,3,5,781,2,1145,"Yakoun Lake","53 deg 19 min","132 deg 17 min"
"Yakoun Lk",69,3,5,781,3,892,"Yakoun Lake","53 deg 19 min","132 deg 17 min"
"Yakoun Lk",69,3,5,781,4,1092,"Yakoun Lake","53 deg 19 min","132 deg 17 min"
"Yakoun Lk",69,3,5,781,5,1140,"Yakoun Lake","53 deg 19 min","132 deg 17 min"
"Yakoun Lk",69,3,5,781,6,1061,"Yakoun Lake","53 deg 19 min","132 deg 17 min"
"Yakoun Lk",69,3,5,781,7,957,"Yakoun Lake","53 deg 19 min","132 deg 17 min"
"Yakoun Lk",69,3,5,781,8,984,"Yakoun Lake","53 deg 19 min","132 deg 17 min"
"Yakoun Lk",69,3,5,781,9,1191,"Yakoun Lake","53 deg 19 min","132 deg 17 min"
"Yakoun Lk",69,3,5,781,10,1432,"Yakoun Lake","53 deg 19 min","132 deg 17 min"
"Yakoun Lk",69,3,5,781,11,1070,"Yakoun Lake","53 deg 19 min","132 deg 17 min"
"Yakoun Lk",69,3,5,781,12,1396,"Yakoun Lake","53 deg 19 min","132 deg 17 min"
"Yakoun Lk",69,5,10,711,1,727,"Yakoun Lake","53 deg 19 min","132 deg 17 min"
"Yakoun Lk",69,5,10,711,2,1098,"Yakoun Lake","53 deg 19 min","132 deg 17 min"
"Yakoun Lk",69,5,10,711,3,865,"Yakoun Lake","53 deg 19 min","132 deg 17 min"
"Yakoun Lk",69,5,10,711,4,1073,"Yakoun Lake","53 deg 19 min","132 deg 17 min"
"Yakoun Lk",69,5,10,711,5,1119,"Yakoun Lake","53 deg 19 min","132 deg 17 min"
"Yakoun Lk",69,5,10,711,6,1005,"Yakoun Lake","53 deg 19 min","132 deg 17 min"
"Yakoun Lk",69,5,10,711,7,941,"Yakoun Lake","53 deg 19 min","132 deg 17 min"
"Yakoun Lk",69,5,10,711,8,764,"Yakoun Lake","53 deg 19 min","132 deg 17 min"
"Yakoun Lk",69,5,10,711,9,1164,"Yakoun Lake","53 deg 19 min","132 deg 17 min"
"Yakoun Lk",69,5,10,711,10,1376,"Yakoun Lake","53 deg 19 min","132 deg 17 min"
"Yakoun Lk",69,5,10,711,11,986,"Yakoun Lake","53 deg 19 min","132 deg 17 min"
"Yakoun Lk",69,5,10,711,12,1375,"Yakoun Lake","53 deg 19 min","132 deg 17 min"
"Yakoun Lk",69,10,15,640,1,684,"Yakoun Lake","53 deg 19 min","132 deg 17 min"
"Yakoun Lk",69,10,15,640,2,1051,"Yakoun Lake","53 deg 19 min","132 deg 17 min"
"Yakoun Lk",69,10,15,640,3,823,"Yakoun Lake","53 deg 19 min","132 deg 17 min"
"Yakoun Lk",69,10,15,640,4,1054,"Yakoun Lake","53 deg 19 min","132 deg 17 min"
"Yakoun Lk",69,10,15,640,5,1097,"Yakoun Lake","53 deg 19 min","132 deg 17 min"
"Yakoun Lk",69,10,15,640,6,876,"Yakoun Lake","53 deg 19 min","132 deg 17 min"
"Yakoun Lk",69,10,15,640,7,812,"Yakoun Lake","53 deg 19 min","132 deg 17 min"
"Yakoun Lk",69,10,15,640,8,495,"Yakoun Lake","53 deg 19 min","132 deg 17 min"
"Yakoun Lk",69,10,15,640,9,1088,"Yakoun Lake","53 deg 19 min","132 deg 17 min"
"Yakoun Lk",69,10,15,640,10,1335,"Yakoun Lake","53 deg 19 min","132 deg 17 min"
"Yakoun Lk",69,10,15,640,11,883,"Yakoun Lake","53 deg 19 min","132 deg 17 min"
"Yakoun Lk",69,10,15,640,12,1284,"Yakoun Lake","53 deg 19 min","132 deg 17 min"
"Yakoun Lk",69,15,20,567,1,620,"Yakoun Lake","53 deg 19 min","132 deg 17 min"
"Yakoun Lk",69,15,20,567,2,996,"Yakoun Lake","53 deg 19 min","132 deg 17 min"
"Yakoun Lk",69,15,20,567,3,795,"Yakoun Lake","53 deg 19 min","132 deg 17 min"
"Yakoun Lk",69,15,20,567,4,1035,"Yakoun Lake","53 deg 19 min","132 deg 17 min"
"Yakoun Lk",69,15,20,567,5,1075,"Yakoun Lake","53 deg 19 min","132 deg 17 min"
"Yakoun Lk",69,15,20,567,6,780,"Yakoun Lake","53 deg 19 min","132 deg 17 min"
"Yakoun Lk",69,15,20,567,7,684,"Yakoun Lake","53 deg 19 min","132 deg 17 min"
"Yakoun Lk",69,15,20,567,8,424,"Yakoun Lake","53 deg 19 min","132 deg 17 min"
"Yakoun Lk",69,15,20,567,9,966,"Yakoun Lake","53 deg 19 min","132 deg 17 min"
"Yakoun Lk",69,15,20,567,10,1282,"Yakoun Lake","53 deg 19 min","132 deg 17 min"
"Yakoun Lk",69,15,20,567,11,839,"Yakoun Lake","53 deg 19 min","132 deg 17 min"
"Yakoun Lk",69,15,20,567,12,576,"Yakoun Lake","53 deg 19 min","132 deg 17 min"
"Yakoun Lk",69,20,30,475,1,520,"Yakoun Lake","53 deg 19 min","132 deg 17 min"
"Yakoun Lk",69,20,30,475,2,769,"Yakoun Lake","53 deg 19 min","132 deg 17 min"
"Yakoun Lk",69,20,30,475,3,761,"Yakoun Lake","53 deg 19 min","132 deg 17 min"
"Yakoun Lk",69,20,30,475,4,1003,"Yakoun Lake","53 deg 19 min","132 deg 17 min"
"Yakoun Lk",69,20,30,475,5,1017,"Yakoun Lake","53 deg 19 min","132 deg 17 min"
"Yakoun Lk",69,20,30,475,6,587,"Yakoun Lake","53 deg 19 min","132 deg 17 min"
"Yakoun Lk",69,20,30,475,7,595,"Yakoun Lake","53 deg 19 min","132 deg 17 min"
"Yakoun Lk",69,20,30,475,8,297,"Yakoun Lake","53 deg 19 min","132 deg 17 min"
"Yakoun Lk",69,20,30,475,9,631,"Yakoun Lake","53 deg 19 min","132 deg 17 min"
"Yakoun Lk",69,20,30,475,10,1090,"Yakoun Lake","53 deg 19 min","132 deg 17 min"
"Yakoun Lk",69,20,30,475,11,689,"Yakoun Lake","53 deg 19 min","132 deg 17 min"
"Yakoun Lk",69,20,30,475,12,419,"Yakoun Lake","53 deg 19 min","132 deg 17 min"
"Yakoun Lk",69,30,40,350,1,235,"Yakoun Lake","53 deg 19 min","132 deg 17 min"
"Yakoun Lk",69,30,40,350,2,510,"Yakoun Lake","53 deg 19 min","132 deg 17 min"
"Yakoun Lk",69,30,40,350,3,629,"Yakoun Lake","53 deg 19 min","132 deg 17 min"
"Yakoun Lk",69,30,40,350,4,953,"Yakoun Lake","53 deg 19 min","132 deg 17 min"
"Yakoun Lk",69,30,40,350,5,835,"Yakoun Lake","53 deg 19 min","132 deg 17 min"
"Yakoun Lk",69,30,40,350,6,426,"Yakoun Lake","53 deg 19 min","132 deg 17 min"
"Yakoun Lk",69,30,40,350,7,402,"Yakoun Lake","53 deg 19 min","132 deg 17 min"
"Yakoun Lk",69,30,40,350,8,116,"Yakoun Lake","53 deg 19 min","132 deg 17 min"
"Yakoun Lk",69,30,40,350,9,403,"Yakoun Lake","53 deg 19 min","132 deg 17 min"
"Yakoun Lk",69,30,40,350,10,985,"Yakoun Lake","53 deg 19 min","132 deg 17 min"
"Yakoun Lk",69,30,40,350,11,457,"Yakoun Lake","53 deg 19 min","132 deg 17 min"
"Yakoun Lk",69,30,40,350,12,0,"Yakoun Lake","53 deg 19 min","132 deg 17 min"
"Yakoun Lk",69,40,50,239,1,0,"Yakoun Lake","53 deg 19 min","132 deg 17 min"
"Yakoun Lk",69,40,50,239,2,392,"Yakoun Lake","53 deg 19 min","132 deg 17 min"
"Yakoun Lk",69,40,50,239,3,546,"Yakoun Lake","53 deg 19 min","132 deg 17 min"
"Yakoun Lk",69,40,50,239,4,908,"Yakoun Lake","53 deg 19 min","132 deg 17 min"
"Yakoun Lk",69,40,50,239,5,516,"Yakoun Lake","53 deg 19 min","132 deg 17 min"
"Yakoun Lk",69,40,50,239,6,113,"Yakoun Lake","53 deg 19 min","132 deg 17 min"
"Yakoun Lk",69,40,50,239,7,153,"Yakoun Lake","53 deg 19 min","132 deg 17 min"
"Yakoun Lk",69,40,50,239,8,0,"Yakoun Lake","53 deg 19 min","132 deg 17 min"
"Yakoun Lk",69,40,50,239,9,218,"Yakoun Lake","53 deg 19 min","132 deg 17 min"
"Yakoun Lk",69,40,50,239,10,846,"Yakoun Lake","53 deg 19 min","132 deg 17 min"
"Yakoun Lk",69,40,50,239,11,376,"Yakoun Lake","53 deg 19 min","132 deg 17 min"
"Yakoun Lk",69,40,50,239,12,0,"Yakoun Lake","53 deg 19 min","132 deg 17 min"
"Yakoun Lk",69,50,60,174,1,0,"Yakoun Lake","53 deg 19 min","132 deg 17 min"
"Yakoun Lk",69,50,60,174,2,353,"Yakoun Lake","53 deg 19 min","132 deg 17 min"
"Yakoun Lk",69,50,60,174,3,450,"Yakoun Lake","53 deg 19 min","132 deg 17 min"
"Yakoun Lk",69,50,60,174,4,800,"Yakoun Lake","53 deg 19 min","132 deg 17 min"
"Yakoun Lk",69,50,60,174,5,465,"Yakoun Lake","53 deg 19 min","132 deg 17 min"
"Yakoun Lk",69,50,60,174,6,40,"Yakoun Lake","53 deg 19 min","132 deg 17 min"
"Yakoun Lk",69,50,60,174,7,0,"Yakoun Lake","53 deg 19 min","132 deg 17 min"
"Yakoun Lk",69,50,60,174,8,0,"Yakoun Lake","53 deg 19 min","132 deg 17 min"
"Yakoun Lk",69,50,60,174,9,0,"Yakoun Lake","53 deg 19 min","132 deg 17 min"
"Yakoun Lk",69,50,60,174,10,0,"Yakoun Lake","53 deg 19 min","132 deg 17 min"
"Yakoun Lk",69,50,60,174,11,0,"Yakoun Lake","53 deg 19 min","132 deg 17 min"
"Yakoun Lk",69,50,60,174,12,0,"Yakoun Lake","53 deg 19 min","132 deg 17 min"
"Yakoun Lk",69,60,70,132,1,0,"Yakoun Lake","53 deg 19 min","132 deg 17 min"
"Yakoun Lk",69,60,70,132,2,0,"Yakoun Lake","53 deg 19 min","132 deg 17 min"
"Yakoun Lk",69,60,70,132,3,344,"Yakoun Lake","53 deg 19 min","132 deg 17 min"
"Yakoun Lk",69,60,70,132,4,691,"Yakoun Lake","53 deg 19 min","132 deg 17 min"
"Yakoun Lk",69,60,70,132,5,330,"Yakoun Lake","53 deg 19 min","132 deg 17 min"
"Yakoun Lk",69,60,70,132,6,0,"Yakoun Lake","53 deg 19 min","132 deg 17 min"
"Yakoun Lk",69,60,70,132,7,0,"Yakoun Lake","53 deg 19 min","132 deg 17 min"
"Yakoun Lk",69,60,70,132,8,0,"Yakoun Lake","53 deg 19 min","132 deg 17 min"
"Yakoun Lk",69,60,70,132,9,0,"Yakoun Lake","53 deg 19 min","132 deg 17 min"
"Yakoun Lk",69,60,70,132,10,0,"Yakoun Lake","53 deg 19 min","132 deg 17 min"
"Yakoun Lk",69,60,70,132,11,0,"Yakoun Lake","53 deg 19 min","132 deg 17 min"
"Yakoun Lk",69,60,70,132,12,0,"Yakoun Lake","53 deg 19 min","132 deg 17 min"
"Heydon Bay Lk",300,2,5,93,1,1160,NA,NA,NA
"Heydon Bay Lk",300,2,5,93,2,338,NA,NA,NA
"Heydon Bay Lk",300,3,5,93,1,1160,NA,NA,NA
"Heydon Bay Lk",300,3,5,93,2,338,NA,NA,NA
"Heydon Bay Lk",300,5,10,88,1,1100,NA,NA,NA
"Heydon Bay Lk",300,5,10,88,2,320,NA,NA,NA
"Heydon Bay Lk",300,10,15,83,1,865,NA,NA,NA
"Heydon Bay Lk",300,10,15,83,2,303,NA,NA,NA
"Heydon Bay Lk",300,15,20,78,1,485,NA,NA,NA
"Heydon Bay Lk",300,15,20,78,2,271,NA,NA,NA
"Heydon Main",301,2,5,769,1,890,NA,NA,NA
"Heydon Main",301,2,5,769,2,1120,NA,NA,NA
"Heydon Main",301,2,5,769,3,1100,NA,NA,NA
"Heydon Main",301,2,5,769,4,1260,NA,NA,NA
"Heydon Main",301,2,5,769,5,1255,NA,NA,NA
"Heydon Main",301,2,5,769,6,710,NA,NA,NA
"Heydon Main",301,3,5,769,1,890,NA,NA,NA
"Heydon Main",301,3,5,769,2,1120,NA,NA,NA
"Heydon Main",301,3,5,769,3,1100,NA,NA,NA
"Heydon Main",301,3,5,769,4,1260,NA,NA,NA
"Heydon Main",301,3,5,769,5,1255,NA,NA,NA
"Heydon Main",301,3,5,769,6,710,NA,NA,NA
"Heydon Main",301,5,10,730,1,880,NA,NA,NA
"Heydon Main",301,5,10,730,2,1115,NA,NA,NA
"Heydon Main",301,5,10,730,3,1050,NA,NA,NA
"Heydon Main",301,5,10,730,4,1245,NA,NA,NA
"Heydon Main",301,5,10,730,5,1240,NA,NA,NA
"Heydon Main",301,5,10,730,6,693,NA,NA,NA
"Heydon Main",301,10,15,689,1,855,NA,NA,NA
"Heydon Main",301,10,15,689,2,1100,NA,NA,NA
"Heydon Main",301,10,15,689,3,1035,NA,NA,NA
"Heydon Main",301,10,15,689,4,1230,NA,NA,NA
"Heydon Main",301,10,15,689,5,1235,NA,NA,NA
"Heydon Main",301,10,15,689,6,670,NA,NA,NA
"Heydon Main",301,15,20,649,1,825,NA,NA,NA
"Heydon Main",301,15,20,649,2,1080,NA,NA,NA
"Heydon Main",301,15,20,649,3,1005,NA,NA,NA
"Heydon Main",301,15,20,649,4,1205,NA,NA,NA
"Heydon Main",301,15,20,649,5,1205,NA,NA,NA
"Heydon Main",301,15,20,649,6,670,NA,NA,NA
"Heydon Main",301,20,30,604,1,785,NA,NA,NA
"Heydon Main",301,20,30,604,2,1045,NA,NA,NA
"Heydon Main",301,20,30,604,3,960,NA,NA,NA
"Heydon Main",301,20,30,604,4,1180,NA,NA,NA
"Heydon Main",301,20,30,604,5,1125,NA,NA,NA
"Heydon Main",301,20,30,604,6,602,NA,NA,NA
"Heydon Main",301,30,40,551,1,700,NA,NA,NA
"Heydon Main",301,30,40,551,2,1000,NA,NA,NA
"Heydon Main",301,30,40,551,3,895,NA,NA,NA
"Heydon Main",301,30,40,551,4,1135,NA,NA,NA
"Heydon Main",301,30,40,551,5,1070,NA,NA,NA
"Heydon Main",301,30,40,551,6,550,NA,NA,NA
"Heydon Main",301,40,50,502,1,630,NA,NA,NA
"Heydon Main",301,40,50,502,2,910,NA,NA,NA
"Heydon Main",301,40,50,502,3,830,NA,NA,NA
"Heydon Main",301,40,50,502,4,1080,NA,NA,NA
"Heydon Main",301,40,50,502,5,1025,NA,NA,NA
"Heydon Main",301,40,50,502,6,475,NA,NA,NA
