"Lake","Code","Latitude","Longitude","Transect","Depth Min (m)","Depth Max (m)","Length (m)","Area (ha)"
"Alastair Lake",12,"54° 05' N","129° 11' W",1,2,5,1030,685
"Alastair Lake",12,"54° 05' N","129° 11' W",1,3,5,1030,685
"Alastair Lake",12,"54° 05' N","129° 11' W",1,5,10,974,623
"Alastair Lake",12,"54° 05' N","129° 11' W",1,10,15,699,562
"Alastair Lake",12,"54° 05' N","129° 11' W",1,15,20,532,484
"Alastair Lake",12,"54° 05' N","129° 11' W",1,20,30,0,377
"Alastair Lake",12,"54° 05' N","129° 11' W",1,30,40,0,278
"Alastair Lake",12,"54° 05' N","129° 11' W",1,40,50,0,216
"Alastair Lake",12,"54° 05' N","129° 11' W",1,50,60,0,180
"Alastair Lake",12,"54° 05' N","129° 11' W",2,2,5,987,685
"Alastair Lake",12,"54° 05' N","129° 11' W",2,3,5,987,685
"Alastair Lake",12,"54° 05' N","129° 11' W",2,5,10,963,623
"Alastair Lake",12,"54° 05' N","129° 11' W",2,10,15,915,562
"Alastair Lake",12,"54° 05' N","129° 11' W",2,15,20,849,484
"Alastair Lake",12,"54° 05' N","129° 11' W",2,20,30,427,377
"Alastair Lake",12,"54° 05' N","129° 11' W",2,30,40,0,278
"Alastair Lake",12,"54° 05' N","129° 11' W",2,40,50,0,216
"Alastair Lake",12,"54° 05' N","129° 11' W",2,50,60,0,180
"Alastair Lake",12,"54° 05' N","129° 11' W",3,2,5,891,685
"Alastair Lake",12,"54° 05' N","129° 11' W",3,3,5,891,685
"Alastair Lake",12,"54° 05' N","129° 11' W",3,5,10,836,623
"Alastair Lake",12,"54° 05' N","129° 11' W",3,10,15,789,562
"Alastair Lake",12,"54° 05' N","129° 11' W",3,15,20,752,484
"Alastair Lake",12,"54° 05' N","129° 11' W",3,20,30,710,377
"Alastair Lake",12,"54° 05' N","129° 11' W",3,30,40,618,278
"Alastair Lake",12,"54° 05' N","129° 11' W",3,40,50,518,216
"Alastair Lake",12,"54° 05' N","129° 11' W",3,50,60,419,180
"Alastair Lake",12,"54° 05' N","129° 11' W",4,2,5,785,685
"Alastair Lake",12,"54° 05' N","129° 11' W",4,3,5,785,685
"Alastair Lake",12,"54° 05' N","129° 11' W",4,5,10,775,623
"Alastair Lake",12,"54° 05' N","129° 11' W",4,10,15,736,562
"Alastair Lake",12,"54° 05' N","129° 11' W",4,15,20,715,484
"Alastair Lake",12,"54° 05' N","129° 11' W",4,20,30,697,377
"Alastair Lake",12,"54° 05' N","129° 11' W",4,30,40,641,278
"Alastair Lake",12,"54° 05' N","129° 11' W",4,40,50,583,216
"Alastair Lake",12,"54° 05' N","129° 11' W",4,50,60,533,180
"Alastair Lake",12,"54° 05' N","129° 11' W",5,2,5,664,685
"Alastair Lake",12,"54° 05' N","129° 11' W",5,3,5,664,685
"Alastair Lake",12,"54° 05' N","129° 11' W",5,5,10,648,623
"Alastair Lake",12,"54° 05' N","129° 11' W",5,10,15,627,562
"Alastair Lake",12,"54° 05' N","129° 11' W",5,15,20,605,484
"Alastair Lake",12,"54° 05' N","129° 11' W",5,20,30,575,377
"Alastair Lake",12,"54° 05' N","129° 11' W",5,30,40,535,278
"Alastair Lake",12,"54° 05' N","129° 11' W",5,40,50,493,216
"Alastair Lake",12,"54° 05' N","129° 11' W",5,50,60,437,180
"Awun Lake",27,"53° 36' N","132° 35' W",1,2,5,648,465
"Awun Lake",27,"53° 36' N","132° 35' W",1,3,5,648,465
"Awun Lake",27,"53° 36' N","132° 35' W",1,5,10,628,440
"Awun Lake",27,"53° 36' N","132° 35' W",1,10,15,592,420
"Awun Lake",27,"53° 36' N","132° 35' W",1,15,20,556,400
"Awun Lake",27,"53° 36' N","132° 35' W",1,20,30,496,370
"Awun Lake",27,"53° 36' N","132° 35' W",1,30,40,433,323
"Awun Lake",27,"53° 36' N","132° 35' W",1,40,50,336,274
"Awun Lake",27,"53° 36' N","132° 35' W",1,50,60,240,211
"Awun Lake",27,"53° 36' N","132° 35' W",1,60,70,0,136
"Awun Lake",27,"53° 36' N","132° 35' W",2,2,5,928,465
"Awun Lake",27,"53° 36' N","132° 35' W",2,3,5,928,465
"Awun Lake",27,"53° 36' N","132° 35' W",2,5,10,917,440
"Awun Lake",27,"53° 36' N","132° 35' W",2,10,15,893,420
"Awun Lake",27,"53° 36' N","132° 35' W",2,15,20,870,400
"Awun Lake",27,"53° 36' N","132° 35' W",2,20,30,831,370
"Awun Lake",27,"53° 36' N","132° 35' W",2,30,40,779,323
"Awun Lake",27,"53° 36' N","132° 35' W",2,40,50,675,274
"Awun Lake",27,"53° 36' N","132° 35' W",2,50,60,575,211
"Awun Lake",27,"53° 36' N","132° 35' W",2,60,70,0,136
"Awun Lake",27,"53° 36' N","132° 35' W",3,2,5,650,465
"Awun Lake",27,"53° 36' N","132° 35' W",3,3,5,650,465
"Awun Lake",27,"53° 36' N","132° 35' W",3,5,10,635,440
"Awun Lake",27,"53° 36' N","132° 35' W",3,10,15,616,420
"Awun Lake",27,"53° 36' N","132° 35' W",3,15,20,594,400
"Awun Lake",27,"53° 36' N","132° 35' W",3,20,30,566,370
"Awun Lake",27,"53° 36' N","132° 35' W",3,30,40,512,323
"Awun Lake",27,"53° 36' N","132° 35' W",3,40,50,464,274
"Awun Lake",27,"53° 36' N","132° 35' W",3,50,60,429,211
"Awun Lake",27,"53° 36' N","132° 35' W",3,60,70,0,136
"Awun Lake",27,"53° 36' N","132° 35' W",4,2,5,295,465
"Awun Lake",27,"53° 36' N","132° 35' W",4,3,5,295,465
"Awun Lake",27,"53° 36' N","132° 35' W",4,5,10,284,440
"Awun Lake",27,"53° 36' N","132° 35' W",4,10,15,266,420
"Awun Lake",27,"53° 36' N","132° 35' W",4,15,20,249,400
"Awun Lake",27,"53° 36' N","132° 35' W",4,20,30,221,370
"Awun Lake",27,"53° 36' N","132° 35' W",4,30,40,156,323
"Awun Lake",27,"53° 36' N","132° 35' W",4,40,50,0,274
"Awun Lake",27,"53° 36' N","132° 35' W",4,50,60,0,211
"Awun Lake",27,"53° 36' N","132° 35' W",4,60,70,0,136
"Bear Lake",16,"56° 08' N","126° 49' W",1,2,5,538,1880
"Bear Lake",16,"56° 08' N","126° 49' W",1,3,5,538,1484
"Bear Lake",16,"56° 08' N","126° 49' W",1,5,10,454,1084
"Bear Lake",16,"56° 08' N","126° 49' W",1,10,15,364,723
"Bear Lake",16,"56° 08' N","126° 49' W",1,15,20,213,540
"Bear Lake",16,"56° 08' N","126° 49' W",1,20,30,73,363
"Bear Lake",16,"56° 08' N","126° 49' W",1,30,40,0,168
"Bear Lake",16,"56° 08' N","126° 49' W",1,40,50,0,70
"Bear Lake",16,"56° 08' N","126° 49' W",1,50,60,0,50
"Bear Lake",16,"56° 08' N","126° 49' W",2,2,5,1213,1880
"Bear Lake",16,"56° 08' N","126° 49' W",2,3,5,1213,1484
"Bear Lake",16,"56° 08' N","126° 49' W",2,5,10,1170,1084
"Bear Lake",16,"56° 08' N","126° 49' W",2,10,15,615,723
"Bear Lake",16,"56° 08' N","126° 49' W",2,15,20,248,540
"Bear Lake",16,"56° 08' N","126° 49' W",2,20,30,0,363
"Bear Lake",16,"56° 08' N","126° 49' W",2,30,40,0,168
"Bear Lake",16,"56° 08' N","126° 49' W",2,40,50,0,70
"Bear Lake",16,"56° 08' N","126° 49' W",2,50,60,0,50
"Bear Lake",16,"56° 08' N","126° 49' W",3,2,5,495,1880
"Bear Lake",16,"56° 08' N","126° 49' W",3,3,5,495,1484
"Bear Lake",16,"56° 08' N","126° 49' W",3,5,10,306,1084
"Bear Lake",16,"56° 08' N","126° 49' W",3,10,15,232,723
"Bear Lake",16,"56° 08' N","126° 49' W",3,15,20,153,540
"Bear Lake",16,"56° 08' N","126° 49' W",3,20,30,43,363
"Bear Lake",16,"56° 08' N","126° 49' W",3,30,40,0,168
"Bear Lake",16,"56° 08' N","126° 49' W",3,40,50,0,70
"Bear Lake",16,"56° 08' N","126° 49' W",3,50,60,0,50
"Bear Lake",16,"56° 08' N","126° 49' W",4,2,5,779,1880
"Bear Lake",16,"56° 08' N","126° 49' W",4,3,5,779,1484
"Bear Lake",16,"56° 08' N","126° 49' W",4,5,10,676,1084
"Bear Lake",16,"56° 08' N","126° 49' W",4,10,15,624,723
"Bear Lake",16,"56° 08' N","126° 49' W",4,15,20,412,540
"Bear Lake",16,"56° 08' N","126° 49' W",4,20,30,92,363
"Bear Lake",16,"56° 08' N","126° 49' W",4,30,40,0,168
"Bear Lake",16,"56° 08' N","126° 49' W",4,40,50,0,70
"Bear Lake",16,"56° 08' N","126° 49' W",4,50,60,0,50
"Bear Lake",16,"56° 08' N","126° 49' W",5,2,5,521,1880
"Bear Lake",16,"56° 08' N","126° 49' W",5,3,5,521,1484
"Bear Lake",16,"56° 08' N","126° 49' W",5,5,10,521,1084
"Bear Lake",16,"56° 08' N","126° 49' W",5,10,15,509,723
"Bear Lake",16,"56° 08' N","126° 49' W",5,15,20,484,540
"Bear Lake",16,"56° 08' N","126° 49' W",5,20,30,453,363
"Bear Lake",16,"56° 08' N","126° 49' W",5,30,40,391,168
"Bear Lake",16,"56° 08' N","126° 49' W",5,40,50,273,70
"Bear Lake",16,"56° 08' N","126° 49' W",5,50,60,143,50
"Bear Lake",16,"56° 08' N","126° 49' W",6,2,5,305,1880
"Bear Lake",16,"56° 08' N","126° 49' W",6,3,5,305,1484
"Bear Lake",16,"56° 08' N","126° 49' W",6,5,10,305,1084
"Bear Lake",16,"56° 08' N","126° 49' W",6,10,15,284,723
"Bear Lake",16,"56° 08' N","126° 49' W",6,15,20,263,540
"Bear Lake",16,"56° 08' N","126° 49' W",6,20,30,200,363
"Bear Lake",16,"56° 08' N","126° 49' W",6,30,40,200,168
"Bear Lake",16,"56° 08' N","126° 49' W",6,40,50,114,70
"Bear Lake",16,"56° 08' N","126° 49' W",6,50,60,51,50
"Bonilla Lake",31,"53° 31' N","130° 15' W",1,2,5,273,207
"Bonilla Lake",31,"53° 31' N","130° 15' W",1,3,5,273,207
"Bonilla Lake",31,"53° 31' N","130° 15' W",1,5,10,252,186
"Bonilla Lake",31,"53° 31' N","130° 15' W",1,10,15,233,167
"Bonilla Lake",31,"53° 31' N","130° 15' W",1,15,20,215,149
"Bonilla Lake",31,"53° 31' N","130° 15' W",1,20,30,190,127
"Bonilla Lake",31,"53° 31' N","130° 15' W",1,30,40,164,102
"Bonilla Lake",31,"53° 31' N","130° 15' W",1,40,50,153,78
"Bonilla Lake",31,"53° 31' N","130° 15' W",2,2,5,668,207
"Bonilla Lake",31,"53° 31' N","130° 15' W",2,3,5,668,207
"Bonilla Lake",31,"53° 31' N","130° 15' W",2,5,10,649,186
"Bonilla Lake",31,"53° 31' N","130° 15' W",2,10,15,643,167
"Bonilla Lake",31,"53° 31' N","130° 15' W",2,15,20,564,149
"Bonilla Lake",31,"53° 31' N","130° 15' W",2,20,30,547,127
"Bonilla Lake",31,"53° 31' N","130° 15' W",2,30,40,456,102
"Bonilla Lake",31,"53° 31' N","130° 15' W",2,40,50,364,78
"Bonilla Lake",31,"53° 31' N","130° 15' W",3,2,5,672,207
"Bonilla Lake",31,"53° 31' N","130° 15' W",3,3,5,672,207
"Bonilla Lake",31,"53° 31' N","130° 15' W",3,5,10,648,186
"Bonilla Lake",31,"53° 31' N","130° 15' W",3,10,15,613,167
"Bonilla Lake",31,"53° 31' N","130° 15' W",3,15,20,590,149
"Bonilla Lake",31,"53° 31' N","130° 15' W",3,20,30,551,127
"Bonilla Lake",31,"53° 31' N","130° 15' W",3,30,40,484,102
"Bonilla Lake",31,"53° 31' N","130° 15' W",3,40,50,403,78
"Bonilla Lake",31,"53° 31' N","130° 15' W",4,2,5,225,207
"Bonilla Lake",31,"53° 31' N","130° 15' W",4,3,5,225,207
"Bonilla Lake",31,"53° 31' N","130° 15' W",4,5,10,206,186
"Bonilla Lake",31,"53° 31' N","130° 15' W",4,10,15,183,167
"Bonilla Lake",31,"53° 31' N","130° 15' W",4,15,20,154,149
"Bonilla Lake",31,"53° 31' N","130° 15' W",4,20,30,86,127
"Bonilla Lake",31,"53° 31' N","130° 15' W",4,30,40,0,102
"Bonilla Lake",31,"53° 31' N","130° 15' W",4,40,50,0,78
"Bowser Lake",35,"56° 25' N","129° 30' W",1,2,5,1499,3206
"Bowser Lake",35,"56° 25' N","129° 30' W",1,3,5,1499,3081
"Bowser Lake",35,"56° 25' N","129° 30' W",1,5,10,1472,2763
"Bowser Lake",35,"56° 25' N","129° 30' W",1,10,15,1445,2617
"Bowser Lake",35,"56° 25' N","129° 30' W",1,15,20,1417,2470
"Bowser Lake",35,"56° 25' N","129° 30' W",1,20,30,1381,2288
"Bowser Lake",35,"56° 25' N","129° 30' W",1,30,40,1344,2044
"Bowser Lake",35,"56° 25' N","129° 30' W",1,40,50,1292,1893
"Bowser Lake",35,"56° 25' N","129° 30' W",1,50,60,1249,1690
"Bowser Lake",35,"56° 25' N","129° 30' W",2,2,5,1248,3206
"Bowser Lake",35,"56° 25' N","129° 30' W",2,3,5,1248,3081
"Bowser Lake",35,"56° 25' N","129° 30' W",2,5,10,1208,2763
"Bowser Lake",35,"56° 25' N","129° 30' W",2,10,15,1171,2617
"Bowser Lake",35,"56° 25' N","129° 30' W",2,15,20,1149,2470
"Bowser Lake",35,"56° 25' N","129° 30' W",2,20,30,1104,2288
"Bowser Lake",35,"56° 25' N","129° 30' W",2,30,40,1093,2044
"Bowser Lake",35,"56° 25' N","129° 30' W",2,40,50,1055,1893
"Bowser Lake",35,"56° 25' N","129° 30' W",2,50,60,1008,1690
"Bowser Lake",35,"56° 25' N","129° 30' W",3,2,5,1802,3206
"Bowser Lake",35,"56° 25' N","129° 30' W",3,3,5,1802,3081
"Bowser Lake",35,"56° 25' N","129° 30' W",3,5,10,1802,2763
"Bowser Lake",35,"56° 25' N","129° 30' W",3,10,15,1748,2617
"Bowser Lake",35,"56° 25' N","129° 30' W",3,15,20,1711,2470
"Bowser Lake",35,"56° 25' N","129° 30' W",3,20,30,1690,2288
"Bowser Lake",35,"56° 25' N","129° 30' W",3,30,40,1649,2044
"Bowser Lake",35,"56° 25' N","129° 30' W",3,40,50,1623,1893
"Bowser Lake",35,"56° 25' N","129° 30' W",3,50,60,1593,1690
"Bowser Lake",35,"56° 25' N","129° 30' W",4,2,5,1115,3206
"Bowser Lake",35,"56° 25' N","129° 30' W",4,3,5,1115,3081
"Bowser Lake",35,"56° 25' N","129° 30' W",4,5,10,1100,2763
"Bowser Lake",35,"56° 25' N","129° 30' W",4,10,15,1062,2617
"Bowser Lake",35,"56° 25' N","129° 30' W",4,15,20,1031,2470
"Bowser Lake",35,"56° 25' N","129° 30' W",4,20,30,993,2288
"Bowser Lake",35,"56° 25' N","129° 30' W",4,30,40,952,2044
"Bowser Lake",35,"56° 25' N","129° 30' W",4,40,50,921,1893
"Bowser Lake",35,"56° 25' N","129° 30' W",4,50,60,861,1690
"Bowser Lake",35,"56° 25' N","129° 30' W",5,2,5,1645,3206
"Bowser Lake",35,"56° 25' N","129° 30' W",5,3,5,1627,3081
"Bowser Lake",35,"56° 25' N","129° 30' W",5,5,10,1522,2763
"Bowser Lake",35,"56° 25' N","129° 30' W",5,10,15,1445,2617
"Bowser Lake",35,"56° 25' N","129° 30' W",5,15,20,1390,2470
"Bowser Lake",35,"56° 25' N","129° 30' W",5,20,30,969,2288
"Bowser Lake",35,"56° 25' N","129° 30' W",5,30,40,765,2044
"Bowser Lake",35,"56° 25' N","129° 30' W",5,40,50,716,1893
"Bowser Lake",35,"56° 25' N","129° 30' W",5,50,60,454,1690
"Bowser Lake",35,"56° 25' N","129° 30' W",6,2,5,1201,3206
"Bowser Lake",35,"56° 25' N","129° 30' W",6,3,5,1065,3081
"Bowser Lake",35,"56° 25' N","129° 30' W",6,5,10,868,2763
"Bowser Lake",35,"56° 25' N","129° 30' W",6,10,15,830,2617
"Bowser Lake",35,"56° 25' N","129° 30' W",6,15,20,788,2470
"Bowser Lake",35,"56° 25' N","129° 30' W",6,20,30,690,2288
"Bowser Lake",35,"56° 25' N","129° 30' W",6,30,40,0,2044
"Bowser Lake",35,"56° 25' N","129° 30' W",6,40,50,0,1893
"Bowser Lake",35,"56° 25' N","129° 30' W",6,50,60,0,1690
"Brannen Lake",161,"49° 13' N","124° 03' W",1,2,5,832,89
"Brannen Lake",161,"49° 13' N","124° 03' W",1,3,5,832,89
"Brannen Lake",161,"49° 13' N","124° 03' W",1,5,10,695,64
"Brannen Lake",161,"49° 13' N","124° 03' W",1,10,15,551,45
"Brannen Lake",161,"49° 13' N","124° 03' W",1,15,20,0,19
"Brannen Lake",161,"49° 13' N","124° 03' W",2,2,5,843,89
"Brannen Lake",161,"49° 13' N","124° 03' W",2,3,5,843,89
"Brannen Lake",161,"49° 13' N","124° 03' W",2,5,10,684,64
"Brannen Lake",161,"49° 13' N","124° 03' W",2,10,15,553,45
"Brannen Lake",161,"49° 13' N","124° 03' W",2,15,20,309,19
"Brannen Lake",161,"49° 13' N","124° 03' W",3,2,5,686,89
"Brannen Lake",161,"49° 13' N","124° 03' W",3,3,5,686,89
"Brannen Lake",161,"49° 13' N","124° 03' W",3,5,10,385,64
"Brannen Lake",161,"49° 13' N","124° 03' W",3,10,15,190,45
"Brannen Lake",161,"49° 13' N","124° 03' W",3,15,20,0,19
"Brannen Lake",161,"49° 13' N","124° 03' W",4,2,5,1135,89
"Brannen Lake",161,"49° 13' N","124° 03' W",4,3,5,1135,89
"Brannen Lake",161,"49° 13' N","124° 03' W",4,5,10,964,64
"Brannen Lake",161,"49° 13' N","124° 03' W",4,10,15,538,45
"Brannen Lake",161,"49° 13' N","124° 03' W",4,15,20,0,19
"Brannen Lake",161,"49° 13' N","124° 03' W",5,2,5,1290,89
"Brannen Lake",161,"49° 13' N","124° 03' W",5,3,5,1290,89
"Brannen Lake",161,"49° 13' N","124° 03' W",5,5,10,1173,64
"Brannen Lake",161,"49° 13' N","124° 03' W",5,10,15,990,45
"Brannen Lake",161,"49° 13' N","124° 03' W",5,15,20,0,19
"Brannen Lake",161,"49° 13' N","124° 03' W",6,2,5,1156,89
"Brannen Lake",161,"49° 13' N","124° 03' W",6,3,5,1156,89
"Brannen Lake",161,"49° 13' N","124° 03' W",6,5,10,1034,64
"Brannen Lake",161,"49° 13' N","124° 03' W",6,10,15,660,45
"Brannen Lake",161,"49° 13' N","124° 03' W",6,15,20,267,19
"Cheewhat Lake",107,"48° 41' N","125° 45' W",1,2,5,721,140
"Cheewhat Lake",107,"48° 41' N","125° 45' W",1,3,5,721,140
"Cheewhat Lake",107,"48° 41' N","125° 45' W",1,5,10,485,86
"Cheewhat Lake",107,"48° 41' N","125° 45' W",1,10,15,0,33
"Cheewhat Lake",107,"48° 41' N","125° 45' W",1,15,20,0,14
"Cheewhat Lake",107,"48° 41' N","125° 45' W",2,2,5,843,140
"Cheewhat Lake",107,"48° 41' N","125° 45' W",2,3,5,843,140
"Cheewhat Lake",107,"48° 41' N","125° 45' W",2,5,10,455,86
"Cheewhat Lake",107,"48° 41' N","125° 45' W",2,10,15,301,33
"Cheewhat Lake",107,"48° 41' N","125° 45' W",2,15,20,0,14
"Cheewhat Lake",107,"48° 41' N","125° 45' W",3,2,5,811,140
"Cheewhat Lake",107,"48° 41' N","125° 45' W",3,3,5,811,140
"Cheewhat Lake",107,"48° 41' N","125° 45' W",3,5,10,630,86
"Cheewhat Lake",107,"48° 41' N","125° 45' W",3,10,15,464,33
"Cheewhat Lake",107,"48° 41' N","125° 45' W",3,15,20,315,14
"Cheewhat Lake",107,"48° 41' N","125° 45' W",4,2,5,743,140
"Cheewhat Lake",107,"48° 41' N","125° 45' W",4,3,5,743,140
"Cheewhat Lake",107,"48° 41' N","125° 45' W",4,5,10,614,86
"Cheewhat Lake",107,"48° 41' N","125° 45' W",4,10,15,517,33
"Cheewhat Lake",107,"48° 41' N","125° 45' W",4,15,20,348,14
"Cheewhat Lake",107,"48° 41' N","125° 45' W",5,2,5,478,140
"Cheewhat Lake",107,"48° 41' N","125° 45' W",5,3,5,478,140
"Cheewhat Lake",107,"48° 41' N","125° 45' W",5,5,10,372,86
"Cheewhat Lake",107,"48° 41' N","125° 45' W",5,10,15,239,33
"Cheewhat Lake",107,"48° 41' N","125° 45' W",5,15,20,0,14
"Cheewhat Lake",107,"48° 41' N","125° 45' W",6,2,5,1391,140
"Cheewhat Lake",107,"48° 41' N","125° 45' W",6,3,5,1391,140
"Cheewhat Lake",107,"48° 41' N","125° 45' W",6,5,10,1114,86
"Cheewhat Lake",107,"48° 41' N","125° 45' W",6,10,15,368,33
"Cheewhat Lake",107,"48° 41' N","125° 45' W",6,15,20,150,14
"Curtis Lake",28,"53° 30' N","129° 50' W",1,2,5,679,247
"Curtis Lake",28,"53° 30' N","129° 50' W",1,3,5,679,247
"Curtis Lake",28,"53° 30' N","129° 50' W",1,5,10,656,216
"Curtis Lake",28,"53° 30' N","129° 50' W",1,10,15,621,198
"Curtis Lake",28,"53° 30' N","129° 50' W",1,15,20,586,186
"Curtis Lake",28,"53° 30' N","129° 50' W",1,20,30,556,164
"Curtis Lake",28,"53° 30' N","129° 50' W",1,30,40,452,129
"Curtis Lake",28,"53° 30' N","129° 50' W",1,40,50,389,93
"Curtis Lake",28,"53° 30' N","129° 50' W",1,50,60,305,63
"Curtis Lake",28,"53° 30' N","129° 50' W",1,60,70,182,40
"Curtis Lake",28,"53° 30' N","129° 50' W",2,2,5,1012,247
"Curtis Lake",28,"53° 30' N","129° 50' W",2,3,5,1012,247
"Curtis Lake",28,"53° 30' N","129° 50' W",2,5,10,1004,216
"Curtis Lake",28,"53° 30' N","129° 50' W",2,10,15,965,198
"Curtis Lake",28,"53° 30' N","129° 50' W",2,15,20,960,186
"Curtis Lake",28,"53° 30' N","129° 50' W",2,20,30,743,164
"Curtis Lake",28,"53° 30' N","129° 50' W",2,30,40,645,129
"Curtis Lake",28,"53° 30' N","129° 50' W",2,40,50,588,93
"Curtis Lake",28,"53° 30' N","129° 50' W",2,50,60,510,63
"Curtis Lake",28,"53° 30' N","129° 50' W",2,60,70,421,40
"Curtis Lake",28,"53° 30' N","129° 50' W",3,2,5,646,247
"Curtis Lake",28,"53° 30' N","129° 50' W",3,3,5,646,247
"Curtis Lake",28,"53° 30' N","129° 50' W",3,5,10,631,216
"Curtis Lake",28,"53° 30' N","129° 50' W",3,10,15,617,198
"Curtis Lake",28,"53° 30' N","129° 50' W",3,15,20,603,186
"Curtis Lake",28,"53° 30' N","129° 50' W",3,20,30,577,164
"Curtis Lake",28,"53° 30' N","129° 50' W",3,30,40,337,129
"Curtis Lake",28,"53° 30' N","129° 50' W",3,40,50,123,93
"Curtis Lake",28,"53° 30' N","129° 50' W",3,50,60,0,63
"Curtis Lake",28,"53° 30' N","129° 50' W",3,60,70,0,40
"Curtis Lake",28,"53° 30' N","129° 50' W",4,2,5,698,247
"Curtis Lake",28,"53° 30' N","129° 50' W",4,3,5,698,247
"Curtis Lake",28,"53° 30' N","129° 50' W",4,5,10,564,216
"Curtis Lake",28,"53° 30' N","129° 50' W",4,10,15,504,198
"Curtis Lake",28,"53° 30' N","129° 50' W",4,15,20,455,186
"Curtis Lake",28,"53° 30' N","129° 50' W",4,20,30,231,164
"Curtis Lake",28,"53° 30' N","129° 50' W",4,30,40,134,129
"Curtis Lake",28,"53° 30' N","129° 50' W",4,40,50,0,93
"Curtis Lake",28,"53° 30' N","129° 50' W",4,50,60,0,63
"Curtis Lake",28,"53° 30' N","129° 50' W",4,60,70,0,40
"Damdochax Lake",38,"56° 30' N","128° 06' W",1,2,5,370,134
"Damdochax Lake",38,"56° 30' N","128° 06' W",1,3,5,361,125
"Damdochax Lake",38,"56° 30' N","128° 06' W",1,5,10,188,101
"Damdochax Lake",38,"56° 30' N","128° 06' W",1,10,15,0,54
"Damdochax Lake",38,"56° 30' N","128° 06' W",1,15,20,0,12
"Damdochax Lake",38,"56° 30' N","128° 06' W",2,2,5,587,134
"Damdochax Lake",38,"56° 30' N","128° 06' W",2,3,5,583,125
"Damdochax Lake",38,"56° 30' N","128° 06' W",2,5,10,402,101
"Damdochax Lake",38,"56° 30' N","128° 06' W",2,10,15,0,54
"Damdochax Lake",38,"56° 30' N","128° 06' W",2,15,20,0,12
"Damdochax Lake",38,"56° 30' N","128° 06' W",3,2,5,614,134
"Damdochax Lake",38,"56° 30' N","128° 06' W",3,3,5,614,125
"Damdochax Lake",38,"56° 30' N","128° 06' W",3,5,10,591,101
"Damdochax Lake",38,"56° 30' N","128° 06' W",3,10,15,534,54
"Damdochax Lake",38,"56° 30' N","128° 06' W",3,15,20,199,12
"Damdochax Lake",38,"56° 30' N","128° 06' W",4,2,5,677,134
"Damdochax Lake",38,"56° 30' N","128° 06' W",4,3,5,667,125
"Damdochax Lake",38,"56° 30' N","128° 06' W",4,5,10,640,101
"Damdochax Lake",38,"56° 30' N","128° 06' W",4,10,15,385,54
"Damdochax Lake",38,"56° 30' N","128° 06' W",4,15,20,0,12
"Devon Lake",29,"53° 27' N","129° 45' W",1,2,5,390,167
"Devon Lake",29,"53° 27' N","129° 45' W",1,3,5,390,167
"Devon Lake",29,"53° 27' N","129° 45' W",1,5,10,382,152
"Devon Lake",29,"53° 27' N","129° 45' W",1,10,15,369,141
"Devon Lake",29,"53° 27' N","129° 45' W",1,15,20,356,131
"Devon Lake",29,"53° 27' N","129° 45' W",1,20,30,334,112
"Devon Lake",29,"53° 27' N","129° 45' W",1,30,40,306,68
"Devon Lake",29,"53° 27' N","129° 45' W",1,40,50,274,26
"Devon Lake",29,"53° 27' N","129° 45' W",1,50,60,0,10
"Devon Lake",29,"53° 27' N","129° 45' W",1,60,70,0,4
"Devon Lake",29,"53° 27' N","129° 45' W",2,2,5,639,167
"Devon Lake",29,"53° 27' N","129° 45' W",2,3,5,639,167
"Devon Lake",29,"53° 27' N","129° 45' W",2,5,10,616,152
"Devon Lake",29,"53° 27' N","129° 45' W",2,10,15,597,141
"Devon Lake",29,"53° 27' N","129° 45' W",2,15,20,562,131
"Devon Lake",29,"53° 27' N","129° 45' W",2,20,30,466,112
"Devon Lake",29,"53° 27' N","129° 45' W",2,30,40,108,68
"Devon Lake",29,"53° 27' N","129° 45' W",2,40,50,0,26
"Devon Lake",29,"53° 27' N","129° 45' W",2,50,60,0,10
"Devon Lake",29,"53° 27' N","129° 45' W",2,60,70,0,4
"Devon Lake",29,"53° 27' N","129° 45' W",3,2,5,496,167
"Devon Lake",29,"53° 27' N","129° 45' W",3,3,5,496,167
"Devon Lake",29,"53° 27' N","129° 45' W",3,5,10,482,152
"Devon Lake",29,"53° 27' N","129° 45' W",3,10,15,467,141
"Devon Lake",29,"53° 27' N","129° 45' W",3,15,20,451,131
"Devon Lake",29,"53° 27' N","129° 45' W",3,20,30,424,112
"Devon Lake",29,"53° 27' N","129° 45' W",3,30,40,272,68
"Devon Lake",29,"53° 27' N","129° 45' W",3,40,50,106,26
"Devon Lake",29,"53° 27' N","129° 45' W",3,50,60,0,10
"Devon Lake",29,"53° 27' N","129° 45' W",3,60,70,0,4
"Devon Lake",29,"53° 27' N","129° 45' W",4,2,5,507,167
"Devon Lake",29,"53° 27' N","129° 45' W",4,3,5,507,167
"Devon Lake",29,"53° 27' N","129° 45' W",4,5,10,496,152
"Devon Lake",29,"53° 27' N","129° 45' W",4,10,15,483,141
"Devon Lake",29,"53° 27' N","129° 45' W",4,15,20,458,131
"Devon Lake",29,"53° 27' N","129° 45' W",4,20,30,388,112
"Devon Lake",29,"53° 27' N","129° 45' W",4,30,40,277,68
"Devon Lake",29,"53° 27' N","129° 45' W",4,40,50,104,26
"Devon Lake",29,"53° 27' N","129° 45' W",4,50,60,0,10
"Devon Lake",29,"53° 27' N","129° 45' W",4,60,70,0,4
"Devon Lake",29,"53° 27' N","129° 45' W",5,2,5,894,167
"Devon Lake",29,"53° 27' N","129° 45' W",5,3,5,894,167
"Devon Lake",29,"53° 27' N","129° 45' W",5,5,10,876,152
"Devon Lake",29,"53° 27' N","129° 45' W",5,10,15,857,141
"Devon Lake",29,"53° 27' N","129° 45' W",5,15,20,844,131
"Devon Lake",29,"53° 27' N","129° 45' W",5,20,30,820,112
"Devon Lake",29,"53° 27' N","129° 45' W",5,30,40,615,68
"Devon Lake",29,"53° 27' N","129° 45' W",5,40,50,0,26
"Devon Lake",29,"53° 27' N","129° 45' W",5,50,60,0,10
"Devon Lake",29,"53° 27' N","129° 45' W",5,60,70,0,4
"Devon Lake",29,"53° 27' N","129° 45' W",6,2,5,900,167
"Devon Lake",29,"53° 27' N","129° 45' W",6,3,5,900,167
"Devon Lake",29,"53° 27' N","129° 45' W",6,5,10,857,152
"Devon Lake",29,"53° 27' N","129° 45' W",6,10,15,814,141
"Devon Lake",29,"53° 27' N","129° 45' W",6,15,20,763,131
"Devon Lake",29,"53° 27' N","129° 45' W",6,20,30,651,112
"Devon Lake",29,"53° 27' N","129° 45' W",6,30,40,0,68
"Devon Lake",29,"53° 27' N","129° 45' W",6,40,50,0,26
"Devon Lake",29,"53° 27' N","129° 45' W",6,50,60,0,10
"Devon Lake",29,"53° 27' N","129° 45' W",6,60,70,0,4
"Devon Lake",29,"53° 27' N","129° 45' W",7,2,5,1100,167
"Devon Lake",29,"53° 27' N","129° 45' W",7,3,5,1100,167
"Devon Lake",29,"53° 27' N","129° 45' W",7,5,10,1072,152
"Devon Lake",29,"53° 27' N","129° 45' W",7,10,15,1024,141
"Devon Lake",29,"53° 27' N","129° 45' W",7,15,20,955,131
"Devon Lake",29,"53° 27' N","129° 45' W",7,20,30,643,112
"Devon Lake",29,"53° 27' N","129° 45' W",7,30,40,436,68
"Devon Lake",29,"53° 27' N","129° 45' W",7,40,50,401,26
"Devon Lake",29,"53° 27' N","129° 45' W",7,50,60,0,10
"Devon Lake",29,"53° 27' N","129° 45' W",7,60,70,0,4
"Dragon Lake",214,"52° 34' N","122° 25' W",1,2,5,1145,173
"Dragon Lake",214,"52° 34' N","122° 25' W",1,3,5,0,0
"Dragon Lake",214,"52° 34' N","122° 25' W",1,5,10,1058,116
"Dragon Lake",214,"52° 34' N","122° 25' W",2,2,5,1210,173
"Dragon Lake",214,"52° 34' N","122° 25' W",2,3,5,0,0
"Dragon Lake",214,"52° 34' N","122° 25' W",2,5,10,1133,116
"Dragon Lake",214,"52° 34' N","122° 25' W",3,2,5,1206,173
"Dragon Lake",214,"52° 34' N","122° 25' W",3,3,5,0,0
"Dragon Lake",214,"52° 34' N","122° 25' W",3,5,10,1131,116
"Dragon Lake",214,"52° 34' N","122° 25' W",4,2,5,798,173
"Dragon Lake",214,"52° 34' N","122° 25' W",4,3,5,0,0
"Dragon Lake",214,"52° 34' N","122° 25' W",4,5,10,464,116
"Eden Lake",25,"53° 51' N","132° 43' W",1,2,5,775,556
"Eden Lake",25,"53° 51' N","132° 43' W",1,3,5,775,556
"Eden Lake",25,"53° 51' N","132° 43' W",1,5,10,714,507
"Eden Lake",25,"53° 51' N","132° 43' W",1,10,15,699,481
"Eden Lake",25,"53° 51' N","132° 43' W",1,15,20,641,454
"Eden Lake",25,"53° 51' N","132° 43' W",1,20,30,578,397
"Eden Lake",25,"53° 51' N","132° 43' W",1,30,40,512,307
"Eden Lake",25,"53° 51' N","132° 43' W",1,40,50,429,239
"Eden Lake",25,"53° 51' N","132° 43' W",1,50,60,0,203
"Eden Lake",25,"53° 51' N","132° 43' W",1,60,70,0,170
"Eden Lake",25,"53° 51' N","132° 43' W",2,2,5,685,556
"Eden Lake",25,"53° 51' N","132° 43' W",2,3,5,685,556
"Eden Lake",25,"53° 51' N","132° 43' W",2,5,10,669,507
"Eden Lake",25,"53° 51' N","132° 43' W",2,10,15,623,481
"Eden Lake",25,"53° 51' N","132° 43' W",2,15,20,590,454
"Eden Lake",25,"53° 51' N","132° 43' W",2,20,30,553,397
"Eden Lake",25,"53° 51' N","132° 43' W",2,30,40,513,307
"Eden Lake",25,"53° 51' N","132° 43' W",2,40,50,478,239
"Eden Lake",25,"53° 51' N","132° 43' W",2,50,60,0,203
"Eden Lake",25,"53° 51' N","132° 43' W",2,60,70,0,170
"Eden Lake",25,"53° 51' N","132° 43' W",3,2,5,1279,556
"Eden Lake",25,"53° 51' N","132° 43' W",3,3,5,1279,556
"Eden Lake",25,"53° 51' N","132° 43' W",3,5,10,1050,507
"Eden Lake",25,"53° 51' N","132° 43' W",3,10,15,960,481
"Eden Lake",25,"53° 51' N","132° 43' W",3,15,20,922,454
"Eden Lake",25,"53° 51' N","132° 43' W",3,20,30,790,397
"Eden Lake",25,"53° 51' N","132° 43' W",3,30,40,722,307
"Eden Lake",25,"53° 51' N","132° 43' W",3,40,50,630,239
"Eden Lake",25,"53° 51' N","132° 43' W",3,50,60,0,203
"Eden Lake",25,"53° 51' N","132° 43' W",3,60,70,0,170
"Eden Lake",25,"53° 51' N","132° 43' W",4,2,5,763,556
"Eden Lake",25,"53° 51' N","132° 43' W",4,3,5,763,556
"Eden Lake",25,"53° 51' N","132° 43' W",4,5,10,619,507
"Eden Lake",25,"53° 51' N","132° 43' W",4,10,15,478,481
"Eden Lake",25,"53° 51' N","132° 43' W",4,15,20,386,454
"Eden Lake",25,"53° 51' N","132° 43' W",4,20,30,267,397
"Eden Lake",25,"53° 51' N","132° 43' W",4,30,40,0,307
"Eden Lake",25,"53° 51' N","132° 43' W",4,40,50,0,239
"Eden Lake",25,"53° 51' N","132° 43' W",4,50,60,0,203
"Eden Lake",25,"53° 51' N","132° 43' W",4,60,70,0,170
"Ellerslie Lake",181,"52° 32' N","127° 57' W",1,2,5,1867,2447
"Ellerslie Lake",181,"52° 32' N","127° 57' W",1,3,5,1867,2447
"Ellerslie Lake",181,"52° 32' N","127° 57' W",1,5,10,1861,2332
"Ellerslie Lake",181,"52° 32' N","127° 57' W",1,10,15,1839,2183
"Ellerslie Lake",181,"52° 32' N","127° 57' W",1,15,20,1822,2055
"Ellerslie Lake",181,"52° 32' N","127° 57' W",1,20,30,1811,1926
"Ellerslie Lake",181,"52° 32' N","127° 57' W",1,30,40,1761,1768
"Ellerslie Lake",181,"52° 32' N","127° 57' W",1,40,50,1717,1606
"Ellerslie Lake",181,"52° 32' N","127° 57' W",1,50,60,1656,1436
"Ellerslie Lake",181,"52° 32' N","127° 57' W",2,2,5,878,2447
"Ellerslie Lake",181,"52° 32' N","127° 57' W",2,3,5,878,2447
"Ellerslie Lake",181,"52° 32' N","127° 57' W",2,5,10,867,2332
"Ellerslie Lake",181,"52° 32' N","127° 57' W",2,10,15,856,2183
"Ellerslie Lake",181,"52° 32' N","127° 57' W",2,15,20,844,2055
"Ellerslie Lake",181,"52° 32' N","127° 57' W",2,20,30,828,1926
"Ellerslie Lake",181,"52° 32' N","127° 57' W",2,30,40,800,1768
"Ellerslie Lake",181,"52° 32' N","127° 57' W",2,40,50,767,1606
"Ellerslie Lake",181,"52° 32' N","127° 57' W",2,50,60,739,1436
"Ellerslie Lake",181,"52° 32' N","127° 57' W",3,2,5,928,2447
"Ellerslie Lake",181,"52° 32' N","127° 57' W",3,3,5,928,2447
"Ellerslie Lake",181,"52° 32' N","127° 57' W",3,5,10,917,2332
"Ellerslie Lake",181,"52° 32' N","127° 57' W",3,10,15,900,2183
"Ellerslie Lake",181,"52° 32' N","127° 57' W",3,15,20,889,2055
"Ellerslie Lake",181,"52° 32' N","127° 57' W",3,20,30,878,1926
"Ellerslie Lake",181,"52° 32' N","127° 57' W",3,30,40,850,1768
"Ellerslie Lake",181,"52° 32' N","127° 57' W",3,40,50,828,1606
"Ellerslie Lake",181,"52° 32' N","127° 57' W",3,50,60,806,1436
"Ellerslie Lake",181,"52° 32' N","127° 57' W",4,2,5,1211,2447
"Ellerslie Lake",181,"52° 32' N","127° 57' W",4,3,5,1211,2447
"Ellerslie Lake",181,"52° 32' N","127° 57' W",4,5,10,1189,2332
"Ellerslie Lake",181,"52° 32' N","127° 57' W",4,10,15,1128,2183
"Ellerslie Lake",181,"52° 32' N","127° 57' W",4,15,20,1106,2055
"Ellerslie Lake",181,"52° 32' N","127° 57' W",4,20,30,1094,1926
"Ellerslie Lake",181,"52° 32' N","127° 57' W",4,30,40,1067,1768
"Ellerslie Lake",181,"52° 32' N","127° 57' W",4,40,50,1044,1606
"Ellerslie Lake",181,"52° 32' N","127° 57' W",4,50,60,1017,1436
"Ellerslie Lake",181,"52° 32' N","127° 57' W",5,2,5,1083,2447
"Ellerslie Lake",181,"52° 32' N","127° 57' W",5,3,5,1083,2447
"Ellerslie Lake",181,"52° 32' N","127° 57' W",5,5,10,1050,2332
"Ellerslie Lake",181,"52° 32' N","127° 57' W",5,10,15,1028,2183
"Ellerslie Lake",181,"52° 32' N","127° 57' W",5,15,20,1006,2055
"Ellerslie Lake",181,"52° 32' N","127° 57' W",5,20,30,961,1926
"Ellerslie Lake",181,"52° 32' N","127° 57' W",5,30,40,889,1768
"Ellerslie Lake",181,"52° 32' N","127° 57' W",5,40,50,822,1606
"Ellerslie Lake",181,"52° 32' N","127° 57' W",5,50,60,783,1436
"Ellerslie Lake",181,"52° 32' N","127° 57' W",6,2,5,2033,2447
"Ellerslie Lake",181,"52° 32' N","127° 57' W",6,3,5,2033,2447
"Ellerslie Lake",181,"52° 32' N","127° 57' W",6,5,10,2006,2332
"Ellerslie Lake",181,"52° 32' N","127° 57' W",6,10,15,1983,2183
"Ellerslie Lake",181,"52° 32' N","127° 57' W",6,15,20,1967,2055
"Ellerslie Lake",181,"52° 32' N","127° 57' W",6,20,30,1956,1926
"Ellerslie Lake",181,"52° 32' N","127° 57' W",6,30,40,1778,1768
"Ellerslie Lake",181,"52° 32' N","127° 57' W",6,40,50,1611,1606
"Ellerslie Lake",181,"52° 32' N","127° 57' W",6,50,60,1400,1436
"Ellerslie Lake",181,"52° 32' N","127° 57' W",7,2,5,1633,2447
"Ellerslie Lake",181,"52° 32' N","127° 57' W",7,3,5,1633,2447
"Ellerslie Lake",181,"52° 32' N","127° 57' W",7,5,10,1583,2332
"Ellerslie Lake",181,"52° 32' N","127° 57' W",7,10,15,1361,2183
"Ellerslie Lake",181,"52° 32' N","127° 57' W",7,15,20,1094,2055
"Ellerslie Lake",181,"52° 32' N","127° 57' W",7,20,30,483,1926
"Ellerslie Lake",181,"52° 32' N","127° 57' W",7,30,40,0,1768
"Ellerslie Lake",181,"52° 32' N","127° 57' W",7,40,50,0,1606
"Ellerslie Lake",181,"52° 32' N","127° 57' W",7,50,60,0,1436
"Ellerslie Lake",181,"52° 32' N","127° 57' W",8,2,5,1133,2447
"Ellerslie Lake",181,"52° 32' N","127° 57' W",8,3,5,1133,2447
"Ellerslie Lake",181,"52° 32' N","127° 57' W",8,5,10,772,2332
"Ellerslie Lake",181,"52° 32' N","127° 57' W",8,10,15,411,2183
"Ellerslie Lake",181,"52° 32' N","127° 57' W",8,15,20,0,2055
"Ellerslie Lake",181,"52° 32' N","127° 57' W",8,20,30,0,1926
"Ellerslie Lake",181,"52° 32' N","127° 57' W",8,30,40,0,1768
"Ellerslie Lake",181,"52° 32' N","127° 57' W",8,40,50,0,1606
"Ellerslie Lake",181,"52° 32' N","127° 57' W",8,50,60,0,1436
"Ellerslie Lake",181,"52° 32' N","127° 57' W",9,2,5,656,2447
"Ellerslie Lake",181,"52° 32' N","127° 57' W",9,3,5,656,2447
"Ellerslie Lake",181,"52° 32' N","127° 57' W",9,5,10,544,2332
"Ellerslie Lake",181,"52° 32' N","127° 57' W",9,10,15,444,2183
"Ellerslie Lake",181,"52° 32' N","127° 57' W",9,15,20,367,2055
"Ellerslie Lake",181,"52° 32' N","127° 57' W",9,20,30,311,1926
"Ellerslie Lake",181,"52° 32' N","127° 57' W",9,30,40,167,1768
"Ellerslie Lake",181,"52° 32' N","127° 57' W",9,40,50,0,1606
"Ellerslie Lake",181,"52° 32' N","127° 57' W",9,50,60,0,1436
"Ellerslie Lake",181,"52° 32' N","127° 57' W",10,2,5,950,2447
"Ellerslie Lake",181,"52° 32' N","127° 57' W",10,3,5,950,2447
"Ellerslie Lake",181,"52° 32' N","127° 57' W",10,5,10,900,2332
"Ellerslie Lake",181,"52° 32' N","127° 57' W",10,10,15,856,2183
"Ellerslie Lake",181,"52° 32' N","127° 57' W",10,15,20,778,2055
"Ellerslie Lake",181,"52° 32' N","127° 57' W",10,20,30,717,1926
"Ellerslie Lake",181,"52° 32' N","127° 57' W",10,30,40,506,1768
"Ellerslie Lake",181,"52° 32' N","127° 57' W",10,40,50,0,1606
"Ellerslie Lake",181,"52° 32' N","127° 57' W",10,50,60,0,1436
"Ellerslie Lake",181,"52° 32' N","127° 57' W",11,2,5,783,2447
"Ellerslie Lake",181,"52° 32' N","127° 57' W",11,3,5,783,2447
"Ellerslie Lake",181,"52° 32' N","127° 57' W",11,5,10,744,2332
"Ellerslie Lake",181,"52° 32' N","127° 57' W",11,10,15,711,2183
"Ellerslie Lake",181,"52° 32' N","127° 57' W",11,15,20,689,2055
"Ellerslie Lake",181,"52° 32' N","127° 57' W",11,20,30,672,1926
"Ellerslie Lake",181,"52° 32' N","127° 57' W",11,30,40,633,1768
"Ellerslie Lake",181,"52° 32' N","127° 57' W",11,40,50,600,1606
"Ellerslie Lake",181,"52° 32' N","127° 57' W",11,50,60,556,1436
"Ellerslie Lake",181,"52° 32' N","127° 57' W",12,2,5,1578,2447
"Ellerslie Lake",181,"52° 32' N","127° 57' W",12,3,5,1578,2447
"Ellerslie Lake",181,"52° 32' N","127° 57' W",12,5,10,1556,2332
"Ellerslie Lake",181,"52° 32' N","127° 57' W",12,10,15,1539,2183
"Ellerslie Lake",181,"52° 32' N","127° 57' W",12,15,20,1517,2055
"Ellerslie Lake",181,"52° 32' N","127° 57' W",12,20,30,1500,1926
"Ellerslie Lake",181,"52° 32' N","127° 57' W",12,30,40,1467,1768
"Ellerslie Lake",181,"52° 32' N","127° 57' W",12,40,50,1422,1606
"Ellerslie Lake",181,"52° 32' N","127° 57' W",12,50,60,1367,1436
"Ellerslie Lake",181,"52° 32' N","127° 57' W",13,2,5,1472,2447
"Ellerslie Lake",181,"52° 32' N","127° 57' W",13,3,5,1472,2447
"Ellerslie Lake",181,"52° 32' N","127° 57' W",13,5,10,1444,2332
"Ellerslie Lake",181,"52° 32' N","127° 57' W",13,10,15,1417,2183
"Ellerslie Lake",181,"52° 32' N","127° 57' W",13,15,20,1400,2055
"Ellerslie Lake",181,"52° 32' N","127° 57' W",13,20,30,1367,1926
"Ellerslie Lake",181,"52° 32' N","127° 57' W",13,30,40,1322,1768
"Ellerslie Lake",181,"52° 32' N","127° 57' W",13,40,50,1244,1606
"Ellerslie Lake",181,"52° 32' N","127° 57' W",13,50,60,1156,1436
"Ellerslie Lake",181,"52° 32' N","127° 57' W",14,2,5,1589,2447
"Ellerslie Lake",181,"52° 32' N","127° 57' W",14,3,5,1589,2447
"Ellerslie Lake",181,"52° 32' N","127° 57' W",14,5,10,1572,2332
"Ellerslie Lake",181,"52° 32' N","127° 57' W",14,10,15,1544,2183
"Ellerslie Lake",181,"52° 32' N","127° 57' W",14,15,20,1517,2055
"Ellerslie Lake",181,"52° 32' N","127° 57' W",14,20,30,1494,1926
"Ellerslie Lake",181,"52° 32' N","127° 57' W",14,30,40,1456,1768
"Ellerslie Lake",181,"52° 32' N","127° 57' W",14,40,50,1372,1606
"Ellerslie Lake",181,"52° 32' N","127° 57' W",14,50,60,1294,1436
"Fred Wright Lake",11,"55° 58' N","128° 47' W",1,2,5,925,353
"Fred Wright Lake",11,"55° 58' N","128° 47' W",1,3,5,925,343
"Fred Wright Lake",11,"55° 58' N","128° 47' W",1,5,10,848,287
"Fred Wright Lake",11,"55° 58' N","128° 47' W",1,10,15,794,226
"Fred Wright Lake",11,"55° 58' N","128° 47' W",1,15,20,748,176
"Fred Wright Lake",11,"55° 58' N","128° 47' W",1,20,30,663,127
"Fred Wright Lake",11,"55° 58' N","128° 47' W",1,30,40,331,54
"Fred Wright Lake",11,"55° 58' N","128° 47' W",1,40,50,0,6
"Fred Wright Lake",11,"55° 58' N","128° 47' W",2,2,5,2350,353
"Fred Wright Lake",11,"55° 58' N","128° 47' W",2,3,5,2350,343
"Fred Wright Lake",11,"55° 58' N","128° 47' W",2,5,10,2147,287
"Fred Wright Lake",11,"55° 58' N","128° 47' W",2,10,15,2028,226
"Fred Wright Lake",11,"55° 58' N","128° 47' W",2,15,20,1873,176
"Fred Wright Lake",11,"55° 58' N","128° 47' W",2,20,30,1575,127
"Fred Wright Lake",11,"55° 58' N","128° 47' W",2,30,40,1276,54
"Fred Wright Lake",11,"55° 58' N","128° 47' W",2,40,50,298,6
"Fred Wright Lake",11,"55° 58' N","128° 47' W",3,2,5,407,353
"Fred Wright Lake",11,"55° 58' N","128° 47' W",3,3,5,407,343
"Fred Wright Lake",11,"55° 58' N","128° 47' W",3,5,10,285,287
"Fred Wright Lake",11,"55° 58' N","128° 47' W",3,10,15,0,226
"Fred Wright Lake",11,"55° 58' N","128° 47' W",3,15,20,0,176
"Fred Wright Lake",11,"55° 58' N","128° 47' W",3,20,30,0,127
"Fred Wright Lake",11,"55° 58' N","128° 47' W",3,30,40,0,54
"Fred Wright Lake",11,"55° 58' N","128° 47' W",3,40,50,0,6
"Fred Wright Lake",11,"55° 58' N","128° 47' W",4,2,5,512,353
"Fred Wright Lake",11,"55° 58' N","128° 47' W",4,3,5,444,343
"Fred Wright Lake",11,"55° 58' N","128° 47' W",4,5,10,504,287
"Fred Wright Lake",11,"55° 58' N","128° 47' W",4,10,15,429,226
"Fred Wright Lake",11,"55° 58' N","128° 47' W",4,15,20,379,176
"Fred Wright Lake",11,"55° 58' N","128° 47' W",4,20,30,248,127
"Fred Wright Lake",11,"55° 58' N","128° 47' W",4,30,40,0,54
"Fred Wright Lake",11,"55° 58' N","128° 47' W",4,40,50,0,6
"Fulmore_2005",248,NA,NA,1,2,5,420,824
"Fulmore_2005",248,NA,NA,1,3,5,420,824
"Fulmore_2005",248,NA,NA,1,5,10,416,749
"Fulmore_2005",248,NA,NA,1,10,15,387,686
"Fulmore_2005",248,NA,NA,1,15,20,311,618
"Fulmore_2005",248,NA,NA,1,20,30,235,513
"Fulmore_2005",248,NA,NA,1,30,40,0,431
"Fulmore_2005",248,NA,NA,1,40,50,0,376
"Fulmore_2005",248,NA,NA,2,2,5,533,824
"Fulmore_2005",248,NA,NA,2,3,5,533,824
"Fulmore_2005",248,NA,NA,2,5,10,526,749
"Fulmore_2005",248,NA,NA,2,10,15,508,686
"Fulmore_2005",248,NA,NA,2,15,20,485,618
"Fulmore_2005",248,NA,NA,2,20,30,445,513
"Fulmore_2005",248,NA,NA,2,30,40,397,431
"Fulmore_2005",248,NA,NA,2,40,50,330,376
"Fulmore_2005",248,NA,NA,3,2,5,1254,824
"Fulmore_2005",248,NA,NA,3,3,5,1254,824
"Fulmore_2005",248,NA,NA,3,5,10,1243,749
"Fulmore_2005",248,NA,NA,3,10,15,1213,686
"Fulmore_2005",248,NA,NA,3,15,20,1186,618
"Fulmore_2005",248,NA,NA,3,20,30,1113,513
"Fulmore_2005",248,NA,NA,3,30,40,1031,431
"Fulmore_2005",248,NA,NA,3,40,50,942,376
"Fulmore_2005",248,NA,NA,4,2,5,1610,824
"Fulmore_2005",248,NA,NA,4,3,5,1610,824
"Fulmore_2005",248,NA,NA,4,5,10,1601,749
"Fulmore_2005",248,NA,NA,4,10,15,1582,686
"Fulmore_2005",248,NA,NA,4,15,20,1516,618
"Fulmore_2005",248,NA,NA,4,20,30,1367,513
"Fulmore_2005",248,NA,NA,4,30,40,1260,431
"Fulmore_2005",248,NA,NA,4,40,50,1161,376
"Fulmore_2005",248,NA,NA,5,2,5,2316,824
"Fulmore_2005",248,NA,NA,5,3,5,2316,824
"Fulmore_2005",248,NA,NA,5,5,10,2306,749
"Fulmore_2005",248,NA,NA,5,10,15,2257,686
"Fulmore_2005",248,NA,NA,5,15,20,2184,618
"Fulmore_2005",248,NA,NA,5,20,30,1888,513
"Fulmore_2005",248,NA,NA,5,30,40,1514,431
"Fulmore_2005",248,NA,NA,5,40,50,1235,376
"Fulmore_2005",248,NA,NA,6,2,5,1082,824
"Fulmore_2005",248,NA,NA,6,3,5,1082,824
"Fulmore_2005",248,NA,NA,6,5,10,1059,749
"Fulmore_2005",248,NA,NA,6,10,15,1044,686
"Fulmore_2005",248,NA,NA,6,15,20,999,618
"Fulmore_2005",248,NA,NA,6,20,30,413,513
"Fulmore_2005",248,NA,NA,6,30,40,0,431
"Fulmore_2005",248,NA,NA,6,40,50,0,376
"Fulmore_2005",248,NA,NA,7,2,5,1223,824
"Fulmore_2005",248,NA,NA,7,3,5,1223,824
"Fulmore_2005",248,NA,NA,7,5,10,1223,749
"Fulmore_2005",248,NA,NA,7,10,15,1089,686
"Fulmore_2005",248,NA,NA,7,15,20,161,618
"Fulmore_2005",248,NA,NA,7,20,30,0,513
"Fulmore_2005",248,NA,NA,7,30,40,0,431
"Fulmore_2005",248,NA,NA,7,40,50,0,376
"Fulmore_2005",248,NA,NA,8,2,5,940,824
"Fulmore_2005",248,NA,NA,8,3,5,940,824
"Fulmore_2005",248,NA,NA,8,5,10,380,749
"Fulmore_2005",248,NA,NA,8,10,15,181,686
"Fulmore_2005",248,NA,NA,8,15,20,0,618
"Fulmore_2005",248,NA,NA,8,20,30,0,513
"Fulmore_2005",248,NA,NA,8,30,40,0,431
"Fulmore_2005",248,NA,NA,8,40,50,0,376
"Glendale Lake",120,"50° 37' N","125° 38' W",1,2,5,575,109
"Glendale Lake",120,"50° 37' N","125° 38' W",1,3,5,575,109
"Glendale Lake",120,"50° 37' N","125° 38' W",1,5,10,545,96
"Glendale Lake",120,"50° 37' N","125° 38' W",1,10,15,405,78
"Glendale Lake",120,"50° 37' N","125° 38' W",1,15,20,240,53
"Glendale Lake",120,"50° 37' N","125° 38' W",1,20,30,0,20
"Glendale Lake",120,"50° 37' N","125° 38' W",2,2,5,490,109
"Glendale Lake",120,"50° 37' N","125° 38' W",2,3,5,490,109
"Glendale Lake",120,"50° 37' N","125° 38' W",2,5,10,470,96
"Glendale Lake",120,"50° 37' N","125° 38' W",2,10,15,420,78
"Glendale Lake",120,"50° 37' N","125° 38' W",2,15,20,370,53
"Glendale Lake",120,"50° 37' N","125° 38' W",2,20,30,0,20
"Glendale Lake",120,"50° 37' N","125° 38' W",3,2,5,655,109
"Glendale Lake",120,"50° 37' N","125° 38' W",3,3,5,655,109
"Glendale Lake",120,"50° 37' N","125° 38' W",3,5,10,600,96
"Glendale Lake",120,"50° 37' N","125° 38' W",3,10,15,530,78
"Glendale Lake",120,"50° 37' N","125° 38' W",3,15,20,465,53
"Glendale Lake",120,"50° 37' N","125° 38' W",3,20,30,245,20
"Glendale Lake",120,"50° 37' N","125° 38' W",4,2,5,2105,109
"Glendale Lake",120,"50° 37' N","125° 38' W",4,3,5,2105,109
"Glendale Lake",120,"50° 37' N","125° 38' W",4,5,10,2065,96
"Glendale Lake",120,"50° 37' N","125° 38' W",4,10,15,2005,78
"Glendale Lake",120,"50° 37' N","125° 38' W",4,15,20,1855,53
"Glendale Lake",120,"50° 37' N","125° 38' W",4,20,30,555,20
"Great Central Lake",1,"49° 22' N","125° 15' W",1,2,5,1260,5085
"Great Central Lake",1,"49° 22' N","125° 15' W",1,3,5,1260,5085
"Great Central Lake",1,"49° 22' N","125° 15' W",1,5,10,1250,5054
"Great Central Lake",1,"49° 22' N","125° 15' W",1,10,15,1240,5022
"Great Central Lake",1,"49° 22' N","125° 15' W",1,15,20,1230,4959
"Great Central Lake",1,"49° 22' N","125° 15' W",1,20,30,1220,4863
"Great Central Lake",1,"49° 22' N","125° 15' W",1,30,40,1179,4735
"Great Central Lake",1,"49° 22' N","125° 15' W",1,40,50,1144,4606
"Great Central Lake",1,"49° 22' N","125° 15' W",1,50,60,1110,4475
"Great Central Lake",1,"49° 22' N","125° 15' W",1,60,70,1075,4345
"Great Central Lake",1,"49° 22' N","125° 15' W",1,70,80,1029,4195
"Great Central Lake",1,"49° 22' N","125° 15' W",1,80,90,983,4020
"Great Central Lake",1,"49° 22' N","125° 15' W",1,90,100,970,3815
"Great Central Lake",1,"49° 22' N","125° 15' W",2,2,5,2150,5085
"Great Central Lake",1,"49° 22' N","125° 15' W",2,3,5,2150,5085
"Great Central Lake",1,"49° 22' N","125° 15' W",2,5,10,2140,5054
"Great Central Lake",1,"49° 22' N","125° 15' W",2,10,15,2140,5022
"Great Central Lake",1,"49° 22' N","125° 15' W",2,15,20,2136,4959
"Great Central Lake",1,"49° 22' N","125° 15' W",2,20,30,2114,4863
"Great Central Lake",1,"49° 22' N","125° 15' W",2,30,40,2050,4735
"Great Central Lake",1,"49° 22' N","125° 15' W",2,40,50,1986,4606
"Great Central Lake",1,"49° 22' N","125° 15' W",2,50,60,1935,4475
"Great Central Lake",1,"49° 22' N","125° 15' W",2,60,70,1884,4345
"Great Central Lake",1,"49° 22' N","125° 15' W",2,70,80,1794,4195
"Great Central Lake",1,"49° 22' N","125° 15' W",2,80,90,1704,4020
"Great Central Lake",1,"49° 22' N","125° 15' W",2,90,100,1666,3815
"Great Central Lake",1,"49° 22' N","125° 15' W",3,2,5,1560,5085
"Great Central Lake",1,"49° 22' N","125° 15' W",3,3,5,1560,5085
"Great Central Lake",1,"49° 22' N","125° 15' W",3,5,10,1554,5054
"Great Central Lake",1,"49° 22' N","125° 15' W",3,10,15,1548,5022
"Great Central Lake",1,"49° 22' N","125° 15' W",3,15,20,1525,4959
"Great Central Lake",1,"49° 22' N","125° 15' W",3,20,30,1502,4863
"Great Central Lake",1,"49° 22' N","125° 15' W",3,30,40,1444,4735
"Great Central Lake",1,"49° 22' N","125° 15' W",3,40,50,1397,4606
"Great Central Lake",1,"49° 22' N","125° 15' W",3,50,60,1362,4475
"Great Central Lake",1,"49° 22' N","125° 15' W",3,60,70,1316,4345
"Great Central Lake",1,"49° 22' N","125° 15' W",3,70,80,1281,4195
"Great Central Lake",1,"49° 22' N","125° 15' W",3,80,90,1260,4020
"Great Central Lake",1,"49° 22' N","125° 15' W",3,90,100,1200,3815
"Great Central Lake",1,"49° 22' N","125° 15' W",4,2,5,1370,5085
"Great Central Lake",1,"49° 22' N","125° 15' W",4,3,5,1370,5085
"Great Central Lake",1,"49° 22' N","125° 15' W",4,5,10,1365,5054
"Great Central Lake",1,"49° 22' N","125° 15' W",4,10,15,1360,5022
"Great Central Lake",1,"49° 22' N","125° 15' W",4,15,20,1350,4959
"Great Central Lake",1,"49° 22' N","125° 15' W",4,20,30,1326,4863
"Great Central Lake",1,"49° 22' N","125° 15' W",4,30,40,1264,4735
"Great Central Lake",1,"49° 22' N","125° 15' W",4,40,50,1220,4606
"Great Central Lake",1,"49° 22' N","125° 15' W",4,50,60,1184,4475
"Great Central Lake",1,"49° 22' N","125° 15' W",4,60,70,1123,4345
"Great Central Lake",1,"49° 22' N","125° 15' W",4,70,80,1078,4195
"Great Central Lake",1,"49° 22' N","125° 15' W",4,80,90,1043,4020
"Great Central Lake",1,"49° 22' N","125° 15' W",4,90,100,1000,3815
"Great Central Lake",1,"49° 22' N","125° 15' W",5,2,5,1780,5085
"Great Central Lake",1,"49° 22' N","125° 15' W",5,3,5,1780,5085
"Great Central Lake",1,"49° 22' N","125° 15' W",5,5,10,1770,5054
"Great Central Lake",1,"49° 22' N","125° 15' W",5,10,15,1770,5022
"Great Central Lake",1,"49° 22' N","125° 15' W",5,15,20,1762,4959
"Great Central Lake",1,"49° 22' N","125° 15' W",5,20,30,1744,4863
"Great Central Lake",1,"49° 22' N","125° 15' W",5,30,40,1709,4735
"Great Central Lake",1,"49° 22' N","125° 15' W",5,40,50,1682,4606
"Great Central Lake",1,"49° 22' N","125° 15' W",5,50,60,1638,4475
"Great Central Lake",1,"49° 22' N","125° 15' W",5,60,70,1602,4345
"Great Central Lake",1,"49° 22' N","125° 15' W",5,70,80,1566,4195
"Great Central Lake",1,"49° 22' N","125° 15' W",5,80,90,1540,4020
"Great Central Lake",1,"49° 22' N","125° 15' W",5,90,100,1500,3815
"Great Central Lake",1,"49° 22' N","125° 15' W",6,2,5,760,5085
"Great Central Lake",1,"49° 22' N","125° 15' W",6,3,5,760,5085
"Great Central Lake",1,"49° 22' N","125° 15' W",6,5,10,760,5054
"Great Central Lake",1,"49° 22' N","125° 15' W",6,10,15,750,5022
"Great Central Lake",1,"49° 22' N","125° 15' W",6,15,20,748,4959
"Great Central Lake",1,"49° 22' N","125° 15' W",6,20,30,740,4863
"Great Central Lake",1,"49° 22' N","125° 15' W",6,30,40,736,4735
"Great Central Lake",1,"49° 22' N","125° 15' W",6,40,50,724,4606
"Great Central Lake",1,"49° 22' N","125° 15' W",6,50,60,717,4475
"Great Central Lake",1,"49° 22' N","125° 15' W",6,60,70,699,4345
"Great Central Lake",1,"49° 22' N","125° 15' W",6,70,80,687,4195
"Great Central Lake",1,"49° 22' N","125° 15' W",6,80,90,669,4020
"Great Central Lake",1,"49° 22' N","125° 15' W",6,90,100,600,3815
"Henderson Lake",3,"49° 05' N","125° 02' W",1,2,5,485,1545
"Henderson Lake",3,"49° 05' N","125° 02' W",1,3,5,485,1545
"Henderson Lake",3,"49° 05' N","125° 02' W",1,5,10,470,1522
"Henderson Lake",3,"49° 05' N","125° 02' W",1,10,15,450,1481
"Henderson Lake",3,"49° 05' N","125° 02' W",1,15,20,430,1431
"Henderson Lake",3,"49° 05' N","125° 02' W",1,20,30,410,1353
"Henderson Lake",3,"49° 05' N","125° 02' W",1,30,40,380,1267
"Henderson Lake",3,"49° 05' N","125° 02' W",1,40,50,355,1187
"Henderson Lake",3,"49° 05' N","125° 02' W",1,50,60,340,1104
"Henderson Lake",3,"49° 05' N","125° 02' W",1,60,70,320,1063
"Henderson Lake",3,"49° 05' N","125° 02' W",2,2,5,830,1545
"Henderson Lake",3,"49° 05' N","125° 02' W",2,3,5,830,1545
"Henderson Lake",3,"49° 05' N","125° 02' W",2,5,10,815,1522
"Henderson Lake",3,"49° 05' N","125° 02' W",2,10,15,805,1481
"Henderson Lake",3,"49° 05' N","125° 02' W",2,15,20,795,1431
"Henderson Lake",3,"49° 05' N","125° 02' W",2,20,30,775,1353
"Henderson Lake",3,"49° 05' N","125° 02' W",2,30,40,750,1267
"Henderson Lake",3,"49° 05' N","125° 02' W",2,40,50,715,1187
"Henderson Lake",3,"49° 05' N","125° 02' W",2,50,60,680,1104
"Henderson Lake",3,"49° 05' N","125° 02' W",2,60,70,645,1063
"Henderson Lake",3,"49° 05' N","125° 02' W",3,2,5,945,1545
"Henderson Lake",3,"49° 05' N","125° 02' W",3,3,5,945,1545
"Henderson Lake",3,"49° 05' N","125° 02' W",3,5,10,925,1522
"Henderson Lake",3,"49° 05' N","125° 02' W",3,10,15,910,1481
"Henderson Lake",3,"49° 05' N","125° 02' W",3,15,20,895,1431
"Henderson Lake",3,"49° 05' N","125° 02' W",3,20,30,870,1353
"Henderson Lake",3,"49° 05' N","125° 02' W",3,30,40,835,1267
"Henderson Lake",3,"49° 05' N","125° 02' W",3,40,50,810,1187
"Henderson Lake",3,"49° 05' N","125° 02' W",3,50,60,790,1104
"Henderson Lake",3,"49° 05' N","125° 02' W",3,60,70,765,1063
"Henderson Lake",3,"49° 05' N","125° 02' W",4,2,5,845,1545
"Henderson Lake",3,"49° 05' N","125° 02' W",4,3,5,845,1545
"Henderson Lake",3,"49° 05' N","125° 02' W",4,5,10,830,1522
"Henderson Lake",3,"49° 05' N","125° 02' W",4,10,15,820,1481
"Henderson Lake",3,"49° 05' N","125° 02' W",4,15,20,805,1431
"Henderson Lake",3,"49° 05' N","125° 02' W",4,20,30,780,1353
"Henderson Lake",3,"49° 05' N","125° 02' W",4,30,40,750,1267
"Henderson Lake",3,"49° 05' N","125° 02' W",4,40,50,725,1187
"Henderson Lake",3,"49° 05' N","125° 02' W",4,50,60,710,1104
"Henderson Lake",3,"49° 05' N","125° 02' W",4,60,70,685,1063
"Henderson Lake",3,"49° 05' N","125° 02' W",5,2,5,910,1545
"Henderson Lake",3,"49° 05' N","125° 02' W",5,3,5,910,1545
"Henderson Lake",3,"49° 05' N","125° 02' W",5,5,10,895,1522
"Henderson Lake",3,"49° 05' N","125° 02' W",5,10,15,880,1481
"Henderson Lake",3,"49° 05' N","125° 02' W",5,15,20,860,1431
"Henderson Lake",3,"49° 05' N","125° 02' W",5,20,30,835,1353
"Henderson Lake",3,"49° 05' N","125° 02' W",5,30,40,810,1267
"Henderson Lake",3,"49° 05' N","125° 02' W",5,40,50,770,1187
"Henderson Lake",3,"49° 05' N","125° 02' W",5,50,60,745,1104
"Henderson Lake",3,"49° 05' N","125° 02' W",5,60,70,710,1063
"Henderson Lake",3,"49° 05' N","125° 02' W",6,2,5,1135,1545
"Henderson Lake",3,"49° 05' N","125° 02' W",6,3,5,1135,1545
"Henderson Lake",3,"49° 05' N","125° 02' W",6,5,10,1120,1522
"Henderson Lake",3,"49° 05' N","125° 02' W",6,10,15,1110,1481
"Henderson Lake",3,"49° 05' N","125° 02' W",6,15,20,1085,1431
"Henderson Lake",3,"49° 05' N","125° 02' W",6,20,30,1065,1353
"Henderson Lake",3,"49° 05' N","125° 02' W",6,30,40,1020,1267
"Henderson Lake",3,"49° 05' N","125° 02' W",6,40,50,990,1187
"Henderson Lake",3,"49° 05' N","125° 02' W",6,50,60,955,1104
"Henderson Lake",3,"49° 05' N","125° 02' W",6,60,70,925,1063
"Henderson Lake",3,"49° 05' N","125° 02' W",7,2,5,760,1545
"Henderson Lake",3,"49° 05' N","125° 02' W",7,3,5,760,1545
"Henderson Lake",3,"49° 05' N","125° 02' W",7,5,10,740,1522
"Henderson Lake",3,"49° 05' N","125° 02' W",7,10,15,710,1481
"Henderson Lake",3,"49° 05' N","125° 02' W",7,15,20,685,1431
"Henderson Lake",3,"49° 05' N","125° 02' W",7,20,30,645,1353
"Henderson Lake",3,"49° 05' N","125° 02' W",7,30,40,535,1267
"Henderson Lake",3,"49° 05' N","125° 02' W",7,40,50,485,1187
"Henderson Lake",3,"49° 05' N","125° 02' W",7,50,60,445,1104
"Henderson Lake",3,"49° 05' N","125° 02' W",7,60,70,410,1063
"Henderson Lake",3,"49° 05' N","125° 02' W",8,2,5,1667,1545
"Henderson Lake",3,"49° 05' N","125° 02' W",8,3,5,1667,1545
"Henderson Lake",3,"49° 05' N","125° 02' W",8,5,10,1569,1522
"Henderson Lake",3,"49° 05' N","125° 02' W",8,10,15,1443,1481
"Henderson Lake",3,"49° 05' N","125° 02' W",8,15,20,1318,1431
"Henderson Lake",3,"49° 05' N","125° 02' W",8,20,30,1169,1353
"Henderson Lake",3,"49° 05' N","125° 02' W",8,30,40,1108,1267
"Henderson Lake",3,"49° 05' N","125° 02' W",8,40,50,951,1187
"Henderson Lake",3,"49° 05' N","125° 02' W",8,50,60,841,1104
"Henderson Lake",3,"49° 05' N","125° 02' W",8,60,70,741,1063
"Henderson Lake",3,"49° 05' N","125° 02' W",9,2,5,2025,1545
"Henderson Lake",3,"49° 05' N","125° 02' W",9,3,5,2025,1545
"Henderson Lake",3,"49° 05' N","125° 02' W",9,5,10,2002,1522
"Henderson Lake",3,"49° 05' N","125° 02' W",9,10,15,1978,1481
"Henderson Lake",3,"49° 05' N","125° 02' W",9,15,20,1954,1431
"Henderson Lake",3,"49° 05' N","125° 02' W",9,20,30,1904,1353
"Henderson Lake",3,"49° 05' N","125° 02' W",9,30,40,1766,1267
"Henderson Lake",3,"49° 05' N","125° 02' W",9,40,50,1543,1187
"Henderson Lake",3,"49° 05' N","125° 02' W",9,50,60,1488,1104
"Henderson Lake",3,"49° 05' N","125° 02' W",9,60,70,1446,1063
"Henderson Lake",3,"49° 05' N","125° 02' W",10,2,5,2332,1545
"Henderson Lake",3,"49° 05' N","125° 02' W",10,3,5,2332,1545
"Henderson Lake",3,"49° 05' N","125° 02' W",10,5,10,2307,1522
"Henderson Lake",3,"49° 05' N","125° 02' W",10,10,15,2282,1481
"Henderson Lake",3,"49° 05' N","125° 02' W",10,15,20,2199,1431
"Henderson Lake",3,"49° 05' N","125° 02' W",10,20,30,2124,1353
"Henderson Lake",3,"49° 05' N","125° 02' W",10,30,40,1983,1267
"Henderson Lake",3,"49° 05' N","125° 02' W",10,40,50,1887,1187
"Henderson Lake",3,"49° 05' N","125° 02' W",10,50,60,1646,1104
"Henderson Lake",3,"49° 05' N","125° 02' W",10,60,70,1568,1063
"Henderson Lake",3,"49° 05' N","125° 02' W",11,2,5,2571,1545
"Henderson Lake",3,"49° 05' N","125° 02' W",11,3,5,2571,1545
"Henderson Lake",3,"49° 05' N","125° 02' W",11,5,10,2534,1522
"Henderson Lake",3,"49° 05' N","125° 02' W",11,10,15,2513,1481
"Henderson Lake",3,"49° 05' N","125° 02' W",11,15,20,2486,1431
"Henderson Lake",3,"49° 05' N","125° 02' W",11,20,30,1386,1353
"Henderson Lake",3,"49° 05' N","125° 02' W",11,30,40,1336,1267
"Henderson Lake",3,"49° 05' N","125° 02' W",11,40,50,1299,1187
"Henderson Lake",3,"49° 05' N","125° 02' W",11,50,60,1216,1104
"Henderson Lake",3,"49° 05' N","125° 02' W",11,60,70,1102,1063
"Henderson Lake",3,"49° 05' N","125° 02' W",12,2,5,3025,1545
"Henderson Lake",3,"49° 05' N","125° 02' W",12,3,5,3025,1545
"Henderson Lake",3,"49° 05' N","125° 02' W",12,5,10,2992,1522
"Henderson Lake",3,"49° 05' N","125° 02' W",12,10,15,2907,1481
"Henderson Lake",3,"49° 05' N","125° 02' W",12,15,20,2834,1431
"Henderson Lake",3,"49° 05' N","125° 02' W",12,20,30,2792,1353
"Henderson Lake",3,"49° 05' N","125° 02' W",12,30,40,2739,1267
"Henderson Lake",3,"49° 05' N","125° 02' W",12,40,50,2666,1187
"Henderson Lake",3,"49° 05' N","125° 02' W",12,50,60,2623,1104
"Henderson Lake",3,"49° 05' N","125° 02' W",12,60,70,2573,1063
"Henderson Lake",3,"49° 05' N","125° 02' W",13,2,5,1917,1545
"Henderson Lake",3,"49° 05' N","125° 02' W",13,3,5,1917,1545
"Henderson Lake",3,"49° 05' N","125° 02' W",13,5,10,1897,1522
"Henderson Lake",3,"49° 05' N","125° 02' W",13,10,15,1873,1481
"Henderson Lake",3,"49° 05' N","125° 02' W",13,15,20,1851,1431
"Henderson Lake",3,"49° 05' N","125° 02' W",13,20,30,1826,1353
"Henderson Lake",3,"49° 05' N","125° 02' W",13,30,40,1769,1267
"Henderson Lake",3,"49° 05' N","125° 02' W",13,40,50,1708,1187
"Henderson Lake",3,"49° 05' N","125° 02' W",13,50,60,1664,1104
"Henderson Lake",3,"49° 05' N","125° 02' W",13,60,70,1634,1063
"Henderson Lake",3,"49° 05' N","125° 02' W",14,2,5,702,1545
"Henderson Lake",3,"49° 05' N","125° 02' W",14,3,5,702,1545
"Henderson Lake",3,"49° 05' N","125° 02' W",14,5,10,685,1522
"Henderson Lake",3,"49° 05' N","125° 02' W",14,10,15,668,1481
"Henderson Lake",3,"49° 05' N","125° 02' W",14,15,20,653,1431
"Henderson Lake",3,"49° 05' N","125° 02' W",14,20,30,638,1353
"Henderson Lake",3,"49° 05' N","125° 02' W",14,30,40,615,1267
"Henderson Lake",3,"49° 05' N","125° 02' W",14,40,50,593,1187
"Henderson Lake",3,"49° 05' N","125° 02' W",14,50,60,571,1104
"Henderson Lake",3,"49° 05' N","125° 02' W",14,60,70,543,1063
"Henderson Lake",3,"49° 05' N","125° 02' W",15,2,5,1349,1545
"Henderson Lake",3,"49° 05' N","125° 02' W",15,3,5,1349,1545
"Henderson Lake",3,"49° 05' N","125° 02' W",15,5,10,1345,1522
"Henderson Lake",3,"49° 05' N","125° 02' W",15,10,15,1338,1481
"Henderson Lake",3,"49° 05' N","125° 02' W",15,15,20,1303,1431
"Henderson Lake",3,"49° 05' N","125° 02' W",15,20,30,1268,1353
"Henderson Lake",3,"49° 05' N","125° 02' W",15,30,40,1234,1267
"Henderson Lake",3,"49° 05' N","125° 02' W",15,40,50,1203,1187
"Henderson Lake",3,"49° 05' N","125° 02' W",15,50,60,1154,1104
"Henderson Lake",3,"49° 05' N","125° 02' W",15,60,70,1115,1063
"Henderson Lake",3,"49° 05' N","125° 02' W",16,2,5,1600,1545
"Henderson Lake",3,"49° 05' N","125° 02' W",16,3,5,1600,1545
"Henderson Lake",3,"49° 05' N","125° 02' W",16,5,10,1561,1522
"Henderson Lake",3,"49° 05' N","125° 02' W",16,10,15,1544,1481
"Henderson Lake",3,"49° 05' N","125° 02' W",16,15,20,1529,1431
"Henderson Lake",3,"49° 05' N","125° 02' W",16,20,30,1507,1353
"Henderson Lake",3,"49° 05' N","125° 02' W",16,30,40,1417,1267
"Henderson Lake",3,"49° 05' N","125° 02' W",16,40,50,1366,1187
"Henderson Lake",3,"49° 05' N","125° 02' W",16,50,60,1329,1104
"Henderson Lake",3,"49° 05' N","125° 02' W",16,60,70,1212,1063
"Henderson Lake",3,"49° 05' N","125° 02' W",17,2,5,1568,1545
"Henderson Lake",3,"49° 05' N","125° 02' W",17,3,5,1568,1545
"Henderson Lake",3,"49° 05' N","125° 02' W",17,5,10,1549,1522
"Henderson Lake",3,"49° 05' N","125° 02' W",17,10,15,1512,1481
"Henderson Lake",3,"49° 05' N","125° 02' W",17,15,20,1492,1431
"Henderson Lake",3,"49° 05' N","125° 02' W",17,20,30,1463,1353
"Henderson Lake",3,"49° 05' N","125° 02' W",17,30,40,1411,1267
"Henderson Lake",3,"49° 05' N","125° 02' W",17,40,50,1391,1187
"Henderson Lake",3,"49° 05' N","125° 02' W",17,50,60,1354,1104
"Henderson Lake",3,"49° 05' N","125° 02' W",17,60,70,1322,1063
"Henderson Lake",3,"49° 05' N","125° 02' W",18,2,5,2759,1545
"Henderson Lake",3,"49° 05' N","125° 02' W",18,3,5,2759,1545
"Henderson Lake",3,"49° 05' N","125° 02' W",18,5,10,2726,1522
"Henderson Lake",3,"49° 05' N","125° 02' W",18,10,15,2682,1481
"Henderson Lake",3,"49° 05' N","125° 02' W",18,15,20,2628,1431
"Henderson Lake",3,"49° 05' N","125° 02' W",18,20,30,2597,1353
"Henderson Lake",3,"49° 05' N","125° 02' W",18,30,40,2530,1267
"Henderson Lake",3,"49° 05' N","125° 02' W",18,40,50,2491,1187
"Henderson Lake",3,"49° 05' N","125° 02' W",18,50,60,2424,1104
"Henderson Lake",3,"49° 05' N","125° 02' W",18,60,70,2364,1063
"Hesquiat Lake",119,"49° 24' N","126° 30' W",1,2,5,1070,452
"Hesquiat Lake",119,"49° 24' N","126° 30' W",1,3,5,1070,452
"Hesquiat Lake",119,"49° 24' N","126° 30' W",1,5,10,1005,436
"Hesquiat Lake",119,"49° 24' N","126° 30' W",1,10,15,950,421
"Hesquiat Lake",119,"49° 24' N","126° 30' W",1,15,20,925,405
"Hesquiat Lake",119,"49° 24' N","126° 30' W",1,20,30,885,382
"Hesquiat Lake",119,"49° 24' N","126° 30' W",1,30,40,820,350
"Hesquiat Lake",119,"49° 24' N","126° 30' W",1,40,50,720,318
"Hesquiat Lake",119,"49° 24' N","126° 30' W",2,2,5,825,452
"Hesquiat Lake",119,"49° 24' N","126° 30' W",2,3,5,825,452
"Hesquiat Lake",119,"49° 24' N","126° 30' W",2,5,10,810,436
"Hesquiat Lake",119,"49° 24' N","126° 30' W",2,10,15,800,421
"Hesquiat Lake",119,"49° 24' N","126° 30' W",2,15,20,785,405
"Hesquiat Lake",119,"49° 24' N","126° 30' W",2,20,30,755,382
"Hesquiat Lake",119,"49° 24' N","126° 30' W",2,30,40,715,350
"Hesquiat Lake",119,"49° 24' N","126° 30' W",2,40,50,680,318
"Hesquiat Lake",119,"49° 24' N","126° 30' W",3,2,5,780,452
"Hesquiat Lake",119,"49° 24' N","126° 30' W",3,3,5,780,452
"Hesquiat Lake",119,"49° 24' N","126° 30' W",3,5,10,760,436
"Hesquiat Lake",119,"49° 24' N","126° 30' W",3,10,15,750,421
"Hesquiat Lake",119,"49° 24' N","126° 30' W",3,15,20,734,405
"Hesquiat Lake",119,"49° 24' N","126° 30' W",3,20,30,710,382
"Hesquiat Lake",119,"49° 24' N","126° 30' W",3,30,40,685,350
"Hesquiat Lake",119,"49° 24' N","126° 30' W",3,40,50,650,318
"Hesquiat Lake",119,"49° 24' N","126° 30' W",4,2,5,1075,452
"Hesquiat Lake",119,"49° 24' N","126° 30' W",4,3,5,1075,452
"Hesquiat Lake",119,"49° 24' N","126° 30' W",4,5,10,1065,436
"Hesquiat Lake",119,"49° 24' N","126° 30' W",4,10,15,1045,421
"Hesquiat Lake",119,"49° 24' N","126° 30' W",4,15,20,1025,405
"Hesquiat Lake",119,"49° 24' N","126° 30' W",4,20,30,985,382
"Hesquiat Lake",119,"49° 24' N","126° 30' W",4,30,40,825,350
"Hesquiat Lake",119,"49° 24' N","126° 30' W",4,40,50,740,318
"Hesquiat Lake",119,"49° 24' N","126° 30' W",5,2,5,995,452
"Hesquiat Lake",119,"49° 24' N","126° 30' W",5,3,5,995,452
"Hesquiat Lake",119,"49° 24' N","126° 30' W",5,5,10,975,436
"Hesquiat Lake",119,"49° 24' N","126° 30' W",5,10,15,955,421
"Hesquiat Lake",119,"49° 24' N","126° 30' W",5,15,20,945,405
"Hesquiat Lake",119,"49° 24' N","126° 30' W",5,20,30,910,382
"Hesquiat Lake",119,"49° 24' N","126° 30' W",5,30,40,860,350
"Hesquiat Lake",119,"49° 24' N","126° 30' W",5,40,50,810,318
"Hesquiat Lake",119,"49° 24' N","126° 30' W",6,2,5,550,452
"Hesquiat Lake",119,"49° 24' N","126° 30' W",6,3,5,550,452
"Hesquiat Lake",119,"49° 24' N","126° 30' W",6,5,10,545,436
"Hesquiat Lake",119,"49° 24' N","126° 30' W",6,10,15,530,421
"Hesquiat Lake",119,"49° 24' N","126° 30' W",6,15,20,500,405
"Hesquiat Lake",119,"49° 24' N","126° 30' W",6,20,30,470,382
"Hesquiat Lake",119,"49° 24' N","126° 30' W",6,30,40,440,350
"Hesquiat Lake",119,"49° 24' N","126° 30' W",6,40,50,405,318
"Heydon Lake",50,"50° 33' N","125° 40' W",1,2,5,890,862
"Heydon Lake",50,"50° 33' N","125° 40' W",1,3,5,890,862
"Heydon Lake",50,"50° 33' N","125° 40' W",1,5,10,880,818
"Heydon Lake",50,"50° 33' N","125° 40' W",1,10,15,855,772
"Heydon Lake",50,"50° 33' N","125° 40' W",1,15,20,825,728
"Heydon Lake",50,"50° 33' N","125° 40' W",1,20,30,785,677
"Heydon Lake",50,"50° 33' N","125° 40' W",1,30,40,700,618
"Heydon Lake",50,"50° 33' N","125° 40' W",1,40,50,630,563
"Heydon Lake",50,"50° 33' N","125° 40' W",2,2,5,1120,862
"Heydon Lake",50,"50° 33' N","125° 40' W",2,3,5,1120,862
"Heydon Lake",50,"50° 33' N","125° 40' W",2,5,10,1115,818
"Heydon Lake",50,"50° 33' N","125° 40' W",2,10,15,1100,772
"Heydon Lake",50,"50° 33' N","125° 40' W",2,15,20,1080,728
"Heydon Lake",50,"50° 33' N","125° 40' W",2,20,30,1045,677
"Heydon Lake",50,"50° 33' N","125° 40' W",2,30,40,1000,618
"Heydon Lake",50,"50° 33' N","125° 40' W",2,40,50,910,563
"Heydon Lake",50,"50° 33' N","125° 40' W",3,2,5,1100,862
"Heydon Lake",50,"50° 33' N","125° 40' W",3,3,5,1100,862
"Heydon Lake",50,"50° 33' N","125° 40' W",3,5,10,1050,818
"Heydon Lake",50,"50° 33' N","125° 40' W",3,10,15,1035,772
"Heydon Lake",50,"50° 33' N","125° 40' W",3,15,20,1005,728
"Heydon Lake",50,"50° 33' N","125° 40' W",3,20,30,960,677
"Heydon Lake",50,"50° 33' N","125° 40' W",3,30,40,895,618
"Heydon Lake",50,"50° 33' N","125° 40' W",3,40,50,830,563
"Heydon Lake",50,"50° 33' N","125° 40' W",4,2,5,1260,862
"Heydon Lake",50,"50° 33' N","125° 40' W",4,3,5,1260,862
"Heydon Lake",50,"50° 33' N","125° 40' W",4,5,10,1245,818
"Heydon Lake",50,"50° 33' N","125° 40' W",4,10,15,1230,772
"Heydon Lake",50,"50° 33' N","125° 40' W",4,15,20,1205,728
"Heydon Lake",50,"50° 33' N","125° 40' W",4,20,30,1180,677
"Heydon Lake",50,"50° 33' N","125° 40' W",4,30,40,1135,618
"Heydon Lake",50,"50° 33' N","125° 40' W",4,40,50,1080,563
"Heydon Lake",50,"50° 33' N","125° 40' W",5,2,5,1255,862
"Heydon Lake",50,"50° 33' N","125° 40' W",5,3,5,1255,862
"Heydon Lake",50,"50° 33' N","125° 40' W",5,5,10,1240,818
"Heydon Lake",50,"50° 33' N","125° 40' W",5,10,15,1235,772
"Heydon Lake",50,"50° 33' N","125° 40' W",5,15,20,1205,728
"Heydon Lake",50,"50° 33' N","125° 40' W",5,20,30,1125,677
"Heydon Lake",50,"50° 33' N","125° 40' W",5,30,40,1070,618
"Heydon Lake",50,"50° 33' N","125° 40' W",5,40,50,1025,563
"Heydon Lake",50,"50° 33' N","125° 40' W",6,2,5,1160,862
"Heydon Lake",50,"50° 33' N","125° 40' W",6,3,5,1160,862
"Heydon Lake",50,"50° 33' N","125° 40' W",6,5,10,1100,818
"Heydon Lake",50,"50° 33' N","125° 40' W",6,10,15,865,772
"Heydon Lake",50,"50° 33' N","125° 40' W",6,15,20,485,728
"Heydon Lake",50,"50° 33' N","125° 40' W",6,20,30,0,677
"Heydon Lake",50,"50° 33' N","125° 40' W",6,30,40,0,618
"Heydon Lake",50,"50° 33' N","125° 40' W",6,40,50,0,563
"Heydon Lake",50,"50° 33' N","125° 40' W",7,2,5,710,862
"Heydon Lake",50,"50° 33' N","125° 40' W",7,3,5,710,862
"Heydon Lake",50,"50° 33' N","125° 40' W",7,5,10,693,818
"Heydon Lake",50,"50° 33' N","125° 40' W",7,10,15,670,772
"Heydon Lake",50,"50° 33' N","125° 40' W",7,15,20,638,728
"Heydon Lake",50,"50° 33' N","125° 40' W",7,20,30,602,677
"Heydon Lake",50,"50° 33' N","125° 40' W",7,30,40,550,618
"Heydon Lake",50,"50° 33' N","125° 40' W",7,40,50,475,563
"Heydon Lake",50,"50° 33' N","125° 40' W",8,2,5,338,862
"Heydon Lake",50,"50° 33' N","125° 40' W",8,3,5,338,862
"Heydon Lake",50,"50° 33' N","125° 40' W",8,5,10,320,818
"Heydon Lake",50,"50° 33' N","125° 40' W",8,10,15,303,772
"Heydon Lake",50,"50° 33' N","125° 40' W",8,15,20,271,728
"Heydon Lake",50,"50° 33' N","125° 40' W",8,20,30,0,677
"Heydon Lake",50,"50° 33' N","125° 40' W",8,30,40,0,618
"Heydon Lake",50,"50° 33' N","125° 40' W",8,40,50,0,563
"Heydon_2005",250,NA,NA,1,2,5,1554,862
"Heydon_2005",250,NA,NA,1,3,5,1554,862
"Heydon_2005",250,NA,NA,1,5,10,1528,818
"Heydon_2005",250,NA,NA,1,10,15,1511,772
"Heydon_2005",250,NA,NA,1,15,20,1471,728
"Heydon_2005",250,NA,NA,1,20,30,1438,677
"Heydon_2005",250,NA,NA,1,30,40,1327,618
"Heydon_2005",250,NA,NA,1,40,50,1211,563
"Heydon_2005",250,NA,NA,2,2,5,1713,862
"Heydon_2005",250,NA,NA,2,3,5,1699,862
"Heydon_2005",250,NA,NA,2,5,10,1699,818
"Heydon_2005",250,NA,NA,2,10,15,1699,772
"Heydon_2005",250,NA,NA,2,15,20,1638,728
"Heydon_2005",250,NA,NA,2,20,30,1580,677
"Heydon_2005",250,NA,NA,2,30,40,1402,618
"Heydon_2005",250,NA,NA,2,40,50,1392,563
"Heydon_2005",250,NA,NA,3,2,5,1220,862
"Heydon_2005",250,NA,NA,3,3,5,1220,862
"Heydon_2005",250,NA,NA,3,5,10,1220,818
"Heydon_2005",250,NA,NA,3,10,15,1220,772
"Heydon_2005",250,NA,NA,3,15,20,1206,728
"Heydon_2005",250,NA,NA,3,20,30,1160,677
"Heydon_2005",250,NA,NA,3,30,40,1080,618
"Heydon_2005",250,NA,NA,3,40,50,997,563
"Heydon_2005",250,NA,NA,4,2,5,1352,862
"Heydon_2005",250,NA,NA,4,3,5,1352,862
"Heydon_2005",250,NA,NA,4,5,10,1352,818
"Heydon_2005",250,NA,NA,4,10,15,1332,772
"Heydon_2005",250,NA,NA,4,15,20,1303,728
"Heydon_2005",250,NA,NA,4,20,30,1252,677
"Heydon_2005",250,NA,NA,4,30,40,1189,618
"Heydon_2005",250,NA,NA,4,40,50,1114,563
"Heydon_2005",250,NA,NA,5,2,5,1437,862
"Heydon_2005",250,NA,NA,5,3,5,1437,862
"Heydon_2005",250,NA,NA,5,5,10,1437,818
"Heydon_2005",250,NA,NA,5,10,15,1417,772
"Heydon_2005",250,NA,NA,5,15,20,1392,728
"Heydon_2005",250,NA,NA,5,20,30,1343,677
"Heydon_2005",250,NA,NA,5,30,40,1156,618
"Heydon_2005",250,NA,NA,5,40,50,1007,563
"Heydon_2005",250,NA,NA,6,2,5,1497,862
"Heydon_2005",250,NA,NA,6,3,5,1497,862
"Heydon_2005",250,NA,NA,6,5,10,1497,818
"Heydon_2005",250,NA,NA,6,10,15,1492,772
"Heydon_2005",250,NA,NA,6,15,20,1474,728
"Heydon_2005",250,NA,NA,6,20,30,1440,677
"Heydon_2005",250,NA,NA,6,30,40,1384,618
"Heydon_2005",250,NA,NA,6,40,50,1277,563
"Heydon_2005",250,NA,NA,7,2,5,1481,862
"Heydon_2005",250,NA,NA,7,3,5,1481,862
"Heydon_2005",250,NA,NA,7,5,10,1481,818
"Heydon_2005",250,NA,NA,7,10,15,1469,772
"Heydon_2005",250,NA,NA,7,15,20,1438,728
"Heydon_2005",250,NA,NA,7,20,30,1387,677
"Heydon_2005",250,NA,NA,7,30,40,1292,618
"Heydon_2005",250,NA,NA,7,40,50,1216,563
"Heydon_2005",250,NA,NA,8,2,5,846,862
"Heydon_2005",250,NA,NA,8,3,5,846,862
"Heydon_2005",250,NA,NA,8,5,10,846,818
"Heydon_2005",250,NA,NA,8,10,15,802,772
"Heydon_2005",250,NA,NA,8,15,20,766,728
"Heydon_2005",250,NA,NA,8,20,30,698,677
"Heydon_2005",250,NA,NA,8,30,40,608,618
"Heydon_2005",250,NA,NA,8,40,50,527,563
"Hobiton Lake",6,"48° 45' N","124° 49' W",1,2,5,340,350
"Hobiton Lake",6,"48° 45' N","124° 49' W",1,3,5,340,340
"Hobiton Lake",6,"48° 45' N","124° 49' W",1,5,10,340,334
"Hobiton Lake",6,"48° 45' N","124° 49' W",1,10,15,340,320
"Hobiton Lake",6,"48° 45' N","124° 49' W",1,15,20,300,285
"Hobiton Lake",6,"48° 45' N","124° 49' W",1,20,30,280,252
"Hobiton Lake",6,"48° 45' N","124° 49' W",1,30,40,220,215
"Hobiton Lake",6,"48° 45' N","124° 49' W",1,40,50,0,172
"Hobiton Lake",6,"48° 45' N","124° 49' W",1,50,60,0,25
"Hobiton Lake",6,"48° 45' N","124° 49' W",2,2,5,320,350
"Hobiton Lake",6,"48° 45' N","124° 49' W",2,3,5,320,340
"Hobiton Lake",6,"48° 45' N","124° 49' W",2,5,10,300,334
"Hobiton Lake",6,"48° 45' N","124° 49' W",2,10,15,280,320
"Hobiton Lake",6,"48° 45' N","124° 49' W",2,15,20,260,285
"Hobiton Lake",6,"48° 45' N","124° 49' W",2,20,30,230,252
"Hobiton Lake",6,"48° 45' N","124° 49' W",2,30,40,200,215
"Hobiton Lake",6,"48° 45' N","124° 49' W",2,40,50,120,172
"Hobiton Lake",6,"48° 45' N","124° 49' W",2,50,60,0,25
"Hobiton Lake",6,"48° 45' N","124° 49' W",3,2,5,460,350
"Hobiton Lake",6,"48° 45' N","124° 49' W",3,3,5,460,340
"Hobiton Lake",6,"48° 45' N","124° 49' W",3,5,10,460,334
"Hobiton Lake",6,"48° 45' N","124° 49' W",3,10,15,450,320
"Hobiton Lake",6,"48° 45' N","124° 49' W",3,15,20,440,285
"Hobiton Lake",6,"48° 45' N","124° 49' W",3,20,30,400,252
"Hobiton Lake",6,"48° 45' N","124° 49' W",3,30,40,360,215
"Hobiton Lake",6,"48° 45' N","124° 49' W",3,40,50,320,172
"Hobiton Lake",6,"48° 45' N","124° 49' W",3,50,60,290,25
"Hobiton Lake",6,"48° 45' N","124° 49' W",4,2,5,710,350
"Hobiton Lake",6,"48° 45' N","124° 49' W",4,3,5,710,340
"Hobiton Lake",6,"48° 45' N","124° 49' W",4,5,10,700,334
"Hobiton Lake",6,"48° 45' N","124° 49' W",4,10,15,690,320
"Hobiton Lake",6,"48° 45' N","124° 49' W",4,15,20,660,285
"Hobiton Lake",6,"48° 45' N","124° 49' W",4,20,30,630,252
"Hobiton Lake",6,"48° 45' N","124° 49' W",4,30,40,590,215
"Hobiton Lake",6,"48° 45' N","124° 49' W",4,40,50,550,172
"Hobiton Lake",6,"48° 45' N","124° 49' W",4,50,60,510,25
"Hobiton Lake",6,"48° 45' N","124° 49' W",5,2,5,340,350
"Hobiton Lake",6,"48° 45' N","124° 49' W",5,3,5,340,340
"Hobiton Lake",6,"48° 45' N","124° 49' W",5,5,10,330,334
"Hobiton Lake",6,"48° 45' N","124° 49' W",5,10,15,300,320
"Hobiton Lake",6,"48° 45' N","124° 49' W",5,15,20,280,285
"Hobiton Lake",6,"48° 45' N","124° 49' W",5,20,30,260,252
"Hobiton Lake",6,"48° 45' N","124° 49' W",5,30,40,180,215
"Hobiton Lake",6,"48° 45' N","124° 49' W",5,40,50,90,172
"Hobiton Lake",6,"48° 45' N","124° 49' W",5,50,60,0,25
"Hobiton Lake",6,"48° 45' N","124° 49' W",6,2,5,710,350
"Hobiton Lake",6,"48° 45' N","124° 49' W",6,3,5,710,340
"Hobiton Lake",6,"48° 45' N","124° 49' W",6,5,10,710,334
"Hobiton Lake",6,"48° 45' N","124° 49' W",6,10,15,710,320
"Hobiton Lake",6,"48° 45' N","124° 49' W",6,15,20,700,285
"Hobiton Lake",6,"48° 45' N","124° 49' W",6,20,30,655,252
"Hobiton Lake",6,"48° 45' N","124° 49' W",6,30,40,445,215
"Hobiton Lake",6,"48° 45' N","124° 49' W",6,40,50,0,172
"Hobiton Lake",6,"48° 45' N","124° 49' W",6,50,60,0,25
"Hobiton Lake",6,"48° 45' N","124° 49' W",7,2,5,900,350
"Hobiton Lake",6,"48° 45' N","124° 49' W",7,3,5,900,340
"Hobiton Lake",6,"48° 45' N","124° 49' W",7,5,10,900,334
"Hobiton Lake",6,"48° 45' N","124° 49' W",7,10,15,890,320
"Hobiton Lake",6,"48° 45' N","124° 49' W",7,15,20,870,285
"Hobiton Lake",6,"48° 45' N","124° 49' W",7,20,30,825,252
"Hobiton Lake",6,"48° 45' N","124° 49' W",7,30,40,740,215
"Hobiton Lake",6,"48° 45' N","124° 49' W",7,40,50,550,172
"Hobiton Lake",6,"48° 45' N","124° 49' W",7,50,60,0,25
"Hobiton Lake",6,"48° 45' N","124° 49' W",8,2,5,1310,350
"Hobiton Lake",6,"48° 45' N","124° 49' W",8,3,5,1310,340
"Hobiton Lake",6,"48° 45' N","124° 49' W",8,5,10,1310,334
"Hobiton Lake",6,"48° 45' N","124° 49' W",8,10,15,1310,320
"Hobiton Lake",6,"48° 45' N","124° 49' W",8,15,20,1260,285
"Hobiton Lake",6,"48° 45' N","124° 49' W",8,20,30,1200,252
"Hobiton Lake",6,"48° 45' N","124° 49' W",8,30,40,1130,215
"Hobiton Lake",6,"48° 45' N","124° 49' W",8,40,50,1075,172
"Hobiton Lake",6,"48° 45' N","124° 49' W",8,50,60,1015,25
"Hobiton Lake",6,"48° 45' N","124° 49' W",9,2,5,895,350
"Hobiton Lake",6,"48° 45' N","124° 49' W",9,3,5,895,340
"Hobiton Lake",6,"48° 45' N","124° 49' W",9,5,10,895,334
"Hobiton Lake",6,"48° 45' N","124° 49' W",9,10,15,890,320
"Hobiton Lake",6,"48° 45' N","124° 49' W",9,15,20,880,285
"Hobiton Lake",6,"48° 45' N","124° 49' W",9,20,30,825,252
"Hobiton Lake",6,"48° 45' N","124° 49' W",9,30,40,760,215
"Hobiton Lake",6,"48° 45' N","124° 49' W",9,40,50,670,172
"Hobiton Lake",6,"48° 45' N","124° 49' W",9,50,60,590,25
"Hobiton Lake",6,"48° 45' N","124° 49' W",10,2,5,1060,350
"Hobiton Lake",6,"48° 45' N","124° 49' W",10,3,5,1060,340
"Hobiton Lake",6,"48° 45' N","124° 49' W",10,5,10,1055,334
"Hobiton Lake",6,"48° 45' N","124° 49' W",10,10,15,1040,320
"Hobiton Lake",6,"48° 45' N","124° 49' W",10,15,20,1030,285
"Hobiton Lake",6,"48° 45' N","124° 49' W",10,20,30,1000,252
"Hobiton Lake",6,"48° 45' N","124° 49' W",10,30,40,960,215
"Hobiton Lake",6,"48° 45' N","124° 49' W",10,40,50,845,172
"Hobiton Lake",6,"48° 45' N","124° 49' W",10,50,60,785,25
"Hobiton Lake",6,"48° 45' N","124° 49' W",11,2,5,1120,350
"Hobiton Lake",6,"48° 45' N","124° 49' W",11,3,5,1120,340
"Hobiton Lake",6,"48° 45' N","124° 49' W",11,5,10,1100,334
"Hobiton Lake",6,"48° 45' N","124° 49' W",11,10,15,1070,320
"Hobiton Lake",6,"48° 45' N","124° 49' W",11,15,20,1060,285
"Hobiton Lake",6,"48° 45' N","124° 49' W",11,20,30,1020,252
"Hobiton Lake",6,"48° 45' N","124° 49' W",11,30,40,980,215
"Hobiton Lake",6,"48° 45' N","124° 49' W",11,40,50,855,172
"Hobiton Lake",6,"48° 45' N","124° 49' W",11,50,60,780,25
"Ian Lake",26,"53° 45' N","132° 35' W",1,2,5,410,1809
"Ian Lake",26,"53° 45' N","132° 35' W",1,3,5,410,1809
"Ian Lake",26,"53° 45' N","132° 35' W",1,5,10,357,1631
"Ian Lake",26,"53° 45' N","132° 35' W",1,10,15,300,1470
"Ian Lake",26,"53° 45' N","132° 35' W",1,15,20,237,1322
"Ian Lake",26,"53° 45' N","132° 35' W",1,20,30,119,1146
"Ian Lake",26,"53° 45' N","132° 35' W",1,30,40,0,915
"Ian Lake",26,"53° 45' N","132° 35' W",1,40,50,0,710
"Ian Lake",26,"53° 45' N","132° 35' W",1,50,60,0,578
"Ian Lake",26,"53° 45' N","132° 35' W",1,60,70,0,476
"Ian Lake",26,"53° 45' N","132° 35' W",2,2,5,520,1809
"Ian Lake",26,"53° 45' N","132° 35' W",2,3,5,520,1809
"Ian Lake",26,"53° 45' N","132° 35' W",2,5,10,498,1631
"Ian Lake",26,"53° 45' N","132° 35' W",2,10,15,468,1470
"Ian Lake",26,"53° 45' N","132° 35' W",2,15,20,447,1322
"Ian Lake",26,"53° 45' N","132° 35' W",2,20,30,407,1146
"Ian Lake",26,"53° 45' N","132° 35' W",2,30,40,350,915
"Ian Lake",26,"53° 45' N","132° 35' W",2,40,50,229,710
"Ian Lake",26,"53° 45' N","132° 35' W",2,50,60,0,578
"Ian Lake",26,"53° 45' N","132° 35' W",2,60,70,0,476
"Ian Lake",26,"53° 45' N","132° 35' W",3,2,5,701,1809
"Ian Lake",26,"53° 45' N","132° 35' W",3,3,5,701,1809
"Ian Lake",26,"53° 45' N","132° 35' W",3,5,10,648,1631
"Ian Lake",26,"53° 45' N","132° 35' W",3,10,15,607,1470
"Ian Lake",26,"53° 45' N","132° 35' W",3,15,20,553,1322
"Ian Lake",26,"53° 45' N","132° 35' W",3,20,30,409,1146
"Ian Lake",26,"53° 45' N","132° 35' W",3,30,40,0,915
"Ian Lake",26,"53° 45' N","132° 35' W",3,40,50,0,710
"Ian Lake",26,"53° 45' N","132° 35' W",3,50,60,0,578
"Ian Lake",26,"53° 45' N","132° 35' W",3,60,70,0,476
"Ian Lake",26,"53° 45' N","132° 35' W",4,2,5,1101,1809
"Ian Lake",26,"53° 45' N","132° 35' W",4,3,5,1101,1809
"Ian Lake",26,"53° 45' N","132° 35' W",4,5,10,1001,1631
"Ian Lake",26,"53° 45' N","132° 35' W",4,10,15,754,1470
"Ian Lake",26,"53° 45' N","132° 35' W",4,15,20,691,1322
"Ian Lake",26,"53° 45' N","132° 35' W",4,20,30,580,1146
"Ian Lake",26,"53° 45' N","132° 35' W",4,30,40,437,915
"Ian Lake",26,"53° 45' N","132° 35' W",4,40,50,319,710
"Ian Lake",26,"53° 45' N","132° 35' W",4,50,60,250,578
"Ian Lake",26,"53° 45' N","132° 35' W",4,60,70,0,476
"Ian Lake",26,"53° 45' N","132° 35' W",5,2,5,2059,1809
"Ian Lake",26,"53° 45' N","132° 35' W",5,3,5,2059,1809
"Ian Lake",26,"53° 45' N","132° 35' W",5,5,10,1982,1631
"Ian Lake",26,"53° 45' N","132° 35' W",5,10,15,1853,1470
"Ian Lake",26,"53° 45' N","132° 35' W",5,15,20,1681,1322
"Ian Lake",26,"53° 45' N","132° 35' W",5,20,30,1369,1146
"Ian Lake",26,"53° 45' N","132° 35' W",5,30,40,1260,915
"Ian Lake",26,"53° 45' N","132° 35' W",5,40,50,1100,710
"Ian Lake",26,"53° 45' N","132° 35' W",5,50,60,1013,578
"Ian Lake",26,"53° 45' N","132° 35' W",5,60,70,0,476
"Ian Lake",26,"53° 45' N","132° 35' W",6,2,5,1583,1809
"Ian Lake",26,"53° 45' N","132° 35' W",6,3,5,1583,1809
"Ian Lake",26,"53° 45' N","132° 35' W",6,5,10,1399,1631
"Ian Lake",26,"53° 45' N","132° 35' W",6,10,15,1272,1470
"Ian Lake",26,"53° 45' N","132° 35' W",6,15,20,1148,1322
"Ian Lake",26,"53° 45' N","132° 35' W",6,20,30,1077,1146
"Ian Lake",26,"53° 45' N","132° 35' W",6,30,40,998,915
"Ian Lake",26,"53° 45' N","132° 35' W",6,40,50,885,710
"Ian Lake",26,"53° 45' N","132° 35' W",6,50,60,790,578
"Ian Lake",26,"53° 45' N","132° 35' W",6,60,70,0,476
"Ian Lake",26,"53° 45' N","132° 35' W",7,2,5,766,1809
"Ian Lake",26,"53° 45' N","132° 35' W",7,3,5,766,1809
"Ian Lake",26,"53° 45' N","132° 35' W",7,5,10,652,1631
"Ian Lake",26,"53° 45' N","132° 35' W",7,10,15,505,1470
"Ian Lake",26,"53° 45' N","132° 35' W",7,15,20,0,1322
"Ian Lake",26,"53° 45' N","132° 35' W",7,20,30,0,1146
"Ian Lake",26,"53° 45' N","132° 35' W",7,30,40,0,915
"Ian Lake",26,"53° 45' N","132° 35' W",7,40,50,0,710
"Ian Lake",26,"53° 45' N","132° 35' W",7,50,60,0,578
"Ian Lake",26,"53° 45' N","132° 35' W",7,60,70,0,476
"Ian Lake",26,"53° 45' N","132° 35' W",8,2,5,2170,1809
"Ian Lake",26,"53° 45' N","132° 35' W",8,3,5,2170,1809
"Ian Lake",26,"53° 45' N","132° 35' W",8,5,10,2139,1631
"Ian Lake",26,"53° 45' N","132° 35' W",8,10,15,1912,1470
"Ian Lake",26,"53° 45' N","132° 35' W",8,15,20,1721,1322
"Ian Lake",26,"53° 45' N","132° 35' W",8,20,30,1373,1146
"Ian Lake",26,"53° 45' N","132° 35' W",8,30,40,1307,915
"Ian Lake",26,"53° 45' N","132° 35' W",8,40,50,1161,710
"Ian Lake",26,"53° 45' N","132° 35' W",8,50,60,827,578
"Ian Lake",26,"53° 45' N","132° 35' W",8,60,70,0,476
"Ian Lake",26,"53° 45' N","132° 35' W",9,2,5,1923,1809
"Ian Lake",26,"53° 45' N","132° 35' W",9,3,5,1923,1809
"Ian Lake",26,"53° 45' N","132° 35' W",9,5,10,1837,1631
"Ian Lake",26,"53° 45' N","132° 35' W",9,10,15,1806,1470
"Ian Lake",26,"53° 45' N","132° 35' W",9,15,20,1766,1322
"Ian Lake",26,"53° 45' N","132° 35' W",9,20,30,1699,1146
"Ian Lake",26,"53° 45' N","132° 35' W",9,30,40,1615,915
"Ian Lake",26,"53° 45' N","132° 35' W",9,40,50,1639,710
"Ian Lake",26,"53° 45' N","132° 35' W",9,50,60,1450,578
"Ian Lake",26,"53° 45' N","132° 35' W",9,60,70,0,476
"Ingram Lake",182,"52° 38' N","128° 00' W",1,2,5,928,383
"Ingram Lake",182,"52° 38' N","128° 00' W",1,3,5,928,383
"Ingram Lake",182,"52° 38' N","128° 00' W",1,5,10,901,363
"Ingram Lake",182,"52° 38' N","128° 00' W",1,10,15,885,344
"Ingram Lake",182,"52° 38' N","128° 00' W",1,15,20,869,323
"Ingram Lake",182,"52° 38' N","128° 00' W",1,20,30,859,297
"Ingram Lake",182,"52° 38' N","128° 00' W",1,30,40,816,246
"Ingram Lake",182,"52° 38' N","128° 00' W",1,40,50,765,172
"Ingram Lake",182,"52° 38' N","128° 00' W",1,50,60,691,56
"Ingram Lake",182,"52° 38' N","128° 00' W",2,2,5,2619,383
"Ingram Lake",182,"52° 38' N","128° 00' W",2,3,5,2619,383
"Ingram Lake",182,"52° 38' N","128° 00' W",2,5,10,2584,363
"Ingram Lake",182,"52° 38' N","128° 00' W",2,10,15,2555,344
"Ingram Lake",182,"52° 38' N","128° 00' W",2,15,20,2528,323
"Ingram Lake",182,"52° 38' N","128° 00' W",2,20,30,2512,297
"Ingram Lake",182,"52° 38' N","128° 00' W",2,30,40,2427,246
"Ingram Lake",182,"52° 38' N","128° 00' W",2,40,50,2349,172
"Ingram Lake",182,"52° 38' N","128° 00' W",2,50,60,2251,56
"Ingram Lake",182,"52° 38' N","128° 00' W",3,2,5,635,383
"Ingram Lake",182,"52° 38' N","128° 00' W",3,3,5,635,383
"Ingram Lake",182,"52° 38' N","128° 00' W",3,5,10,621,363
"Ingram Lake",182,"52° 38' N","128° 00' W",3,10,15,611,344
"Ingram Lake",182,"52° 38' N","128° 00' W",3,15,20,600,323
"Ingram Lake",182,"52° 38' N","128° 00' W",3,20,30,589,297
"Ingram Lake",182,"52° 38' N","128° 00' W",3,30,40,549,246
"Ingram Lake",182,"52° 38' N","128° 00' W",3,40,50,0,172
"Ingram Lake",182,"52° 38' N","128° 00' W",3,50,60,0,56
"Ingram Lake",182,"52° 38' N","128° 00' W",4,2,5,603,383
"Ingram Lake",182,"52° 38' N","128° 00' W",4,3,5,603,383
"Ingram Lake",182,"52° 38' N","128° 00' W",4,5,10,576,363
"Ingram Lake",182,"52° 38' N","128° 00' W",4,10,15,555,344
"Ingram Lake",182,"52° 38' N","128° 00' W",4,15,20,539,323
"Ingram Lake",182,"52° 38' N","128° 00' W",4,20,30,523,297
"Ingram Lake",182,"52° 38' N","128° 00' W",4,30,40,435,246
"Ingram Lake",182,"52° 38' N","128° 00' W",4,40,50,400,172
"Ingram Lake",182,"52° 38' N","128° 00' W",4,50,60,0,56
"Ingram Lake",182,"52° 38' N","128° 00' W",5,2,5,888,383
"Ingram Lake",182,"52° 38' N","128° 00' W",5,3,5,888,383
"Ingram Lake",182,"52° 38' N","128° 00' W",5,5,10,867,363
"Ingram Lake",182,"52° 38' N","128° 00' W",5,10,15,843,344
"Ingram Lake",182,"52° 38' N","128° 00' W",5,15,20,805,323
"Ingram Lake",182,"52° 38' N","128° 00' W",5,20,30,779,297
"Ingram Lake",182,"52° 38' N","128° 00' W",5,30,40,717,246
"Ingram Lake",182,"52° 38' N","128° 00' W",5,40,50,669,172
"Ingram Lake",182,"52° 38' N","128° 00' W",5,50,60,0,56
"Ingram Lake",182,"52° 38' N","128° 00' W",6,2,5,779,383
"Ingram Lake",182,"52° 38' N","128° 00' W",6,3,5,779,383
"Ingram Lake",182,"52° 38' N","128° 00' W",6,5,10,747,363
"Ingram Lake",182,"52° 38' N","128° 00' W",6,10,15,723,344
"Ingram Lake",182,"52° 38' N","128° 00' W",6,15,20,696,323
"Ingram Lake",182,"52° 38' N","128° 00' W",6,20,30,656,297
"Ingram Lake",182,"52° 38' N","128° 00' W",6,30,40,459,246
"Ingram Lake",182,"52° 38' N","128° 00' W",6,40,50,392,172
"Ingram Lake",182,"52° 38' N","128° 00' W",6,50,60,288,56
"Jansen Lake",108,"50° 06' N","127° 17' W",1,2,5,232,58
"Jansen Lake",108,"50° 06' N","127° 17' W",1,3,5,232,58
"Jansen Lake",108,"50° 06' N","127° 17' W",1,5,10,207,55
"Jansen Lake",108,"50° 06' N","127° 17' W",1,10,15,177,51
"Jansen Lake",108,"50° 06' N","127° 17' W",1,15,20,146,46
"Jansen Lake",108,"50° 06' N","127° 17' W",1,20,30,110,40
"Jansen Lake",108,"50° 06' N","127° 17' W",1,30,40,49,27
"Jansen Lake",108,"50° 06' N","127° 17' W",1,40,50,0,15
"Jansen Lake",108,"50° 06' N","127° 17' W",2,2,5,395,58
"Jansen Lake",108,"50° 06' N","127° 17' W",2,3,5,395,58
"Jansen Lake",108,"50° 06' N","127° 17' W",2,5,10,358,55
"Jansen Lake",108,"50° 06' N","127° 17' W",2,10,15,342,51
"Jansen Lake",108,"50° 06' N","127° 17' W",2,15,20,321,46
"Jansen Lake",108,"50° 06' N","127° 17' W",2,20,30,274,40
"Jansen Lake",108,"50° 06' N","127° 17' W",2,30,40,179,27
"Jansen Lake",108,"50° 06' N","127° 17' W",2,40,50,126,15
"Jansen Lake",108,"50° 06' N","127° 17' W",3,2,5,455,58
"Jansen Lake",108,"50° 06' N","127° 17' W",3,3,5,455,58
"Jansen Lake",108,"50° 06' N","127° 17' W",3,5,10,449,55
"Jansen Lake",108,"50° 06' N","127° 17' W",3,10,15,423,51
"Jansen Lake",108,"50° 06' N","127° 17' W",3,15,20,403,46
"Jansen Lake",108,"50° 06' N","127° 17' W",3,20,30,358,40
"Jansen Lake",108,"50° 06' N","127° 17' W",3,30,40,293,27
"Jansen Lake",108,"50° 06' N","127° 17' W",3,40,50,228,15
"Jansen Lake",108,"50° 06' N","127° 17' W",4,2,5,625,58
"Jansen Lake",108,"50° 06' N","127° 17' W",4,3,5,625,58
"Jansen Lake",108,"50° 06' N","127° 17' W",4,5,10,599,55
"Jansen Lake",108,"50° 06' N","127° 17' W",4,10,15,574,51
"Jansen Lake",108,"50° 06' N","127° 17' W",4,15,20,523,46
"Jansen Lake",108,"50° 06' N","127° 17' W",4,20,30,459,40
"Jansen Lake",108,"50° 06' N","127° 17' W",4,30,40,255,27
"Jansen Lake",108,"50° 06' N","127° 17' W",4,40,50,0,15
"Jansen Lake",108,"50° 06' N","127° 17' W",5,2,5,1798,58
"Jansen Lake",108,"50° 06' N","127° 17' W",5,3,5,1798,58
"Jansen Lake",108,"50° 06' N","127° 17' W",5,5,10,1764,55
"Jansen Lake",108,"50° 06' N","127° 17' W",5,10,15,1504,51
"Jansen Lake",108,"50° 06' N","127° 17' W",5,15,20,1452,46
"Jansen Lake",108,"50° 06' N","127° 17' W",5,20,30,1331,40
"Jansen Lake",108,"50° 06' N","127° 17' W",5,30,40,1003,27
"Jansen Lake",108,"50° 06' N","127° 17' W",5,40,50,804,15
"Johanson Lake",226,NA,NA,1,2,5,216,128
"Johanson Lake",226,NA,NA,1,3,5,216,128
"Johanson Lake",226,NA,NA,1,5,10,189,104
"Johanson Lake",226,NA,NA,1,10,15,149,76
"Johanson Lake",226,NA,NA,1,15,20,96,56
"Johanson Lake",226,NA,NA,1,20,30,33,29
"Johanson Lake",226,NA,NA,1,30,40,0,8
"Johanson Lake",226,NA,NA,1,40,50,0,2
"Johanson Lake",226,NA,NA,2,2,5,295,128
"Johanson Lake",226,NA,NA,2,3,5,295,128
"Johanson Lake",226,NA,NA,2,5,10,276,104
"Johanson Lake",226,NA,NA,2,10,15,234,76
"Johanson Lake",226,NA,NA,2,15,20,201,56
"Johanson Lake",226,NA,NA,2,20,30,177,29
"Johanson Lake",226,NA,NA,2,30,40,134,8
"Johanson Lake",226,NA,NA,2,40,50,54,2
"Johanson Lake",226,NA,NA,3,2,5,450,128
"Johanson Lake",226,NA,NA,3,3,5,450,128
"Johanson Lake",226,NA,NA,3,5,10,431,104
"Johanson Lake",226,NA,NA,3,10,15,404,76
"Johanson Lake",226,NA,NA,3,15,20,361,56
"Johanson Lake",226,NA,NA,3,20,30,218,29
"Johanson Lake",226,NA,NA,3,30,40,51,8
"Johanson Lake",226,NA,NA,3,40,50,0,2
"Johanson Lake",226,NA,NA,4,2,5,380,128
"Johanson Lake",226,NA,NA,4,3,5,380,128
"Johanson Lake",226,NA,NA,4,5,10,360,104
"Johanson Lake",226,NA,NA,4,10,15,328,76
"Johanson Lake",226,NA,NA,4,15,20,283,56
"Johanson Lake",226,NA,NA,4,20,30,173,29
"Johanson Lake",226,NA,NA,4,30,40,46,8
"Johanson Lake",226,NA,NA,4,40,50,0,2
"Johanson Lake",226,NA,NA,5,2,5,247,128
"Johanson Lake",226,NA,NA,5,3,5,247,128
"Johanson Lake",226,NA,NA,5,5,10,222,104
"Johanson Lake",226,NA,NA,5,10,15,188,76
"Johanson Lake",226,NA,NA,5,15,20,155,56
"Johanson Lake",226,NA,NA,5,20,30,113,29
"Johanson Lake",226,NA,NA,5,30,40,43,8
"Johanson Lake",226,NA,NA,5,40,50,0,2
"Johanson Lake",226,NA,NA,6,2,5,168,128
"Johanson Lake",226,NA,NA,6,3,5,168,128
"Johanson Lake",226,NA,NA,6,5,10,139,104
"Johanson Lake",226,NA,NA,6,10,15,99,76
"Johanson Lake",226,NA,NA,6,15,20,49,56
"Johanson Lake",226,NA,NA,6,20,30,10,29
"Johanson Lake",226,NA,NA,6,30,40,0,8
"Johanson Lake",226,NA,NA,6,40,50,0,2
"Kennedy Lake (Clay)",40,"49° 08' N","125° 35' W",1,2,5,1045,1480
"Kennedy Lake (Clay)",40,"49° 08' N","125° 35' W",1,3,5,1045,1480
"Kennedy Lake (Clay)",40,"49° 08' N","125° 35' W",1,5,10,1020,1433
"Kennedy Lake (Clay)",40,"49° 08' N","125° 35' W",1,10,15,990,1385
"Kennedy Lake (Clay)",40,"49° 08' N","125° 35' W",1,15,20,960,1315
"Kennedy Lake (Clay)",40,"49° 08' N","125° 35' W",1,20,30,900,1100
"Kennedy Lake (Clay)",40,"49° 08' N","125° 35' W",1,30,40,855,980
"Kennedy Lake (Clay)",40,"49° 08' N","125° 35' W",1,40,50,825,890
"Kennedy Lake (Clay)",40,"49° 08' N","125° 35' W",1,50,60,790,820
"Kennedy Lake (Clay)",40,"49° 08' N","125° 35' W",1,60,70,725,739
"Kennedy Lake (Clay)",40,"49° 08' N","125° 35' W",2,2,5,2195,1480
"Kennedy Lake (Clay)",40,"49° 08' N","125° 35' W",2,3,5,2195,1480
"Kennedy Lake (Clay)",40,"49° 08' N","125° 35' W",2,5,10,2175,1433
"Kennedy Lake (Clay)",40,"49° 08' N","125° 35' W",2,10,15,2150,1385
"Kennedy Lake (Clay)",40,"49° 08' N","125° 35' W",2,15,20,2150,1315
"Kennedy Lake (Clay)",40,"49° 08' N","125° 35' W",2,20,30,2075,1100
"Kennedy Lake (Clay)",40,"49° 08' N","125° 35' W",2,30,40,2020,980
"Kennedy Lake (Clay)",40,"49° 08' N","125° 35' W",2,40,50,1950,890
"Kennedy Lake (Clay)",40,"49° 08' N","125° 35' W",2,50,60,1920,820
"Kennedy Lake (Clay)",40,"49° 08' N","125° 35' W",2,60,70,1785,739
"Kennedy Lake (Clay)",40,"49° 08' N","125° 35' W",3,2,5,1485,1480
"Kennedy Lake (Clay)",40,"49° 08' N","125° 35' W",3,3,5,1485,1480
"Kennedy Lake (Clay)",40,"49° 08' N","125° 35' W",3,5,10,1465,1433
"Kennedy Lake (Clay)",40,"49° 08' N","125° 35' W",3,10,15,1445,1385
"Kennedy Lake (Clay)",40,"49° 08' N","125° 35' W",3,15,20,1415,1315
"Kennedy Lake (Clay)",40,"49° 08' N","125° 35' W",3,20,30,1370,1100
"Kennedy Lake (Clay)",40,"49° 08' N","125° 35' W",3,30,40,1335,980
"Kennedy Lake (Clay)",40,"49° 08' N","125° 35' W",3,40,50,1310,890
"Kennedy Lake (Clay)",40,"49° 08' N","125° 35' W",3,50,60,1295,820
"Kennedy Lake (Clay)",40,"49° 08' N","125° 35' W",3,60,70,1265,739
"Kennedy Lake (Clay)",40,"49° 08' N","125° 35' W",4,2,5,965,1480
"Kennedy Lake (Clay)",40,"49° 08' N","125° 35' W",4,3,5,965,1480
"Kennedy Lake (Clay)",40,"49° 08' N","125° 35' W",4,5,10,950,1433
"Kennedy Lake (Clay)",40,"49° 08' N","125° 35' W",4,10,15,925,1385
"Kennedy Lake (Clay)",40,"49° 08' N","125° 35' W",4,15,20,905,1315
"Kennedy Lake (Clay)",40,"49° 08' N","125° 35' W",4,20,30,870,1100
"Kennedy Lake (Clay)",40,"49° 08' N","125° 35' W",4,30,40,805,980
"Kennedy Lake (Clay)",40,"49° 08' N","125° 35' W",4,40,50,755,890
"Kennedy Lake (Clay)",40,"49° 08' N","125° 35' W",4,50,60,695,820
"Kennedy Lake (Clay)",40,"49° 08' N","125° 35' W",4,60,70,655,739
"Kennedy Lake (Clay)",40,"49° 08' N","125° 35' W",5,2,5,1680,1480
"Kennedy Lake (Clay)",40,"49° 08' N","125° 35' W",5,3,5,1680,1480
"Kennedy Lake (Clay)",40,"49° 08' N","125° 35' W",5,5,10,1650,1433
"Kennedy Lake (Clay)",40,"49° 08' N","125° 35' W",5,10,15,1620,1385
"Kennedy Lake (Clay)",40,"49° 08' N","125° 35' W",5,15,20,1595,1315
"Kennedy Lake (Clay)",40,"49° 08' N","125° 35' W",5,20,30,1545,1100
"Kennedy Lake (Clay)",40,"49° 08' N","125° 35' W",5,30,40,1465,980
"Kennedy Lake (Clay)",40,"49° 08' N","125° 35' W",5,40,50,1380,890
"Kennedy Lake (Clay)",40,"49° 08' N","125° 35' W",5,50,60,1265,820
"Kennedy Lake (Clay)",40,"49° 08' N","125° 35' W",5,60,70,1210,739
"Kennedy Lake (Clay)",40,"49° 08' N","125° 35' W",6,2,5,1610,1480
"Kennedy Lake (Clay)",40,"49° 08' N","125° 35' W",6,3,5,1610,1480
"Kennedy Lake (Clay)",40,"49° 08' N","125° 35' W",6,5,10,1580,1433
"Kennedy Lake (Clay)",40,"49° 08' N","125° 35' W",6,10,15,1545,1385
"Kennedy Lake (Clay)",40,"49° 08' N","125° 35' W",6,15,20,1485,1315
"Kennedy Lake (Clay)",40,"49° 08' N","125° 35' W",6,20,30,1440,1100
"Kennedy Lake (Clay)",40,"49° 08' N","125° 35' W",6,30,40,1365,980
"Kennedy Lake (Clay)",40,"49° 08' N","125° 35' W",6,40,50,1280,890
"Kennedy Lake (Clay)",40,"49° 08' N","125° 35' W",6,50,60,1230,820
"Kennedy Lake (Clay)",40,"49° 08' N","125° 35' W",6,60,70,1025,739
"Kennedy Lake (Clay)",40,"49° 08' N","125° 35' W",7,2,5,810,1480
"Kennedy Lake (Clay)",40,"49° 08' N","125° 35' W",7,3,5,810,1480
"Kennedy Lake (Clay)",40,"49° 08' N","125° 35' W",7,5,10,790,1433
"Kennedy Lake (Clay)",40,"49° 08' N","125° 35' W",7,10,15,760,1385
"Kennedy Lake (Clay)",40,"49° 08' N","125° 35' W",7,15,20,725,1315
"Kennedy Lake (Clay)",40,"49° 08' N","125° 35' W",7,20,30,675,1100
"Kennedy Lake (Clay)",40,"49° 08' N","125° 35' W",7,30,40,600,980
"Kennedy Lake (Clay)",40,"49° 08' N","125° 35' W",7,40,50,510,890
"Kennedy Lake (Clay)",40,"49° 08' N","125° 35' W",7,50,60,425,820
"Kennedy Lake (Clay)",40,"49° 08' N","125° 35' W",7,60,70,200,739
"Kennedy Lake (Clay)",40,"49° 08' N","125° 35' W",8,2,5,810,1480
"Kennedy Lake (Clay)",40,"49° 08' N","125° 35' W",8,3,5,810,1480
"Kennedy Lake (Clay)",40,"49° 08' N","125° 35' W",8,5,10,790,1433
"Kennedy Lake (Clay)",40,"49° 08' N","125° 35' W",8,10,15,760,1385
"Kennedy Lake (Clay)",40,"49° 08' N","125° 35' W",8,15,20,725,1315
"Kennedy Lake (Clay)",40,"49° 08' N","125° 35' W",8,20,30,675,1100
"Kennedy Lake (Clay)",40,"49° 08' N","125° 35' W",8,30,40,600,980
"Kennedy Lake (Clay)",40,"49° 08' N","125° 35' W",8,40,50,510,890
"Kennedy Lake (Clay)",40,"49° 08' N","125° 35' W",8,50,60,425,820
"Kennedy Lake (Clay)",40,"49° 08' N","125° 35' W",8,60,70,200,739
"Kennedy Lake (Clay)",40,"49° 08' N","125° 35' W",9,2,5,1610,1480
"Kennedy Lake (Clay)",40,"49° 08' N","125° 35' W",9,3,5,1610,1480
"Kennedy Lake (Clay)",40,"49° 08' N","125° 35' W",9,5,10,1580,1433
"Kennedy Lake (Clay)",40,"49° 08' N","125° 35' W",9,10,15,1545,1385
"Kennedy Lake (Clay)",40,"49° 08' N","125° 35' W",9,15,20,1485,1315
"Kennedy Lake (Clay)",40,"49° 08' N","125° 35' W",9,20,30,1440,1100
"Kennedy Lake (Clay)",40,"49° 08' N","125° 35' W",9,30,40,1365,980
"Kennedy Lake (Clay)",40,"49° 08' N","125° 35' W",9,40,50,1280,890
"Kennedy Lake (Clay)",40,"49° 08' N","125° 35' W",9,50,60,1230,820
"Kennedy Lake (Clay)",40,"49° 08' N","125° 35' W",9,60,70,1025,739
"Kennedy Lake (Clay)",40,"49° 08' N","125° 35' W",10,2,5,1735,1480
"Kennedy Lake (Clay)",40,"49° 08' N","125° 35' W",10,3,5,1735,1480
"Kennedy Lake (Clay)",40,"49° 08' N","125° 35' W",10,5,10,1710,1433
"Kennedy Lake (Clay)",40,"49° 08' N","125° 35' W",10,10,15,1670,1385
"Kennedy Lake (Clay)",40,"49° 08' N","125° 35' W",10,15,20,1620,1315
"Kennedy Lake (Clay)",40,"49° 08' N","125° 35' W",10,20,30,1575,1100
"Kennedy Lake (Clay)",40,"49° 08' N","125° 35' W",10,30,40,1530,980
"Kennedy Lake (Clay)",40,"49° 08' N","125° 35' W",10,40,50,1435,890
"Kennedy Lake (Clay)",40,"49° 08' N","125° 35' W",10,50,60,1325,820
"Kennedy Lake (Clay)",40,"49° 08' N","125° 35' W",10,60,70,1260,739
"Kennedy Lake (Clay)",40,"49° 08' N","125° 35' W",11,2,5,725,1480
"Kennedy Lake (Clay)",40,"49° 08' N","125° 35' W",11,3,5,725,1480
"Kennedy Lake (Clay)",40,"49° 08' N","125° 35' W",11,5,10,710,1433
"Kennedy Lake (Clay)",40,"49° 08' N","125° 35' W",11,10,15,690,1385
"Kennedy Lake (Clay)",40,"49° 08' N","125° 35' W",11,15,20,660,1315
"Kennedy Lake (Clay)",40,"49° 08' N","125° 35' W",11,20,30,630,1100
"Kennedy Lake (Clay)",40,"49° 08' N","125° 35' W",11,30,40,600,980
"Kennedy Lake (Clay)",40,"49° 08' N","125° 35' W",11,40,50,565,890
"Kennedy Lake (Clay)",40,"49° 08' N","125° 35' W",11,50,60,535,820
"Kennedy Lake (Clay)",40,"49° 08' N","125° 35' W",11,60,70,500,739
"Kennedy Lake (Clay)",40,"49° 08' N","125° 35' W",12,2,5,1380,1480
"Kennedy Lake (Clay)",40,"49° 08' N","125° 35' W",12,3,5,1380,1480
"Kennedy Lake (Clay)",40,"49° 08' N","125° 35' W",12,5,10,1355,1433
"Kennedy Lake (Clay)",40,"49° 08' N","125° 35' W",12,10,15,1330,1385
"Kennedy Lake (Clay)",40,"49° 08' N","125° 35' W",12,15,20,1295,1315
"Kennedy Lake (Clay)",40,"49° 08' N","125° 35' W",12,20,30,1240,1100
"Kennedy Lake (Clay)",40,"49° 08' N","125° 35' W",12,30,40,1180,980
"Kennedy Lake (Clay)",40,"49° 08' N","125° 35' W",12,40,50,1135,890
"Kennedy Lake (Clay)",40,"49° 08' N","125° 35' W",12,50,60,1100,820
"Kennedy Lake (Clay)",40,"49° 08' N","125° 35' W",12,60,70,1065,739
"Kennedy Lake (Clay)",40,"49° 08' N","125° 35' W",13,2,5,1845,1480
"Kennedy Lake (Clay)",40,"49° 08' N","125° 35' W",13,3,5,1845,1480
"Kennedy Lake (Clay)",40,"49° 08' N","125° 35' W",13,5,10,1825,1433
"Kennedy Lake (Clay)",40,"49° 08' N","125° 35' W",13,10,15,1800,1385
"Kennedy Lake (Clay)",40,"49° 08' N","125° 35' W",13,15,20,1780,1315
"Kennedy Lake (Clay)",40,"49° 08' N","125° 35' W",13,20,30,1705,1100
"Kennedy Lake (Clay)",40,"49° 08' N","125° 35' W",13,30,40,1635,980
"Kennedy Lake (Clay)",40,"49° 08' N","125° 35' W",13,40,50,1610,890
"Kennedy Lake (Clay)",40,"49° 08' N","125° 35' W",13,50,60,1585,820
"Kennedy Lake (Clay)",40,"49° 08' N","125° 35' W",13,60,70,1565,739
"Kennedy Lake (Clay)",40,"49° 08' N","125° 35' W",14,2,5,1610,1480
"Kennedy Lake (Clay)",40,"49° 08' N","125° 35' W",14,3,5,1610,1480
"Kennedy Lake (Clay)",40,"49° 08' N","125° 35' W",14,5,10,1580,1433
"Kennedy Lake (Clay)",40,"49° 08' N","125° 35' W",14,10,15,1550,1385
"Kennedy Lake (Clay)",40,"49° 08' N","125° 35' W",14,15,20,1520,1315
"Kennedy Lake (Clay)",40,"49° 08' N","125° 35' W",14,20,30,1470,1100
"Kennedy Lake (Clay)",40,"49° 08' N","125° 35' W",14,30,40,1390,980
"Kennedy Lake (Clay)",40,"49° 08' N","125° 35' W",14,40,50,1375,890
"Kennedy Lake (Clay)",40,"49° 08' N","125° 35' W",14,50,60,1335,820
"Kennedy Lake (Clay)",40,"49° 08' N","125° 35' W",14,60,70,1280,739
"Kennedy Lake (Clay)",40,"49° 08' N","125° 35' W",15,2,5,695,1480
"Kennedy Lake (Clay)",40,"49° 08' N","125° 35' W",15,3,5,695,1480
"Kennedy Lake (Clay)",40,"49° 08' N","125° 35' W",15,5,10,680,1433
"Kennedy Lake (Clay)",40,"49° 08' N","125° 35' W",15,10,15,665,1385
"Kennedy Lake (Clay)",40,"49° 08' N","125° 35' W",15,15,20,650,1315
"Kennedy Lake (Clay)",40,"49° 08' N","125° 35' W",15,20,30,625,1100
"Kennedy Lake (Clay)",40,"49° 08' N","125° 35' W",15,30,40,575,980
"Kennedy Lake (Clay)",40,"49° 08' N","125° 35' W",15,40,50,515,890
"Kennedy Lake (Clay)",40,"49° 08' N","125° 35' W",15,50,60,445,820
"Kennedy Lake (Clay)",40,"49° 08' N","125° 35' W",15,60,70,290,739
"Kennedy Lake (Clay)",40,"49° 08' N","125° 35' W",16,2,5,880,1480
"Kennedy Lake (Clay)",40,"49° 08' N","125° 35' W",16,3,5,880,1480
"Kennedy Lake (Clay)",40,"49° 08' N","125° 35' W",16,5,10,855,1433
"Kennedy Lake (Clay)",40,"49° 08' N","125° 35' W",16,10,15,830,1385
"Kennedy Lake (Clay)",40,"49° 08' N","125° 35' W",16,15,20,805,1315
"Kennedy Lake (Clay)",40,"49° 08' N","125° 35' W",16,20,30,775,1100
"Kennedy Lake (Clay)",40,"49° 08' N","125° 35' W",16,30,40,725,980
"Kennedy Lake (Clay)",40,"49° 08' N","125° 35' W",16,40,50,575,890
"Kennedy Lake (Clay)",40,"49° 08' N","125° 35' W",16,50,60,395,820
"Kennedy Lake (Clay)",40,"49° 08' N","125° 35' W",16,60,70,0,739
"Kennedy Lake (Main)",41,"49° 04' N","125° 34' W",1,2,5,1665,3450
"Kennedy Lake (Main)",41,"49° 04' N","125° 34' W",1,3,5,1665,3450
"Kennedy Lake (Main)",41,"49° 04' N","125° 34' W",1,5,10,1645,3130
"Kennedy Lake (Main)",41,"49° 04' N","125° 34' W",1,10,15,1625,2810
"Kennedy Lake (Main)",41,"49° 04' N","125° 34' W",1,15,20,1605,2530
"Kennedy Lake (Main)",41,"49° 04' N","125° 34' W",1,20,30,1570,1885
"Kennedy Lake (Main)",41,"49° 04' N","125° 34' W",1,30,40,1530,1420
"Kennedy Lake (Main)",41,"49° 04' N","125° 34' W",1,40,50,1460,945
"Kennedy Lake (Main)",41,"49° 04' N","125° 34' W",1,50,60,1400,715
"Kennedy Lake (Main)",41,"49° 04' N","125° 34' W",1,60,70,1370,210
"Kennedy Lake (Main)",41,"49° 04' N","125° 34' W",2,2,5,1930,3450
"Kennedy Lake (Main)",41,"49° 04' N","125° 34' W",2,3,5,1930,3450
"Kennedy Lake (Main)",41,"49° 04' N","125° 34' W",2,5,10,1905,3130
"Kennedy Lake (Main)",41,"49° 04' N","125° 34' W",2,10,15,1865,2810
"Kennedy Lake (Main)",41,"49° 04' N","125° 34' W",2,15,20,1820,2530
"Kennedy Lake (Main)",41,"49° 04' N","125° 34' W",2,20,30,1615,1885
"Kennedy Lake (Main)",41,"49° 04' N","125° 34' W",2,30,40,1355,1420
"Kennedy Lake (Main)",41,"49° 04' N","125° 34' W",2,40,50,1220,945
"Kennedy Lake (Main)",41,"49° 04' N","125° 34' W",2,50,60,1030,715
"Kennedy Lake (Main)",41,"49° 04' N","125° 34' W",2,60,70,995,210
"Kennedy Lake (Main)",41,"49° 04' N","125° 34' W",3,2,5,2285,3450
"Kennedy Lake (Main)",41,"49° 04' N","125° 34' W",3,3,5,2285,3450
"Kennedy Lake (Main)",41,"49° 04' N","125° 34' W",3,5,10,2260,3130
"Kennedy Lake (Main)",41,"49° 04' N","125° 34' W",3,10,15,2225,2810
"Kennedy Lake (Main)",41,"49° 04' N","125° 34' W",3,15,20,2200,2530
"Kennedy Lake (Main)",41,"49° 04' N","125° 34' W",3,20,30,2145,1885
"Kennedy Lake (Main)",41,"49° 04' N","125° 34' W",3,30,40,2075,1420
"Kennedy Lake (Main)",41,"49° 04' N","125° 34' W",3,40,50,1855,945
"Kennedy Lake (Main)",41,"49° 04' N","125° 34' W",3,50,60,1605,715
"Kennedy Lake (Main)",41,"49° 04' N","125° 34' W",3,60,70,1330,210
"Kennedy Lake (Main)",41,"49° 04' N","125° 34' W",4,2,5,1830,3450
"Kennedy Lake (Main)",41,"49° 04' N","125° 34' W",4,3,5,1830,3450
"Kennedy Lake (Main)",41,"49° 04' N","125° 34' W",4,5,10,1790,3130
"Kennedy Lake (Main)",41,"49° 04' N","125° 34' W",4,10,15,1745,2810
"Kennedy Lake (Main)",41,"49° 04' N","125° 34' W",4,15,20,1705,2530
"Kennedy Lake (Main)",41,"49° 04' N","125° 34' W",4,20,30,1615,1885
"Kennedy Lake (Main)",41,"49° 04' N","125° 34' W",4,30,40,1470,1420
"Kennedy Lake (Main)",41,"49° 04' N","125° 34' W",4,40,50,1175,945
"Kennedy Lake (Main)",41,"49° 04' N","125° 34' W",4,50,60,785,715
"Kennedy Lake (Main)",41,"49° 04' N","125° 34' W",4,60,70,0,210
"Kennedy Lake (Main)",41,"49° 04' N","125° 34' W",5,2,5,1975,3450
"Kennedy Lake (Main)",41,"49° 04' N","125° 34' W",5,3,5,1975,3450
"Kennedy Lake (Main)",41,"49° 04' N","125° 34' W",5,5,10,1885,3130
"Kennedy Lake (Main)",41,"49° 04' N","125° 34' W",5,10,15,1785,2810
"Kennedy Lake (Main)",41,"49° 04' N","125° 34' W",5,15,20,1690,2530
"Kennedy Lake (Main)",41,"49° 04' N","125° 34' W",5,20,30,1545,1885
"Kennedy Lake (Main)",41,"49° 04' N","125° 34' W",5,30,40,720,1420
"Kennedy Lake (Main)",41,"49° 04' N","125° 34' W",5,40,50,65,945
"Kennedy Lake (Main)",41,"49° 04' N","125° 34' W",5,50,60,0,715
"Kennedy Lake (Main)",41,"49° 04' N","125° 34' W",5,60,70,0,210
"Kennedy Lake (Main)",41,"49° 04' N","125° 34' W",6,2,5,3680,3450
"Kennedy Lake (Main)",41,"49° 04' N","125° 34' W",6,3,5,3680,3450
"Kennedy Lake (Main)",41,"49° 04' N","125° 34' W",6,5,10,3225,3130
"Kennedy Lake (Main)",41,"49° 04' N","125° 34' W",6,10,15,2365,2810
"Kennedy Lake (Main)",41,"49° 04' N","125° 34' W",6,15,20,1810,2530
"Kennedy Lake (Main)",41,"49° 04' N","125° 34' W",6,20,30,873,1885
"Kennedy Lake (Main)",41,"49° 04' N","125° 34' W",6,30,40,220,1420
"Kennedy Lake (Main)",41,"49° 04' N","125° 34' W",6,40,50,0,945
"Kennedy Lake (Main)",41,"49° 04' N","125° 34' W",6,50,60,0,715
"Kennedy Lake (Main)",41,"49° 04' N","125° 34' W",6,60,70,0,210
"Kennedy Lake (Main)",41,"49° 04' N","125° 34' W",7,2,5,2330,3450
"Kennedy Lake (Main)",41,"49° 04' N","125° 34' W",7,3,5,2330,3450
"Kennedy Lake (Main)",41,"49° 04' N","125° 34' W",7,5,10,2055,3130
"Kennedy Lake (Main)",41,"49° 04' N","125° 34' W",7,10,15,1755,2810
"Kennedy Lake (Main)",41,"49° 04' N","125° 34' W",7,15,20,1325,2530
"Kennedy Lake (Main)",41,"49° 04' N","125° 34' W",7,20,30,505,1885
"Kennedy Lake (Main)",41,"49° 04' N","125° 34' W",7,30,40,0,1420
"Kennedy Lake (Main)",41,"49° 04' N","125° 34' W",7,40,50,0,945
"Kennedy Lake (Main)",41,"49° 04' N","125° 34' W",7,50,60,0,715
"Kennedy Lake (Main)",41,"49° 04' N","125° 34' W",7,60,70,0,210
"Kennedy Lake (Main)",41,"49° 04' N","125° 34' W",8,2,5,2330,3450
"Kennedy Lake (Main)",41,"49° 04' N","125° 34' W",8,3,5,2330,3450
"Kennedy Lake (Main)",41,"49° 04' N","125° 34' W",8,5,10,2055,3130
"Kennedy Lake (Main)",41,"49° 04' N","125° 34' W",8,10,15,1755,2810
"Kennedy Lake (Main)",41,"49° 04' N","125° 34' W",8,15,20,1325,2530
"Kennedy Lake (Main)",41,"49° 04' N","125° 34' W",8,20,30,505,1885
"Kennedy Lake (Main)",41,"49° 04' N","125° 34' W",8,30,40,0,1420
"Kennedy Lake (Main)",41,"49° 04' N","125° 34' W",8,40,50,0,945
"Kennedy Lake (Main)",41,"49° 04' N","125° 34' W",8,50,60,0,715
"Kennedy Lake (Main)",41,"49° 04' N","125° 34' W",8,60,70,0,210
"Kennedy Lake (Main)",41,"49° 04' N","125° 34' W",9,2,5,3585,3450
"Kennedy Lake (Main)",41,"49° 04' N","125° 34' W",9,3,5,3585,3450
"Kennedy Lake (Main)",41,"49° 04' N","125° 34' W",9,5,10,3185,3130
"Kennedy Lake (Main)",41,"49° 04' N","125° 34' W",9,10,15,2635,2810
"Kennedy Lake (Main)",41,"49° 04' N","125° 34' W",9,15,20,2305,2530
"Kennedy Lake (Main)",41,"49° 04' N","125° 34' W",9,20,30,1795,1885
"Kennedy Lake (Main)",41,"49° 04' N","125° 34' W",9,30,40,640,1420
"Kennedy Lake (Main)",41,"49° 04' N","125° 34' W",9,40,50,0,945
"Kennedy Lake (Main)",41,"49° 04' N","125° 34' W",9,50,60,0,715
"Kennedy Lake (Main)",41,"49° 04' N","125° 34' W",9,60,70,0,210
"Kennedy Lake (Main)",41,"49° 04' N","125° 34' W",10,2,5,1975,3450
"Kennedy Lake (Main)",41,"49° 04' N","125° 34' W",10,3,5,1975,3450
"Kennedy Lake (Main)",41,"49° 04' N","125° 34' W",10,5,10,1885,3130
"Kennedy Lake (Main)",41,"49° 04' N","125° 34' W",10,10,15,1785,2810
"Kennedy Lake (Main)",41,"49° 04' N","125° 34' W",10,15,20,1690,2530
"Kennedy Lake (Main)",41,"49° 04' N","125° 34' W",10,20,30,1545,1885
"Kennedy Lake (Main)",41,"49° 04' N","125° 34' W",10,30,40,720,1420
"Kennedy Lake (Main)",41,"49° 04' N","125° 34' W",10,40,50,65,945
"Kennedy Lake (Main)",41,"49° 04' N","125° 34' W",10,50,60,0,715
"Kennedy Lake (Main)",41,"49° 04' N","125° 34' W",10,60,70,0,210
"Kennedy Lake (Main)",41,"49° 04' N","125° 34' W",11,2,5,1830,3450
"Kennedy Lake (Main)",41,"49° 04' N","125° 34' W",11,3,5,1830,3450
"Kennedy Lake (Main)",41,"49° 04' N","125° 34' W",11,5,10,1790,3130
"Kennedy Lake (Main)",41,"49° 04' N","125° 34' W",11,10,15,1745,2810
"Kennedy Lake (Main)",41,"49° 04' N","125° 34' W",11,15,20,1705,2530
"Kennedy Lake (Main)",41,"49° 04' N","125° 34' W",11,20,30,1615,1885
"Kennedy Lake (Main)",41,"49° 04' N","125° 34' W",11,30,40,1470,1420
"Kennedy Lake (Main)",41,"49° 04' N","125° 34' W",11,40,50,1175,945
"Kennedy Lake (Main)",41,"49° 04' N","125° 34' W",11,50,60,785,715
"Kennedy Lake (Main)",41,"49° 04' N","125° 34' W",11,60,70,0,210
"Kennedy Lake (Main)",41,"49° 04' N","125° 34' W",12,2,5,1755,3450
"Kennedy Lake (Main)",41,"49° 04' N","125° 34' W",12,3,5,1755,3450
"Kennedy Lake (Main)",41,"49° 04' N","125° 34' W",12,5,10,1730,3130
"Kennedy Lake (Main)",41,"49° 04' N","125° 34' W",12,10,15,1705,2810
"Kennedy Lake (Main)",41,"49° 04' N","125° 34' W",12,15,20,1680,2530
"Kennedy Lake (Main)",41,"49° 04' N","125° 34' W",12,20,30,1630,1885
"Kennedy Lake (Main)",41,"49° 04' N","125° 34' W",12,30,40,1530,1420
"Kennedy Lake (Main)",41,"49° 04' N","125° 34' W",12,40,50,1285,945
"Kennedy Lake (Main)",41,"49° 04' N","125° 34' W",12,50,60,1145,715
"Kennedy Lake (Main)",41,"49° 04' N","125° 34' W",12,60,70,1090,210
"Kennedy Lake (Main)",41,"49° 04' N","125° 34' W",13,2,5,1930,3450
"Kennedy Lake (Main)",41,"49° 04' N","125° 34' W",13,3,5,1930,3450
"Kennedy Lake (Main)",41,"49° 04' N","125° 34' W",13,5,10,1905,3130
"Kennedy Lake (Main)",41,"49° 04' N","125° 34' W",13,10,15,1865,2810
"Kennedy Lake (Main)",41,"49° 04' N","125° 34' W",13,15,20,1820,2530
"Kennedy Lake (Main)",41,"49° 04' N","125° 34' W",13,20,30,1615,1885
"Kennedy Lake (Main)",41,"49° 04' N","125° 34' W",13,30,40,1355,1420
"Kennedy Lake (Main)",41,"49° 04' N","125° 34' W",13,40,50,1220,945
"Kennedy Lake (Main)",41,"49° 04' N","125° 34' W",13,50,60,1030,715
"Kennedy Lake (Main)",41,"49° 04' N","125° 34' W",13,60,70,995,210
"Kennedy Lake (Main)",41,"49° 04' N","125° 34' W",14,2,5,1015,3450
"Kennedy Lake (Main)",41,"49° 04' N","125° 34' W",14,3,5,1015,3450
"Kennedy Lake (Main)",41,"49° 04' N","125° 34' W",14,5,10,1000,3130
"Kennedy Lake (Main)",41,"49° 04' N","125° 34' W",14,10,15,985,2810
"Kennedy Lake (Main)",41,"49° 04' N","125° 34' W",14,15,20,965,2530
"Kennedy Lake (Main)",41,"49° 04' N","125° 34' W",14,20,30,940,1885
"Kennedy Lake (Main)",41,"49° 04' N","125° 34' W",14,30,40,910,1420
"Kennedy Lake (Main)",41,"49° 04' N","125° 34' W",14,40,50,865,945
"Kennedy Lake (Main)",41,"49° 04' N","125° 34' W",14,50,60,810,715
"Kennedy Lake (Main)",41,"49° 04' N","125° 34' W",14,60,70,720,210
"Kennedy Lake (Main)",41,"49° 04' N","125° 34' W",15,2,5,1900,3450
"Kennedy Lake (Main)",41,"49° 04' N","125° 34' W",15,3,5,1900,3450
"Kennedy Lake (Main)",41,"49° 04' N","125° 34' W",15,5,10,1870,3130
"Kennedy Lake (Main)",41,"49° 04' N","125° 34' W",15,10,15,1840,2810
"Kennedy Lake (Main)",41,"49° 04' N","125° 34' W",15,15,20,1805,2530
"Kennedy Lake (Main)",41,"49° 04' N","125° 34' W",15,20,30,1765,1885
"Kennedy Lake (Main)",41,"49° 04' N","125° 34' W",15,30,40,1695,1420
"Kennedy Lake (Main)",41,"49° 04' N","125° 34' W",15,40,50,1640,945
"Kennedy Lake (Main)",41,"49° 04' N","125° 34' W",15,50,60,1525,715
"Kennedy Lake (Main)",41,"49° 04' N","125° 34' W",15,60,70,1400,210
"Khtada Lake",236,NA,NA,1,2,5,427,584
"Khtada Lake",236,NA,NA,1,3,5,427,584
"Khtada Lake",236,NA,NA,1,5,10,410,570
"Khtada Lake",236,NA,NA,1,10,15,387,550
"Khtada Lake",236,NA,NA,1,15,20,367,535
"Khtada Lake",236,NA,NA,1,20,30,316,506
"Khtada Lake",236,NA,NA,1,30,40,207,463
"Khtada Lake",236,NA,NA,1,40,50,0,414
"Khtada Lake",236,NA,NA,1,50,60,0,360
"Khtada Lake",236,NA,NA,1,60,70,0,305
"Khtada Lake",236,NA,NA,1,70,80,0,249
"Khtada Lake",236,NA,NA,1,80,90,0,201
"Khtada Lake",236,NA,NA,1,90,100,0,162
"Khtada Lake",236,NA,NA,2,2,5,439,584
"Khtada Lake",236,NA,NA,2,3,5,439,584
"Khtada Lake",236,NA,NA,2,5,10,422,570
"Khtada Lake",236,NA,NA,2,10,15,390,550
"Khtada Lake",236,NA,NA,2,15,20,366,535
"Khtada Lake",236,NA,NA,2,20,30,306,506
"Khtada Lake",236,NA,NA,2,30,40,240,463
"Khtada Lake",236,NA,NA,2,40,50,156,414
"Khtada Lake",236,NA,NA,2,50,60,0,360
"Khtada Lake",236,NA,NA,2,60,70,0,305
"Khtada Lake",236,NA,NA,2,70,80,0,249
"Khtada Lake",236,NA,NA,2,80,90,0,201
"Khtada Lake",236,NA,NA,2,90,100,0,162
"Khtada Lake",236,NA,NA,3,2,5,892,584
"Khtada Lake",236,NA,NA,3,3,5,892,584
"Khtada Lake",236,NA,NA,3,5,10,867,570
"Khtada Lake",236,NA,NA,3,10,15,850,550
"Khtada Lake",236,NA,NA,3,15,20,829,535
"Khtada Lake",236,NA,NA,3,20,30,787,506
"Khtada Lake",236,NA,NA,3,30,40,744,463
"Khtada Lake",236,NA,NA,3,40,50,696,414
"Khtada Lake",236,NA,NA,3,50,60,636,360
"Khtada Lake",236,NA,NA,3,60,70,0,305
"Khtada Lake",236,NA,NA,3,70,80,0,249
"Khtada Lake",236,NA,NA,3,80,90,0,201
"Khtada Lake",236,NA,NA,3,90,100,0,162
"Khtada Lake",236,NA,NA,4,2,5,733,584
"Khtada Lake",236,NA,NA,4,3,5,733,584
"Khtada Lake",236,NA,NA,4,5,10,714,570
"Khtada Lake",236,NA,NA,4,10,15,692,550
"Khtada Lake",236,NA,NA,4,15,20,671,535
"Khtada Lake",236,NA,NA,4,20,30,635,506
"Khtada Lake",236,NA,NA,4,30,40,597,463
"Khtada Lake",236,NA,NA,4,40,50,552,414
"Khtada Lake",236,NA,NA,4,50,60,509,360
"Khtada Lake",236,NA,NA,4,60,70,0,305
"Khtada Lake",236,NA,NA,4,70,80,0,249
"Khtada Lake",236,NA,NA,4,80,90,0,201
"Khtada Lake",236,NA,NA,4,90,100,0,162
"Khtada Lake",236,NA,NA,5,2,5,856,584
"Khtada Lake",236,NA,NA,5,3,5,856,584
"Khtada Lake",236,NA,NA,5,5,10,834,570
"Khtada Lake",236,NA,NA,5,10,15,815,550
"Khtada Lake",236,NA,NA,5,15,20,793,535
"Khtada Lake",236,NA,NA,5,20,30,755,506
"Khtada Lake",236,NA,NA,5,30,40,709,463
"Khtada Lake",236,NA,NA,5,40,50,630,414
"Khtada Lake",236,NA,NA,5,50,60,457,360
"Khtada Lake",236,NA,NA,5,60,70,0,305
"Khtada Lake",236,NA,NA,5,70,80,0,249
"Khtada Lake",236,NA,NA,5,80,90,0,201
"Khtada Lake",236,NA,NA,5,90,100,0,162
"Khtada Lake",236,NA,NA,6,2,5,318,584
"Khtada Lake",236,NA,NA,6,3,5,318,584
"Khtada Lake",236,NA,NA,6,5,10,292,570
"Khtada Lake",236,NA,NA,6,10,15,274,550
"Khtada Lake",236,NA,NA,6,15,20,257,535
"Khtada Lake",236,NA,NA,6,20,30,223,506
"Khtada Lake",236,NA,NA,6,30,40,186,463
"Khtada Lake",236,NA,NA,6,40,50,157,414
"Khtada Lake",236,NA,NA,6,50,60,132,360
"Khtada Lake",236,NA,NA,6,60,70,0,305
"Khtada Lake",236,NA,NA,6,70,80,0,249
"Khtada Lake",236,NA,NA,6,80,90,0,201
"Khtada Lake",236,NA,NA,6,90,100,0,162
"Khtada Lake",236,NA,NA,7,2,5,131,584
"Khtada Lake",236,NA,NA,7,3,5,131,584
"Khtada Lake",236,NA,NA,7,5,10,126,570
"Khtada Lake",236,NA,NA,7,10,15,121,550
"Khtada Lake",236,NA,NA,7,15,20,115,535
"Khtada Lake",236,NA,NA,7,20,30,106,506
"Khtada Lake",236,NA,NA,7,30,40,96,463
"Khtada Lake",236,NA,NA,7,40,50,84,414
"Khtada Lake",236,NA,NA,7,50,60,74,360
"Khtada Lake",236,NA,NA,7,60,70,63,305
"Khtada Lake",236,NA,NA,7,70,80,37,249
"Khtada Lake",236,NA,NA,7,80,90,26,201
"Khtada Lake",236,NA,NA,7,90,100,0,162
"Khtada Lake",236,NA,NA,8,2,5,372,584
"Khtada Lake",236,NA,NA,8,3,5,372,584
"Khtada Lake",236,NA,NA,8,5,10,355,570
"Khtada Lake",236,NA,NA,8,10,15,345,550
"Khtada Lake",236,NA,NA,8,15,20,334,535
"Khtada Lake",236,NA,NA,8,20,30,314,506
"Khtada Lake",236,NA,NA,8,30,40,295,463
"Khtada Lake",236,NA,NA,8,40,50,277,414
"Khtada Lake",236,NA,NA,8,50,60,260,360
"Khtada Lake",236,NA,NA,8,60,70,241,305
"Khtada Lake",236,NA,NA,8,70,80,206,249
"Khtada Lake",236,NA,NA,8,80,90,190,201
"Khtada Lake",236,NA,NA,8,90,100,174,162
"Khtada Lake",236,NA,NA,9,2,5,307,584
"Khtada Lake",236,NA,NA,9,3,5,307,584
"Khtada Lake",236,NA,NA,9,5,10,299,570
"Khtada Lake",236,NA,NA,9,10,15,292,550
"Khtada Lake",236,NA,NA,9,15,20,282,535
"Khtada Lake",236,NA,NA,9,20,30,263,506
"Khtada Lake",236,NA,NA,9,30,40,239,463
"Khtada Lake",236,NA,NA,9,40,50,216,414
"Khtada Lake",236,NA,NA,9,50,60,198,360
"Khtada Lake",236,NA,NA,9,60,70,179,305
"Khtada Lake",236,NA,NA,9,70,80,145,249
"Khtada Lake",236,NA,NA,9,80,90,128,201
"Khtada Lake",236,NA,NA,9,90,100,111,162
"Khtada Lake",236,NA,NA,10,2,5,401,584
"Khtada Lake",236,NA,NA,10,3,5,401,584
"Khtada Lake",236,NA,NA,10,5,10,389,570
"Khtada Lake",236,NA,NA,10,10,15,379,550
"Khtada Lake",236,NA,NA,10,15,20,369,535
"Khtada Lake",236,NA,NA,10,20,30,337,506
"Khtada Lake",236,NA,NA,10,30,40,313,463
"Khtada Lake",236,NA,NA,10,40,50,289,414
"Khtada Lake",236,NA,NA,10,50,60,274,360
"Khtada Lake",236,NA,NA,10,60,70,264,305
"Khtada Lake",236,NA,NA,10,70,80,251,249
"Khtada Lake",236,NA,NA,10,80,90,242,201
"Khtada Lake",236,NA,NA,10,90,100,231,162
"Khtada Lake",236,NA,NA,11,2,5,207,584
"Khtada Lake",236,NA,NA,11,3,5,207,584
"Khtada Lake",236,NA,NA,11,5,10,202,570
"Khtada Lake",236,NA,NA,11,10,15,197,550
"Khtada Lake",236,NA,NA,11,15,20,190,535
"Khtada Lake",236,NA,NA,11,20,30,180,506
"Khtada Lake",236,NA,NA,11,30,40,169,463
"Khtada Lake",236,NA,NA,11,40,50,158,414
"Khtada Lake",236,NA,NA,11,50,60,149,360
"Khtada Lake",236,NA,NA,11,60,70,142,305
"Khtada Lake",236,NA,NA,11,70,80,134,249
"Khtada Lake",236,NA,NA,11,80,90,126,201
"Khtada Lake",236,NA,NA,11,90,100,120,162
"Khtada Lake",236,NA,NA,12,2,5,430,584
"Khtada Lake",236,NA,NA,12,3,5,430,584
"Khtada Lake",236,NA,NA,12,5,10,421,570
"Khtada Lake",236,NA,NA,12,10,15,413,550
"Khtada Lake",236,NA,NA,12,15,20,406,535
"Khtada Lake",236,NA,NA,12,20,30,394,506
"Khtada Lake",236,NA,NA,12,30,40,380,463
"Khtada Lake",236,NA,NA,12,40,50,363,414
"Khtada Lake",236,NA,NA,12,50,60,348,360
"Khtada Lake",236,NA,NA,12,60,70,346,305
"Khtada Lake",236,NA,NA,12,70,80,346,249
"Khtada Lake",236,NA,NA,12,80,90,343,201
"Khtada Lake",236,NA,NA,12,90,100,340,162
"Khtada Lake",236,NA,NA,13,2,5,659,584
"Khtada Lake",236,NA,NA,13,3,5,659,584
"Khtada Lake",236,NA,NA,13,5,10,650,570
"Khtada Lake",236,NA,NA,13,10,15,636,550
"Khtada Lake",236,NA,NA,13,15,20,625,535
"Khtada Lake",236,NA,NA,13,20,30,586,506
"Khtada Lake",236,NA,NA,13,30,40,683,463
"Khtada Lake",236,NA,NA,13,40,50,653,414
"Khtada Lake",236,NA,NA,13,50,60,620,360
"Khtada Lake",236,NA,NA,13,60,70,588,305
"Khtada Lake",236,NA,NA,13,70,80,547,249
"Khtada Lake",236,NA,NA,13,80,90,504,201
"Khtada Lake",236,NA,NA,13,90,100,459,162
"Khtada Lake",236,NA,NA,14,2,5,358,584
"Khtada Lake",236,NA,NA,14,3,5,358,584
"Khtada Lake",236,NA,NA,14,5,10,353,570
"Khtada Lake",236,NA,NA,14,10,15,345,550
"Khtada Lake",236,NA,NA,14,15,20,331,535
"Khtada Lake",236,NA,NA,14,20,30,304,506
"Khtada Lake",236,NA,NA,14,30,40,286,463
"Khtada Lake",236,NA,NA,14,40,50,260,414
"Khtada Lake",236,NA,NA,14,50,60,239,360
"Khtada Lake",236,NA,NA,14,60,70,207,305
"Khtada Lake",236,NA,NA,14,70,80,170,249
"Khtada Lake",236,NA,NA,14,80,90,138,201
"Khtada Lake",236,NA,NA,14,90,100,85,162
"Kingsalmon Lake",52,"58° 43' N","132° 55' W",1,2,5,610,204
"Kingsalmon Lake",52,"58° 43' N","132° 55' W",1,3,5,610,204
"Kingsalmon Lake",52,"58° 43' N","132° 55' W",1,5,10,560,166
"Kingsalmon Lake",52,"58° 43' N","132° 55' W",1,10,15,542,140
"Kingsalmon Lake",52,"58° 43' N","132° 55' W",1,15,20,514,119
"Kingsalmon Lake",52,"58° 43' N","132° 55' W",1,20,30,417,86
"Kingsalmon Lake",52,"58° 43' N","132° 55' W",1,30,40,143,35
"Kingsalmon Lake",52,"58° 43' N","132° 55' W",2,2,5,1010,204
"Kingsalmon Lake",52,"58° 43' N","132° 55' W",2,3,5,990,204
"Kingsalmon Lake",52,"58° 43' N","132° 55' W",2,5,10,959,166
"Kingsalmon Lake",52,"58° 43' N","132° 55' W",2,10,15,874,140
"Kingsalmon Lake",52,"58° 43' N","132° 55' W",2,15,20,710,119
"Kingsalmon Lake",52,"58° 43' N","132° 55' W",2,20,30,652,86
"Kingsalmon Lake",52,"58° 43' N","132° 55' W",2,30,40,409,35
"Kingsalmon Lake",52,"58° 43' N","132° 55' W",3,2,5,1000,204
"Kingsalmon Lake",52,"58° 43' N","132° 55' W",3,3,5,912,204
"Kingsalmon Lake",52,"58° 43' N","132° 55' W",3,5,10,881,166
"Kingsalmon Lake",52,"58° 43' N","132° 55' W",3,10,15,837,140
"Kingsalmon Lake",52,"58° 43' N","132° 55' W",3,15,20,571,119
"Kingsalmon Lake",52,"58° 43' N","132° 55' W",3,20,30,347,86
"Kingsalmon Lake",52,"58° 43' N","132° 55' W",3,30,40,0,35
"Kingsalmon Lake",52,"58° 43' N","132° 55' W",4,2,5,270,204
"Kingsalmon Lake",52,"58° 43' N","132° 55' W",4,3,5,257,204
"Kingsalmon Lake",52,"58° 43' N","132° 55' W",4,5,10,235,166
"Kingsalmon Lake",52,"58° 43' N","132° 55' W",4,10,15,192,140
"Kingsalmon Lake",52,"58° 43' N","132° 55' W",4,15,20,95,119
"Kingsalmon Lake",52,"58° 43' N","132° 55' W",4,20,30,0,86
"Kingsalmon Lake",52,"58° 43' N","132° 55' W",4,30,40,0,35
"Kingsalmon Lake",52,"58° 43' N","132° 55' W",5,2,5,430,204
"Kingsalmon Lake",52,"58° 43' N","132° 55' W",5,3,5,352,204
"Kingsalmon Lake",52,"58° 43' N","132° 55' W",5,5,10,343,166
"Kingsalmon Lake",52,"58° 43' N","132° 55' W",5,10,15,314,140
"Kingsalmon Lake",52,"58° 43' N","132° 55' W",5,15,20,263,119
"Kingsalmon Lake",52,"58° 43' N","132° 55' W",5,20,30,200,86
"Kingsalmon Lake",52,"58° 43' N","132° 55' W",5,30,40,134,35
"Kingsalmon Lake",52,"58° 43' N","132° 55' W",6,2,5,620,204
"Kingsalmon Lake",52,"58° 43' N","132° 55' W",6,3,5,575,204
"Kingsalmon Lake",52,"58° 43' N","132° 55' W",6,5,10,533,166
"Kingsalmon Lake",52,"58° 43' N","132° 55' W",6,10,15,490,140
"Kingsalmon Lake",52,"58° 43' N","132° 55' W",6,15,20,451,119
"Kingsalmon Lake",52,"58° 43' N","132° 55' W",6,20,30,406,86
"Kingsalmon Lake",52,"58° 43' N","132° 55' W",6,30,40,254,35
"Kingsalmon Lake",52,"58° 43' N","132° 55' W",7,2,5,520,204
"Kingsalmon Lake",52,"58° 43' N","132° 55' W",7,3,5,486,204
"Kingsalmon Lake",52,"58° 43' N","132° 55' W",7,5,10,465,166
"Kingsalmon Lake",52,"58° 43' N","132° 55' W",7,10,15,412,140
"Kingsalmon Lake",52,"58° 43' N","132° 55' W",7,15,20,378,119
"Kingsalmon Lake",52,"58° 43' N","132° 55' W",7,20,30,329,86
"Kingsalmon Lake",52,"58° 43' N","132° 55' W",7,30,40,200,35
"Kingsalmon Lake",52,"58° 43' N","132° 55' W",8,2,5,420,204
"Kingsalmon Lake",52,"58° 43' N","132° 55' W",8,3,5,409,204
"Kingsalmon Lake",52,"58° 43' N","132° 55' W",8,5,10,376,166
"Kingsalmon Lake",52,"58° 43' N","132° 55' W",8,10,15,321,140
"Kingsalmon Lake",52,"58° 43' N","132° 55' W",8,15,20,302,119
"Kingsalmon Lake",52,"58° 43' N","132° 55' W",8,20,30,242,86
"Kingsalmon Lake",52,"58° 43' N","132° 55' W",8,30,40,137,35
"Kitlope Lake",17,"53° 07' N","127° 13' W",1,2,5,645,1058
"Kitlope Lake",17,"53° 07' N","127° 13' W",1,3,5,645,1058
"Kitlope Lake",17,"53° 07' N","127° 13' W",1,5,10,601,930
"Kitlope Lake",17,"53° 07' N","127° 13' W",1,10,15,518,889
"Kitlope Lake",17,"53° 07' N","127° 13' W",1,15,20,441,841
"Kitlope Lake",17,"53° 07' N","127° 13' W",1,20,30,350,744
"Kitlope Lake",17,"53° 07' N","127° 13' W",1,30,40,221,655
"Kitlope Lake",17,"53° 07' N","127° 13' W",1,40,50,0,628
"Kitlope Lake",17,"53° 07' N","127° 13' W",1,50,60,0,577
"Kitlope Lake",17,"53° 07' N","127° 13' W",1,60,70,0,510
"Kitlope Lake",17,"53° 07' N","127° 13' W",2,2,5,1281,1058
"Kitlope Lake",17,"53° 07' N","127° 13' W",2,3,5,1281,1058
"Kitlope Lake",17,"53° 07' N","127° 13' W",2,5,10,1278,930
"Kitlope Lake",17,"53° 07' N","127° 13' W",2,10,15,1263,889
"Kitlope Lake",17,"53° 07' N","127° 13' W",2,15,20,1246,841
"Kitlope Lake",17,"53° 07' N","127° 13' W",2,20,30,1217,744
"Kitlope Lake",17,"53° 07' N","127° 13' W",2,30,40,1182,655
"Kitlope Lake",17,"53° 07' N","127° 13' W",2,40,50,1141,628
"Kitlope Lake",17,"53° 07' N","127° 13' W",2,50,60,1100,577
"Kitlope Lake",17,"53° 07' N","127° 13' W",2,60,70,1054,510
"Kitlope Lake",17,"53° 07' N","127° 13' W",3,2,5,1140,1058
"Kitlope Lake",17,"53° 07' N","127° 13' W",3,3,5,1140,1058
"Kitlope Lake",17,"53° 07' N","127° 13' W",3,5,10,1134,930
"Kitlope Lake",17,"53° 07' N","127° 13' W",3,10,15,1122,889
"Kitlope Lake",17,"53° 07' N","127° 13' W",3,15,20,1115,841
"Kitlope Lake",17,"53° 07' N","127° 13' W",3,20,30,1097,744
"Kitlope Lake",17,"53° 07' N","127° 13' W",3,30,40,1073,655
"Kitlope Lake",17,"53° 07' N","127° 13' W",3,40,50,1042,628
"Kitlope Lake",17,"53° 07' N","127° 13' W",3,50,60,1017,577
"Kitlope Lake",17,"53° 07' N","127° 13' W",3,60,70,981,510
"Kitlope Lake",17,"53° 07' N","127° 13' W",4,2,5,912,1058
"Kitlope Lake",17,"53° 07' N","127° 13' W",4,3,5,912,1058
"Kitlope Lake",17,"53° 07' N","127° 13' W",4,5,10,895,930
"Kitlope Lake",17,"53° 07' N","127° 13' W",4,10,15,879,889
"Kitlope Lake",17,"53° 07' N","127° 13' W",4,15,20,845,841
"Kitlope Lake",17,"53° 07' N","127° 13' W",4,20,30,812,744
"Kitlope Lake",17,"53° 07' N","127° 13' W",4,30,40,754,655
"Kitlope Lake",17,"53° 07' N","127° 13' W",4,40,50,688,628
"Kitlope Lake",17,"53° 07' N","127° 13' W",4,50,60,580,577
"Kitlope Lake",17,"53° 07' N","127° 13' W",4,60,70,0,510
"Kitwanga Lake",227,"55° 05' N","128° 03' W",1,2,5,1201,641
"Kitwanga Lake",227,"55° 05' N","128° 03' W",1,3,5,1201,641
"Kitwanga Lake",227,"55° 05' N","128° 03' W",1,5,10,0,356
"Kitwanga Lake",227,"55° 05' N","128° 03' W",1,10,15,0,70
"Kitwanga Lake",227,"55° 05' N","128° 03' W",2,2,5,1719,641
"Kitwanga Lake",227,"55° 05' N","128° 03' W",2,3,5,1719,641
"Kitwanga Lake",227,"55° 05' N","128° 03' W",2,5,10,730,356
"Kitwanga Lake",227,"55° 05' N","128° 03' W",2,10,15,0,70
"Kitwanga Lake",227,"55° 05' N","128° 03' W",3,2,5,742,641
"Kitwanga Lake",227,"55° 05' N","128° 03' W",3,3,5,742,641
"Kitwanga Lake",227,"55° 05' N","128° 03' W",3,5,10,563,356
"Kitwanga Lake",227,"55° 05' N","128° 03' W",3,10,15,0,70
"Kitwanga Lake",227,"55° 05' N","128° 03' W",4,2,5,345,641
"Kitwanga Lake",227,"55° 05' N","128° 03' W",4,3,5,345,641
"Kitwanga Lake",227,"55° 05' N","128° 03' W",4,5,10,133,356
"Kitwanga Lake",227,"55° 05' N","128° 03' W",4,10,15,0,70
"Kitwanga Lake",227,"55° 05' N","128° 03' W",5,2,5,622,641
"Kitwanga Lake",227,"55° 05' N","128° 03' W",5,3,5,622,641
"Kitwanga Lake",227,"55° 05' N","128° 03' W",5,5,10,610,356
"Kitwanga Lake",227,"55° 05' N","128° 03' W",5,10,15,298,70
"Kitwanga Lake",227,"55° 05' N","128° 03' W",6,2,5,446,641
"Kitwanga Lake",227,"55° 05' N","128° 03' W",6,3,5,446,641
"Kitwanga Lake",227,"55° 05' N","128° 03' W",6,5,10,415,356
"Kitwanga Lake",227,"55° 05' N","128° 03' W",6,10,15,415,70
"Klukshu Lake",53,"60° 20' N","137° 00' W",1,2,5,345,113
"Klukshu Lake",53,"60° 20' N","137° 00' W",1,3,5,345,113
"Klukshu Lake",53,"60° 20' N","137° 00' W",1,5,10,306,81
"Klukshu Lake",53,"60° 20' N","137° 00' W",1,10,15,78,60
"Klukshu Lake",53,"60° 20' N","137° 00' W",1,15,20,0,43
"Klukshu Lake",53,"60° 20' N","137° 00' W",1,20,30,0,27
"Klukshu Lake",53,"60° 20' N","137° 00' W",2,2,5,305,113
"Klukshu Lake",53,"60° 20' N","137° 00' W",2,3,5,305,113
"Klukshu Lake",53,"60° 20' N","137° 00' W",2,5,10,281,81
"Klukshu Lake",53,"60° 20' N","137° 00' W",2,10,15,263,60
"Klukshu Lake",53,"60° 20' N","137° 00' W",2,15,20,278,43
"Klukshu Lake",53,"60° 20' N","137° 00' W",2,20,30,201,27
"Klukshu Lake",53,"60° 20' N","137° 00' W",3,2,5,195,113
"Klukshu Lake",53,"60° 20' N","137° 00' W",3,3,5,195,113
"Klukshu Lake",53,"60° 20' N","137° 00' W",3,5,10,178,81
"Klukshu Lake",53,"60° 20' N","137° 00' W",3,10,15,158,60
"Klukshu Lake",53,"60° 20' N","137° 00' W",3,15,20,138,43
"Klukshu Lake",53,"60° 20' N","137° 00' W",3,20,30,120,27
"Klukshu Lake",53,"60° 20' N","137° 00' W",4,2,5,404,113
"Klukshu Lake",53,"60° 20' N","137° 00' W",4,3,5,404,113
"Klukshu Lake",53,"60° 20' N","137° 00' W",4,5,10,347,81
"Klukshu Lake",53,"60° 20' N","137° 00' W",4,10,15,248,60
"Klukshu Lake",53,"60° 20' N","137° 00' W",4,15,20,166,43
"Klukshu Lake",53,"60° 20' N","137° 00' W",4,20,30,135,27
"Kwinageese Lake",213,"56° 03' N","128° 49' W",1,2,5,198,231
"Kwinageese Lake",213,"56° 03' N","128° 49' W",1,3,5,198,231
"Kwinageese Lake",213,"56° 03' N","128° 49' W",1,5,10,198,231
"Kwinageese Lake",213,"56° 03' N","128° 49' W",1,10,15,198,198
"Kwinageese Lake",213,"56° 03' N","128° 49' W",1,15,20,176,169
"Kwinageese Lake",213,"56° 03' N","128° 49' W",1,20,30,118,87
"Kwinageese Lake",213,"56° 03' N","128° 49' W",1,30,40,0,33
"Kwinageese Lake",213,"56° 03' N","128° 49' W",1,40,50,0,7
"Kwinageese Lake",213,"56° 03' N","128° 49' W",2,2,5,455,231
"Kwinageese Lake",213,"56° 03' N","128° 49' W",2,3,5,455,231
"Kwinageese Lake",213,"56° 03' N","128° 49' W",2,5,10,426,231
"Kwinageese Lake",213,"56° 03' N","128° 49' W",2,10,15,409,198
"Kwinageese Lake",213,"56° 03' N","128° 49' W",2,15,20,307,169
"Kwinageese Lake",213,"56° 03' N","128° 49' W",2,20,30,98,87
"Kwinageese Lake",213,"56° 03' N","128° 49' W",2,30,40,0,33
"Kwinageese Lake",213,"56° 03' N","128° 49' W",2,40,50,0,7
"Kwinageese Lake",213,"56° 03' N","128° 49' W",3,2,5,960,231
"Kwinageese Lake",213,"56° 03' N","128° 49' W",3,3,5,960,231
"Kwinageese Lake",213,"56° 03' N","128° 49' W",3,5,10,954,231
"Kwinageese Lake",213,"56° 03' N","128° 49' W",3,10,15,929,198
"Kwinageese Lake",213,"56° 03' N","128° 49' W",3,15,20,728,169
"Kwinageese Lake",213,"56° 03' N","128° 49' W",3,20,30,399,87
"Kwinageese Lake",213,"56° 03' N","128° 49' W",3,30,40,280,33
"Kwinageese Lake",213,"56° 03' N","128° 49' W",3,40,50,27,7
"Kwinageese Lake",213,"56° 03' N","128° 49' W",4,2,5,487,231
"Kwinageese Lake",213,"56° 03' N","128° 49' W",4,3,5,487,231
"Kwinageese Lake",213,"56° 03' N","128° 49' W",4,5,10,455,231
"Kwinageese Lake",213,"56° 03' N","128° 49' W",4,10,15,445,198
"Kwinageese Lake",213,"56° 03' N","128° 49' W",4,15,20,424,169
"Kwinageese Lake",213,"56° 03' N","128° 49' W",4,20,30,350,87
"Kwinageese Lake",213,"56° 03' N","128° 49' W",4,30,40,286,33
"Kwinageese Lake",213,"56° 03' N","128° 49' W",4,40,50,124,7
"Kwinageese Lake",213,"56° 03' N","128° 49' W",5,2,5,697,231
"Kwinageese Lake",213,"56° 03' N","128° 49' W",5,3,5,697,231
"Kwinageese Lake",213,"56° 03' N","128° 49' W",5,5,10,693,231
"Kwinageese Lake",213,"56° 03' N","128° 49' W",5,10,15,662,198
"Kwinageese Lake",213,"56° 03' N","128° 49' W",5,15,20,610,169
"Kwinageese Lake",213,"56° 03' N","128° 49' W",5,20,30,493,87
"Kwinageese Lake",213,"56° 03' N","128° 49' W",5,30,40,250,33
"Kwinageese Lake",213,"56° 03' N","128° 49' W",5,40,50,88,7
"L Trapper Lake",176,"58° 29' N","132° 36' W",1,2,5,644,179
"L Trapper Lake",176,"58° 29' N","132° 36' W",1,3,5,644,179
"L Trapper Lake",176,"58° 29' N","132° 36' W",1,5,10,613,144
"L Trapper Lake",176,"58° 29' N","132° 36' W",1,10,15,539,114
"L Trapper Lake",176,"58° 29' N","132° 36' W",1,15,20,334,80
"L Trapper Lake",176,"58° 29' N","132° 36' W",2,2,5,784,179
"L Trapper Lake",176,"58° 29' N","132° 36' W",2,3,5,784,179
"L Trapper Lake",176,"58° 29' N","132° 36' W",2,5,10,730,144
"L Trapper Lake",176,"58° 29' N","132° 36' W",2,10,15,550,114
"L Trapper Lake",176,"58° 29' N","132° 36' W",2,15,20,480,80
"L Trapper Lake",176,"58° 29' N","132° 36' W",3,2,5,1228,179
"L Trapper Lake",176,"58° 29' N","132° 36' W",3,3,5,1228,179
"L Trapper Lake",176,"58° 29' N","132° 36' W",3,5,10,933,144
"L Trapper Lake",176,"58° 29' N","132° 36' W",3,10,15,820,114
"L Trapper Lake",176,"58° 29' N","132° 36' W",3,15,20,640,80
"L Trapper Lake",176,"58° 29' N","132° 36' W",4,2,5,963,179
"L Trapper Lake",176,"58° 29' N","132° 36' W",4,3,5,963,179
"L Trapper Lake",176,"58° 29' N","132° 36' W",4,5,10,655,144
"L Trapper Lake",176,"58° 29' N","132° 36' W",4,10,15,553,114
"L Trapper Lake",176,"58° 29' N","132° 36' W",4,15,20,306,80
"L Trapper Lake",176,"58° 29' N","132° 36' W",5,2,5,596,179
"L Trapper Lake",176,"58° 29' N","132° 36' W",5,3,5,596,179
"L Trapper Lake",176,"58° 29' N","132° 36' W",5,5,10,541,144
"L Trapper Lake",176,"58° 29' N","132° 36' W",5,10,15,431,114
"L Trapper Lake",176,"58° 29' N","132° 36' W",5,15,20,173,80
"Link Lake",180,"52° 26' N","127° 40' W",1,2,5,652,2393
"Link Lake",180,"52° 26' N","127° 40' W",1,3,5,651,2393
"Link Lake",180,"52° 26' N","127° 40' W",1,5,10,631,2303
"Link Lake",180,"52° 26' N","127° 40' W",1,10,15,615,2236
"Link Lake",180,"52° 26' N","127° 40' W",1,15,20,590,2130
"Link Lake",180,"52° 26' N","127° 40' W",1,20,30,564,2030
"Link Lake",180,"52° 26' N","127° 40' W",1,30,40,532,1910
"Link Lake",180,"52° 26' N","127° 40' W",1,40,50,494,1791
"Link Lake",180,"52° 26' N","127° 40' W",1,50,60,457,1648
"Link Lake",180,"52° 26' N","127° 40' W",2,2,5,1003,2393
"Link Lake",180,"52° 26' N","127° 40' W",2,3,5,999,2393
"Link Lake",180,"52° 26' N","127° 40' W",2,5,10,973,2303
"Link Lake",180,"52° 26' N","127° 40' W",2,10,15,945,2236
"Link Lake",180,"52° 26' N","127° 40' W",2,15,20,931,2130
"Link Lake",180,"52° 26' N","127° 40' W",2,20,30,907,2030
"Link Lake",180,"52° 26' N","127° 40' W",2,30,40,858,1910
"Link Lake",180,"52° 26' N","127° 40' W",2,40,50,812,1791
"Link Lake",180,"52° 26' N","127° 40' W",2,50,60,763,1648
"Link Lake",180,"52° 26' N","127° 40' W",3,2,5,971,2393
"Link Lake",180,"52° 26' N","127° 40' W",3,3,5,968,2393
"Link Lake",180,"52° 26' N","127° 40' W",3,5,10,944,2303
"Link Lake",180,"52° 26' N","127° 40' W",3,10,15,924,2236
"Link Lake",180,"52° 26' N","127° 40' W",3,15,20,880,2130
"Link Lake",180,"52° 26' N","127° 40' W",3,20,30,828,2030
"Link Lake",180,"52° 26' N","127° 40' W",3,30,40,768,1910
"Link Lake",180,"52° 26' N","127° 40' W",3,40,50,655,1791
"Link Lake",180,"52° 26' N","127° 40' W",3,50,60,577,1648
"Link Lake",180,"52° 26' N","127° 40' W",4,2,5,899,2393
"Link Lake",180,"52° 26' N","127° 40' W",4,3,5,897,2393
"Link Lake",180,"52° 26' N","127° 40' W",4,5,10,878,2303
"Link Lake",180,"52° 26' N","127° 40' W",4,10,15,819,2236
"Link Lake",180,"52° 26' N","127° 40' W",4,15,20,817,2130
"Link Lake",180,"52° 26' N","127° 40' W",4,20,30,795,2030
"Link Lake",180,"52° 26' N","127° 40' W",4,30,40,758,1910
"Link Lake",180,"52° 26' N","127° 40' W",4,40,50,665,1791
"Link Lake",180,"52° 26' N","127° 40' W",4,50,60,622,1648
"Link Lake",180,"52° 26' N","127° 40' W",5,2,5,680,2393
"Link Lake",180,"52° 26' N","127° 40' W",5,3,5,676,2393
"Link Lake",180,"52° 26' N","127° 40' W",5,5,10,665,2303
"Link Lake",180,"52° 26' N","127° 40' W",5,10,15,650,2236
"Link Lake",180,"52° 26' N","127° 40' W",5,15,20,641,2130
"Link Lake",180,"52° 26' N","127° 40' W",5,20,30,625,2030
"Link Lake",180,"52° 26' N","127° 40' W",5,30,40,603,1910
"Link Lake",180,"52° 26' N","127° 40' W",5,40,50,577,1791
"Link Lake",180,"52° 26' N","127° 40' W",5,50,60,554,1648
"Link Lake",180,"52° 26' N","127° 40' W",6,2,5,883,2393
"Link Lake",180,"52° 26' N","127° 40' W",6,3,5,880,2393
"Link Lake",180,"52° 26' N","127° 40' W",6,5,10,866,2303
"Link Lake",180,"52° 26' N","127° 40' W",6,10,15,847,2236
"Link Lake",180,"52° 26' N","127° 40' W",6,15,20,834,2130
"Link Lake",180,"52° 26' N","127° 40' W",6,20,30,810,2030
"Link Lake",180,"52° 26' N","127° 40' W",6,30,40,776,1910
"Link Lake",180,"52° 26' N","127° 40' W",6,40,50,686,1791
"Link Lake",180,"52° 26' N","127° 40' W",6,50,60,534,1648
"Link Lake",180,"52° 26' N","127° 40' W",7,2,5,702,2393
"Link Lake",180,"52° 26' N","127° 40' W",7,3,5,697,2393
"Link Lake",180,"52° 26' N","127° 40' W",7,5,10,680,2303
"Link Lake",180,"52° 26' N","127° 40' W",7,10,15,663,2236
"Link Lake",180,"52° 26' N","127° 40' W",7,15,20,638,2130
"Link Lake",180,"52° 26' N","127° 40' W",7,20,30,617,2030
"Link Lake",180,"52° 26' N","127° 40' W",7,30,40,577,1910
"Link Lake",180,"52° 26' N","127° 40' W",7,40,50,546,1791
"Link Lake",180,"52° 26' N","127° 40' W",7,50,60,514,1648
"Link Lake",180,"52° 26' N","127° 40' W",8,2,5,743,2393
"Link Lake",180,"52° 26' N","127° 40' W",8,3,5,741,2393
"Link Lake",180,"52° 26' N","127° 40' W",8,5,10,726,2303
"Link Lake",180,"52° 26' N","127° 40' W",8,10,15,708,2236
"Link Lake",180,"52° 26' N","127° 40' W",8,15,20,686,2130
"Link Lake",180,"52° 26' N","127° 40' W",8,20,30,665,2030
"Link Lake",180,"52° 26' N","127° 40' W",8,30,40,627,1910
"Link Lake",180,"52° 26' N","127° 40' W",8,40,50,595,1791
"Link Lake",180,"52° 26' N","127° 40' W",8,50,60,567,1648
"Link Lake",180,"52° 26' N","127° 40' W",9,2,5,538,2393
"Link Lake",180,"52° 26' N","127° 40' W",9,3,5,529,2393
"Link Lake",180,"52° 26' N","127° 40' W",9,5,10,502,2303
"Link Lake",180,"52° 26' N","127° 40' W",9,10,15,482,2236
"Link Lake",180,"52° 26' N","127° 40' W",9,15,20,463,2130
"Link Lake",180,"52° 26' N","127° 40' W",9,20,30,435,2030
"Link Lake",180,"52° 26' N","127° 40' W",9,30,40,409,1910
"Link Lake",180,"52° 26' N","127° 40' W",9,40,50,381,1791
"Link Lake",180,"52° 26' N","127° 40' W",9,50,60,354,1648
"Link Lake",180,"52° 26' N","127° 40' W",10,2,5,717,2393
"Link Lake",180,"52° 26' N","127° 40' W",10,3,5,712,2393
"Link Lake",180,"52° 26' N","127° 40' W",10,5,10,699,2303
"Link Lake",180,"52° 26' N","127° 40' W",10,10,15,683,2236
"Link Lake",180,"52° 26' N","127° 40' W",10,15,20,666,2130
"Link Lake",180,"52° 26' N","127° 40' W",10,20,30,638,2030
"Link Lake",180,"52° 26' N","127° 40' W",10,30,40,586,1910
"Link Lake",180,"52° 26' N","127° 40' W",10,40,50,537,1791
"Link Lake",180,"52° 26' N","127° 40' W",10,50,60,470,1648
"Long Lake (A)",801,"51° 15' N","127° 13' W",1,2,5,492,1025
"Long Lake (A)",801,"51° 15' N","127° 13' W",1,3,5,492,1025
"Long Lake (A)",801,"51° 15' N","127° 13' W",1,5,10,478,1012
"Long Lake (A)",801,"51° 15' N","127° 13' W",1,10,15,456,999
"Long Lake (A)",801,"51° 15' N","127° 13' W",1,15,20,438,975
"Long Lake (A)",801,"51° 15' N","127° 13' W",1,20,30,405,955
"Long Lake (A)",801,"51° 15' N","127° 13' W",1,30,40,388,905
"Long Lake (A)",801,"51° 15' N","127° 13' W",1,40,50,329,805
"Long Lake (A)",801,"51° 15' N","127° 13' W",1,50,60,280,625
"Long Lake (A)",801,"51° 15' N","127° 13' W",1,60,70,260,575
"Long Lake (A)",801,"51° 15' N","127° 13' W",2,2,5,548,1025
"Long Lake (A)",801,"51° 15' N","127° 13' W",2,3,5,548,1025
"Long Lake (A)",801,"51° 15' N","127° 13' W",2,5,10,544,1012
"Long Lake (A)",801,"51° 15' N","127° 13' W",2,10,15,539,999
"Long Lake (A)",801,"51° 15' N","127° 13' W",2,15,20,535,975
"Long Lake (A)",801,"51° 15' N","127° 13' W",2,20,30,517,955
"Long Lake (A)",801,"51° 15' N","127° 13' W",2,30,40,479,905
"Long Lake (A)",801,"51° 15' N","127° 13' W",2,40,50,441,805
"Long Lake (A)",801,"51° 15' N","127° 13' W",2,50,60,403,625
"Long Lake (A)",801,"51° 15' N","127° 13' W",2,60,70,380,575
"Long Lake (A)",801,"51° 15' N","127° 13' W",3,2,5,640,1025
"Long Lake (A)",801,"51° 15' N","127° 13' W",3,3,5,640,1025
"Long Lake (A)",801,"51° 15' N","127° 13' W",3,5,10,640,1012
"Long Lake (A)",801,"51° 15' N","127° 13' W",3,10,15,638,999
"Long Lake (A)",801,"51° 15' N","127° 13' W",3,15,20,626,975
"Long Lake (A)",801,"51° 15' N","127° 13' W",3,20,30,602,955
"Long Lake (A)",801,"51° 15' N","127° 13' W",3,30,40,577,905
"Long Lake (A)",801,"51° 15' N","127° 13' W",3,40,50,545,805
"Long Lake (A)",801,"51° 15' N","127° 13' W",3,50,60,500,625
"Long Lake (A)",801,"51° 15' N","127° 13' W",3,60,70,450,575
"Long Lake (A)",801,"51° 15' N","127° 13' W",4,2,5,877,1025
"Long Lake (A)",801,"51° 15' N","127° 13' W",4,3,5,877,1025
"Long Lake (A)",801,"51° 15' N","127° 13' W",4,5,10,873,1012
"Long Lake (A)",801,"51° 15' N","127° 13' W",4,10,15,866,999
"Long Lake (A)",801,"51° 15' N","127° 13' W",4,15,20,854,975
"Long Lake (A)",801,"51° 15' N","127° 13' W",4,20,30,839,955
"Long Lake (A)",801,"51° 15' N","127° 13' W",4,30,40,821,905
"Long Lake (A)",801,"51° 15' N","127° 13' W",4,40,50,802,805
"Long Lake (A)",801,"51° 15' N","127° 13' W",4,50,60,770,625
"Long Lake (A)",801,"51° 15' N","127° 13' W",4,60,70,740,575
"Long Lake (A)",801,"51° 15' N","127° 13' W",5,2,5,850,1025
"Long Lake (A)",801,"51° 15' N","127° 13' W",5,3,5,850,1025
"Long Lake (A)",801,"51° 15' N","127° 13' W",5,5,10,834,1012
"Long Lake (A)",801,"51° 15' N","127° 13' W",5,10,15,821,999
"Long Lake (A)",801,"51° 15' N","127° 13' W",5,15,20,798,975
"Long Lake (A)",801,"51° 15' N","127° 13' W",5,20,30,763,955
"Long Lake (A)",801,"51° 15' N","127° 13' W",5,30,40,724,905
"Long Lake (A)",801,"51° 15' N","127° 13' W",5,40,50,678,805
"Long Lake (A)",801,"51° 15' N","127° 13' W",5,50,60,640,625
"Long Lake (A)",801,"51° 15' N","127° 13' W",5,60,70,615,575
"Long Lake (A)",801,"51° 15' N","127° 13' W",6,2,5,2263,1025
"Long Lake (A)",801,"51° 15' N","127° 13' W",6,3,5,2263,1025
"Long Lake (A)",801,"51° 15' N","127° 13' W",6,5,10,1962,1012
"Long Lake (A)",801,"51° 15' N","127° 13' W",6,10,15,1776,999
"Long Lake (A)",801,"51° 15' N","127° 13' W",6,15,20,1469,975
"Long Lake (A)",801,"51° 15' N","127° 13' W",6,20,30,1409,955
"Long Lake (A)",801,"51° 15' N","127° 13' W",6,30,40,1288,905
"Long Lake (A)",801,"51° 15' N","127° 13' W",6,40,50,873,805
"Long Lake (A)",801,"51° 15' N","127° 13' W",6,50,60,0,625
"Long Lake (A)",801,"51° 15' N","127° 13' W",6,60,70,0,575
"Long Lake (A)",801,"51° 15' N","127° 13' W",7,2,5,2100,1025
"Long Lake (A)",801,"51° 15' N","127° 13' W",7,3,5,2100,1025
"Long Lake (A)",801,"51° 15' N","127° 13' W",7,5,10,2078,1012
"Long Lake (A)",801,"51° 15' N","127° 13' W",7,10,15,2064,999
"Long Lake (A)",801,"51° 15' N","127° 13' W",7,15,20,2034,975
"Long Lake (A)",801,"51° 15' N","127° 13' W",7,20,30,1916,955
"Long Lake (A)",801,"51° 15' N","127° 13' W",7,30,40,1725,905
"Long Lake (A)",801,"51° 15' N","127° 13' W",7,40,50,1673,805
"Long Lake (A)",801,"51° 15' N","127° 13' W",7,50,60,0,625
"Long Lake (A)",801,"51° 15' N","127° 13' W",7,60,70,0,575
"Long Lake (A)",801,"51° 15' N","127° 13' W",8,2,5,2934,1025
"Long Lake (A)",801,"51° 15' N","127° 13' W",8,3,5,2934,1025
"Long Lake (A)",801,"51° 15' N","127° 13' W",8,5,10,2912,1012
"Long Lake (A)",801,"51° 15' N","127° 13' W",8,10,15,2845,999
"Long Lake (A)",801,"51° 15' N","127° 13' W",8,15,20,2808,975
"Long Lake (A)",801,"51° 15' N","127° 13' W",8,20,30,2771,955
"Long Lake (A)",801,"51° 15' N","127° 13' W",8,30,40,2593,905
"Long Lake (A)",801,"51° 15' N","127° 13' W",8,40,50,2379,805
"Long Lake (A)",801,"51° 15' N","127° 13' W",8,50,60,0,625
"Long Lake (A)",801,"51° 15' N","127° 13' W",8,60,70,0,575
"Long Lake (A)",801,"51° 15' N","127° 13' W",9,2,5,3003,1025
"Long Lake (A)",801,"51° 15' N","127° 13' W",9,3,5,3003,1025
"Long Lake (A)",801,"51° 15' N","127° 13' W",9,5,10,2988,1012
"Long Lake (A)",801,"51° 15' N","127° 13' W",9,10,15,2973,999
"Long Lake (A)",801,"51° 15' N","127° 13' W",9,15,20,2936,975
"Long Lake (A)",801,"51° 15' N","127° 13' W",9,20,30,2831,955
"Long Lake (A)",801,"51° 15' N","127° 13' W",9,30,40,2779,905
"Long Lake (A)",801,"51° 15' N","127° 13' W",9,40,50,2734,805
"Long Lake (A)",801,"51° 15' N","127° 13' W",9,50,60,0,625
"Long Lake (A)",801,"51° 15' N","127° 13' W",9,60,70,0,575
"Long Lake (B)",802,"51° 15' N","127° 05' W",1,2,5,1105,1075
"Long Lake (B)",802,"51° 15' N","127° 05' W",1,3,5,1105,1075
"Long Lake (B)",802,"51° 15' N","127° 05' W",1,5,10,1088,1075
"Long Lake (B)",802,"51° 15' N","127° 05' W",1,10,15,1072,1070
"Long Lake (B)",802,"51° 15' N","127° 05' W",1,15,20,1060,1065
"Long Lake (B)",802,"51° 15' N","127° 05' W",1,20,30,1042,1010
"Long Lake (B)",802,"51° 15' N","127° 05' W",1,30,40,1015,965
"Long Lake (B)",802,"51° 15' N","127° 05' W",1,40,50,990,908
"Long Lake (B)",802,"51° 15' N","127° 05' W",1,50,60,967,853
"Long Lake (B)",802,"51° 15' N","127° 05' W",1,60,70,910,810
"Long Lake (B)",802,"51° 15' N","127° 05' W",2,2,5,982,1075
"Long Lake (B)",802,"51° 15' N","127° 05' W",2,3,5,982,1075
"Long Lake (B)",802,"51° 15' N","127° 05' W",2,5,10,969,1075
"Long Lake (B)",802,"51° 15' N","127° 05' W",2,10,15,957,1070
"Long Lake (B)",802,"51° 15' N","127° 05' W",2,15,20,944,1065
"Long Lake (B)",802,"51° 15' N","127° 05' W",2,20,30,922,1010
"Long Lake (B)",802,"51° 15' N","127° 05' W",2,30,40,899,965
"Long Lake (B)",802,"51° 15' N","127° 05' W",2,40,50,867,908
"Long Lake (B)",802,"51° 15' N","127° 05' W",2,50,60,847,853
"Long Lake (B)",802,"51° 15' N","127° 05' W",2,60,70,790,810
"Long Lake (B)",802,"51° 15' N","127° 05' W",3,2,5,1572,1075
"Long Lake (B)",802,"51° 15' N","127° 05' W",3,3,5,1572,1075
"Long Lake (B)",802,"51° 15' N","127° 05' W",3,5,10,1561,1075
"Long Lake (B)",802,"51° 15' N","127° 05' W",3,10,15,1543,1070
"Long Lake (B)",802,"51° 15' N","127° 05' W",3,15,20,1525,1065
"Long Lake (B)",802,"51° 15' N","127° 05' W",3,20,30,1492,1010
"Long Lake (B)",802,"51° 15' N","127° 05' W",3,30,40,1437,965
"Long Lake (B)",802,"51° 15' N","127° 05' W",3,40,50,1390,908
"Long Lake (B)",802,"51° 15' N","127° 05' W",3,50,60,1343,853
"Long Lake (B)",802,"51° 15' N","127° 05' W",3,60,70,1310,810
"Long Lake (B)",802,"51° 15' N","127° 05' W",4,2,5,1003,1075
"Long Lake (B)",802,"51° 15' N","127° 05' W",4,3,5,1003,1075
"Long Lake (B)",802,"51° 15' N","127° 05' W",4,5,10,999,1075
"Long Lake (B)",802,"51° 15' N","127° 05' W",4,10,15,986,1070
"Long Lake (B)",802,"51° 15' N","127° 05' W",4,15,20,958,1065
"Long Lake (B)",802,"51° 15' N","127° 05' W",4,20,30,927,1010
"Long Lake (B)",802,"51° 15' N","127° 05' W",4,30,40,888,965
"Long Lake (B)",802,"51° 15' N","127° 05' W",4,40,50,846,908
"Long Lake (B)",802,"51° 15' N","127° 05' W",4,50,60,819,853
"Long Lake (B)",802,"51° 15' N","127° 05' W",4,60,70,760,810
"Long Lake (B)",802,"51° 15' N","127° 05' W",5,2,5,3000,1075
"Long Lake (B)",802,"51° 15' N","127° 05' W",5,3,5,3000,1075
"Long Lake (B)",802,"51° 15' N","127° 05' W",5,5,10,2992,1075
"Long Lake (B)",802,"51° 15' N","127° 05' W",5,10,15,2959,1070
"Long Lake (B)",802,"51° 15' N","127° 05' W",5,15,20,2910,1065
"Long Lake (B)",802,"51° 15' N","127° 05' W",5,20,30,2819,1010
"Long Lake (B)",802,"51° 15' N","127° 05' W",5,30,40,2762,965
"Long Lake (B)",802,"51° 15' N","127° 05' W",5,40,50,2693,908
"Long Lake (B)",802,"51° 15' N","127° 05' W",5,50,60,0,853
"Long Lake (B)",802,"51° 15' N","127° 05' W",5,60,70,0,810
"Long Lake (B)",802,"51° 15' N","127° 05' W",6,2,5,2648,1075
"Long Lake (B)",802,"51° 15' N","127° 05' W",6,3,5,2648,1075
"Long Lake (B)",802,"51° 15' N","127° 05' W",6,5,10,2635,1075
"Long Lake (B)",802,"51° 15' N","127° 05' W",6,10,15,2608,1070
"Long Lake (B)",802,"51° 15' N","127° 05' W",6,15,20,2535,1065
"Long Lake (B)",802,"51° 15' N","127° 05' W",6,20,30,2408,1010
"Long Lake (B)",802,"51° 15' N","127° 05' W",6,30,40,2294,965
"Long Lake (B)",802,"51° 15' N","127° 05' W",6,40,50,2248,908
"Long Lake (B)",802,"51° 15' N","127° 05' W",6,50,60,0,853
"Long Lake (B)",802,"51° 15' N","127° 05' W",6,60,70,0,810
"Long Lake (B)",802,"51° 15' N","127° 05' W",7,2,5,1742,1075
"Long Lake (B)",802,"51° 15' N","127° 05' W",7,3,5,1742,1075
"Long Lake (B)",802,"51° 15' N","127° 05' W",7,5,10,1729,1075
"Long Lake (B)",802,"51° 15' N","127° 05' W",7,10,15,1708,1070
"Long Lake (B)",802,"51° 15' N","127° 05' W",7,15,20,1694,1065
"Long Lake (B)",802,"51° 15' N","127° 05' W",7,20,30,1659,1010
"Long Lake (B)",802,"51° 15' N","127° 05' W",7,30,40,1638,965
"Long Lake (B)",802,"51° 15' N","127° 05' W",7,40,50,1603,908
"Long Lake (B)",802,"51° 15' N","127° 05' W",7,50,60,0,853
"Long Lake (B)",802,"51° 15' N","127° 05' W",7,60,70,0,810
"Lowe Lake",20,"53° 34' N","129° 33' W",1,2,5,835,365
"Lowe Lake",20,"53° 34' N","129° 33' W",1,3,5,835,365
"Lowe Lake",20,"53° 34' N","129° 33' W",1,5,10,805,347
"Lowe Lake",20,"53° 34' N","129° 33' W",1,10,15,670,294
"Lowe Lake",20,"53° 34' N","129° 33' W",1,15,20,0,263
"Lowe Lake",20,"53° 34' N","129° 33' W",1,20,30,0,222
"Lowe Lake",20,"53° 34' N","129° 33' W",1,30,40,0,169
"Lowe Lake",20,"53° 34' N","129° 33' W",1,40,50,0,65
"Lowe Lake",20,"53° 34' N","129° 33' W",1,50,60,0,0
"Lowe Lake",20,"53° 34' N","129° 33' W",2,2,5,673,365
"Lowe Lake",20,"53° 34' N","129° 33' W",2,3,5,673,365
"Lowe Lake",20,"53° 34' N","129° 33' W",2,5,10,655,347
"Lowe Lake",20,"53° 34' N","129° 33' W",2,10,15,632,294
"Lowe Lake",20,"53° 34' N","129° 33' W",2,15,20,600,263
"Lowe Lake",20,"53° 34' N","129° 33' W",2,20,30,563,222
"Lowe Lake",20,"53° 34' N","129° 33' W",2,30,40,495,169
"Lowe Lake",20,"53° 34' N","129° 33' W",2,40,50,333,65
"Lowe Lake",20,"53° 34' N","129° 33' W",2,50,60,0,0
"Lowe Lake",20,"53° 34' N","129° 33' W",3,2,5,615,365
"Lowe Lake",20,"53° 34' N","129° 33' W",3,3,5,615,365
"Lowe Lake",20,"53° 34' N","129° 33' W",3,5,10,598,347
"Lowe Lake",20,"53° 34' N","129° 33' W",3,10,15,571,294
"Lowe Lake",20,"53° 34' N","129° 33' W",3,15,20,530,263
"Lowe Lake",20,"53° 34' N","129° 33' W",3,20,30,486,222
"Lowe Lake",20,"53° 34' N","129° 33' W",3,30,40,412,169
"Lowe Lake",20,"53° 34' N","129° 33' W",3,40,50,254,65
"Lowe Lake",20,"53° 34' N","129° 33' W",3,50,60,0,0
"Lowe Lake",20,"53° 34' N","129° 33' W",4,2,5,946,365
"Lowe Lake",20,"53° 34' N","129° 33' W",4,3,5,946,365
"Lowe Lake",20,"53° 34' N","129° 33' W",4,5,10,901,347
"Lowe Lake",20,"53° 34' N","129° 33' W",4,10,15,843,294
"Lowe Lake",20,"53° 34' N","129° 33' W",4,15,20,811,263
"Lowe Lake",20,"53° 34' N","129° 33' W",4,20,30,756,222
"Lowe Lake",20,"53° 34' N","129° 33' W",4,30,40,627,169
"Lowe Lake",20,"53° 34' N","129° 33' W",4,40,50,450,65
"Lowe Lake",20,"53° 34' N","129° 33' W",4,50,60,0,0
"Maggie Lake",111,"49° 00' N","125° 25' W",1,2,5,2070,219
"Maggie Lake",111,"49° 00' N","125° 25' W",1,3,5,2070,219
"Maggie Lake",111,"49° 00' N","125° 25' W",1,5,10,2044,199
"Maggie Lake",111,"49° 00' N","125° 25' W",1,10,15,2015,184
"Maggie Lake",111,"49° 00' N","125° 25' W",1,15,20,1961,169
"Maggie Lake",111,"49° 00' N","125° 25' W",1,20,30,1815,145
"Maggie Lake",111,"49° 00' N","125° 25' W",1,30,40,1481,101
"Maggie Lake",111,"49° 00' N","125° 25' W",1,40,50,620,44
"Maggie Lake",111,"49° 00' N","125° 25' W",2,2,5,1476,219
"Maggie Lake",111,"49° 00' N","125° 25' W",2,3,5,1476,219
"Maggie Lake",111,"49° 00' N","125° 25' W",2,5,10,1443,199
"Maggie Lake",111,"49° 00' N","125° 25' W",2,10,15,1355,184
"Maggie Lake",111,"49° 00' N","125° 25' W",2,15,20,1325,169
"Maggie Lake",111,"49° 00' N","125° 25' W",2,20,30,1187,145
"Maggie Lake",111,"49° 00' N","125° 25' W",2,30,40,1058,101
"Maggie Lake",111,"49° 00' N","125° 25' W",2,40,50,878,44
"Maggie Lake",111,"49° 00' N","125° 25' W",3,2,5,539,219
"Maggie Lake",111,"49° 00' N","125° 25' W",3,3,5,539,219
"Maggie Lake",111,"49° 00' N","125° 25' W",3,5,10,515,199
"Maggie Lake",111,"49° 00' N","125° 25' W",3,10,15,487,184
"Maggie Lake",111,"49° 00' N","125° 25' W",3,15,20,456,169
"Maggie Lake",111,"49° 00' N","125° 25' W",3,20,30,408,145
"Maggie Lake",111,"49° 00' N","125° 25' W",3,30,40,250,101
"Maggie Lake",111,"49° 00' N","125° 25' W",3,40,50,0,44
"Maggie Lake",111,"49° 00' N","125° 25' W",4,2,5,703,219
"Maggie Lake",111,"49° 00' N","125° 25' W",4,3,5,703,219
"Maggie Lake",111,"49° 00' N","125° 25' W",4,5,10,682,199
"Maggie Lake",111,"49° 00' N","125° 25' W",4,10,15,658,184
"Maggie Lake",111,"49° 00' N","125° 25' W",4,15,20,636,169
"Maggie Lake",111,"49° 00' N","125° 25' W",4,20,30,591,145
"Maggie Lake",111,"49° 00' N","125° 25' W",4,30,40,529,101
"Maggie Lake",111,"49° 00' N","125° 25' W",4,40,50,450,44
"Maggie Lake",111,"49° 00' N","125° 25' W",5,2,5,533,219
"Maggie Lake",111,"49° 00' N","125° 25' W",5,3,5,533,219
"Maggie Lake",111,"49° 00' N","125° 25' W",5,5,10,504,199
"Maggie Lake",111,"49° 00' N","125° 25' W",5,10,15,484,184
"Maggie Lake",111,"49° 00' N","125° 25' W",5,15,20,470,169
"Maggie Lake",111,"49° 00' N","125° 25' W",5,20,30,441,145
"Maggie Lake",111,"49° 00' N","125° 25' W",5,30,40,394,101
"Maggie Lake",111,"49° 00' N","125° 25' W",5,40,50,344,44
"Maggie Lake",111,"49° 00' N","125° 25' W",6,2,5,647,219
"Maggie Lake",111,"49° 00' N","125° 25' W",6,3,5,647,219
"Maggie Lake",111,"49° 00' N","125° 25' W",6,5,10,633,199
"Maggie Lake",111,"49° 00' N","125° 25' W",6,10,15,607,184
"Maggie Lake",111,"49° 00' N","125° 25' W",6,15,20,510,169
"Maggie Lake",111,"49° 00' N","125° 25' W",6,20,30,424,145
"Maggie Lake",111,"49° 00' N","125° 25' W",6,30,40,0,101
"Maggie Lake",111,"49° 00' N","125° 25' W",6,40,50,0,44
"Mathers Lake",55,"52° 58' N","131° 50' W",1,2,5,500,171
"Mathers Lake",55,"52° 58' N","131° 50' W",1,3,5,500,171
"Mathers Lake",55,"52° 58' N","131° 50' W",1,5,10,480,163
"Mathers Lake",55,"52° 58' N","131° 50' W",1,10,15,450,156
"Mathers Lake",55,"52° 58' N","131° 50' W",1,15,20,410,148
"Mathers Lake",55,"52° 58' N","131° 50' W",1,20,30,275,136
"Mathers Lake",55,"52° 58' N","131° 50' W",1,30,40,0,112
"Mathers Lake",55,"52° 58' N","131° 50' W",1,40,50,0,86
"Mathers Lake",55,"52° 58' N","131° 50' W",1,50,60,0,64
"Mathers Lake",55,"52° 58' N","131° 50' W",1,60,70,0,46
"Mathers Lake",55,"52° 58' N","131° 50' W",1,70,80,0,32
"Mathers Lake",55,"52° 58' N","131° 50' W",1,80,90,0,20
"Mathers Lake",55,"52° 58' N","131° 50' W",2,2,5,285,171
"Mathers Lake",55,"52° 58' N","131° 50' W",2,3,5,285,171
"Mathers Lake",55,"52° 58' N","131° 50' W",2,5,10,280,163
"Mathers Lake",55,"52° 58' N","131° 50' W",2,10,15,270,156
"Mathers Lake",55,"52° 58' N","131° 50' W",2,15,20,250,148
"Mathers Lake",55,"52° 58' N","131° 50' W",2,20,30,235,136
"Mathers Lake",55,"52° 58' N","131° 50' W",2,30,40,210,112
"Mathers Lake",55,"52° 58' N","131° 50' W",2,40,50,185,86
"Mathers Lake",55,"52° 58' N","131° 50' W",2,50,60,175,64
"Mathers Lake",55,"52° 58' N","131° 50' W",2,60,70,0,46
"Mathers Lake",55,"52° 58' N","131° 50' W",2,70,80,0,32
"Mathers Lake",55,"52° 58' N","131° 50' W",2,80,90,0,20
"Mathers Lake",55,"52° 58' N","131° 50' W",3,2,5,500,171
"Mathers Lake",55,"52° 58' N","131° 50' W",3,3,5,500,171
"Mathers Lake",55,"52° 58' N","131° 50' W",3,5,10,485,163
"Mathers Lake",55,"52° 58' N","131° 50' W",3,10,15,470,156
"Mathers Lake",55,"52° 58' N","131° 50' W",3,15,20,445,148
"Mathers Lake",55,"52° 58' N","131° 50' W",3,20,30,420,136
"Mathers Lake",55,"52° 58' N","131° 50' W",3,30,40,385,112
"Mathers Lake",55,"52° 58' N","131° 50' W",3,40,50,340,86
"Mathers Lake",55,"52° 58' N","131° 50' W",3,50,60,300,64
"Mathers Lake",55,"52° 58' N","131° 50' W",3,60,70,255,46
"Mathers Lake",55,"52° 58' N","131° 50' W",3,70,80,175,32
"Mathers Lake",55,"52° 58' N","131° 50' W",3,80,90,0,20
"Mathers Lake",55,"52° 58' N","131° 50' W",4,2,5,525,171
"Mathers Lake",55,"52° 58' N","131° 50' W",4,3,5,525,171
"Mathers Lake",55,"52° 58' N","131° 50' W",4,5,10,505,163
"Mathers Lake",55,"52° 58' N","131° 50' W",4,10,15,480,156
"Mathers Lake",55,"52° 58' N","131° 50' W",4,15,20,465,148
"Mathers Lake",55,"52° 58' N","131° 50' W",4,20,30,445,136
"Mathers Lake",55,"52° 58' N","131° 50' W",4,30,40,405,112
"Mathers Lake",55,"52° 58' N","131° 50' W",4,40,50,370,86
"Mathers Lake",55,"52° 58' N","131° 50' W",4,50,60,355,64
"Mathers Lake",55,"52° 58' N","131° 50' W",4,60,70,320,46
"Mathers Lake",55,"52° 58' N","131° 50' W",4,70,80,290,32
"Mathers Lake",55,"52° 58' N","131° 50' W",4,80,90,230,20
"Megin Lake",118,"49° 29' N","126° 04' W",1,2,5,500,135
"Megin Lake",118,"49° 29' N","126° 04' W",1,3,5,500,135
"Megin Lake",118,"49° 29' N","126° 04' W",1,5,10,430,123
"Megin Lake",118,"49° 29' N","126° 04' W",1,10,15,360,108
"Megin Lake",118,"49° 29' N","126° 04' W",1,15,20,290,94
"Megin Lake",118,"49° 29' N","126° 04' W",1,20,30,201,72
"Megin Lake",118,"49° 29' N","126° 04' W",1,30,40,0,42
"Megin Lake",118,"49° 29' N","126° 04' W",1,40,50,0,13
"Megin Lake",118,"49° 29' N","126° 04' W",2,2,5,580,135
"Megin Lake",118,"49° 29' N","126° 04' W",2,3,5,580,135
"Megin Lake",118,"49° 29' N","126° 04' W",2,5,10,555,123
"Megin Lake",118,"49° 29' N","126° 04' W",2,10,15,535,108
"Megin Lake",118,"49° 29' N","126° 04' W",2,15,20,520,94
"Megin Lake",118,"49° 29' N","126° 04' W",2,20,30,475,72
"Megin Lake",118,"49° 29' N","126° 04' W",2,30,40,380,42
"Megin Lake",118,"49° 29' N","126° 04' W",2,40,50,0,13
"Megin Lake",118,"49° 29' N","126° 04' W",3,2,5,500,135
"Megin Lake",118,"49° 29' N","126° 04' W",3,3,5,500,135
"Megin Lake",118,"49° 29' N","126° 04' W",3,5,10,480,123
"Megin Lake",118,"49° 29' N","126° 04' W",3,10,15,465,108
"Megin Lake",118,"49° 29' N","126° 04' W",3,15,20,440,94
"Megin Lake",118,"49° 29' N","126° 04' W",3,20,30,405,72
"Megin Lake",118,"49° 29' N","126° 04' W",3,30,40,335,42
"Megin Lake",118,"49° 29' N","126° 04' W",3,40,50,135,13
"Megin Lake",118,"49° 29' N","126° 04' W",4,2,5,445,135
"Megin Lake",118,"49° 29' N","126° 04' W",4,3,5,445,135
"Megin Lake",118,"49° 29' N","126° 04' W",4,5,10,420,123
"Megin Lake",118,"49° 29' N","126° 04' W",4,10,15,385,108
"Megin Lake",118,"49° 29' N","126° 04' W",4,15,20,330,94
"Megin Lake",118,"49° 29' N","126° 04' W",4,20,30,245,72
"Megin Lake",118,"49° 29' N","126° 04' W",4,30,40,130,42
"Megin Lake",118,"49° 29' N","126° 04' W",4,40,50,0,13
"Megin Lake",118,"49° 29' N","126° 04' W",5,2,5,325,135
"Megin Lake",118,"49° 29' N","126° 04' W",5,3,5,325,135
"Megin Lake",118,"49° 29' N","126° 04' W",5,5,10,270,123
"Megin Lake",118,"49° 29' N","126° 04' W",5,10,15,220,108
"Megin Lake",118,"49° 29' N","126° 04' W",5,15,20,0,94
"Megin Lake",118,"49° 29' N","126° 04' W",5,20,30,0,72
"Megin Lake",118,"49° 29' N","126° 04' W",5,30,40,0,42
"Megin Lake",118,"49° 29' N","126° 04' W",5,40,50,0,13
"Megin Lake",118,"49° 29' N","126° 04' W",6,2,5,3315,135
"Megin Lake",118,"49° 29' N","126° 04' W",6,3,5,3315,135
"Megin Lake",118,"49° 29' N","126° 04' W",6,5,10,3240,123
"Megin Lake",118,"49° 29' N","126° 04' W",6,10,15,2955,108
"Megin Lake",118,"49° 29' N","126° 04' W",6,15,20,2245,94
"Megin Lake",118,"49° 29' N","126° 04' W",6,20,30,2090,72
"Megin Lake",118,"49° 29' N","126° 04' W",6,30,40,1520,42
"Megin Lake",118,"49° 29' N","126° 04' W",6,40,50,570,13
"Mercer Lake",32,"53° 34' N","132° 53' W",1,2,5,486,93
"Mercer Lake",32,"53° 34' N","132° 53' W",1,3,5,486,93
"Mercer Lake",32,"53° 34' N","132° 53' W",1,5,10,429,77
"Mercer Lake",32,"53° 34' N","132° 53' W",1,10,15,400,65
"Mercer Lake",32,"53° 34' N","132° 53' W",1,15,20,371,47
"Mercer Lake",32,"53° 34' N","132° 53' W",1,20,30,297,23
"Mercer Lake",32,"53° 34' N","132° 53' W",1,30,40,0,6
"Mercer Lake",32,"53° 34' N","132° 53' W",2,2,5,373,93
"Mercer Lake",32,"53° 34' N","132° 53' W",2,3,5,373,93
"Mercer Lake",32,"53° 34' N","132° 53' W",2,5,10,359,77
"Mercer Lake",32,"53° 34' N","132° 53' W",2,10,15,324,65
"Mercer Lake",32,"53° 34' N","132° 53' W",2,15,20,291,47
"Mercer Lake",32,"53° 34' N","132° 53' W",2,20,30,173,23
"Mercer Lake",32,"53° 34' N","132° 53' W",2,30,40,0,6
"Mercer Lake",32,"53° 34' N","132° 53' W",3,2,5,391,93
"Mercer Lake",32,"53° 34' N","132° 53' W",3,3,5,391,93
"Mercer Lake",32,"53° 34' N","132° 53' W",3,5,10,358,77
"Mercer Lake",32,"53° 34' N","132° 53' W",3,10,15,316,65
"Mercer Lake",32,"53° 34' N","132° 53' W",3,15,20,258,47
"Mercer Lake",32,"53° 34' N","132° 53' W",3,20,30,0,23
"Mercer Lake",32,"53° 34' N","132° 53' W",3,30,40,0,6
"Mercer Lake",32,"53° 34' N","132° 53' W",4,2,5,210,93
"Mercer Lake",32,"53° 34' N","132° 53' W",4,3,5,210,93
"Mercer Lake",32,"53° 34' N","132° 53' W",4,5,10,188,77
"Mercer Lake",32,"53° 34' N","132° 53' W",4,10,15,139,65
"Mercer Lake",32,"53° 34' N","132° 53' W",4,15,20,79,47
"Mercer Lake",32,"53° 34' N","132° 53' W",4,20,30,0,23
"Mercer Lake",32,"53° 34' N","132° 53' W",4,30,40,0,6
"Mercer Lake",32,"53° 34' N","132° 53' W",5,2,5,1000,93
"Mercer Lake",32,"53° 34' N","132° 53' W",5,3,5,1000,93
"Mercer Lake",32,"53° 34' N","132° 53' W",5,5,10,980,77
"Mercer Lake",32,"53° 34' N","132° 53' W",5,10,15,922,65
"Mercer Lake",32,"53° 34' N","132° 53' W",5,15,20,872,47
"Mercer Lake",32,"53° 34' N","132° 53' W",5,20,30,793,23
"Mercer Lake",32,"53° 34' N","132° 53' W",5,30,40,588,6
"Mercer Lake",32,"53° 34' N","132° 53' W",6,2,5,833,93
"Mercer Lake",32,"53° 34' N","132° 53' W",6,3,5,833,93
"Mercer Lake",32,"53° 34' N","132° 53' W",6,5,10,777,77
"Mercer Lake",32,"53° 34' N","132° 53' W",6,10,15,760,65
"Mercer Lake",32,"53° 34' N","132° 53' W",6,15,20,718,47
"Mercer Lake",32,"53° 34' N","132° 53' W",6,20,30,160,23
"Mercer Lake",32,"53° 34' N","132° 53' W",6,30,40,0,6
"Meziadin Lake",43,"56° 02' N","129° 15' W",1,2,5,1725,3606
"Meziadin Lake",43,"56° 02' N","129° 15' W",1,3,5,1669,3556
"Meziadin Lake",43,"56° 02' N","129° 15' W",1,5,10,1604,3499
"Meziadin Lake",43,"56° 02' N","129° 15' W",1,10,15,1595,3337
"Meziadin Lake",43,"56° 02' N","129° 15' W",1,15,20,1577,3086
"Meziadin Lake",43,"56° 02' N","129° 15' W",1,20,30,1549,2812
"Meziadin Lake",43,"56° 02' N","129° 15' W",1,30,40,1493,2563
"Meziadin Lake",43,"56° 02' N","129° 15' W",1,40,50,1438,2339
"Meziadin Lake",43,"56° 02' N","129° 15' W",1,50,60,1298,2217
"Meziadin Lake",43,"56° 02' N","129° 15' W",2,2,5,1640,3606
"Meziadin Lake",43,"56° 02' N","129° 15' W",2,3,5,1824,3556
"Meziadin Lake",43,"56° 02' N","129° 15' W",2,5,10,1802,3499
"Meziadin Lake",43,"56° 02' N","129° 15' W",2,10,15,1770,3337
"Meziadin Lake",43,"56° 02' N","129° 15' W",2,15,20,1760,3086
"Meziadin Lake",43,"56° 02' N","129° 15' W",2,20,30,1717,2812
"Meziadin Lake",43,"56° 02' N","129° 15' W",2,30,40,1685,2563
"Meziadin Lake",43,"56° 02' N","129° 15' W",2,40,50,1621,2339
"Meziadin Lake",43,"56° 02' N","129° 15' W",2,50,60,1578,2217
"Meziadin Lake",43,"56° 02' N","129° 15' W",3,2,5,1800,3606
"Meziadin Lake",43,"56° 02' N","129° 15' W",3,3,5,1775,3556
"Meziadin Lake",43,"56° 02' N","129° 15' W",3,5,10,1741,3499
"Meziadin Lake",43,"56° 02' N","129° 15' W",3,10,15,1715,3337
"Meziadin Lake",43,"56° 02' N","129° 15' W",3,15,20,1699,3086
"Meziadin Lake",43,"56° 02' N","129° 15' W",3,20,30,1673,2812
"Meziadin Lake",43,"56° 02' N","129° 15' W",3,30,40,1623,2563
"Meziadin Lake",43,"56° 02' N","129° 15' W",3,40,50,1563,2339
"Meziadin Lake",43,"56° 02' N","129° 15' W",3,50,60,1513,2217
"Meziadin Lake",43,"56° 02' N","129° 15' W",4,2,5,2050,3606
"Meziadin Lake",43,"56° 02' N","129° 15' W",4,3,5,2019,3556
"Meziadin Lake",43,"56° 02' N","129° 15' W",4,5,10,1978,3499
"Meziadin Lake",43,"56° 02' N","129° 15' W",4,10,15,1948,3337
"Meziadin Lake",43,"56° 02' N","129° 15' W",4,15,20,1927,3086
"Meziadin Lake",43,"56° 02' N","129° 15' W",4,20,30,1896,2812
"Meziadin Lake",43,"56° 02' N","129° 15' W",4,30,40,1784,2563
"Meziadin Lake",43,"56° 02' N","129° 15' W",4,40,50,1743,2339
"Meziadin Lake",43,"56° 02' N","129° 15' W",4,50,60,1671,2217
"Meziadin Lake",43,"56° 02' N","129° 15' W",5,2,5,2585,3606
"Meziadin Lake",43,"56° 02' N","129° 15' W",5,3,5,2561,3556
"Meziadin Lake",43,"56° 02' N","129° 15' W",5,5,10,2544,3499
"Meziadin Lake",43,"56° 02' N","129° 15' W",5,10,15,2308,3337
"Meziadin Lake",43,"56° 02' N","129° 15' W",5,15,20,1990,3086
"Meziadin Lake",43,"56° 02' N","129° 15' W",5,20,30,1944,2812
"Meziadin Lake",43,"56° 02' N","129° 15' W",5,30,40,1753,2563
"Meziadin Lake",43,"56° 02' N","129° 15' W",5,40,50,1615,2339
"Meziadin Lake",43,"56° 02' N","129° 15' W",5,50,60,1060,2217
"Meziadin Lake",43,"56° 02' N","129° 15' W",6,2,5,1490,3606
"Meziadin Lake",43,"56° 02' N","129° 15' W",6,3,5,1475,3556
"Meziadin Lake",43,"56° 02' N","129° 15' W",6,5,10,1429,3499
"Meziadin Lake",43,"56° 02' N","129° 15' W",6,10,15,1300,3337
"Meziadin Lake",43,"56° 02' N","129° 15' W",6,15,20,1216,3086
"Meziadin Lake",43,"56° 02' N","129° 15' W",6,20,30,1163,2812
"Meziadin Lake",43,"56° 02' N","129° 15' W",6,30,40,857,2563
"Meziadin Lake",43,"56° 02' N","129° 15' W",6,40,50,0,2339
"Meziadin Lake",43,"56° 02' N","129° 15' W",6,50,60,0,2217
"Morrison Lake",56,"55° 14' N","126° 22' W",1,2,5,264,1164
"Morrison Lake",56,"55° 14' N","126° 22' W",1,3,5,264,1164
"Morrison Lake",56,"55° 14' N","126° 22' W",1,5,10,200,986
"Morrison Lake",56,"55° 14' N","126° 22' W",1,10,15,133,792
"Morrison Lake",56,"55° 14' N","126° 22' W",1,15,20,0,629
"Morrison Lake",56,"55° 14' N","126° 22' W",1,20,30,0,461
"Morrison Lake",56,"55° 14' N","126° 22' W",1,30,40,0,289
"Morrison Lake",56,"55° 14' N","126° 22' W",1,40,50,0,157
"Morrison Lake",56,"55° 14' N","126° 22' W",1,50,60,0,65
"Morrison Lake",56,"55° 14' N","126° 22' W",2,2,5,554,1164
"Morrison Lake",56,"55° 14' N","126° 22' W",2,3,5,554,1164
"Morrison Lake",56,"55° 14' N","126° 22' W",2,5,10,535,986
"Morrison Lake",56,"55° 14' N","126° 22' W",2,10,15,504,792
"Morrison Lake",56,"55° 14' N","126° 22' W",2,15,20,365,629
"Morrison Lake",56,"55° 14' N","126° 22' W",2,20,30,87,461
"Morrison Lake",56,"55° 14' N","126° 22' W",2,30,40,0,289
"Morrison Lake",56,"55° 14' N","126° 22' W",2,40,50,0,157
"Morrison Lake",56,"55° 14' N","126° 22' W",2,50,60,0,65
"Morrison Lake",56,"55° 14' N","126° 22' W",3,2,5,1339,1164
"Morrison Lake",56,"55° 14' N","126° 22' W",3,3,5,1339,1164
"Morrison Lake",56,"55° 14' N","126° 22' W",3,5,10,1099,986
"Morrison Lake",56,"55° 14' N","126° 22' W",3,10,15,878,792
"Morrison Lake",56,"55° 14' N","126° 22' W",3,15,20,829,629
"Morrison Lake",56,"55° 14' N","126° 22' W",3,20,30,584,461
"Morrison Lake",56,"55° 14' N","126° 22' W",3,30,40,324,289
"Morrison Lake",56,"55° 14' N","126° 22' W",3,40,50,0,157
"Morrison Lake",56,"55° 14' N","126° 22' W",3,50,60,0,65
"Morrison Lake",56,"55° 14' N","126° 22' W",4,2,5,1191,1164
"Morrison Lake",56,"55° 14' N","126° 22' W",4,3,5,1191,1164
"Morrison Lake",56,"55° 14' N","126° 22' W",4,5,10,1186,986
"Morrison Lake",56,"55° 14' N","126° 22' W",4,10,15,1168,792
"Morrison Lake",56,"55° 14' N","126° 22' W",4,15,20,1153,629
"Morrison Lake",56,"55° 14' N","126° 22' W",4,20,30,1113,461
"Morrison Lake",56,"55° 14' N","126° 22' W",4,30,40,1065,289
"Morrison Lake",56,"55° 14' N","126° 22' W",4,40,50,766,157
"Morrison Lake",56,"55° 14' N","126° 22' W",4,50,60,53,65
"Morrison Lake",56,"55° 14' N","126° 22' W",5,2,5,711,1164
"Morrison Lake",56,"55° 14' N","126° 22' W",5,3,5,711,1164
"Morrison Lake",56,"55° 14' N","126° 22' W",5,5,10,698,986
"Morrison Lake",56,"55° 14' N","126° 22' W",5,10,15,645,792
"Morrison Lake",56,"55° 14' N","126° 22' W",5,15,20,611,629
"Morrison Lake",56,"55° 14' N","126° 22' W",5,20,30,509,461
"Morrison Lake",56,"55° 14' N","126° 22' W",5,30,40,417,289
"Morrison Lake",56,"55° 14' N","126° 22' W",5,40,50,270,157
"Morrison Lake",56,"55° 14' N","126° 22' W",5,50,60,270,65
"Morrison Lake",56,"55° 14' N","126° 22' W",6,2,5,628,1164
"Morrison Lake",56,"55° 14' N","126° 22' W",6,3,5,628,1164
"Morrison Lake",56,"55° 14' N","126° 22' W",6,5,10,408,986
"Morrison Lake",56,"55° 14' N","126° 22' W",6,10,15,314,792
"Morrison Lake",56,"55° 14' N","126° 22' W",6,15,20,0,629
"Morrison Lake",56,"55° 14' N","126° 22' W",6,20,30,0,461
"Morrison Lake",56,"55° 14' N","126° 22' W",6,30,40,0,289
"Morrison Lake",56,"55° 14' N","126° 22' W",6,40,50,0,157
"Morrison Lake",56,"55° 14' N","126° 22' W",6,50,60,0,65
"Morrison Lake",56,"55° 14' N","126° 22' W",7,2,5,617,1164
"Morrison Lake",56,"55° 14' N","126° 22' W",7,3,5,617,1164
"Morrison Lake",56,"55° 14' N","126° 22' W",7,5,10,531,986
"Morrison Lake",56,"55° 14' N","126° 22' W",7,10,15,409,792
"Morrison Lake",56,"55° 14' N","126° 22' W",7,15,20,225,629
"Morrison Lake",56,"55° 14' N","126° 22' W",7,20,30,0,461
"Morrison Lake",56,"55° 14' N","126° 22' W",7,30,40,0,289
"Morrison Lake",56,"55° 14' N","126° 22' W",7,40,50,0,157
"Morrison Lake",56,"55° 14' N","126° 22' W",7,50,60,0,65
"Muchalat Lake",45,"49° 41' N","126° 06' W",1,2,5,644,623
"Muchalat Lake",45,"49° 41' N","126° 06' W",1,3,5,644,623
"Muchalat Lake",45,"49° 41' N","126° 06' W",1,5,10,632,584
"Muchalat Lake",45,"49° 41' N","126° 06' W",1,10,15,565,550
"Muchalat Lake",45,"49° 41' N","126° 06' W",1,15,20,541,522
"Muchalat Lake",45,"49° 41' N","126° 06' W",1,20,30,407,475
"Muchalat Lake",45,"49° 41' N","126° 06' W",1,30,40,352,402
"Muchalat Lake",45,"49° 41' N","126° 06' W",1,40,50,176,311
"Muchalat Lake",45,"49° 41' N","126° 06' W",1,50,60,0,164
"Muchalat Lake",45,"49° 41' N","126° 06' W",2,2,5,1650,623
"Muchalat Lake",45,"49° 41' N","126° 06' W",2,3,5,1650,623
"Muchalat Lake",45,"49° 41' N","126° 06' W",2,5,10,1633,584
"Muchalat Lake",45,"49° 41' N","126° 06' W",2,10,15,1600,550
"Muchalat Lake",45,"49° 41' N","126° 06' W",2,15,20,1575,522
"Muchalat Lake",45,"49° 41' N","126° 06' W",2,20,30,1525,475
"Muchalat Lake",45,"49° 41' N","126° 06' W",2,30,40,1458,402
"Muchalat Lake",45,"49° 41' N","126° 06' W",2,40,50,1258,311
"Muchalat Lake",45,"49° 41' N","126° 06' W",2,50,60,805,164
"Muchalat Lake",45,"49° 41' N","126° 06' W",3,2,5,500,623
"Muchalat Lake",45,"49° 41' N","126° 06' W",3,3,5,500,623
"Muchalat Lake",45,"49° 41' N","126° 06' W",3,5,10,474,584
"Muchalat Lake",45,"49° 41' N","126° 06' W",3,10,15,439,550
"Muchalat Lake",45,"49° 41' N","126° 06' W",3,15,20,412,522
"Muchalat Lake",45,"49° 41' N","126° 06' W",3,20,30,368,475
"Muchalat Lake",45,"49° 41' N","126° 06' W",3,30,40,237,402
"Muchalat Lake",45,"49° 41' N","126° 06' W",3,40,50,79,311
"Muchalat Lake",45,"49° 41' N","126° 06' W",3,50,60,0,164
"Muchalat Lake",45,"49° 41' N","126° 06' W",4,2,5,632,623
"Muchalat Lake",45,"49° 41' N","126° 06' W",4,3,5,632,623
"Muchalat Lake",45,"49° 41' N","126° 06' W",4,5,10,614,584
"Muchalat Lake",45,"49° 41' N","126° 06' W",4,10,15,595,550
"Muchalat Lake",45,"49° 41' N","126° 06' W",4,15,20,577,522
"Muchalat Lake",45,"49° 41' N","126° 06' W",4,20,30,540,475
"Muchalat Lake",45,"49° 41' N","126° 06' W",4,30,40,504,402
"Muchalat Lake",45,"49° 41' N","126° 06' W",4,40,50,458,311
"Muchalat Lake",45,"49° 41' N","126° 06' W",4,50,60,370,164
"Muchalat Lake",45,"49° 41' N","126° 06' W",5,2,5,550,623
"Muchalat Lake",45,"49° 41' N","126° 06' W",5,3,5,550,623
"Muchalat Lake",45,"49° 41' N","126° 06' W",5,5,10,536,584
"Muchalat Lake",45,"49° 41' N","126° 06' W",5,10,15,523,550
"Muchalat Lake",45,"49° 41' N","126° 06' W",5,15,20,509,522
"Muchalat Lake",45,"49° 41' N","126° 06' W",5,20,30,475,475
"Muchalat Lake",45,"49° 41' N","126° 06' W",5,30,40,441,402
"Muchalat Lake",45,"49° 41' N","126° 06' W",5,40,50,394,311
"Muchalat Lake",45,"49° 41' N","126° 06' W",5,50,60,326,164
"Muriel Lake",44,"49° 08' N","125° 36' W",1,2,5,347,135
"Muriel Lake",44,"49° 08' N","125° 36' W",1,3,5,347,135
"Muriel Lake",44,"49° 08' N","125° 36' W",1,5,10,325,115
"Muriel Lake",44,"49° 08' N","125° 36' W",1,10,15,246,97
"Muriel Lake",44,"49° 08' N","125° 36' W",1,15,20,92,80
"Muriel Lake",44,"49° 08' N","125° 36' W",1,20,30,0,54
"Muriel Lake",44,"49° 08' N","125° 36' W",1,30,40,0,27
"Muriel Lake",44,"49° 08' N","125° 36' W",1,40,50,0,9
"Muriel Lake",44,"49° 08' N","125° 36' W",2,2,5,550,135
"Muriel Lake",44,"49° 08' N","125° 36' W",2,3,5,550,135
"Muriel Lake",44,"49° 08' N","125° 36' W",2,5,10,532,115
"Muriel Lake",44,"49° 08' N","125° 36' W",2,10,15,450,97
"Muriel Lake",44,"49° 08' N","125° 36' W",2,15,20,410,80
"Muriel Lake",44,"49° 08' N","125° 36' W",2,20,30,325,54
"Muriel Lake",44,"49° 08' N","125° 36' W",2,30,40,262,27
"Muriel Lake",44,"49° 08' N","125° 36' W",2,40,50,0,9
"Muriel Lake",44,"49° 08' N","125° 36' W",3,2,5,400,135
"Muriel Lake",44,"49° 08' N","125° 36' W",3,3,5,400,135
"Muriel Lake",44,"49° 08' N","125° 36' W",3,5,10,376,115
"Muriel Lake",44,"49° 08' N","125° 36' W",3,10,15,350,97
"Muriel Lake",44,"49° 08' N","125° 36' W",3,15,20,256,80
"Muriel Lake",44,"49° 08' N","125° 36' W",3,20,30,215,54
"Muriel Lake",44,"49° 08' N","125° 36' W",3,30,40,168,27
"Muriel Lake",44,"49° 08' N","125° 36' W",3,40,50,0,9
"Muriel Lake",44,"49° 08' N","125° 36' W",4,2,5,827,135
"Muriel Lake",44,"49° 08' N","125° 36' W",4,3,5,827,135
"Muriel Lake",44,"49° 08' N","125° 36' W",4,5,10,763,115
"Muriel Lake",44,"49° 08' N","125° 36' W",4,10,15,662,97
"Muriel Lake",44,"49° 08' N","125° 36' W",4,15,20,487,80
"Muriel Lake",44,"49° 08' N","125° 36' W",4,20,30,289,54
"Muriel Lake",44,"49° 08' N","125° 36' W",4,30,40,144,27
"Muriel Lake",44,"49° 08' N","125° 36' W",4,40,50,0,9
"Muriel Lake",44,"49° 08' N","125° 36' W",5,2,5,840,135
"Muriel Lake",44,"49° 08' N","125° 36' W",5,3,5,840,135
"Muriel Lake",44,"49° 08' N","125° 36' W",5,5,10,804,115
"Muriel Lake",44,"49° 08' N","125° 36' W",5,10,15,779,97
"Muriel Lake",44,"49° 08' N","125° 36' W",5,15,20,759,80
"Muriel Lake",44,"49° 08' N","125° 36' W",5,20,30,423,54
"Muriel Lake",44,"49° 08' N","125° 36' W",5,30,40,307,27
"Muriel Lake",44,"49° 08' N","125° 36' W",5,40,50,236,9
"Muriel Lake",44,"49° 08' N","125° 36' W",6,2,5,625,135
"Muriel Lake",44,"49° 08' N","125° 36' W",6,3,5,625,135
"Muriel Lake",44,"49° 08' N","125° 36' W",6,5,10,600,115
"Muriel Lake",44,"49° 08' N","125° 36' W",6,10,15,535,97
"Muriel Lake",44,"49° 08' N","125° 36' W",6,15,20,510,80
"Muriel Lake",44,"49° 08' N","125° 36' W",6,20,30,465,54
"Muriel Lake",44,"49° 08' N","125° 36' W",6,30,40,415,27
"Muriel Lake",44,"49° 08' N","125° 36' W",6,40,50,120,9
"Muriel Lake",44,"49° 08' N","125° 36' W",7,2,5,875,135
"Muriel Lake",44,"49° 08' N","125° 36' W",7,3,5,875,135
"Muriel Lake",44,"49° 08' N","125° 36' W",7,5,10,860,115
"Muriel Lake",44,"49° 08' N","125° 36' W",7,10,15,785,97
"Muriel Lake",44,"49° 08' N","125° 36' W",7,15,20,645,80
"Muriel Lake",44,"49° 08' N","125° 36' W",7,20,30,449,54
"Muriel Lake",44,"49° 08' N","125° 36' W",7,30,40,170,27
"Muriel Lake",44,"49° 08' N","125° 36' W",7,40,50,70,9
"Muriel Lake",44,"49° 08' N","125° 36' W",8,2,5,825,135
"Muriel Lake",44,"49° 08' N","125° 36' W",8,3,5,825,135
"Muriel Lake",44,"49° 08' N","125° 36' W",8,5,10,770,115
"Muriel Lake",44,"49° 08' N","125° 36' W",8,10,15,655,97
"Muriel Lake",44,"49° 08' N","125° 36' W",8,15,20,570,80
"Muriel Lake",44,"49° 08' N","125° 36' W",8,20,30,490,54
"Muriel Lake",44,"49° 08' N","125° 36' W",8,30,40,270,27
"Muriel Lake",44,"49° 08' N","125° 36' W",8,40,50,0,9
"Muriel Lake",44,"49° 08' N","125° 36' W",9,2,5,460,135
"Muriel Lake",44,"49° 08' N","125° 36' W",9,3,5,460,135
"Muriel Lake",44,"49° 08' N","125° 36' W",9,5,10,450,115
"Muriel Lake",44,"49° 08' N","125° 36' W",9,10,15,430,97
"Muriel Lake",44,"49° 08' N","125° 36' W",9,15,20,415,80
"Muriel Lake",44,"49° 08' N","125° 36' W",9,20,30,362,54
"Muriel Lake",44,"49° 08' N","125° 36' W",9,30,40,240,27
"Muriel Lake",44,"49° 08' N","125° 36' W",9,40,50,0,9
"Muriel Lake",44,"49° 08' N","125° 36' W",10,2,5,420,135
"Muriel Lake",44,"49° 08' N","125° 36' W",10,3,5,420,135
"Muriel Lake",44,"49° 08' N","125° 36' W",10,5,10,275,115
"Muriel Lake",44,"49° 08' N","125° 36' W",10,10,15,190,97
"Muriel Lake",44,"49° 08' N","125° 36' W",10,15,20,45,80
"Muriel Lake",44,"49° 08' N","125° 36' W",10,20,30,15,54
"Muriel Lake",44,"49° 08' N","125° 36' W",10,30,40,0,27
"Muriel Lake",44,"49° 08' N","125° 36' W",10,40,50,0,9
"Nahmint Lake",153,"49° 09' N","125° 00' W",1,2,5,662,711
"Nahmint Lake",153,"49° 09' N","125° 00' W",1,3,5,662,711
"Nahmint Lake",153,"49° 09' N","125° 00' W",1,5,10,649,692
"Nahmint Lake",153,"49° 09' N","125° 00' W",1,10,15,633,673
"Nahmint Lake",153,"49° 09' N","125° 00' W",1,15,20,614,654
"Nahmint Lake",153,"49° 09' N","125° 00' W",1,20,30,590,625
"Nahmint Lake",153,"49° 09' N","125° 00' W",1,30,40,564,581
"Nahmint Lake",153,"49° 09' N","125° 00' W",1,40,50,537,565
"Nahmint Lake",153,"49° 09' N","125° 00' W",1,50,60,516,533
"Nahmint Lake",153,"49° 09' N","125° 00' W",2,2,5,801,711
"Nahmint Lake",153,"49° 09' N","125° 00' W",2,3,5,801,711
"Nahmint Lake",153,"49° 09' N","125° 00' W",2,5,10,792,692
"Nahmint Lake",153,"49° 09' N","125° 00' W",2,10,15,781,673
"Nahmint Lake",153,"49° 09' N","125° 00' W",2,15,20,774,654
"Nahmint Lake",153,"49° 09' N","125° 00' W",2,20,30,746,625
"Nahmint Lake",153,"49° 09' N","125° 00' W",2,30,40,706,581
"Nahmint Lake",153,"49° 09' N","125° 00' W",2,40,50,670,565
"Nahmint Lake",153,"49° 09' N","125° 00' W",2,50,60,646,533
"Nahmint Lake",153,"49° 09' N","125° 00' W",3,2,5,525,711
"Nahmint Lake",153,"49° 09' N","125° 00' W",3,3,5,525,711
"Nahmint Lake",153,"49° 09' N","125° 00' W",3,5,10,504,692
"Nahmint Lake",153,"49° 09' N","125° 00' W",3,10,15,491,673
"Nahmint Lake",153,"49° 09' N","125° 00' W",3,15,20,477,654
"Nahmint Lake",153,"49° 09' N","125° 00' W",3,20,30,454,625
"Nahmint Lake",153,"49° 09' N","125° 00' W",3,30,40,427,581
"Nahmint Lake",153,"49° 09' N","125° 00' W",3,40,50,395,565
"Nahmint Lake",153,"49° 09' N","125° 00' W",3,50,60,370,533
"Nahmint Lake",153,"49° 09' N","125° 00' W",4,2,5,672,711
"Nahmint Lake",153,"49° 09' N","125° 00' W",4,3,5,672,711
"Nahmint Lake",153,"49° 09' N","125° 00' W",4,5,10,653,692
"Nahmint Lake",153,"49° 09' N","125° 00' W",4,10,15,635,673
"Nahmint Lake",153,"49° 09' N","125° 00' W",4,15,20,619,654
"Nahmint Lake",153,"49° 09' N","125° 00' W",4,20,30,593,625
"Nahmint Lake",153,"49° 09' N","125° 00' W",4,30,40,552,581
"Nahmint Lake",153,"49° 09' N","125° 00' W",4,40,50,524,565
"Nahmint Lake",153,"49° 09' N","125° 00' W",4,50,60,483,533
"Nahmint Lake",153,"49° 09' N","125° 00' W",5,2,5,582,711
"Nahmint Lake",153,"49° 09' N","125° 00' W",5,3,5,582,711
"Nahmint Lake",153,"49° 09' N","125° 00' W",5,5,10,568,692
"Nahmint Lake",153,"49° 09' N","125° 00' W",5,10,15,546,673
"Nahmint Lake",153,"49° 09' N","125° 00' W",5,15,20,475,654
"Nahmint Lake",153,"49° 09' N","125° 00' W",5,20,30,447,625
"Nahmint Lake",153,"49° 09' N","125° 00' W",5,30,40,411,581
"Nahmint Lake",153,"49° 09' N","125° 00' W",5,40,50,381,565
"Nahmint Lake",153,"49° 09' N","125° 00' W",5,50,60,352,533
"Nahwitti Lake",121,"50° 43' N","127° 51' W",1,2,5,735,222
"Nahwitti Lake",121,"50° 43' N","127° 51' W",1,3,5,735,222
"Nahwitti Lake",121,"50° 43' N","127° 51' W",1,5,10,720,207
"Nahwitti Lake",121,"50° 43' N","127° 51' W",1,10,15,700,192
"Nahwitti Lake",121,"50° 43' N","127° 51' W",1,15,20,680,175
"Nahwitti Lake",121,"50° 43' N","127° 51' W",1,20,30,635,144
"Nahwitti Lake",121,"50° 43' N","127° 51' W",1,30,40,160,75
"Nahwitti Lake",121,"50° 43' N","127° 51' W",1,40,50,0,14
"Nahwitti Lake",121,"50° 43' N","127° 51' W",2,2,5,685,222
"Nahwitti Lake",121,"50° 43' N","127° 51' W",2,3,5,685,222
"Nahwitti Lake",121,"50° 43' N","127° 51' W",2,5,10,660,207
"Nahwitti Lake",121,"50° 43' N","127° 51' W",2,10,15,625,192
"Nahwitti Lake",121,"50° 43' N","127° 51' W",2,15,20,605,175
"Nahwitti Lake",121,"50° 43' N","127° 51' W",2,20,30,550,144
"Nahwitti Lake",121,"50° 43' N","127° 51' W",2,30,40,245,75
"Nahwitti Lake",121,"50° 43' N","127° 51' W",2,40,50,130,14
"Nahwitti Lake",121,"50° 43' N","127° 51' W",3,2,5,640,222
"Nahwitti Lake",121,"50° 43' N","127° 51' W",3,3,5,640,222
"Nahwitti Lake",121,"50° 43' N","127° 51' W",3,5,10,625,207
"Nahwitti Lake",121,"50° 43' N","127° 51' W",3,10,15,610,192
"Nahwitti Lake",121,"50° 43' N","127° 51' W",3,15,20,590,175
"Nahwitti Lake",121,"50° 43' N","127° 51' W",3,20,30,600,144
"Nahwitti Lake",121,"50° 43' N","127° 51' W",3,30,40,295,75
"Nahwitti Lake",121,"50° 43' N","127° 51' W",3,40,50,0,14
"Nahwitti Lake",121,"50° 43' N","127° 51' W",4,2,5,350,222
"Nahwitti Lake",121,"50° 43' N","127° 51' W",4,3,5,350,222
"Nahwitti Lake",121,"50° 43' N","127° 51' W",4,5,10,335,207
"Nahwitti Lake",121,"50° 43' N","127° 51' W",4,10,15,300,192
"Nahwitti Lake",121,"50° 43' N","127° 51' W",4,15,20,265,175
"Nahwitti Lake",121,"50° 43' N","127° 51' W",4,20,30,205,144
"Nahwitti Lake",121,"50° 43' N","127° 51' W",4,30,40,100,75
"Nahwitti Lake",121,"50° 43' N","127° 51' W",4,40,50,0,14
"Nahwitti Lake",121,"50° 43' N","127° 51' W",5,2,5,565,222
"Nahwitti Lake",121,"50° 43' N","127° 51' W",5,3,5,565,222
"Nahwitti Lake",121,"50° 43' N","127° 51' W",5,5,10,515,207
"Nahwitti Lake",121,"50° 43' N","127° 51' W",5,10,15,440,192
"Nahwitti Lake",121,"50° 43' N","127° 51' W",5,15,20,390,175
"Nahwitti Lake",121,"50° 43' N","127° 51' W",5,20,30,325,144
"Nahwitti Lake",121,"50° 43' N","127° 51' W",5,30,40,225,75
"Nahwitti Lake",121,"50° 43' N","127° 51' W",5,40,50,70,14
"Nahwitti_2005",247,NA,NA,1,2,5,600,222
"Nahwitti_2005",247,NA,NA,1,3,5,600,222
"Nahwitti_2005",247,NA,NA,1,5,10,511,207
"Nahwitti_2005",247,NA,NA,1,10,15,301,192
"Nahwitti_2005",247,NA,NA,1,15,20,255,175
"Nahwitti_2005",247,NA,NA,1,20,30,191,144
"Nahwitti_2005",247,NA,NA,1,30,40,0,75
"Nahwitti_2005",247,NA,NA,1,40,50,0,14
"Nahwitti_2005",247,NA,NA,2,2,5,400,222
"Nahwitti_2005",247,NA,NA,2,3,5,400,222
"Nahwitti_2005",247,NA,NA,2,5,10,388,207
"Nahwitti_2005",247,NA,NA,2,10,15,304,192
"Nahwitti_2005",247,NA,NA,2,15,20,236,175
"Nahwitti_2005",247,NA,NA,2,20,30,41,144
"Nahwitti_2005",247,NA,NA,2,30,40,0,75
"Nahwitti_2005",247,NA,NA,2,40,50,0,14
"Nahwitti_2005",247,NA,NA,3,2,5,700,222
"Nahwitti_2005",247,NA,NA,3,3,5,700,222
"Nahwitti_2005",247,NA,NA,3,5,10,672,207
"Nahwitti_2005",247,NA,NA,3,10,15,633,192
"Nahwitti_2005",247,NA,NA,3,15,20,633,175
"Nahwitti_2005",247,NA,NA,3,20,30,495,144
"Nahwitti_2005",247,NA,NA,3,30,40,342,75
"Nahwitti_2005",247,NA,NA,3,40,50,108,14
"Nahwitti_2005",247,NA,NA,4,2,5,900,222
"Nahwitti_2005",247,NA,NA,4,3,5,900,222
"Nahwitti_2005",247,NA,NA,4,5,10,892,207
"Nahwitti_2005",247,NA,NA,4,10,15,865,192
"Nahwitti_2005",247,NA,NA,4,15,20,833,175
"Nahwitti_2005",247,NA,NA,4,20,30,796,144
"Nahwitti_2005",247,NA,NA,4,30,40,486,75
"Nahwitti_2005",247,NA,NA,4,40,50,0,14
"Nahwitti_2005",247,NA,NA,5,2,5,800,222
"Nahwitti_2005",247,NA,NA,5,3,5,800,222
"Nahwitti_2005",247,NA,NA,5,5,10,794,207
"Nahwitti_2005",247,NA,NA,5,10,15,763,192
"Nahwitti_2005",247,NA,NA,5,15,20,739,175
"Nahwitti_2005",247,NA,NA,5,20,30,695,144
"Nahwitti_2005",247,NA,NA,5,30,40,330,75
"Nahwitti_2005",247,NA,NA,5,40,50,0,14
"Nahwitti_2005",247,NA,NA,6,2,5,800,222
"Nahwitti_2005",247,NA,NA,6,3,5,800,222
"Nahwitti_2005",247,NA,NA,6,5,10,796,207
"Nahwitti_2005",247,NA,NA,6,10,15,782,192
"Nahwitti_2005",247,NA,NA,6,15,20,750,175
"Nahwitti_2005",247,NA,NA,6,20,30,720,144
"Nahwitti_2005",247,NA,NA,6,30,40,270,75
"Nahwitti_2005",247,NA,NA,6,40,50,114,14
"Nahwitti_2005",247,NA,NA,7,2,5,900,222
"Nahwitti_2005",247,NA,NA,7,3,5,900,222
"Nahwitti_2005",247,NA,NA,7,5,10,890,207
"Nahwitti_2005",247,NA,NA,7,10,15,873,192
"Nahwitti_2005",247,NA,NA,7,15,20,846,175
"Nahwitti_2005",247,NA,NA,7,20,30,813,144
"Nahwitti_2005",247,NA,NA,7,30,40,339,75
"Nahwitti_2005",247,NA,NA,7,40,50,176,14
"Nahwitti_2005",247,NA,NA,8,2,5,800,222
"Nahwitti_2005",247,NA,NA,8,3,5,800,222
"Nahwitti_2005",247,NA,NA,8,5,10,787,207
"Nahwitti_2005",247,NA,NA,8,10,15,766,192
"Nahwitti_2005",247,NA,NA,8,15,20,735,175
"Nahwitti_2005",247,NA,NA,8,20,30,675,144
"Nahwitti_2005",247,NA,NA,8,30,40,199,75
"Nahwitti_2005",247,NA,NA,8,40,50,0,14
"Nakina Lake",224,NA,NA,1,2,5,535,452
"Nakina Lake",224,NA,NA,1,3,5,535,452
"Nakina Lake",224,NA,NA,1,5,10,440,366
"Nakina Lake",224,NA,NA,1,10,15,410,272
"Nakina Lake",224,NA,NA,1,15,20,323,191
"Nakina Lake",224,NA,NA,1,20,30,255,118
"Nakina Lake",224,NA,NA,1,30,40,0,45
"Nakina Lake",224,NA,NA,2,2,5,611,452
"Nakina Lake",224,NA,NA,2,3,5,611,452
"Nakina Lake",224,NA,NA,2,5,10,543,366
"Nakina Lake",224,NA,NA,2,10,15,465,272
"Nakina Lake",224,NA,NA,2,15,20,415,191
"Nakina Lake",224,NA,NA,2,20,30,262,118
"Nakina Lake",224,NA,NA,2,30,40,252,45
"Nakina Lake",224,NA,NA,3,2,5,809,452
"Nakina Lake",224,NA,NA,3,3,5,809,452
"Nakina Lake",224,NA,NA,3,5,10,711,366
"Nakina Lake",224,NA,NA,3,10,15,575,272
"Nakina Lake",224,NA,NA,3,15,20,397,191
"Nakina Lake",224,NA,NA,3,20,30,209,118
"Nakina Lake",224,NA,NA,3,30,40,0,45
"Nakina Lake",224,NA,NA,4,2,5,438,452
"Nakina Lake",224,NA,NA,4,3,5,438,452
"Nakina Lake",224,NA,NA,4,5,10,362,366
"Nakina Lake",224,NA,NA,4,10,15,338,272
"Nakina Lake",224,NA,NA,4,15,20,303,191
"Nakina Lake",224,NA,NA,4,20,30,82,118
"Nakina Lake",224,NA,NA,4,30,40,0,45
"Nakina Lake",224,NA,NA,5,2,5,807,452
"Nakina Lake",224,NA,NA,5,3,5,807,452
"Nakina Lake",224,NA,NA,5,5,10,771,366
"Nakina Lake",224,NA,NA,5,10,15,224,272
"Nakina Lake",224,NA,NA,5,15,20,77,191
"Nakina Lake",224,NA,NA,5,20,30,0,118
"Nakina Lake",224,NA,NA,5,30,40,0,45
"Nakina Lake",224,NA,NA,6,2,5,261,452
"Nakina Lake",224,NA,NA,6,3,5,261,452
"Nakina Lake",224,NA,NA,6,5,10,0,366
"Nakina Lake",224,NA,NA,6,10,15,0,272
"Nakina Lake",224,NA,NA,6,15,20,0,191
"Nakina Lake",224,NA,NA,6,20,30,0,118
"Nakina Lake",224,NA,NA,6,30,40,0,45
"Nakina Lake",224,NA,NA,7,2,5,338,452
"Nakina Lake",224,NA,NA,7,3,5,338,452
"Nakina Lake",224,NA,NA,7,5,10,284,366
"Nakina Lake",224,NA,NA,7,10,15,80,272
"Nakina Lake",224,NA,NA,7,15,20,0,191
"Nakina Lake",224,NA,NA,7,20,30,0,118
"Nakina Lake",224,NA,NA,7,30,40,0,45
"Nimpkish Lake",21,"50° 25' N","125° 40' W",1,2,5,806,3628
"Nimpkish Lake",21,"50° 25' N","125° 40' W",1,3,5,806,3628
"Nimpkish Lake",21,"50° 25' N","125° 40' W",1,5,10,799,3604
"Nimpkish Lake",21,"50° 25' N","125° 40' W",1,10,15,791,3554
"Nimpkish Lake",21,"50° 25' N","125° 40' W",1,15,20,731,3424
"Nimpkish Lake",21,"50° 25' N","125° 40' W",1,20,30,656,3282
"Nimpkish Lake",21,"50° 25' N","125° 40' W",1,30,40,576,3104
"Nimpkish Lake",21,"50° 25' N","125° 40' W",1,40,50,512,2976
"Nimpkish Lake",21,"50° 25' N","125° 40' W",1,50,60,452,2865
"Nimpkish Lake",21,"50° 25' N","125° 40' W",1,60,70,0,2727
"Nimpkish Lake",21,"50° 25' N","125° 40' W",1,70,80,0,2607
"Nimpkish Lake",21,"50° 25' N","125° 40' W",2,2,5,1344,3628
"Nimpkish Lake",21,"50° 25' N","125° 40' W",2,3,5,1344,3628
"Nimpkish Lake",21,"50° 25' N","125° 40' W",2,5,10,1331,3604
"Nimpkish Lake",21,"50° 25' N","125° 40' W",2,10,15,1330,3554
"Nimpkish Lake",21,"50° 25' N","125° 40' W",2,15,20,1282,3424
"Nimpkish Lake",21,"50° 25' N","125° 40' W",2,20,30,1184,3282
"Nimpkish Lake",21,"50° 25' N","125° 40' W",2,30,40,1162,3104
"Nimpkish Lake",21,"50° 25' N","125° 40' W",2,40,50,1106,2976
"Nimpkish Lake",21,"50° 25' N","125° 40' W",2,50,60,995,2865
"Nimpkish Lake",21,"50° 25' N","125° 40' W",2,60,70,970,2727
"Nimpkish Lake",21,"50° 25' N","125° 40' W",2,70,80,950,2607
"Nimpkish Lake",21,"50° 25' N","125° 40' W",3,2,5,1269,3628
"Nimpkish Lake",21,"50° 25' N","125° 40' W",3,3,5,1269,3628
"Nimpkish Lake",21,"50° 25' N","125° 40' W",3,5,10,1254,3604
"Nimpkish Lake",21,"50° 25' N","125° 40' W",3,10,15,1246,3554
"Nimpkish Lake",21,"50° 25' N","125° 40' W",3,15,20,1225,3424
"Nimpkish Lake",21,"50° 25' N","125° 40' W",3,20,30,1184,3282
"Nimpkish Lake",21,"50° 25' N","125° 40' W",3,30,40,1144,3104
"Nimpkish Lake",21,"50° 25' N","125° 40' W",3,40,50,1109,2976
"Nimpkish Lake",21,"50° 25' N","125° 40' W",3,50,60,1074,2865
"Nimpkish Lake",21,"50° 25' N","125° 40' W",3,60,70,1044,2727
"Nimpkish Lake",21,"50° 25' N","125° 40' W",3,70,80,1014,2607
"Nimpkish Lake",21,"50° 25' N","125° 40' W",4,2,5,1702,3628
"Nimpkish Lake",21,"50° 25' N","125° 40' W",4,3,5,1702,3628
"Nimpkish Lake",21,"50° 25' N","125° 40' W",4,5,10,1679,3604
"Nimpkish Lake",21,"50° 25' N","125° 40' W",4,10,15,1657,3554
"Nimpkish Lake",21,"50° 25' N","125° 40' W",4,15,20,1646,3424
"Nimpkish Lake",21,"50° 25' N","125° 40' W",4,20,30,1617,3282
"Nimpkish Lake",21,"50° 25' N","125° 40' W",4,30,40,1573,3104
"Nimpkish Lake",21,"50° 25' N","125° 40' W",4,40,50,1528,2976
"Nimpkish Lake",21,"50° 25' N","125° 40' W",4,50,60,1461,2865
"Nimpkish Lake",21,"50° 25' N","125° 40' W",4,60,70,1421,2727
"Nimpkish Lake",21,"50° 25' N","125° 40' W",4,70,80,1380,2607
"Nimpkish Lake",21,"50° 25' N","125° 40' W",5,2,5,1729,3628
"Nimpkish Lake",21,"50° 25' N","125° 40' W",5,3,5,1729,3628
"Nimpkish Lake",21,"50° 25' N","125° 40' W",5,5,10,1712,3604
"Nimpkish Lake",21,"50° 25' N","125° 40' W",5,10,15,1700,3554
"Nimpkish Lake",21,"50° 25' N","125° 40' W",5,15,20,1690,3424
"Nimpkish Lake",21,"50° 25' N","125° 40' W",5,20,30,1664,3282
"Nimpkish Lake",21,"50° 25' N","125° 40' W",5,30,40,1627,3104
"Nimpkish Lake",21,"50° 25' N","125° 40' W",5,40,50,1582,2976
"Nimpkish Lake",21,"50° 25' N","125° 40' W",5,50,60,1544,2865
"Nimpkish Lake",21,"50° 25' N","125° 40' W",5,60,70,1508,2727
"Nimpkish Lake",21,"50° 25' N","125° 40' W",5,70,80,1465,2607
"Nimpkish Lake",21,"50° 25' N","125° 40' W",6,2,5,1843,3628
"Nimpkish Lake",21,"50° 25' N","125° 40' W",6,3,5,1843,3628
"Nimpkish Lake",21,"50° 25' N","125° 40' W",6,5,10,1838,3604
"Nimpkish Lake",21,"50° 25' N","125° 40' W",6,10,15,1819,3554
"Nimpkish Lake",21,"50° 25' N","125° 40' W",6,15,20,1796,3424
"Nimpkish Lake",21,"50° 25' N","125° 40' W",6,20,30,1773,3282
"Nimpkish Lake",21,"50° 25' N","125° 40' W",6,30,40,1738,3104
"Nimpkish Lake",21,"50° 25' N","125° 40' W",6,40,50,1708,2976
"Nimpkish Lake",21,"50° 25' N","125° 40' W",6,50,60,1668,2865
"Nimpkish Lake",21,"50° 25' N","125° 40' W",6,60,70,1627,2727
"Nimpkish Lake",21,"50° 25' N","125° 40' W",6,70,80,1564,2607
"Nimpkish Lake",21,"50° 25' N","125° 40' W",7,2,5,1537,3628
"Nimpkish Lake",21,"50° 25' N","125° 40' W",7,3,5,1537,3628
"Nimpkish Lake",21,"50° 25' N","125° 40' W",7,5,10,1522,3604
"Nimpkish Lake",21,"50° 25' N","125° 40' W",7,10,15,1505,3554
"Nimpkish Lake",21,"50° 25' N","125° 40' W",7,15,20,1481,3424
"Nimpkish Lake",21,"50° 25' N","125° 40' W",7,20,30,1440,3282
"Nimpkish Lake",21,"50° 25' N","125° 40' W",7,30,40,1390,3104
"Nimpkish Lake",21,"50° 25' N","125° 40' W",7,40,50,1351,2976
"Nimpkish Lake",21,"50° 25' N","125° 40' W",7,50,60,1307,2865
"Nimpkish Lake",21,"50° 25' N","125° 40' W",7,60,70,1275,2727
"Nimpkish Lake",21,"50° 25' N","125° 40' W",7,70,80,1244,2607
"Nimpkish Lake",21,"50° 25' N","125° 40' W",8,2,5,1093,3628
"Nimpkish Lake",21,"50° 25' N","125° 40' W",8,3,5,1093,3628
"Nimpkish Lake",21,"50° 25' N","125° 40' W",8,5,10,1049,3604
"Nimpkish Lake",21,"50° 25' N","125° 40' W",8,10,15,973,3554
"Nimpkish Lake",21,"50° 25' N","125° 40' W",8,15,20,891,3424
"Nimpkish Lake",21,"50° 25' N","125° 40' W",8,20,30,763,3282
"Nimpkish Lake",21,"50° 25' N","125° 40' W",8,30,40,685,3104
"Nimpkish Lake",21,"50° 25' N","125° 40' W",8,40,50,612,2976
"Nimpkish Lake",21,"50° 25' N","125° 40' W",8,50,60,551,2865
"Nimpkish Lake",21,"50° 25' N","125° 40' W",8,60,70,504,2727
"Nimpkish Lake",21,"50° 25' N","125° 40' W",8,70,80,464,2607
"Osoyoos Lake C",239,"49° 01' N","119° 27' W",1,2,5,1746,179
"Osoyoos Lake C",239,"49° 01' N","119° 27' W",1,3,5,1746,179
"Osoyoos Lake C",239,"49° 01' N","119° 27' W",1,5,10,1707,140
"Osoyoos Lake C",239,"49° 01' N","119° 27' W",1,10,15,1424,101
"Osoyoos Lake C",239,"49° 01' N","119° 27' W",1,15,20,977,50
"Osoyoos Lake C",239,"49° 01' N","119° 27' W",1,20,30,911,24
"Osoyoos Lake C",239,"49° 01' N","119° 27' W",2,2,5,1261,179
"Osoyoos Lake C",239,"49° 01' N","119° 27' W",2,3,5,1261,179
"Osoyoos Lake C",239,"49° 01' N","119° 27' W",2,5,10,1261,140
"Osoyoos Lake C",239,"49° 01' N","119° 27' W",2,10,15,1207,101
"Osoyoos Lake C",239,"49° 01' N","119° 27' W",2,15,20,1084,50
"Osoyoos Lake C",239,"49° 01' N","119° 27' W",2,20,30,0,24
"Osoyoos Lake N",238,"49° 08' N","119° 29' W",1,2,5,828,933
"Osoyoos Lake N",238,"49° 08' N","119° 29' W",1,3,5,828,933
"Osoyoos Lake N",238,"49° 08' N","119° 29' W",1,5,10,827,883
"Osoyoos Lake N",238,"49° 08' N","119° 29' W",1,10,15,809,810
"Osoyoos Lake N",238,"49° 08' N","119° 29' W",1,15,20,790,734
"Osoyoos Lake N",238,"49° 08' N","119° 29' W",1,20,30,760,613
"Osoyoos Lake N",238,"49° 08' N","119° 29' W",1,30,40,611,374
"Osoyoos Lake N",238,"49° 08' N","119° 29' W",2,2,5,1152,933
"Osoyoos Lake N",238,"49° 08' N","119° 29' W",2,3,5,1152,933
"Osoyoos Lake N",238,"49° 08' N","119° 29' W",2,5,10,1136,883
"Osoyoos Lake N",238,"49° 08' N","119° 29' W",2,10,15,1122,810
"Osoyoos Lake N",238,"49° 08' N","119° 29' W",2,15,20,1108,734
"Osoyoos Lake N",238,"49° 08' N","119° 29' W",2,20,30,1073,613
"Osoyoos Lake N",238,"49° 08' N","119° 29' W",2,30,40,973,374
"Osoyoos Lake N",238,"49° 08' N","119° 29' W",3,2,5,1407,933
"Osoyoos Lake N",238,"49° 08' N","119° 29' W",3,3,5,1407,933
"Osoyoos Lake N",238,"49° 08' N","119° 29' W",3,5,10,1402,883
"Osoyoos Lake N",238,"49° 08' N","119° 29' W",3,10,15,1380,810
"Osoyoos Lake N",238,"49° 08' N","119° 29' W",3,15,20,1302,734
"Osoyoos Lake N",238,"49° 08' N","119° 29' W",3,20,30,1245,613
"Osoyoos Lake N",238,"49° 08' N","119° 29' W",3,30,40,1042,374
"Osoyoos Lake N",238,"49° 08' N","119° 29' W",4,2,5,1151,933
"Osoyoos Lake N",238,"49° 08' N","119° 29' W",4,3,5,1151,933
"Osoyoos Lake N",238,"49° 08' N","119° 29' W",4,5,10,1151,883
"Osoyoos Lake N",238,"49° 08' N","119° 29' W",4,10,15,1128,810
"Osoyoos Lake N",238,"49° 08' N","119° 29' W",4,15,20,1038,734
"Osoyoos Lake N",238,"49° 08' N","119° 29' W",4,20,30,976,613
"Osoyoos Lake N",238,"49° 08' N","119° 29' W",4,30,40,735,374
"Osoyoos Lake N",238,"49° 08' N","119° 29' W",5,2,5,752,933
"Osoyoos Lake N",238,"49° 08' N","119° 29' W",5,3,5,752,933
"Osoyoos Lake N",238,"49° 08' N","119° 29' W",5,5,10,752,883
"Osoyoos Lake N",238,"49° 08' N","119° 29' W",5,10,15,752,810
"Osoyoos Lake N",238,"49° 08' N","119° 29' W",5,15,20,731,734
"Osoyoos Lake N",238,"49° 08' N","119° 29' W",5,20,30,652,613
"Osoyoos Lake N",238,"49° 08' N","119° 29' W",5,30,40,423,374
"Osoyoos Lake N",238,"49° 08' N","119° 29' W",6,2,5,814,933
"Osoyoos Lake N",238,"49° 08' N","119° 29' W",6,3,5,813,933
"Osoyoos Lake N",238,"49° 08' N","119° 29' W",6,5,10,813,883
"Osoyoos Lake N",238,"49° 08' N","119° 29' W",6,10,15,800,810
"Osoyoos Lake N",238,"49° 08' N","119° 29' W",6,15,20,778,734
"Osoyoos Lake N",238,"49° 08' N","119° 29' W",6,20,30,662,613
"Osoyoos Lake N",238,"49° 08' N","119° 29' W",6,30,40,419,374
"Osoyoos Lake N",238,"49° 08' N","119° 29' W",7,2,5,1466,933
"Osoyoos Lake N",238,"49° 08' N","119° 29' W",7,3,5,1465,933
"Osoyoos Lake N",238,"49° 08' N","119° 29' W",7,5,10,1465,883
"Osoyoos Lake N",238,"49° 08' N","119° 29' W",7,10,15,1441,810
"Osoyoos Lake N",238,"49° 08' N","119° 29' W",7,15,20,1329,734
"Osoyoos Lake N",238,"49° 08' N","119° 29' W",7,20,30,1247,613
"Osoyoos Lake N",238,"49° 08' N","119° 29' W",7,30,40,1072,374
"Osoyoos Lake N",238,"49° 08' N","119° 29' W",8,2,5,1310,933
"Osoyoos Lake N",238,"49° 08' N","119° 29' W",8,3,5,1310,933
"Osoyoos Lake N",238,"49° 08' N","119° 29' W",8,5,10,1286,883
"Osoyoos Lake N",238,"49° 08' N","119° 29' W",8,10,15,1247,810
"Osoyoos Lake N",238,"49° 08' N","119° 29' W",8,15,20,1145,734
"Osoyoos Lake N",238,"49° 08' N","119° 29' W",8,20,30,956,613
"Osoyoos Lake N",238,"49° 08' N","119° 29' W",8,30,40,0,374
"Osoyoos Lake N",238,"49° 08' N","119° 29' W",9,2,5,1181,933
"Osoyoos Lake N",238,"49° 08' N","119° 29' W",9,3,5,1180,933
"Osoyoos Lake N",238,"49° 08' N","119° 29' W",9,5,10,1169,883
"Osoyoos Lake N",238,"49° 08' N","119° 29' W",9,10,15,1150,810
"Osoyoos Lake N",238,"49° 08' N","119° 29' W",9,15,20,1079,734
"Osoyoos Lake N",238,"49° 08' N","119° 29' W",9,20,30,882,613
"Osoyoos Lake N",238,"49° 08' N","119° 29' W",9,30,40,809,374
"Osoyoos Lake N",238,"49° 08' N","119° 29' W",10,2,5,2300,933
"Osoyoos Lake N",238,"49° 08' N","119° 29' W",10,3,5,2300,933
"Osoyoos Lake N",238,"49° 08' N","119° 29' W",10,5,10,2232,883
"Osoyoos Lake N",238,"49° 08' N","119° 29' W",10,10,15,2198,810
"Osoyoos Lake N",238,"49° 08' N","119° 29' W",10,15,20,2149,734
"Osoyoos Lake N",238,"49° 08' N","119° 29' W",10,20,30,2008,613
"Osoyoos Lake N",238,"49° 08' N","119° 29' W",10,30,40,1673,374
"Osoyoos Lake S",240,"48° 58' N","119° 26' W",1,2,5,936,898
"Osoyoos Lake S",240,"48° 58' N","119° 26' W",1,3,5,936,898
"Osoyoos Lake S",240,"48° 58' N","119° 26' W",1,5,10,927,782
"Osoyoos Lake S",240,"48° 58' N","119° 26' W",1,10,15,894,625
"Osoyoos Lake S",240,"48° 58' N","119° 26' W",1,15,20,729,285
"Osoyoos Lake S",240,"48° 58' N","119° 26' W",1,20,30,573,129
"Osoyoos Lake S",240,"48° 58' N","119° 26' W",2,2,5,905,898
"Osoyoos Lake S",240,"48° 58' N","119° 26' W",2,3,5,905,898
"Osoyoos Lake S",240,"48° 58' N","119° 26' W",2,5,10,897,782
"Osoyoos Lake S",240,"48° 58' N","119° 26' W",2,10,15,825,625
"Osoyoos Lake S",240,"48° 58' N","119° 26' W",2,15,20,580,285
"Osoyoos Lake S",240,"48° 58' N","119° 26' W",2,20,30,0,129
"Osoyoos Lake S",240,"48° 58' N","119° 26' W",3,2,5,1168,898
"Osoyoos Lake S",240,"48° 58' N","119° 26' W",3,3,5,1168,898
"Osoyoos Lake S",240,"48° 58' N","119° 26' W",3,5,10,1157,782
"Osoyoos Lake S",240,"48° 58' N","119° 26' W",3,10,15,1109,625
"Osoyoos Lake S",240,"48° 58' N","119° 26' W",3,15,20,0,285
"Osoyoos Lake S",240,"48° 58' N","119° 26' W",3,20,30,0,129
"Osoyoos Lake S",240,"48° 58' N","119° 26' W",4,2,5,524,898
"Osoyoos Lake S",240,"48° 58' N","119° 26' W",4,3,5,524,898
"Osoyoos Lake S",240,"48° 58' N","119° 26' W",4,5,10,387,782
"Osoyoos Lake S",240,"48° 58' N","119° 26' W",4,10,15,278,625
"Osoyoos Lake S",240,"48° 58' N","119° 26' W",4,15,20,0,285
"Osoyoos Lake S",240,"48° 58' N","119° 26' W",4,20,30,0,129
"Osoyoos Lake S",240,"48° 58' N","119° 26' W",5,2,5,1313,898
"Osoyoos Lake S",240,"48° 58' N","119° 26' W",5,3,5,1202,898
"Osoyoos Lake S",240,"48° 58' N","119° 26' W",5,5,10,1150,782
"Osoyoos Lake S",240,"48° 58' N","119° 26' W",5,10,15,934,625
"Osoyoos Lake S",240,"48° 58' N","119° 26' W",5,15,20,0,285
"Osoyoos Lake S",240,"48° 58' N","119° 26' W",5,20,30,0,129
"Osoyoos Lake S",240,"48° 58' N","119° 26' W",6,2,5,1744,898
"Osoyoos Lake S",240,"48° 58' N","119° 26' W",6,3,5,1715,898
"Osoyoos Lake S",240,"48° 58' N","119° 26' W",6,5,10,1504,782
"Osoyoos Lake S",240,"48° 58' N","119° 26' W",6,10,15,1081,625
"Osoyoos Lake S",240,"48° 58' N","119° 26' W",6,15,20,0,285
"Osoyoos Lake S",240,"48° 58' N","119° 26' W",6,20,30,0,129
"Osoyoos Lake S",240,"48° 58' N","119° 26' W",7,2,5,2072,898
"Osoyoos Lake S",240,"48° 58' N","119° 26' W",7,3,5,1912,898
"Osoyoos Lake S",240,"48° 58' N","119° 26' W",7,5,10,1741,782
"Osoyoos Lake S",240,"48° 58' N","119° 26' W",7,10,15,0,625
"Osoyoos Lake S",240,"48° 58' N","119° 26' W",7,15,20,0,285
"Osoyoos Lake S",240,"48° 58' N","119° 26' W",7,20,30,0,129
"Osoyoos Lake S",240,"48° 58' N","119° 26' W",8,2,5,1128,898
"Osoyoos Lake S",240,"48° 58' N","119° 26' W",8,3,5,915,898
"Osoyoos Lake S",240,"48° 58' N","119° 26' W",8,5,10,586,782
"Osoyoos Lake S",240,"48° 58' N","119° 26' W",8,10,15,0,625
"Osoyoos Lake S",240,"48° 58' N","119° 26' W",8,15,20,0,285
"Osoyoos Lake S",240,"48° 58' N","119° 26' W",8,20,30,0,129
"Osoyoos_2005",251,NA,NA,1,2,5,828,933
"Osoyoos_2005",251,NA,NA,1,3,5,828,933
"Osoyoos_2005",251,NA,NA,1,5,10,827,883
"Osoyoos_2005",251,NA,NA,1,10,15,809,810
"Osoyoos_2005",251,NA,NA,1,15,20,790,734
"Osoyoos_2005",251,NA,NA,1,20,30,760,613
"Osoyoos_2005",251,NA,NA,1,30,40,611,374
"Osoyoos_2005",251,NA,NA,2,2,5,1152,933
"Osoyoos_2005",251,NA,NA,2,3,5,1152,933
"Osoyoos_2005",251,NA,NA,2,5,10,1136,883
"Osoyoos_2005",251,NA,NA,2,10,15,1122,810
"Osoyoos_2005",251,NA,NA,2,15,20,1108,734
"Osoyoos_2005",251,NA,NA,2,20,30,1073,613
"Osoyoos_2005",251,NA,NA,2,30,40,973,374
"Osoyoos_2005",251,NA,NA,3,2,5,1407,933
"Osoyoos_2005",251,NA,NA,3,3,5,1407,933
"Osoyoos_2005",251,NA,NA,3,5,10,1402,883
"Osoyoos_2005",251,NA,NA,3,10,15,1380,810
"Osoyoos_2005",251,NA,NA,3,15,20,1302,734
"Osoyoos_2005",251,NA,NA,3,20,30,1245,613
"Osoyoos_2005",251,NA,NA,3,30,40,1042,374
"Osoyoos_2005",251,NA,NA,4,2,5,1151,933
"Osoyoos_2005",251,NA,NA,4,3,5,1151,933
"Osoyoos_2005",251,NA,NA,4,5,10,1151,883
"Osoyoos_2005",251,NA,NA,4,10,15,1128,810
"Osoyoos_2005",251,NA,NA,4,15,20,1038,734
"Osoyoos_2005",251,NA,NA,4,20,30,976,613
"Osoyoos_2005",251,NA,NA,4,30,40,735,374
"Osoyoos_2005",251,NA,NA,5,2,5,752,933
"Osoyoos_2005",251,NA,NA,5,3,5,752,933
"Osoyoos_2005",251,NA,NA,5,5,10,752,883
"Osoyoos_2005",251,NA,NA,5,10,15,752,810
"Osoyoos_2005",251,NA,NA,5,15,20,731,734
"Osoyoos_2005",251,NA,NA,5,20,30,652,613
"Osoyoos_2005",251,NA,NA,5,30,40,423,374
"Osoyoos_2005",251,NA,NA,6,2,5,814,933
"Osoyoos_2005",251,NA,NA,6,3,5,813,933
"Osoyoos_2005",251,NA,NA,6,5,10,813,883
"Osoyoos_2005",251,NA,NA,6,10,15,800,810
"Osoyoos_2005",251,NA,NA,6,15,20,778,734
"Osoyoos_2005",251,NA,NA,6,20,30,662,613
"Osoyoos_2005",251,NA,NA,6,30,40,419,374
"Osoyoos_2005",251,NA,NA,7,2,5,1466,933
"Osoyoos_2005",251,NA,NA,7,3,5,1465,933
"Osoyoos_2005",251,NA,NA,7,5,10,1465,883
"Osoyoos_2005",251,NA,NA,7,10,15,1441,810
"Osoyoos_2005",251,NA,NA,7,15,20,1329,734
"Osoyoos_2005",251,NA,NA,7,20,30,1247,613
"Osoyoos_2005",251,NA,NA,7,30,40,1072,374
"Osoyoos_2005",251,NA,NA,8,2,5,1310,933
"Osoyoos_2005",251,NA,NA,8,3,5,1310,933
"Osoyoos_2005",251,NA,NA,8,5,10,1286,883
"Osoyoos_2005",251,NA,NA,8,10,15,1247,810
"Osoyoos_2005",251,NA,NA,8,15,20,1145,734
"Osoyoos_2005",251,NA,NA,8,20,30,956,613
"Osoyoos_2005",251,NA,NA,8,30,40,0,374
"Osoyoos_2005",251,NA,NA,9,2,5,1181,933
"Osoyoos_2005",251,NA,NA,9,3,5,1180,933
"Osoyoos_2005",251,NA,NA,9,5,10,1169,883
"Osoyoos_2005",251,NA,NA,9,10,15,1150,810
"Osoyoos_2005",251,NA,NA,9,15,20,1079,734
"Osoyoos_2005",251,NA,NA,9,20,30,882,613
"Osoyoos_2005",251,NA,NA,9,30,40,809,374
"Osoyoos_2005",251,NA,NA,10,2,5,2300,933
"Osoyoos_2005",251,NA,NA,10,3,5,2300,933
"Osoyoos_2005",251,NA,NA,10,5,10,2232,883
"Osoyoos_2005",251,NA,NA,10,10,15,2198,810
"Osoyoos_2005",251,NA,NA,10,15,20,2149,734
"Osoyoos_2005",251,NA,NA,10,20,30,2008,613
"Osoyoos_2005",251,NA,NA,10,30,40,1673,374
"Osoyoos_2005",251,NA,NA,11,2,5,1400,933
"Osoyoos_2005",251,NA,NA,11,3,5,1400,933
"Osoyoos_2005",251,NA,NA,11,5,10,1379,883
"Osoyoos_2005",251,NA,NA,11,10,15,1142,810
"Osoyoos_2005",251,NA,NA,11,15,20,1008,734
"Osoyoos_2005",251,NA,NA,11,20,30,792,613
"Osoyoos_2005",251,NA,NA,11,30,40,82,374
"Osoyoos_2005",251,NA,NA,12,2,5,1600,933
"Osoyoos_2005",251,NA,NA,12,3,5,1600,933
"Osoyoos_2005",251,NA,NA,12,5,10,1576,883
"Osoyoos_2005",251,NA,NA,12,10,15,1448,810
"Osoyoos_2005",251,NA,NA,12,15,20,968,734
"Osoyoos_2005",251,NA,NA,12,20,30,719,613
"Osoyoos_2005",251,NA,NA,12,30,40,541,374
"Osoyoos_2005",251,NA,NA,13,2,5,2000,933
"Osoyoos_2005",251,NA,NA,13,3,5,2000,933
"Osoyoos_2005",251,NA,NA,13,5,10,2000,883
"Osoyoos_2005",251,NA,NA,13,10,15,1705,810
"Osoyoos_2005",251,NA,NA,13,15,20,1589,734
"Osoyoos_2005",251,NA,NA,13,20,30,1375,613
"Osoyoos_2005",251,NA,NA,13,30,40,1063,374
"Osoyoos_2005",251,NA,NA,14,2,5,2900,933
"Osoyoos_2005",251,NA,NA,14,3,5,2900,933
"Osoyoos_2005",251,NA,NA,14,5,10,2892,883
"Osoyoos_2005",251,NA,NA,14,10,15,2827,810
"Osoyoos_2005",251,NA,NA,14,15,20,2634,734
"Osoyoos_2005",251,NA,NA,14,20,30,2295,613
"Osoyoos_2005",251,NA,NA,14,30,40,1450,374
"Owikeno Lake (A)",228,"51° 41' N","126° 55' W",1,2,5,1644,6625
"Owikeno Lake (A)",228,"51° 41' N","126° 55' W",1,3,5,1644,6625
"Owikeno Lake (A)",228,"51° 41' N","126° 55' W",1,5,10,1644,6526
"Owikeno Lake (A)",228,"51° 41' N","126° 55' W",1,10,15,1638,6393
"Owikeno Lake (A)",228,"51° 41' N","126° 55' W",1,15,20,1626,6260
"Owikeno Lake (A)",228,"51° 41' N","126° 55' W",1,20,30,1607,6090
"Owikeno Lake (A)",228,"51° 41' N","126° 55' W",1,30,40,1581,5883
"Owikeno Lake (A)",228,"51° 41' N","126° 55' W",1,40,50,1551,5691
"Owikeno Lake (A)",228,"51° 41' N","126° 55' W",1,50,60,1521,5514
"Owikeno Lake (A)",228,"51° 41' N","126° 55' W",1,60,70,1487,5357
"Owikeno Lake (A)",228,"51° 41' N","126° 55' W",1,70,80,1450,5220
"Owikeno Lake (A)",228,"51° 41' N","126° 55' W",1,80,90,1421,5081
"Owikeno Lake (A)",228,"51° 41' N","126° 55' W",1,90,100,1394,4939
"Owikeno Lake (A)",228,"51° 41' N","126° 55' W",2,2,5,1833,6625
"Owikeno Lake (A)",228,"51° 41' N","126° 55' W",2,3,5,1833,6625
"Owikeno Lake (A)",228,"51° 41' N","126° 55' W",2,5,10,1827,6526
"Owikeno Lake (A)",228,"51° 41' N","126° 55' W",2,10,15,1805,6393
"Owikeno Lake (A)",228,"51° 41' N","126° 55' W",2,15,20,1783,6260
"Owikeno Lake (A)",228,"51° 41' N","126° 55' W",2,20,30,1752,6090
"Owikeno Lake (A)",228,"51° 41' N","126° 55' W",2,30,40,1707,5883
"Owikeno Lake (A)",228,"51° 41' N","126° 55' W",2,40,50,1664,5691
"Owikeno Lake (A)",228,"51° 41' N","126° 55' W",2,50,60,1613,5514
"Owikeno Lake (A)",228,"51° 41' N","126° 55' W",2,60,70,1559,5357
"Owikeno Lake (A)",228,"51° 41' N","126° 55' W",2,70,80,1525,5220
"Owikeno Lake (A)",228,"51° 41' N","126° 55' W",2,80,90,1501,5081
"Owikeno Lake (A)",228,"51° 41' N","126° 55' W",2,90,100,1475,4939
"Owikeno Lake (A)",228,"51° 41' N","126° 55' W",3,2,5,2000,6625
"Owikeno Lake (A)",228,"51° 41' N","126° 55' W",3,3,5,2000,6625
"Owikeno Lake (A)",228,"51° 41' N","126° 55' W",3,5,10,2000,6526
"Owikeno Lake (A)",228,"51° 41' N","126° 55' W",3,10,15,1974,6393
"Owikeno Lake (A)",228,"51° 41' N","126° 55' W",3,15,20,1935,6260
"Owikeno Lake (A)",228,"51° 41' N","126° 55' W",3,20,30,1899,6090
"Owikeno Lake (A)",228,"51° 41' N","126° 55' W",3,30,40,1854,5883
"Owikeno Lake (A)",228,"51° 41' N","126° 55' W",3,40,50,1813,5691
"Owikeno Lake (A)",228,"51° 41' N","126° 55' W",3,50,60,1776,5514
"Owikeno Lake (A)",228,"51° 41' N","126° 55' W",3,60,70,1741,5357
"Owikeno Lake (A)",228,"51° 41' N","126° 55' W",3,70,80,1712,5220
"Owikeno Lake (A)",228,"51° 41' N","126° 55' W",3,80,90,1687,5081
"Owikeno Lake (A)",228,"51° 41' N","126° 55' W",3,90,100,1662,4939
"Owikeno Lake (A)",228,"51° 41' N","126° 55' W",4,2,5,1788,6625
"Owikeno Lake (A)",228,"51° 41' N","126° 55' W",4,3,5,1788,6625
"Owikeno Lake (A)",228,"51° 41' N","126° 55' W",4,5,10,1786,6526
"Owikeno Lake (A)",228,"51° 41' N","126° 55' W",4,10,15,1775,6393
"Owikeno Lake (A)",228,"51° 41' N","126° 55' W",4,15,20,1761,6260
"Owikeno Lake (A)",228,"51° 41' N","126° 55' W",4,20,30,1741,6090
"Owikeno Lake (A)",228,"51° 41' N","126° 55' W",4,30,40,1712,5883
"Owikeno Lake (A)",228,"51° 41' N","126° 55' W",4,40,50,1682,5691
"Owikeno Lake (A)",228,"51° 41' N","126° 55' W",4,50,60,1656,5514
"Owikeno Lake (A)",228,"51° 41' N","126° 55' W",4,60,70,1628,5357
"Owikeno Lake (A)",228,"51° 41' N","126° 55' W",4,70,80,1603,5220
"Owikeno Lake (A)",228,"51° 41' N","126° 55' W",4,80,90,1577,5081
"Owikeno Lake (A)",228,"51° 41' N","126° 55' W",4,90,100,1551,4939
"Owikeno Lake (A)",228,"51° 41' N","126° 55' W",5,2,5,1661,6625
"Owikeno Lake (A)",228,"51° 41' N","126° 55' W",5,3,5,1661,6625
"Owikeno Lake (A)",228,"51° 41' N","126° 55' W",5,5,10,1661,6526
"Owikeno Lake (A)",228,"51° 41' N","126° 55' W",5,10,15,1657,6393
"Owikeno Lake (A)",228,"51° 41' N","126° 55' W",5,15,20,1640,6260
"Owikeno Lake (A)",228,"51° 41' N","126° 55' W",5,20,30,1611,6090
"Owikeno Lake (A)",228,"51° 41' N","126° 55' W",5,30,40,1577,5883
"Owikeno Lake (A)",228,"51° 41' N","126° 55' W",5,40,50,1550,5691
"Owikeno Lake (A)",228,"51° 41' N","126° 55' W",5,50,60,1521,5514
"Owikeno Lake (A)",228,"51° 41' N","126° 55' W",5,60,70,1490,5357
"Owikeno Lake (A)",228,"51° 41' N","126° 55' W",5,70,80,1461,5220
"Owikeno Lake (A)",228,"51° 41' N","126° 55' W",5,80,90,1427,5081
"Owikeno Lake (A)",228,"51° 41' N","126° 55' W",5,90,100,1398,4939
"Owikeno Lake (A)",228,"51° 41' N","126° 55' W",6,2,5,1770,6625
"Owikeno Lake (A)",228,"51° 41' N","126° 55' W",6,3,5,1770,6625
"Owikeno Lake (A)",228,"51° 41' N","126° 55' W",6,5,10,1767,6526
"Owikeno Lake (A)",228,"51° 41' N","126° 55' W",6,10,15,1752,6393
"Owikeno Lake (A)",228,"51° 41' N","126° 55' W",6,15,20,1732,6260
"Owikeno Lake (A)",228,"51° 41' N","126° 55' W",6,20,30,1707,6090
"Owikeno Lake (A)",228,"51° 41' N","126° 55' W",6,30,40,1676,5883
"Owikeno Lake (A)",228,"51° 41' N","126° 55' W",6,40,50,1647,5691
"Owikeno Lake (A)",228,"51° 41' N","126° 55' W",6,50,60,1614,5514
"Owikeno Lake (A)",228,"51° 41' N","126° 55' W",6,60,70,1632,5357
"Owikeno Lake (A)",228,"51° 41' N","126° 55' W",6,70,80,1661,5220
"Owikeno Lake (A)",228,"51° 41' N","126° 55' W",6,80,90,1650,5081
"Owikeno Lake (A)",228,"51° 41' N","126° 55' W",6,90,100,1639,4939
"Owikeno Lake (A)",228,"51° 41' N","126° 55' W",7,2,5,1600,6625
"Owikeno Lake (A)",228,"51° 41' N","126° 55' W",7,3,5,1600,6625
"Owikeno Lake (A)",228,"51° 41' N","126° 55' W",7,5,10,1591,6526
"Owikeno Lake (A)",228,"51° 41' N","126° 55' W",7,10,15,1567,6393
"Owikeno Lake (A)",228,"51° 41' N","126° 55' W",7,15,20,1553,6260
"Owikeno Lake (A)",228,"51° 41' N","126° 55' W",7,20,30,1535,6090
"Owikeno Lake (A)",228,"51° 41' N","126° 55' W",7,30,40,1494,5883
"Owikeno Lake (A)",228,"51° 41' N","126° 55' W",7,40,50,1447,5691
"Owikeno Lake (A)",228,"51° 41' N","126° 55' W",7,50,60,1447,5514
"Owikeno Lake (A)",228,"51° 41' N","126° 55' W",7,60,70,1447,5357
"Owikeno Lake (A)",228,"51° 41' N","126° 55' W",7,70,80,1447,5220
"Owikeno Lake (A)",228,"51° 41' N","126° 55' W",7,80,90,1447,5081
"Owikeno Lake (A)",228,"51° 41' N","126° 55' W",7,90,100,1447,4939
"Owikeno Lake (A)",228,"51° 41' N","126° 55' W",8,2,5,1900,6625
"Owikeno Lake (A)",228,"51° 41' N","126° 55' W",8,3,5,1900,6625
"Owikeno Lake (A)",228,"51° 41' N","126° 55' W",8,5,10,1886,6526
"Owikeno Lake (A)",228,"51° 41' N","126° 55' W",8,10,15,1880,6393
"Owikeno Lake (A)",228,"51° 41' N","126° 55' W",8,15,20,1873,6260
"Owikeno Lake (A)",228,"51° 41' N","126° 55' W",8,20,30,1860,6090
"Owikeno Lake (A)",228,"51° 41' N","126° 55' W",8,30,40,1847,5883
"Owikeno Lake (A)",228,"51° 41' N","126° 55' W",8,40,50,1828,5691
"Owikeno Lake (A)",228,"51° 41' N","126° 55' W",8,50,60,1828,5514
"Owikeno Lake (A)",228,"51° 41' N","126° 55' W",8,60,70,1828,5357
"Owikeno Lake (A)",228,"51° 41' N","126° 55' W",8,70,80,1828,5220
"Owikeno Lake (A)",228,"51° 41' N","126° 55' W",8,80,90,1828,5081
"Owikeno Lake (A)",228,"51° 41' N","126° 55' W",8,90,100,1828,4939
"Owikeno Lake (A)",228,"51° 41' N","126° 55' W",9,2,5,2000,6625
"Owikeno Lake (A)",228,"51° 41' N","126° 55' W",9,3,5,2000,6625
"Owikeno Lake (A)",228,"51° 41' N","126° 55' W",9,5,10,1985,6526
"Owikeno Lake (A)",228,"51° 41' N","126° 55' W",9,10,15,1900,6393
"Owikeno Lake (A)",228,"51° 41' N","126° 55' W",9,15,20,1886,6260
"Owikeno Lake (A)",228,"51° 41' N","126° 55' W",9,20,30,1871,6090
"Owikeno Lake (A)",228,"51° 41' N","126° 55' W",9,30,40,1843,5883
"Owikeno Lake (A)",228,"51° 41' N","126° 55' W",9,40,50,1800,5691
"Owikeno Lake (A)",228,"51° 41' N","126° 55' W",9,50,60,1800,5514
"Owikeno Lake (A)",228,"51° 41' N","126° 55' W",9,60,70,1800,5357
"Owikeno Lake (A)",228,"51° 41' N","126° 55' W",9,70,80,1800,5220
"Owikeno Lake (A)",228,"51° 41' N","126° 55' W",9,80,90,1800,5081
"Owikeno Lake (A)",228,"51° 41' N","126° 55' W",9,90,100,1800,4939
"Owikeno Lake (A)",228,"51° 41' N","126° 55' W",10,2,5,2000,6625
"Owikeno Lake (A)",228,"51° 41' N","126° 55' W",10,3,5,2000,6625
"Owikeno Lake (A)",228,"51° 41' N","126° 55' W",10,5,10,2000,6526
"Owikeno Lake (A)",228,"51° 41' N","126° 55' W",10,10,15,2000,6393
"Owikeno Lake (A)",228,"51° 41' N","126° 55' W",10,15,20,1972,6260
"Owikeno Lake (A)",228,"51° 41' N","126° 55' W",10,20,30,1944,6090
"Owikeno Lake (A)",228,"51° 41' N","126° 55' W",10,30,40,1896,5883
"Owikeno Lake (A)",228,"51° 41' N","126° 55' W",10,40,50,1868,5691
"Owikeno Lake (A)",228,"51° 41' N","126° 55' W",10,50,60,1868,5514
"Owikeno Lake (A)",228,"51° 41' N","126° 55' W",10,60,70,1868,5357
"Owikeno Lake (A)",228,"51° 41' N","126° 55' W",10,70,80,1868,5220
"Owikeno Lake (A)",228,"51° 41' N","126° 55' W",10,80,90,1868,5081
"Owikeno Lake (A)",228,"51° 41' N","126° 55' W",10,90,100,1868,4939
"Owikeno Lake (A)",228,"51° 41' N","126° 55' W",11,2,5,2600,6625
"Owikeno Lake (A)",228,"51° 41' N","126° 55' W",11,3,5,2600,6625
"Owikeno Lake (A)",228,"51° 41' N","126° 55' W",11,5,10,2580,6526
"Owikeno Lake (A)",228,"51° 41' N","126° 55' W",11,10,15,2557,6393
"Owikeno Lake (A)",228,"51° 41' N","126° 55' W",11,15,20,2533,6260
"Owikeno Lake (A)",228,"51° 41' N","126° 55' W",11,20,30,2514,6090
"Owikeno Lake (A)",228,"51° 41' N","126° 55' W",11,30,40,2476,5883
"Owikeno Lake (A)",228,"51° 41' N","126° 55' W",11,40,50,2447,5691
"Owikeno Lake (A)",228,"51° 41' N","126° 55' W",11,50,60,2447,5514
"Owikeno Lake (A)",228,"51° 41' N","126° 55' W",11,60,70,2447,5357
"Owikeno Lake (A)",228,"51° 41' N","126° 55' W",11,70,80,2447,5220
"Owikeno Lake (A)",228,"51° 41' N","126° 55' W",11,80,90,2447,5081
"Owikeno Lake (A)",228,"51° 41' N","126° 55' W",11,90,100,2447,4939
"Owikeno Lake (A)",228,"51° 41' N","126° 55' W",12,2,5,1600,6625
"Owikeno Lake (A)",228,"51° 41' N","126° 55' W",12,3,5,1600,6625
"Owikeno Lake (A)",228,"51° 41' N","126° 55' W",12,5,10,1593,6526
"Owikeno Lake (A)",228,"51° 41' N","126° 55' W",12,10,15,1573,6393
"Owikeno Lake (A)",228,"51° 41' N","126° 55' W",12,15,20,1553,6260
"Owikeno Lake (A)",228,"51° 41' N","126° 55' W",12,20,30,1540,6090
"Owikeno Lake (A)",228,"51° 41' N","126° 55' W",12,30,40,1507,5883
"Owikeno Lake (A)",228,"51° 41' N","126° 55' W",12,40,50,1461,5691
"Owikeno Lake (A)",228,"51° 41' N","126° 55' W",12,50,60,1461,5514
"Owikeno Lake (A)",228,"51° 41' N","126° 55' W",12,60,70,1461,5357
"Owikeno Lake (A)",228,"51° 41' N","126° 55' W",12,70,80,1461,5220
"Owikeno Lake (A)",228,"51° 41' N","126° 55' W",12,80,90,1461,5081
"Owikeno Lake (A)",228,"51° 41' N","126° 55' W",12,90,100,1461,4939
"Owikeno Lake (A)",228,"51° 41' N","126° 55' W",13,2,5,1900,6625
"Owikeno Lake (A)",228,"51° 41' N","126° 55' W",13,3,5,1900,6625
"Owikeno Lake (A)",228,"51° 41' N","126° 55' W",13,5,10,1863,6526
"Owikeno Lake (A)",228,"51° 41' N","126° 55' W",13,10,15,1839,6393
"Owikeno Lake (A)",228,"51° 41' N","126° 55' W",13,15,20,1827,6260
"Owikeno Lake (A)",228,"51° 41' N","126° 55' W",13,20,30,1797,6090
"Owikeno Lake (A)",228,"51° 41' N","126° 55' W",13,30,40,1760,5883
"Owikeno Lake (A)",228,"51° 41' N","126° 55' W",13,40,50,1724,5691
"Owikeno Lake (A)",228,"51° 41' N","126° 55' W",13,50,60,1724,5514
"Owikeno Lake (A)",228,"51° 41' N","126° 55' W",13,60,70,1724,5357
"Owikeno Lake (A)",228,"51° 41' N","126° 55' W",13,70,80,1724,5220
"Owikeno Lake (A)",228,"51° 41' N","126° 55' W",13,80,90,1724,5081
"Owikeno Lake (A)",228,"51° 41' N","126° 55' W",13,90,100,1724,4939
"Owikeno Lake (B)",229,"51° 41' N","126° 55' W",1,2,5,1841,1960
"Owikeno Lake (B)",229,"51° 41' N","126° 55' W",1,3,5,1841,1960
"Owikeno Lake (B)",229,"51° 41' N","126° 55' W",1,5,10,1816,1901
"Owikeno Lake (B)",229,"51° 41' N","126° 55' W",1,10,15,1792,1825
"Owikeno Lake (B)",229,"51° 41' N","126° 55' W",1,15,20,1764,1750
"Owikeno Lake (B)",229,"51° 41' N","126° 55' W",1,20,30,1720,1607
"Owikeno Lake (B)",229,"51° 41' N","126° 55' W",1,30,40,1663,1543
"Owikeno Lake (B)",229,"51° 41' N","126° 55' W",1,40,50,1604,1476
"Owikeno Lake (B)",229,"51° 41' N","126° 55' W",1,50,60,1590,1408
"Owikeno Lake (B)",229,"51° 41' N","126° 55' W",1,60,70,1426,1336
"Owikeno Lake (B)",229,"51° 41' N","126° 55' W",1,70,80,1012,1261
"Owikeno Lake (B)",229,"51° 41' N","126° 55' W",1,80,90,389,1190
"Owikeno Lake (B)",229,"51° 41' N","126° 55' W",1,90,100,0,1125
"Owikeno Lake (B)",229,"51° 41' N","126° 55' W",2,2,5,1674,1960
"Owikeno Lake (B)",229,"51° 41' N","126° 55' W",2,3,5,1674,1960
"Owikeno Lake (B)",229,"51° 41' N","126° 55' W",2,5,10,1662,1901
"Owikeno Lake (B)",229,"51° 41' N","126° 55' W",2,10,15,1643,1825
"Owikeno Lake (B)",229,"51° 41' N","126° 55' W",2,15,20,1624,1750
"Owikeno Lake (B)",229,"51° 41' N","126° 55' W",2,20,30,1596,1607
"Owikeno Lake (B)",229,"51° 41' N","126° 55' W",2,30,40,1551,1543
"Owikeno Lake (B)",229,"51° 41' N","126° 55' W",2,40,50,1505,1476
"Owikeno Lake (B)",229,"51° 41' N","126° 55' W",2,50,60,1470,1408
"Owikeno Lake (B)",229,"51° 41' N","126° 55' W",2,60,70,1439,1336
"Owikeno Lake (B)",229,"51° 41' N","126° 55' W",2,70,80,1405,1261
"Owikeno Lake (B)",229,"51° 41' N","126° 55' W",2,80,90,1367,1190
"Owikeno Lake (B)",229,"51° 41' N","126° 55' W",2,90,100,1334,1125
"Owikeno Lake (B)",229,"51° 41' N","126° 55' W",3,2,5,1529,1960
"Owikeno Lake (B)",229,"51° 41' N","126° 55' W",3,3,5,1529,1960
"Owikeno Lake (B)",229,"51° 41' N","126° 55' W",3,5,10,1504,1901
"Owikeno Lake (B)",229,"51° 41' N","126° 55' W",3,10,15,1460,1825
"Owikeno Lake (B)",229,"51° 41' N","126° 55' W",3,15,20,1430,1750
"Owikeno Lake (B)",229,"51° 41' N","126° 55' W",3,20,30,1400,1607
"Owikeno Lake (B)",229,"51° 41' N","126° 55' W",3,30,40,1365,1543
"Owikeno Lake (B)",229,"51° 41' N","126° 55' W",3,40,50,1334,1476
"Owikeno Lake (B)",229,"51° 41' N","126° 55' W",3,50,60,1279,1408
"Owikeno Lake (B)",229,"51° 41' N","126° 55' W",3,60,70,1222,1336
"Owikeno Lake (B)",229,"51° 41' N","126° 55' W",3,70,80,1179,1261
"Owikeno Lake (B)",229,"51° 41' N","126° 55' W",3,80,90,1138,1190
"Owikeno Lake (B)",229,"51° 41' N","126° 55' W",3,90,100,1100,1125
"Owikeno Lake (B)",229,"51° 41' N","126° 55' W",4,2,5,1750,1960
"Owikeno Lake (B)",229,"51° 41' N","126° 55' W",4,3,5,1750,1960
"Owikeno Lake (B)",229,"51° 41' N","126° 55' W",4,5,10,1734,1901
"Owikeno Lake (B)",229,"51° 41' N","126° 55' W",4,10,15,1716,1825
"Owikeno Lake (B)",229,"51° 41' N","126° 55' W",4,15,20,1697,1750
"Owikeno Lake (B)",229,"51° 41' N","126° 55' W",4,20,30,1673,1607
"Owikeno Lake (B)",229,"51° 41' N","126° 55' W",4,30,40,1641,1543
"Owikeno Lake (B)",229,"51° 41' N","126° 55' W",4,40,50,1605,1476
"Owikeno Lake (B)",229,"51° 41' N","126° 55' W",4,50,60,1568,1408
"Owikeno Lake (B)",229,"51° 41' N","126° 55' W",4,60,70,1587,1336
"Owikeno Lake (B)",229,"51° 41' N","126° 55' W",4,70,80,1608,1261
"Owikeno Lake (B)",229,"51° 41' N","126° 55' W",4,80,90,1578,1190
"Owikeno Lake (B)",229,"51° 41' N","126° 55' W",4,90,100,1557,1125
"Owikeno Lake (B)",229,"51° 41' N","126° 55' W",5,2,5,2040,1960
"Owikeno Lake (B)",229,"51° 41' N","126° 55' W",5,3,5,2040,1960
"Owikeno Lake (B)",229,"51° 41' N","126° 55' W",5,5,10,2017,1901
"Owikeno Lake (B)",229,"51° 41' N","126° 55' W",5,10,15,1994,1825
"Owikeno Lake (B)",229,"51° 41' N","126° 55' W",5,15,20,1957,1750
"Owikeno Lake (B)",229,"51° 41' N","126° 55' W",5,20,30,1920,1607
"Owikeno Lake (B)",229,"51° 41' N","126° 55' W",5,30,40,1838,1543
"Owikeno Lake (B)",229,"51° 41' N","126° 55' W",5,40,50,1806,1476
"Owikeno Lake (B)",229,"51° 41' N","126° 55' W",5,50,60,1769,1408
"Owikeno Lake (B)",229,"51° 41' N","126° 55' W",5,60,70,1769,1336
"Owikeno Lake (B)",229,"51° 41' N","126° 55' W",5,70,80,1769,1261
"Owikeno Lake (B)",229,"51° 41' N","126° 55' W",5,80,90,1769,1190
"Owikeno Lake (B)",229,"51° 41' N","126° 55' W",5,90,100,1769,1125
"Owikeno Lake (B)",229,"51° 41' N","126° 55' W",6,2,5,1500,1960
"Owikeno Lake (B)",229,"51° 41' N","126° 55' W",6,3,5,1500,1960
"Owikeno Lake (B)",229,"51° 41' N","126° 55' W",6,5,10,1485,1901
"Owikeno Lake (B)",229,"51° 41' N","126° 55' W",6,10,15,1461,1825
"Owikeno Lake (B)",229,"51° 41' N","126° 55' W",6,15,20,1452,1750
"Owikeno Lake (B)",229,"51° 41' N","126° 55' W",6,20,30,1428,1607
"Owikeno Lake (B)",229,"51° 41' N","126° 55' W",6,30,40,1404,1543
"Owikeno Lake (B)",229,"51° 41' N","126° 55' W",6,40,50,1371,1476
"Owikeno Lake (B)",229,"51° 41' N","126° 55' W",6,50,60,1232,1408
"Owikeno Lake (B)",229,"51° 41' N","126° 55' W",6,60,70,1232,1336
"Owikeno Lake (B)",229,"51° 41' N","126° 55' W",6,70,80,1232,1261
"Owikeno Lake (B)",229,"51° 41' N","126° 55' W",6,80,90,1232,1190
"Owikeno Lake (B)",229,"51° 41' N","126° 55' W",6,90,100,1232,1125
"Owikeno Lake (B)",229,"51° 41' N","126° 55' W",7,2,5,1800,1960
"Owikeno Lake (B)",229,"51° 41' N","126° 55' W",7,3,5,1800,1960
"Owikeno Lake (B)",229,"51° 41' N","126° 55' W",7,5,10,1795,1901
"Owikeno Lake (B)",229,"51° 41' N","126° 55' W",7,10,15,1795,1825
"Owikeno Lake (B)",229,"51° 41' N","126° 55' W",7,15,20,1787,1750
"Owikeno Lake (B)",229,"51° 41' N","126° 55' W",7,20,30,1770,1607
"Owikeno Lake (B)",229,"51° 41' N","126° 55' W",7,30,40,1716,1543
"Owikeno Lake (B)",229,"51° 41' N","126° 55' W",7,40,50,1691,1476
"Owikeno Lake (B)",229,"51° 41' N","126° 55' W",7,50,60,1653,1408
"Owikeno Lake (B)",229,"51° 41' N","126° 55' W",7,60,70,1653,1336
"Owikeno Lake (B)",229,"51° 41' N","126° 55' W",7,70,80,1653,1261
"Owikeno Lake (B)",229,"51° 41' N","126° 55' W",7,80,90,1653,1190
"Owikeno Lake (B)",229,"51° 41' N","126° 55' W",7,90,100,1653,1125
"Owikeno Lake (B)",229,"51° 41' N","126° 55' W",8,2,5,2200,1960
"Owikeno Lake (B)",229,"51° 41' N","126° 55' W",8,3,5,2200,1960
"Owikeno Lake (B)",229,"51° 41' N","126° 55' W",8,5,10,2200,1901
"Owikeno Lake (B)",229,"51° 41' N","126° 55' W",8,10,15,2200,1825
"Owikeno Lake (B)",229,"51° 41' N","126° 55' W",8,15,20,2186,1750
"Owikeno Lake (B)",229,"51° 41' N","126° 55' W",8,20,30,2145,1607
"Owikeno Lake (B)",229,"51° 41' N","126° 55' W",8,30,40,2100,1543
"Owikeno Lake (B)",229,"51° 41' N","126° 55' W",8,40,50,2024,1476
"Owikeno Lake (B)",229,"51° 41' N","126° 55' W",8,50,60,1925,1408
"Owikeno Lake (B)",229,"51° 41' N","126° 55' W",8,60,70,1925,1336
"Owikeno Lake (B)",229,"51° 41' N","126° 55' W",8,70,80,1925,1261
"Owikeno Lake (B)",229,"51° 41' N","126° 55' W",8,80,90,1925,1190
"Owikeno Lake (B)",229,"51° 41' N","126° 55' W",8,90,100,1925,1125
"Owikeno Lake (C)",230,"51° 41' N","126° 55' W",1,2,5,691,177
"Owikeno Lake (C)",230,"51° 41' N","126° 55' W",1,3,5,691,177
"Owikeno Lake (C)",230,"51° 41' N","126° 55' W",1,5,10,682,161
"Owikeno Lake (C)",230,"51° 41' N","126° 55' W",1,10,15,667,143
"Owikeno Lake (C)",230,"51° 41' N","126° 55' W",1,15,20,655,129
"Owikeno Lake (C)",230,"51° 41' N","126° 55' W",1,20,30,636,108
"Owikeno Lake (C)",230,"51° 41' N","126° 55' W",1,30,40,615,871
"Owikeno Lake (C)",230,"51° 41' N","126° 55' W",1,40,50,599,73
"Owikeno Lake (C)",230,"51° 41' N","126° 55' W",1,50,60,574,56
"Owikeno Lake (C)",230,"51° 41' N","126° 55' W",1,60,70,536,39
"Owikeno Lake (C)",230,"51° 41' N","126° 55' W",1,70,80,499,27
"Owikeno Lake (D)",231,"51° 41' N","126° 55' W",1,2,5,1034,376
"Owikeno Lake (D)",231,"51° 41' N","126° 55' W",1,3,5,1034,376
"Owikeno Lake (D)",231,"51° 41' N","126° 55' W",1,5,10,994,357
"Owikeno Lake (D)",231,"51° 41' N","126° 55' W",1,10,15,972,336
"Owikeno Lake (D)",231,"51° 41' N","126° 55' W",1,15,20,940,321
"Owikeno Lake (D)",231,"51° 41' N","126° 55' W",1,20,30,882,297
"Owikeno Lake (D)",231,"51° 41' N","126° 55' W",1,30,40,795,264
"Owikeno Lake (D)",231,"51° 41' N","126° 55' W",1,40,50,701,228
"Owikeno Lake (D)",231,"51° 41' N","126° 55' W",1,50,60,593,191
"Owikeno Lake (D)",231,"51° 41' N","126° 55' W",1,60,70,0,145
"Owikeno Lake (D)",231,"51° 41' N","126° 55' W",1,70,80,0,83
"Owikeno Lake (D)",231,"51° 41' N","126° 55' W",2,2,5,861,376
"Owikeno Lake (D)",231,"51° 41' N","126° 55' W",2,3,5,861,376
"Owikeno Lake (D)",231,"51° 41' N","126° 55' W",2,5,10,849,357
"Owikeno Lake (D)",231,"51° 41' N","126° 55' W",2,10,15,837,336
"Owikeno Lake (D)",231,"51° 41' N","126° 55' W",2,15,20,820,321
"Owikeno Lake (D)",231,"51° 41' N","126° 55' W",2,20,30,783,297
"Owikeno Lake (D)",231,"51° 41' N","126° 55' W",2,30,40,709,264
"Owikeno Lake (D)",231,"51° 41' N","126° 55' W",2,40,50,619,228
"Owikeno Lake (D)",231,"51° 41' N","126° 55' W",2,50,60,513,191
"Owikeno Lake (D)",231,"51° 41' N","126° 55' W",2,60,70,398,145
"Owikeno Lake (D)",231,"51° 41' N","126° 55' W",2,70,80,0,83
"Owikeno Lake (D)",231,"51° 41' N","126° 55' W",3,2,5,621,376
"Owikeno Lake (D)",231,"51° 41' N","126° 55' W",3,3,5,621,376
"Owikeno Lake (D)",231,"51° 41' N","126° 55' W",3,5,10,609,357
"Owikeno Lake (D)",231,"51° 41' N","126° 55' W",3,10,15,589,336
"Owikeno Lake (D)",231,"51° 41' N","126° 55' W",3,15,20,569,321
"Owikeno Lake (D)",231,"51° 41' N","126° 55' W",3,20,30,537,297
"Owikeno Lake (D)",231,"51° 41' N","126° 55' W",3,30,40,494,264
"Owikeno Lake (D)",231,"51° 41' N","126° 55' W",3,40,50,450,228
"Owikeno Lake (D)",231,"51° 41' N","126° 55' W",3,50,60,410,191
"Owikeno Lake (D)",231,"51° 41' N","126° 55' W",3,60,70,366,145
"Owikeno Lake (D)",231,"51° 41' N","126° 55' W",3,70,80,295,83
"Owikeno Lake (D)",231,"51° 41' N","126° 55' W",4,2,5,1300,376
"Owikeno Lake (D)",231,"51° 41' N","126° 55' W",4,3,5,1300,376
"Owikeno Lake (D)",231,"51° 41' N","126° 55' W",4,5,10,1243,357
"Owikeno Lake (D)",231,"51° 41' N","126° 55' W",4,10,15,1206,336
"Owikeno Lake (D)",231,"51° 41' N","126° 55' W",4,15,20,1169,321
"Owikeno Lake (D)",231,"51° 41' N","126° 55' W",4,20,30,1103,297
"Owikeno Lake (D)",231,"51° 41' N","126° 55' W",4,30,40,1010,264
"Owikeno Lake (D)",231,"51° 41' N","126° 55' W",4,40,50,925,228
"Owikeno Lake (D)",231,"51° 41' N","126° 55' W",4,50,60,832,191
"Owikeno Lake (D)",231,"51° 41' N","126° 55' W",4,60,70,832,145
"Owikeno Lake (D)",231,"51° 41' N","126° 55' W",4,70,80,832,83
"Phillips Lake",59,"50° 35' N","125° 21' W",1,2,5,850,295
"Phillips Lake",59,"50° 35' N","125° 21' W",1,3,5,850,295
"Phillips Lake",59,"50° 35' N","125° 21' W",1,5,10,835,280
"Phillips Lake",59,"50° 35' N","125° 21' W",1,10,15,795,266
"Phillips Lake",59,"50° 35' N","125° 21' W",1,15,20,755,255
"Phillips Lake",59,"50° 35' N","125° 21' W",1,20,30,695,233
"Phillips Lake",59,"50° 35' N","125° 21' W",1,30,40,585,199
"Phillips Lake",59,"50° 35' N","125° 21' W",1,40,50,470,167
"Phillips Lake",59,"50° 35' N","125° 21' W",2,2,5,845,295
"Phillips Lake",59,"50° 35' N","125° 21' W",2,3,5,845,295
"Phillips Lake",59,"50° 35' N","125° 21' W",2,5,10,835,280
"Phillips Lake",59,"50° 35' N","125° 21' W",2,10,15,805,266
"Phillips Lake",59,"50° 35' N","125° 21' W",2,15,20,775,255
"Phillips Lake",59,"50° 35' N","125° 21' W",2,20,30,730,233
"Phillips Lake",59,"50° 35' N","125° 21' W",2,30,40,635,199
"Phillips Lake",59,"50° 35' N","125° 21' W",2,40,50,510,167
"Phillips Lake",59,"50° 35' N","125° 21' W",3,2,5,870,295
"Phillips Lake",59,"50° 35' N","125° 21' W",3,3,5,870,295
"Phillips Lake",59,"50° 35' N","125° 21' W",3,5,10,865,280
"Phillips Lake",59,"50° 35' N","125° 21' W",3,10,15,840,266
"Phillips Lake",59,"50° 35' N","125° 21' W",3,15,20,830,255
"Phillips Lake",59,"50° 35' N","125° 21' W",3,20,30,805,233
"Phillips Lake",59,"50° 35' N","125° 21' W",3,30,40,775,199
"Phillips Lake",59,"50° 35' N","125° 21' W",3,40,50,740,167
"Phillips Lake",59,"50° 35' N","125° 21' W",4,2,5,690,295
"Phillips Lake",59,"50° 35' N","125° 21' W",4,3,5,690,295
"Phillips Lake",59,"50° 35' N","125° 21' W",4,5,10,665,280
"Phillips Lake",59,"50° 35' N","125° 21' W",4,10,15,650,266
"Phillips Lake",59,"50° 35' N","125° 21' W",4,15,20,630,255
"Phillips Lake",59,"50° 35' N","125° 21' W",4,20,30,595,233
"Phillips Lake",59,"50° 35' N","125° 21' W",4,30,40,560,199
"Phillips Lake",59,"50° 35' N","125° 21' W",4,40,50,535,167
"Phillips Lake",59,"50° 35' N","125° 21' W",5,2,5,580,295
"Phillips Lake",59,"50° 35' N","125° 21' W",5,3,5,580,295
"Phillips Lake",59,"50° 35' N","125° 21' W",5,5,10,560,280
"Phillips Lake",59,"50° 35' N","125° 21' W",5,10,15,515,266
"Phillips Lake",59,"50° 35' N","125° 21' W",5,15,20,495,255
"Phillips Lake",59,"50° 35' N","125° 21' W",5,20,30,405,233
"Phillips Lake",59,"50° 35' N","125° 21' W",5,30,40,130,199
"Phillips Lake",59,"50° 35' N","125° 21' W",5,40,50,0,167
"Phillips Lake",59,"50° 35' N","125° 21' W",6,2,5,1049,295
"Phillips Lake",59,"50° 35' N","125° 21' W",6,3,5,1049,295
"Phillips Lake",59,"50° 35' N","125° 21' W",6,5,10,1019,280
"Phillips Lake",59,"50° 35' N","125° 21' W",6,10,15,980,266
"Phillips Lake",59,"50° 35' N","125° 21' W",6,15,20,947,255
"Phillips Lake",59,"50° 35' N","125° 21' W",6,20,30,900,233
"Phillips Lake",59,"50° 35' N","125° 21' W",6,30,40,770,199
"Phillips Lake",59,"50° 35' N","125° 21' W",6,40,50,573,167
"Phillips Lake",59,"50° 35' N","125° 21' W",7,2,5,1147,295
"Phillips Lake",59,"50° 35' N","125° 21' W",7,3,5,1147,295
"Phillips Lake",59,"50° 35' N","125° 21' W",7,5,10,1142,280
"Phillips Lake",59,"50° 35' N","125° 21' W",7,10,15,1125,266
"Phillips Lake",59,"50° 35' N","125° 21' W",7,15,20,1102,255
"Phillips Lake",59,"50° 35' N","125° 21' W",7,20,30,1058,233
"Phillips Lake",59,"50° 35' N","125° 21' W",7,30,40,970,199
"Phillips Lake",59,"50° 35' N","125° 21' W",7,40,50,918,167
"Phillips Lake",59,"50° 35' N","125° 21' W",8,2,5,1254,295
"Phillips Lake",59,"50° 35' N","125° 21' W",8,3,5,1254,295
"Phillips Lake",59,"50° 35' N","125° 21' W",8,5,10,1251,280
"Phillips Lake",59,"50° 35' N","125° 21' W",8,10,15,1205,266
"Phillips Lake",59,"50° 35' N","125° 21' W",8,15,20,1168,255
"Phillips Lake",59,"50° 35' N","125° 21' W",8,20,30,1106,233
"Phillips Lake",59,"50° 35' N","125° 21' W",8,30,40,997,199
"Phillips Lake",59,"50° 35' N","125° 21' W",8,40,50,892,167
"Phillips Lake",59,"50° 35' N","125° 21' W",9,2,5,969,295
"Phillips Lake",59,"50° 35' N","125° 21' W",9,3,5,969,295
"Phillips Lake",59,"50° 35' N","125° 21' W",9,5,10,937,280
"Phillips Lake",59,"50° 35' N","125° 21' W",9,10,15,900,266
"Phillips Lake",59,"50° 35' N","125° 21' W",9,15,20,868,255
"Phillips Lake",59,"50° 35' N","125° 21' W",9,20,30,828,233
"Phillips Lake",59,"50° 35' N","125° 21' W",9,30,40,784,199
"Phillips Lake",59,"50° 35' N","125° 21' W",9,40,50,727,167
"Phillips_2005",249,NA,NA,1,2,5,743,295
"Phillips_2005",249,NA,NA,1,3,5,743,295
"Phillips_2005",249,NA,NA,1,5,10,728,280
"Phillips_2005",249,NA,NA,1,10,15,688,266
"Phillips_2005",249,NA,NA,1,15,20,605,255
"Phillips_2005",249,NA,NA,1,20,30,494,233
"Phillips_2005",249,NA,NA,1,30,40,425,199
"Phillips_2005",249,NA,NA,1,40,50,311,167
"Phillips_2005",249,NA,NA,2,2,5,1059,295
"Phillips_2005",249,NA,NA,2,3,5,1059,295
"Phillips_2005",249,NA,NA,2,5,10,1055,280
"Phillips_2005",249,NA,NA,2,10,15,1022,266
"Phillips_2005",249,NA,NA,2,15,20,987,255
"Phillips_2005",249,NA,NA,2,20,30,952,233
"Phillips_2005",249,NA,NA,2,30,40,921,199
"Phillips_2005",249,NA,NA,2,40,50,838,167
"Phillips_2005",249,NA,NA,3,2,5,914,295
"Phillips_2005",249,NA,NA,3,3,5,914,295
"Phillips_2005",249,NA,NA,3,5,10,901,280
"Phillips_2005",249,NA,NA,3,10,15,881,266
"Phillips_2005",249,NA,NA,3,15,20,853,255
"Phillips_2005",249,NA,NA,3,20,30,795,233
"Phillips_2005",249,NA,NA,3,30,40,747,199
"Phillips_2005",249,NA,NA,3,40,50,696,167
"Phillips_2005",249,NA,NA,4,2,5,1059,295
"Phillips_2005",249,NA,NA,4,3,5,1059,295
"Phillips_2005",249,NA,NA,4,5,10,1051,280
"Phillips_2005",249,NA,NA,4,10,15,1040,266
"Phillips_2005",249,NA,NA,4,15,20,1024,255
"Phillips_2005",249,NA,NA,4,20,30,982,233
"Phillips_2005",249,NA,NA,4,30,40,938,199
"Phillips_2005",249,NA,NA,4,40,50,886,167
"Phillips_2005",249,NA,NA,5,2,5,1000,295
"Phillips_2005",249,NA,NA,5,3,5,1000,295
"Phillips_2005",249,NA,NA,5,5,10,1000,280
"Phillips_2005",249,NA,NA,5,10,15,1000,266
"Phillips_2005",249,NA,NA,5,15,20,1000,255
"Phillips_2005",249,NA,NA,5,20,30,968,233
"Phillips_2005",249,NA,NA,5,30,40,936,199
"Phillips_2005",249,NA,NA,5,40,50,872,167
"Phillips_2005",249,NA,NA,6,2,5,891,295
"Phillips_2005",249,NA,NA,6,3,5,891,295
"Phillips_2005",249,NA,NA,6,5,10,859,280
"Phillips_2005",249,NA,NA,6,10,15,805,266
"Phillips_2005",249,NA,NA,6,15,20,736,255
"Phillips_2005",249,NA,NA,6,20,30,670,233
"Phillips_2005",249,NA,NA,6,30,40,558,199
"Phillips_2005",249,NA,NA,6,40,50,415,167
"Phillips_2005",249,NA,NA,7,2,5,1011,295
"Phillips_2005",249,NA,NA,7,3,5,1011,295
"Phillips_2005",249,NA,NA,7,5,10,991,280
"Phillips_2005",249,NA,NA,7,10,15,928,266
"Phillips_2005",249,NA,NA,7,15,20,874,255
"Phillips_2005",249,NA,NA,7,20,30,766,233
"Phillips_2005",249,NA,NA,7,30,40,653,199
"Phillips_2005",249,NA,NA,7,40,50,394,167
"Phillips_2005",249,NA,NA,8,2,5,602,295
"Phillips_2005",249,NA,NA,8,3,5,602,295
"Phillips_2005",249,NA,NA,8,5,10,593,280
"Phillips_2005",249,NA,NA,8,10,15,545,266
"Phillips_2005",249,NA,NA,8,15,20,479,255
"Phillips_2005",249,NA,NA,8,20,30,426,233
"Phillips_2005",249,NA,NA,8,30,40,0,199
"Phillips_2005",249,NA,NA,8,40,50,0,167
"Port John Lake",110,"52° 07' N","127° 49' W",1,2,5,400,85
"Port John Lake",110,"52° 07' N","127° 49' W",1,3,5,400,85
"Port John Lake",110,"52° 07' N","127° 49' W",1,5,10,374,75
"Port John Lake",110,"52° 07' N","127° 49' W",1,10,15,342,67
"Port John Lake",110,"52° 07' N","127° 49' W",1,15,20,303,61
"Port John Lake",110,"52° 07' N","127° 49' W",1,20,30,161,42
"Port John Lake",110,"52° 07' N","127° 49' W",1,30,40,0,19
"Port John Lake",110,"52° 07' N","127° 49' W",1,40,50,0,13
"Port John Lake",110,"52° 07' N","127° 49' W",2,2,5,400,85
"Port John Lake",110,"52° 07' N","127° 49' W",2,3,5,400,85
"Port John Lake",110,"52° 07' N","127° 49' W",2,5,10,373,75
"Port John Lake",110,"52° 07' N","127° 49' W",2,10,15,345,67
"Port John Lake",110,"52° 07' N","127° 49' W",2,15,20,327,61
"Port John Lake",110,"52° 07' N","127° 49' W",2,20,30,209,42
"Port John Lake",110,"52° 07' N","127° 49' W",2,30,40,64,19
"Port John Lake",110,"52° 07' N","127° 49' W",2,40,50,0,13
"Port John Lake",110,"52° 07' N","127° 49' W",3,2,5,330,85
"Port John Lake",110,"52° 07' N","127° 49' W",3,3,5,330,85
"Port John Lake",110,"52° 07' N","127° 49' W",3,5,10,315,75
"Port John Lake",110,"52° 07' N","127° 49' W",3,10,15,268,67
"Port John Lake",110,"52° 07' N","127° 49' W",3,15,20,207,61
"Port John Lake",110,"52° 07' N","127° 49' W",3,20,30,153,42
"Port John Lake",110,"52° 07' N","127° 49' W",3,30,40,108,19
"Port John Lake",110,"52° 07' N","127° 49' W",3,40,50,54,13
"Port John Lake",110,"52° 07' N","127° 49' W",4,2,5,300,85
"Port John Lake",110,"52° 07' N","127° 49' W",4,3,5,300,85
"Port John Lake",110,"52° 07' N","127° 49' W",4,5,10,276,75
"Port John Lake",110,"52° 07' N","127° 49' W",4,10,15,240,67
"Port John Lake",110,"52° 07' N","127° 49' W",4,15,20,120,61
"Port John Lake",110,"52° 07' N","127° 49' W",4,20,30,0,42
"Port John Lake",110,"52° 07' N","127° 49' W",4,30,40,0,19
"Port John Lake",110,"52° 07' N","127° 49' W",4,40,50,0,13
"Port John Lake",110,"52° 07' N","127° 49' W",5,2,5,265,85
"Port John Lake",110,"52° 07' N","127° 49' W",5,3,5,265,85
"Port John Lake",110,"52° 07' N","127° 49' W",5,5,10,265,75
"Port John Lake",110,"52° 07' N","127° 49' W",5,10,15,256,67
"Port John Lake",110,"52° 07' N","127° 49' W",5,15,20,218,61
"Port John Lake",110,"52° 07' N","127° 49' W",5,20,30,161,42
"Port John Lake",110,"52° 07' N","127° 49' W",5,30,40,0,19
"Port John Lake",110,"52° 07' N","127° 49' W",5,40,50,0,13
"Power Lake",157,"50° 12' N","127° 29' W",1,2,5,699,61
"Power Lake",157,"50° 12' N","127° 29' W",1,3,5,699,61
"Power Lake",157,"50° 12' N","127° 29' W",1,5,10,660,53
"Power Lake",157,"50° 12' N","127° 29' W",1,10,15,592,45
"Power Lake",157,"50° 12' N","127° 29' W",1,15,20,553,38
"Power Lake",157,"50° 12' N","127° 29' W",1,20,30,504,30
"Power Lake",157,"50° 12' N","127° 29' W",1,30,40,326,20
"Power Lake",157,"50° 12' N","127° 29' W",2,2,5,338,61
"Power Lake",157,"50° 12' N","127° 29' W",2,3,5,338,61
"Power Lake",157,"50° 12' N","127° 29' W",2,5,10,304,53
"Power Lake",157,"50° 12' N","127° 29' W",2,10,15,239,45
"Power Lake",157,"50° 12' N","127° 29' W",2,15,20,202,38
"Power Lake",157,"50° 12' N","127° 29' W",2,20,30,161,30
"Power Lake",157,"50° 12' N","127° 29' W",2,30,40,108,20
"Power Lake",157,"50° 12' N","127° 29' W",3,2,5,650,61
"Power Lake",157,"50° 12' N","127° 29' W",3,3,5,650,61
"Power Lake",157,"50° 12' N","127° 29' W",3,5,10,616,53
"Power Lake",157,"50° 12' N","127° 29' W",3,10,15,569,45
"Power Lake",157,"50° 12' N","127° 29' W",3,15,20,540,38
"Power Lake",157,"50° 12' N","127° 29' W",3,20,30,498,30
"Power Lake",157,"50° 12' N","127° 29' W",3,30,40,263,20
"Power Lake",157,"50° 12' N","127° 29' W",4,2,5,167,61
"Power Lake",157,"50° 12' N","127° 29' W",4,3,5,167,61
"Power Lake",157,"50° 12' N","127° 29' W",4,5,10,153,53
"Power Lake",157,"50° 12' N","127° 29' W",4,10,15,135,45
"Power Lake",157,"50° 12' N","127° 29' W",4,15,20,112,38
"Power Lake",157,"50° 12' N","127° 29' W",4,20,30,62,30
"Power Lake",157,"50° 12' N","127° 29' W",4,30,40,0,20
"Power Lake",157,"50° 12' N","127° 29' W",5,2,5,488,61
"Power Lake",157,"50° 12' N","127° 29' W",5,3,5,488,61
"Power Lake",157,"50° 12' N","127° 29' W",5,5,10,414,53
"Power Lake",157,"50° 12' N","127° 29' W",5,10,15,333,45
"Power Lake",157,"50° 12' N","127° 29' W",5,15,20,270,38
"Power Lake",157,"50° 12' N","127° 29' W",5,20,30,0,30
"Power Lake",157,"50° 12' N","127° 29' W",5,30,40,0,20
"Power Lake",157,"50° 12' N","127° 29' W",6,2,5,1925,61
"Power Lake",157,"50° 12' N","127° 29' W",6,3,5,1925,61
"Power Lake",157,"50° 12' N","127° 29' W",6,5,10,1837,53
"Power Lake",157,"50° 12' N","127° 29' W",6,10,15,1742,45
"Power Lake",157,"50° 12' N","127° 29' W",6,15,20,1637,38
"Power Lake",157,"50° 12' N","127° 29' W",6,20,30,1307,30
"Power Lake",157,"50° 12' N","127° 29' W",6,30,40,682,20
"Quatse Lake",122,"50° 38' N","127° 34' W",1,2,5,105,119
"Quatse Lake",122,"50° 38' N","127° 34' W",1,3,5,105,119
"Quatse Lake",122,"50° 38' N","127° 34' W",1,5,10,50,73
"Quatse Lake",122,"50° 38' N","127° 34' W",1,10,15,0,36
"Quatse Lake",122,"50° 38' N","127° 34' W",1,15,20,0,10
"Quatse Lake",122,"50° 38' N","127° 34' W",2,2,5,485,119
"Quatse Lake",122,"50° 38' N","127° 34' W",2,3,5,485,119
"Quatse Lake",122,"50° 38' N","127° 34' W",2,5,10,430,73
"Quatse Lake",122,"50° 38' N","127° 34' W",2,10,15,275,36
"Quatse Lake",122,"50° 38' N","127° 34' W",2,15,20,200,10
"Quatse Lake",122,"50° 38' N","127° 34' W",3,2,5,470,119
"Quatse Lake",122,"50° 38' N","127° 34' W",3,3,5,470,119
"Quatse Lake",122,"50° 38' N","127° 34' W",3,5,10,400,73
"Quatse Lake",122,"50° 38' N","127° 34' W",3,10,15,250,36
"Quatse Lake",122,"50° 38' N","127° 34' W",3,15,20,75,10
"Quatse Lake",122,"50° 38' N","127° 34' W",4,2,5,550,119
"Quatse Lake",122,"50° 38' N","127° 34' W",4,3,5,550,119
"Quatse Lake",122,"50° 38' N","127° 34' W",4,5,10,460,73
"Quatse Lake",122,"50° 38' N","127° 34' W",4,10,15,180,36
"Quatse Lake",122,"50° 38' N","127° 34' W",4,15,20,60,10
"Quatse Lake",122,"50° 38' N","127° 34' W",5,2,5,515,119
"Quatse Lake",122,"50° 38' N","127° 34' W",5,3,5,515,119
"Quatse Lake",122,"50° 38' N","127° 34' W",5,5,10,375,73
"Quatse Lake",122,"50° 38' N","127° 34' W",5,10,15,0,36
"Quatse Lake",122,"50° 38' N","127° 34' W",5,15,20,0,10
"Quatse_2005",252,NA,NA,1,2,5,400,119
"Quatse_2005",252,NA,NA,1,3,5,400,119
"Quatse_2005",252,NA,NA,1,5,10,316,73
"Quatse_2005",252,NA,NA,1,10,15,211,36
"Quatse_2005",252,NA,NA,1,15,20,126,10
"Quatse_2005",252,NA,NA,2,2,5,500,119
"Quatse_2005",252,NA,NA,2,3,5,500,119
"Quatse_2005",252,NA,NA,2,5,10,432,73
"Quatse_2005",252,NA,NA,2,10,15,159,36
"Quatse_2005",252,NA,NA,2,15,20,0,10
"Quatse_2005",252,NA,NA,3,2,5,500,119
"Quatse_2005",252,NA,NA,3,3,5,500,119
"Quatse_2005",252,NA,NA,3,5,10,380,73
"Quatse_2005",252,NA,NA,3,10,15,120,36
"Quatse_2005",252,NA,NA,3,15,20,0,10
"Quatse_2005",252,NA,NA,4,2,5,500,119
"Quatse_2005",252,NA,NA,4,3,5,500,119
"Quatse_2005",252,NA,NA,4,5,10,196,73
"Quatse_2005",252,NA,NA,4,10,15,0,36
"Quatse_2005",252,NA,NA,4,15,20,0,10
"Quatse_2005",252,NA,NA,5,2,5,600,119
"Quatse_2005",252,NA,NA,5,3,5,600,119
"Quatse_2005",252,NA,NA,5,5,10,508,73
"Quatse_2005",252,NA,NA,5,10,15,383,36
"Quatse_2005",252,NA,NA,5,15,20,208,10
"Quatse_2005",252,NA,NA,6,2,5,500,119
"Quatse_2005",252,NA,NA,6,3,5,500,119
"Quatse_2005",252,NA,NA,6,5,10,422,73
"Quatse_2005",252,NA,NA,6,10,15,281,36
"Quatse_2005",252,NA,NA,6,15,20,117,10
"Quatse_2005",252,NA,NA,7,2,5,800,119
"Quatse_2005",252,NA,NA,7,3,5,719,119
"Quatse_2005",252,NA,NA,7,5,10,637,73
"Quatse_2005",252,NA,NA,7,10,15,302,36
"Quatse_2005",252,NA,NA,7,15,20,0,10
"Ruby Lake",246,NA,NA,1,2,5,940,466
"Ruby Lake",246,NA,NA,1,3,5,940,466
"Ruby Lake",246,NA,NA,1,5,10,920,432
"Ruby Lake",246,NA,NA,1,10,15,873,396
"Ruby Lake",246,NA,NA,1,15,20,840,376
"Ruby Lake",246,NA,NA,1,20,30,793,352
"Ruby Lake",246,NA,NA,1,30,40,720,317
"Ruby Lake",246,NA,NA,1,40,50,520,254
"Ruby Lake",246,NA,NA,1,50,60,320,213
"Ruby Lake",246,NA,NA,2,2,5,845,466
"Ruby Lake",246,NA,NA,2,3,5,845,466
"Ruby Lake",246,NA,NA,2,5,10,829,432
"Ruby Lake",246,NA,NA,2,10,15,807,396
"Ruby Lake",246,NA,NA,2,15,20,763,376
"Ruby Lake",246,NA,NA,2,20,30,741,352
"Ruby Lake",246,NA,NA,2,30,40,713,317
"Ruby Lake",246,NA,NA,2,40,50,675,254
"Ruby Lake",246,NA,NA,2,50,60,587,213
"Ruby Lake",246,NA,NA,3,2,5,800,466
"Ruby Lake",246,NA,NA,3,3,5,800,466
"Ruby Lake",246,NA,NA,3,5,10,800,432
"Ruby Lake",246,NA,NA,3,10,15,766,396
"Ruby Lake",246,NA,NA,3,15,20,738,376
"Ruby Lake",246,NA,NA,3,20,30,608,352
"Ruby Lake",246,NA,NA,3,30,40,569,317
"Ruby Lake",246,NA,NA,3,40,50,530,254
"Ruby Lake",246,NA,NA,3,50,60,490,213
"Ruby Lake",246,NA,NA,4,2,5,600,466
"Ruby Lake",246,NA,NA,4,3,5,600,466
"Ruby Lake",246,NA,NA,4,5,10,600,432
"Ruby Lake",246,NA,NA,4,10,15,590,396
"Ruby Lake",246,NA,NA,4,15,20,586,376
"Ruby Lake",246,NA,NA,4,20,30,547,352
"Ruby Lake",246,NA,NA,4,30,40,509,317
"Ruby Lake",246,NA,NA,4,40,50,394,254
"Ruby Lake",246,NA,NA,4,50,60,197,213
"Ruby Lake",246,NA,NA,5,2,5,1200,466
"Ruby Lake",246,NA,NA,5,3,5,1200,466
"Ruby Lake",246,NA,NA,5,5,10,1200,432
"Ruby Lake",246,NA,NA,5,10,15,1152,396
"Ruby Lake",246,NA,NA,5,15,20,1064,376
"Ruby Lake",246,NA,NA,5,20,30,1016,352
"Ruby Lake",246,NA,NA,5,30,40,902,317
"Ruby Lake",246,NA,NA,5,40,50,867,254
"Ruby Lake",246,NA,NA,5,50,60,793,213
"Ruby Lake",246,NA,NA,6,2,5,1500,466
"Ruby Lake",246,NA,NA,6,3,5,1500,466
"Ruby Lake",246,NA,NA,6,5,10,1500,432
"Ruby Lake",246,NA,NA,6,10,15,1463,396
"Ruby Lake",246,NA,NA,6,15,20,1436,376
"Ruby Lake",246,NA,NA,6,20,30,1409,352
"Ruby Lake",246,NA,NA,6,30,40,1377,317
"Ruby Lake",246,NA,NA,6,40,50,1345,254
"Ruby Lake",246,NA,NA,6,50,60,1243,213
"Ruby Lake",246,NA,NA,7,2,5,900,466
"Ruby Lake",246,NA,NA,7,3,5,900,466
"Ruby Lake",246,NA,NA,7,5,10,892,432
"Ruby Lake",246,NA,NA,7,10,15,879,396
"Ruby Lake",246,NA,NA,7,15,20,863,376
"Ruby Lake",246,NA,NA,7,20,30,834,352
"Ruby Lake",246,NA,NA,7,30,40,805,317
"Ruby Lake",246,NA,NA,7,40,50,763,254
"Ruby Lake",246,NA,NA,7,50,60,593,213
"Sakinaw Lake",61,"49° 41' N","124° 02' W",1,2,5,200,816
"Sakinaw Lake",61,"49° 41' N","124° 02' W",1,3,5,200,816
"Sakinaw Lake",61,"49° 41' N","124° 02' W",1,5,10,158,727
"Sakinaw Lake",61,"49° 41' N","124° 02' W",1,10,15,140,686
"Sakinaw Lake",61,"49° 41' N","124° 02' W",1,15,20,125,628
"Sakinaw Lake",61,"49° 41' N","124° 02' W",1,20,30,43,525
"Sakinaw Lake",61,"49° 41' N","124° 02' W",1,30,40,0,422
"Sakinaw Lake",61,"49° 41' N","124° 02' W",1,40,50,0,358
"Sakinaw Lake",61,"49° 41' N","124° 02' W",2,2,5,200,816
"Sakinaw Lake",61,"49° 41' N","124° 02' W",2,3,5,200,816
"Sakinaw Lake",61,"49° 41' N","124° 02' W",2,5,10,200,727
"Sakinaw Lake",61,"49° 41' N","124° 02' W",2,10,15,181,686
"Sakinaw Lake",61,"49° 41' N","124° 02' W",2,15,20,168,628
"Sakinaw Lake",61,"49° 41' N","124° 02' W",2,20,30,158,525
"Sakinaw Lake",61,"49° 41' N","124° 02' W",2,30,40,141,422
"Sakinaw Lake",61,"49° 41' N","124° 02' W",2,40,50,116,358
"Sakinaw Lake",61,"49° 41' N","124° 02' W",3,2,5,900,816
"Sakinaw Lake",61,"49° 41' N","124° 02' W",3,3,5,900,816
"Sakinaw Lake",61,"49° 41' N","124° 02' W",3,5,10,878,727
"Sakinaw Lake",61,"49° 41' N","124° 02' W",3,10,15,856,686
"Sakinaw Lake",61,"49° 41' N","124° 02' W",3,15,20,828,628
"Sakinaw Lake",61,"49° 41' N","124° 02' W",3,20,30,800,525
"Sakinaw Lake",61,"49° 41' N","124° 02' W",3,30,40,772,422
"Sakinaw Lake",61,"49° 41' N","124° 02' W",3,40,50,733,358
"Sakinaw Lake",61,"49° 41' N","124° 02' W",4,2,5,600,816
"Sakinaw Lake",61,"49° 41' N","124° 02' W",4,3,5,600,816
"Sakinaw Lake",61,"49° 41' N","124° 02' W",4,5,10,591,727
"Sakinaw Lake",61,"49° 41' N","124° 02' W",4,10,15,586,686
"Sakinaw Lake",61,"49° 41' N","124° 02' W",4,15,20,567,628
"Sakinaw Lake",61,"49° 41' N","124° 02' W",4,20,30,529,525
"Sakinaw Lake",61,"49° 41' N","124° 02' W",4,30,40,463,422
"Sakinaw Lake",61,"49° 41' N","124° 02' W",4,40,50,430,358
"Sakinaw Lake",61,"49° 41' N","124° 02' W",5,2,5,700,816
"Sakinaw Lake",61,"49° 41' N","124° 02' W",5,3,5,700,816
"Sakinaw Lake",61,"49° 41' N","124° 02' W",5,5,10,700,727
"Sakinaw Lake",61,"49° 41' N","124° 02' W",5,10,15,675,686
"Sakinaw Lake",61,"49° 41' N","124° 02' W",5,15,20,665,628
"Sakinaw Lake",61,"49° 41' N","124° 02' W",5,20,30,640,525
"Sakinaw Lake",61,"49° 41' N","124° 02' W",5,30,40,539,422
"Sakinaw Lake",61,"49° 41' N","124° 02' W",5,40,50,504,358
"Sakinaw Lake",61,"49° 41' N","124° 02' W",6,2,5,400,816
"Sakinaw Lake",61,"49° 41' N","124° 02' W",6,3,5,400,816
"Sakinaw Lake",61,"49° 41' N","124° 02' W",6,5,10,395,727
"Sakinaw Lake",61,"49° 41' N","124° 02' W",6,10,15,380,686
"Sakinaw Lake",61,"49° 41' N","124° 02' W",6,15,20,359,628
"Sakinaw Lake",61,"49° 41' N","124° 02' W",6,20,30,339,525
"Sakinaw Lake",61,"49° 41' N","124° 02' W",6,30,40,294,422
"Sakinaw Lake",61,"49° 41' N","124° 02' W",6,40,50,273,358
"Sakinaw Lake",61,"49° 41' N","124° 02' W",7,2,5,900,816
"Sakinaw Lake",61,"49° 41' N","124° 02' W",7,3,5,900,816
"Sakinaw Lake",61,"49° 41' N","124° 02' W",7,5,10,890,727
"Sakinaw Lake",61,"49° 41' N","124° 02' W",7,10,15,865,686
"Sakinaw Lake",61,"49° 41' N","124° 02' W",7,15,20,840,628
"Sakinaw Lake",61,"49° 41' N","124° 02' W",7,20,30,825,525
"Sakinaw Lake",61,"49° 41' N","124° 02' W",7,30,40,799,422
"Sakinaw Lake",61,"49° 41' N","124° 02' W",7,40,50,764,358
"Sakinaw Lake",61,"49° 41' N","124° 02' W",8,2,5,800,816
"Sakinaw Lake",61,"49° 41' N","124° 02' W",8,3,5,800,816
"Sakinaw Lake",61,"49° 41' N","124° 02' W",8,5,10,800,727
"Sakinaw Lake",61,"49° 41' N","124° 02' W",8,10,15,744,686
"Sakinaw Lake",61,"49° 41' N","124° 02' W",8,15,20,713,628
"Sakinaw Lake",61,"49° 41' N","124° 02' W",8,20,30,683,525
"Sakinaw Lake",61,"49° 41' N","124° 02' W",8,30,40,647,422
"Sakinaw Lake",61,"49° 41' N","124° 02' W",8,40,50,611,358
"Sakinaw Lake",61,"49° 41' N","124° 02' W",9,2,5,800,816
"Sakinaw Lake",61,"49° 41' N","124° 02' W",9,3,5,800,816
"Sakinaw Lake",61,"49° 41' N","124° 02' W",9,5,10,790,727
"Sakinaw Lake",61,"49° 41' N","124° 02' W",9,10,15,766,686
"Sakinaw Lake",61,"49° 41' N","124° 02' W",9,15,20,738,628
"Sakinaw Lake",61,"49° 41' N","124° 02' W",9,20,30,704,525
"Sakinaw Lake",61,"49° 41' N","124° 02' W",9,30,40,680,422
"Sakinaw Lake",61,"49° 41' N","124° 02' W",9,40,50,632,358
"Sakinaw Lake",61,"49° 41' N","124° 02' W",10,2,5,700,816
"Sakinaw Lake",61,"49° 41' N","124° 02' W",10,3,5,700,816
"Sakinaw Lake",61,"49° 41' N","124° 02' W",10,5,10,695,727
"Sakinaw Lake",61,"49° 41' N","124° 02' W",10,10,15,667,686
"Sakinaw Lake",61,"49° 41' N","124° 02' W",10,15,20,639,628
"Sakinaw Lake",61,"49° 41' N","124° 02' W",10,20,30,592,525
"Sakinaw Lake",61,"49° 41' N","124° 02' W",10,30,40,540,422
"Sakinaw Lake",61,"49° 41' N","124° 02' W",10,40,50,474,358
"Sakinaw Lake",61,"49° 41' N","124° 02' W",11,2,5,200,816
"Sakinaw Lake",61,"49° 41' N","124° 02' W",11,3,5,200,816
"Sakinaw Lake",61,"49° 41' N","124° 02' W",11,5,10,177,727
"Sakinaw Lake",61,"49° 41' N","124° 02' W",11,10,15,158,686
"Sakinaw Lake",61,"49° 41' N","124° 02' W",11,15,20,139,628
"Sakinaw Lake",61,"49° 41' N","124° 02' W",11,20,30,100,525
"Sakinaw Lake",61,"49° 41' N","124° 02' W",11,30,40,65,422
"Sakinaw Lake",61,"49° 41' N","124° 02' W",11,40,50,0,358
"Sakinaw Lake",61,"49° 41' N","124° 02' W",12,2,5,700,816
"Sakinaw Lake",61,"49° 41' N","124° 02' W",12,3,5,700,816
"Sakinaw Lake",61,"49° 41' N","124° 02' W",12,5,10,666,727
"Sakinaw Lake",61,"49° 41' N","124° 02' W",12,10,15,656,686
"Sakinaw Lake",61,"49° 41' N","124° 02' W",12,15,20,642,628
"Sakinaw Lake",61,"49° 41' N","124° 02' W",12,20,30,598,525
"Sakinaw Lake",61,"49° 41' N","124° 02' W",12,30,40,496,422
"Sakinaw Lake",61,"49° 41' N","124° 02' W",12,40,50,384,358
"Sakinaw Lake",61,"49° 41' N","124° 02' W",13,2,5,500,816
"Sakinaw Lake",61,"49° 41' N","124° 02' W",13,3,5,500,816
"Sakinaw Lake",61,"49° 41' N","124° 02' W",13,5,10,495,727
"Sakinaw Lake",61,"49° 41' N","124° 02' W",13,10,15,452,686
"Sakinaw Lake",61,"49° 41' N","124° 02' W",13,15,20,429,628
"Sakinaw Lake",61,"49° 41' N","124° 02' W",13,20,30,381,525
"Sakinaw Lake",61,"49° 41' N","124° 02' W",13,30,40,329,422
"Sakinaw Lake",61,"49° 41' N","124° 02' W",13,40,50,114,358
"Sakinaw Lake",61,"49° 41' N","124° 02' W",14,2,5,600,816
"Sakinaw Lake",61,"49° 41' N","124° 02' W",14,3,5,600,816
"Sakinaw Lake",61,"49° 41' N","124° 02' W",14,5,10,600,727
"Sakinaw Lake",61,"49° 41' N","124° 02' W",14,10,15,572,686
"Sakinaw Lake",61,"49° 41' N","124° 02' W",14,15,20,555,628
"Sakinaw Lake",61,"49° 41' N","124° 02' W",14,20,30,533,525
"Sakinaw Lake",61,"49° 41' N","124° 02' W",14,30,40,493,422
"Sakinaw Lake",61,"49° 41' N","124° 02' W",14,40,50,460,358
"Schoen Lake",24,"50° 10' N","126° 16' W",1,2,5,643,243
"Schoen Lake",24,"50° 10' N","126° 16' W",1,3,5,643,243
"Schoen Lake",24,"50° 10' N","126° 16' W",1,5,10,614,224
"Schoen Lake",24,"50° 10' N","126° 16' W",1,10,15,614,208
"Schoen Lake",24,"50° 10' N","126° 16' W",1,15,20,595,196
"Schoen Lake",24,"50° 10' N","126° 16' W",1,20,30,538,172
"Schoen Lake",24,"50° 10' N","126° 16' W",1,30,40,336,137
"Schoen Lake",24,"50° 10' N","126° 16' W",1,40,50,0,83
"Schoen Lake",24,"50° 10' N","126° 16' W",1,50,60,0,32
"Schoen Lake",24,"50° 10' N","126° 16' W",2,2,5,945,243
"Schoen Lake",24,"50° 10' N","126° 16' W",2,3,5,945,243
"Schoen Lake",24,"50° 10' N","126° 16' W",2,5,10,902,224
"Schoen Lake",24,"50° 10' N","126° 16' W",2,10,15,807,208
"Schoen Lake",24,"50° 10' N","126° 16' W",2,15,20,687,196
"Schoen Lake",24,"50° 10' N","126° 16' W",2,20,30,601,172
"Schoen Lake",24,"50° 10' N","126° 16' W",2,30,40,472,137
"Schoen Lake",24,"50° 10' N","126° 16' W",2,40,50,412,83
"Schoen Lake",24,"50° 10' N","126° 16' W",2,50,60,0,32
"Schoen Lake",24,"50° 10' N","126° 16' W",3,2,5,399,243
"Schoen Lake",24,"50° 10' N","126° 16' W",3,3,5,399,243
"Schoen Lake",24,"50° 10' N","126° 16' W",3,5,10,399,224
"Schoen Lake",24,"50° 10' N","126° 16' W",3,10,15,368,208
"Schoen Lake",24,"50° 10' N","126° 16' W",3,15,20,345,196
"Schoen Lake",24,"50° 10' N","126° 16' W",3,20,30,322,172
"Schoen Lake",24,"50° 10' N","126° 16' W",3,30,40,238,137
"Schoen Lake",24,"50° 10' N","126° 16' W",3,40,50,184,83
"Schoen Lake",24,"50° 10' N","126° 16' W",3,50,60,138,32
"Schoen Lake",24,"50° 10' N","126° 16' W",4,2,5,805,243
"Schoen Lake",24,"50° 10' N","126° 16' W",4,3,5,805,243
"Schoen Lake",24,"50° 10' N","126° 16' W",4,5,10,795,224
"Schoen Lake",24,"50° 10' N","126° 16' W",4,10,15,786,208
"Schoen Lake",24,"50° 10' N","126° 16' W",4,15,20,776,196
"Schoen Lake",24,"50° 10' N","126° 16' W",4,20,30,701,172
"Schoen Lake",24,"50° 10' N","126° 16' W",4,30,40,634,137
"Schoen Lake",24,"50° 10' N","126° 16' W",4,40,50,549,83
"Schoen Lake",24,"50° 10' N","126° 16' W",4,50,60,454,32
"Skaha Lake",241,"49° 24' N","119° 35' W",1,2,5,2271,1946
"Skaha Lake",241,"49° 24' N","119° 35' W",1,3,5,2271,1635
"Skaha Lake",241,"49° 24' N","119° 35' W",1,5,10,2254,1503
"Skaha Lake",241,"49° 24' N","119° 35' W",1,10,15,2088,1342
"Skaha Lake",241,"49° 24' N","119° 35' W",1,15,20,1902,1129
"Skaha Lake",241,"49° 24' N","119° 35' W",1,20,30,1822,929
"Skaha Lake",241,"49° 24' N","119° 35' W",1,30,40,1591,736
"Skaha Lake",241,"49° 24' N","119° 35' W",1,40,50,1242,664
"Skaha Lake",241,"49° 24' N","119° 35' W",1,50,60,0,351
"Skaha Lake",241,"49° 24' N","119° 35' W",1,60,70,0,0
"Skaha Lake",241,"49° 24' N","119° 35' W",2,2,5,1750,1946
"Skaha Lake",241,"49° 24' N","119° 35' W",2,3,5,1732,1635
"Skaha Lake",241,"49° 24' N","119° 35' W",2,5,10,1710,1503
"Skaha Lake",241,"49° 24' N","119° 35' W",2,10,15,1674,1342
"Skaha Lake",241,"49° 24' N","119° 35' W",2,15,20,1624,1129
"Skaha Lake",241,"49° 24' N","119° 35' W",2,20,30,1548,929
"Skaha Lake",241,"49° 24' N","119° 35' W",2,30,40,1426,736
"Skaha Lake",241,"49° 24' N","119° 35' W",2,40,50,1246,664
"Skaha Lake",241,"49° 24' N","119° 35' W",2,50,60,674,351
"Skaha Lake",241,"49° 24' N","119° 35' W",2,60,70,0,0
"Skaha Lake",241,"49° 24' N","119° 35' W",3,2,5,1833,1946
"Skaha Lake",241,"49° 24' N","119° 35' W",3,3,5,1819,1635
"Skaha Lake",241,"49° 24' N","119° 35' W",3,5,10,1782,1503
"Skaha Lake",241,"49° 24' N","119° 35' W",3,10,15,1712,1342
"Skaha Lake",241,"49° 24' N","119° 35' W",3,15,20,1522,1129
"Skaha Lake",241,"49° 24' N","119° 35' W",3,20,30,1410,929
"Skaha Lake",241,"49° 24' N","119° 35' W",3,30,40,1224,736
"Skaha Lake",241,"49° 24' N","119° 35' W",3,40,50,791,664
"Skaha Lake",241,"49° 24' N","119° 35' W",3,50,60,0,351
"Skaha Lake",241,"49° 24' N","119° 35' W",3,60,70,0,0
"Skaha Lake",241,"49° 24' N","119° 35' W",4,2,5,688,1946
"Skaha Lake",241,"49° 24' N","119° 35' W",4,3,5,658,1635
"Skaha Lake",241,"49° 24' N","119° 35' W",4,5,10,581,1503
"Skaha Lake",241,"49° 24' N","119° 35' W",4,10,15,540,1342
"Skaha Lake",241,"49° 24' N","119° 35' W",4,15,20,487,1129
"Skaha Lake",241,"49° 24' N","119° 35' W",4,20,30,346,929
"Skaha Lake",241,"49° 24' N","119° 35' W",4,30,40,0,736
"Skaha Lake",241,"49° 24' N","119° 35' W",4,40,50,0,664
"Skaha Lake",241,"49° 24' N","119° 35' W",4,50,60,0,351
"Skaha Lake",241,"49° 24' N","119° 35' W",4,60,70,0,0
"Skaha Lake",241,"49° 24' N","119° 35' W",5,2,5,3021,1946
"Skaha Lake",241,"49° 24' N","119° 35' W",5,3,5,3021,1635
"Skaha Lake",241,"49° 24' N","119° 35' W",5,5,10,3021,1503
"Skaha Lake",241,"49° 24' N","119° 35' W",5,10,15,2944,1342
"Skaha Lake",241,"49° 24' N","119° 35' W",5,15,20,2732,1129
"Skaha Lake",241,"49° 24' N","119° 35' W",5,20,30,2623,929
"Skaha Lake",241,"49° 24' N","119° 35' W",5,30,40,2360,736
"Skaha Lake",241,"49° 24' N","119° 35' W",5,40,50,2128,664
"Skaha Lake",241,"49° 24' N","119° 35' W",5,50,60,1095,351
"Skaha Lake",241,"49° 24' N","119° 35' W",5,60,70,0,0
"Skaha Lake",241,"49° 24' N","119° 35' W",6,2,5,2630,1946
"Skaha Lake",241,"49° 24' N","119° 35' W",6,3,5,2630,1635
"Skaha Lake",241,"49° 24' N","119° 35' W",6,5,10,2630,1503
"Skaha Lake",241,"49° 24' N","119° 35' W",6,10,15,2571,1342
"Skaha Lake",241,"49° 24' N","119° 35' W",6,15,20,2360,1129
"Skaha Lake",241,"49° 24' N","119° 35' W",6,20,30,2252,929
"Skaha Lake",241,"49° 24' N","119° 35' W",6,30,40,2004,736
"Skaha Lake",241,"49° 24' N","119° 35' W",6,40,50,1474,664
"Skaha Lake",241,"49° 24' N","119° 35' W",6,50,60,108,351
"Skaha Lake",241,"49° 24' N","119° 35' W",6,60,70,0,0
"Skaha Lake",241,"49° 24' N","119° 35' W",7,2,5,2580,1946
"Skaha Lake",241,"49° 24' N","119° 35' W",7,3,5,2580,1635
"Skaha Lake",241,"49° 24' N","119° 35' W",7,5,10,2464,1503
"Skaha Lake",241,"49° 24' N","119° 35' W",7,10,15,2377,1342
"Skaha Lake",241,"49° 24' N","119° 35' W",7,15,20,2196,1129
"Skaha Lake",241,"49° 24' N","119° 35' W",7,20,30,2015,929
"Skaha Lake",241,"49° 24' N","119° 35' W",7,30,40,1268,736
"Skaha Lake",241,"49° 24' N","119° 35' W",7,40,50,0,664
"Skaha Lake",241,"49° 24' N","119° 35' W",7,50,60,0,351
"Skaha Lake",241,"49° 24' N","119° 35' W",7,60,70,0,0
"Skaha Lake",241,"49° 24' N","119° 35' W",8,2,5,1900,1946
"Skaha Lake",241,"49° 24' N","119° 35' W",8,3,5,1900,1635
"Skaha Lake",241,"49° 24' N","119° 35' W",8,5,10,1834,1503
"Skaha Lake",241,"49° 24' N","119° 35' W",8,10,15,1671,1342
"Skaha Lake",241,"49° 24' N","119° 35' W",8,15,20,1146,1129
"Skaha Lake",241,"49° 24' N","119° 35' W",8,20,30,1095,929
"Skaha Lake",241,"49° 24' N","119° 35' W",8,30,40,560,736
"Skaha Lake",241,"49° 24' N","119° 35' W",8,40,50,0,664
"Skaha Lake",241,"49° 24' N","119° 35' W",8,50,60,0,351
"Skaha Lake",241,"49° 24' N","119° 35' W",8,60,70,0,0
"Skaha Lake",241,"49° 24' N","119° 35' W",9,2,5,2740,1946
"Skaha Lake",241,"49° 24' N","119° 35' W",9,3,5,2740,1635
"Skaha Lake",241,"49° 24' N","119° 35' W",9,5,10,2657,1503
"Skaha Lake",241,"49° 24' N","119° 35' W",9,10,15,2468,1342
"Skaha Lake",241,"49° 24' N","119° 35' W",9,15,20,2158,1129
"Skaha Lake",241,"49° 24' N","119° 35' W",9,20,30,1925,929
"Skaha Lake",241,"49° 24' N","119° 35' W",9,30,40,1719,736
"Skaha Lake",241,"49° 24' N","119° 35' W",9,40,50,0,664
"Skaha Lake",241,"49° 24' N","119° 35' W",9,50,60,0,351
"Skaha Lake",241,"49° 24' N","119° 35' W",9,60,70,0,0
"Skaha_2007",255,NA,NA,1,2,5,2271,1946
"Skaha_2007",255,NA,NA,1,3,5,2271,1635
"Skaha_2007",255,NA,NA,1,5,10,2254,1503
"Skaha_2007",255,NA,NA,1,10,15,2088,1342
"Skaha_2007",255,NA,NA,1,15,20,1902,1129
"Skaha_2007",255,NA,NA,1,20,30,1822,929
"Skaha_2007",255,NA,NA,1,30,40,1591,736
"Skaha_2007",255,NA,NA,1,40,50,1242,664
"Skaha_2007",255,NA,NA,1,50,60,0,351
"Skaha_2007",255,NA,NA,1,60,70,0,0
"Skaha_2007",255,NA,NA,2,2,5,1750,1946
"Skaha_2007",255,NA,NA,2,3,5,1732,1635
"Skaha_2007",255,NA,NA,2,5,10,1710,1503
"Skaha_2007",255,NA,NA,2,10,15,1674,1342
"Skaha_2007",255,NA,NA,2,15,20,1624,1129
"Skaha_2007",255,NA,NA,2,20,30,1548,929
"Skaha_2007",255,NA,NA,2,30,40,1426,736
"Skaha_2007",255,NA,NA,2,40,50,1246,664
"Skaha_2007",255,NA,NA,2,50,60,674,351
"Skaha_2007",255,NA,NA,2,60,70,0,0
"Skaha_2007",255,NA,NA,3,2,5,1833,1946
"Skaha_2007",255,NA,NA,3,3,5,1819,1635
"Skaha_2007",255,NA,NA,3,5,10,1782,1503
"Skaha_2007",255,NA,NA,3,10,15,1712,1342
"Skaha_2007",255,NA,NA,3,15,20,1522,1129
"Skaha_2007",255,NA,NA,3,20,30,1410,929
"Skaha_2007",255,NA,NA,3,30,40,1224,736
"Skaha_2007",255,NA,NA,3,40,50,791,664
"Skaha_2007",255,NA,NA,3,50,60,0,351
"Skaha_2007",255,NA,NA,3,60,70,0,0
"Skaha_2007",255,NA,NA,4,2,5,688,1946
"Skaha_2007",255,NA,NA,4,3,5,658,1635
"Skaha_2007",255,NA,NA,4,5,10,581,1503
"Skaha_2007",255,NA,NA,4,10,15,540,1342
"Skaha_2007",255,NA,NA,4,15,20,487,1129
"Skaha_2007",255,NA,NA,4,20,30,346,929
"Skaha_2007",255,NA,NA,4,30,40,0,736
"Skaha_2007",255,NA,NA,4,40,50,0,664
"Skaha_2007",255,NA,NA,4,50,60,0,351
"Skaha_2007",255,NA,NA,4,60,70,0,0
"Skaha_2007",255,NA,NA,5,2,5,3021,1946
"Skaha_2007",255,NA,NA,5,3,5,3021,1635
"Skaha_2007",255,NA,NA,5,5,10,3021,1503
"Skaha_2007",255,NA,NA,5,10,15,2944,1342
"Skaha_2007",255,NA,NA,5,15,20,2732,1129
"Skaha_2007",255,NA,NA,5,20,30,2623,929
"Skaha_2007",255,NA,NA,5,30,40,2360,736
"Skaha_2007",255,NA,NA,5,40,50,2128,664
"Skaha_2007",255,NA,NA,5,50,60,1095,351
"Skaha_2007",255,NA,NA,5,60,70,0,0
"Skaha_2007",255,NA,NA,6,2,5,2630,1946
"Skaha_2007",255,NA,NA,6,3,5,2630,1635
"Skaha_2007",255,NA,NA,6,5,10,2630,1503
"Skaha_2007",255,NA,NA,6,10,15,2571,1342
"Skaha_2007",255,NA,NA,6,15,20,2360,1129
"Skaha_2007",255,NA,NA,6,20,30,2252,929
"Skaha_2007",255,NA,NA,6,30,40,2004,736
"Skaha_2007",255,NA,NA,6,40,50,1474,664
"Skaha_2007",255,NA,NA,6,50,60,108,351
"Skaha_2007",255,NA,NA,6,60,70,0,0
"Skaha_2007",255,NA,NA,7,2,5,2580,1946
"Skaha_2007",255,NA,NA,7,3,5,2580,1635
"Skaha_2007",255,NA,NA,7,5,10,2464,1503
"Skaha_2007",255,NA,NA,7,10,15,2377,1342
"Skaha_2007",255,NA,NA,7,15,20,2196,1129
"Skaha_2007",255,NA,NA,7,20,30,2015,929
"Skaha_2007",255,NA,NA,7,30,40,1268,736
"Skaha_2007",255,NA,NA,7,40,50,0,664
"Skaha_2007",255,NA,NA,7,50,60,0,351
"Skaha_2007",255,NA,NA,7,60,70,0,0
"Skaha_2007",255,NA,NA,8,2,5,1900,1946
"Skaha_2007",255,NA,NA,8,3,5,1900,1635
"Skaha_2007",255,NA,NA,8,5,10,1834,1503
"Skaha_2007",255,NA,NA,8,10,15,1671,1342
"Skaha_2007",255,NA,NA,8,15,20,1146,1129
"Skaha_2007",255,NA,NA,8,20,30,1095,929
"Skaha_2007",255,NA,NA,8,30,40,560,736
"Skaha_2007",255,NA,NA,8,40,50,0,664
"Skaha_2007",255,NA,NA,8,50,60,0,351
"Skaha_2007",255,NA,NA,8,60,70,0,0
"Skaha_2007",255,NA,NA,9,2,5,2740,1946
"Skaha_2007",255,NA,NA,9,3,5,2740,1635
"Skaha_2007",255,NA,NA,9,5,10,2657,1503
"Skaha_2007",255,NA,NA,9,10,15,2468,1342
"Skaha_2007",255,NA,NA,9,15,20,2158,1129
"Skaha_2007",255,NA,NA,9,20,30,1925,929
"Skaha_2007",255,NA,NA,9,30,40,1719,736
"Skaha_2007",255,NA,NA,9,40,50,1159,664
"Skaha_2007",255,NA,NA,9,50,60,0,351
"Skaha_2007",255,NA,NA,9,60,70,0,0
"Skaha_2007",255,NA,NA,10,2,5,1284,1946
"Skaha_2007",255,NA,NA,10,3,5,1284,1635
"Skaha_2007",255,NA,NA,10,5,10,1260,1503
"Skaha_2007",255,NA,NA,10,10,15,1222,1342
"Skaha_2007",255,NA,NA,10,15,20,1176,1129
"Skaha_2007",255,NA,NA,10,20,30,700,929
"Skaha_2007",255,NA,NA,10,30,40,0,736
"Skaha_2007",255,NA,NA,10,40,50,0,664
"Skaha_2007",255,NA,NA,10,50,60,0,351
"Skaha_2007",255,NA,NA,10,60,70,0,0
"Skaha_2007",255,NA,NA,11,2,5,800,1946
"Skaha_2007",255,NA,NA,11,3,5,800,1635
"Skaha_2007",255,NA,NA,11,5,10,786,1503
"Skaha_2007",255,NA,NA,11,10,15,611,1342
"Skaha_2007",255,NA,NA,11,15,20,546,1129
"Skaha_2007",255,NA,NA,11,20,30,487,929
"Skaha_2007",255,NA,NA,11,30,40,385,736
"Skaha_2007",255,NA,NA,11,40,50,0,664
"Skaha_2007",255,NA,NA,11,50,60,0,351
"Skaha_2007",255,NA,NA,11,60,70,0,0
"Skaha_2007",255,NA,NA,12,2,5,2000,1946
"Skaha_2007",255,NA,NA,12,3,5,2000,1635
"Skaha_2007",255,NA,NA,12,5,10,2000,1503
"Skaha_2007",255,NA,NA,12,10,15,1973,1342
"Skaha_2007",255,NA,NA,12,15,20,1635,1129
"Skaha_2007",255,NA,NA,12,20,30,1342,929
"Skaha_2007",255,NA,NA,12,30,40,384,736
"Skaha_2007",255,NA,NA,12,40,50,0,664
"Skaha_2007",255,NA,NA,12,50,60,0,351
"Skaha_2007",255,NA,NA,12,60,70,0,0
"Skaha_2007",255,NA,NA,13,2,5,2100,1946
"Skaha_2007",255,NA,NA,13,3,5,2100,1635
"Skaha_2007",255,NA,NA,13,5,10,2100,1503
"Skaha_2007",255,NA,NA,13,10,15,2006,1342
"Skaha_2007",255,NA,NA,13,15,20,1936,1129
"Skaha_2007",255,NA,NA,13,20,30,1818,929
"Skaha_2007",255,NA,NA,13,30,40,1443,736
"Skaha_2007",255,NA,NA,13,40,50,1079,664
"Skaha_2007",255,NA,NA,13,50,60,0,351
"Skaha_2007",255,NA,NA,13,60,70,0,0
"Skaha_2007",255,NA,NA,14,2,5,2700,1946
"Skaha_2007",255,NA,NA,14,3,5,2700,1635
"Skaha_2007",255,NA,NA,14,5,10,2700,1503
"Skaha_2007",255,NA,NA,14,10,15,2629,1342
"Skaha_2007",255,NA,NA,14,15,20,2414,1129
"Skaha_2007",255,NA,NA,14,20,30,2314,929
"Skaha_2007",255,NA,NA,14,30,40,1900,736
"Skaha_2007",255,NA,NA,14,40,50,1386,664
"Skaha_2007",255,NA,NA,14,50,60,0,351
"Skaha_2007",255,NA,NA,14,60,70,0,0
"Skaha_2007",255,NA,NA,15,2,5,2700,1946
"Skaha_2007",255,NA,NA,15,3,5,2700,1635
"Skaha_2007",255,NA,NA,15,5,10,2700,1503
"Skaha_2007",255,NA,NA,15,10,15,2700,1342
"Skaha_2007",255,NA,NA,15,15,20,2569,1129
"Skaha_2007",255,NA,NA,15,20,30,2450,929
"Skaha_2007",255,NA,NA,15,30,40,1998,736
"Skaha_2007",255,NA,NA,15,40,50,345,664
"Skaha_2007",255,NA,NA,15,50,60,0,351
"Skaha_2007",255,NA,NA,15,60,70,0,0
"Skidegate Lake NE",156,"53° 05' N","131° 54' W",1,2,5,801,378
"Skidegate Lake NE",156,"53° 05' N","131° 54' W",1,3,5,801,378
"Skidegate Lake NE",156,"53° 05' N","131° 54' W",1,5,10,724,314
"Skidegate Lake NE",156,"53° 05' N","131° 54' W",1,10,15,166,235
"Skidegate Lake NE",156,"53° 05' N","131° 54' W",1,15,20,0,188
"Skidegate Lake NE",156,"53° 05' N","131° 54' W",2,2,5,1770,378
"Skidegate Lake NE",156,"53° 05' N","131° 54' W",2,3,5,1770,378
"Skidegate Lake NE",156,"53° 05' N","131° 54' W",2,5,10,1606,314
"Skidegate Lake NE",156,"53° 05' N","131° 54' W",2,10,15,1340,235
"Skidegate Lake NE",156,"53° 05' N","131° 54' W",2,15,20,1130,188
"Skidegate Lake NE",156,"53° 05' N","131° 54' W",3,2,5,864,378
"Skidegate Lake NE",156,"53° 05' N","131° 54' W",3,3,5,864,378
"Skidegate Lake NE",156,"53° 05' N","131° 54' W",3,5,10,844,314
"Skidegate Lake NE",156,"53° 05' N","131° 54' W",3,10,15,725,235
"Skidegate Lake NE",156,"53° 05' N","131° 54' W",3,15,20,387,188
"Skidegate Lake NE",156,"53° 05' N","131° 54' W",4,2,5,1957,378
"Skidegate Lake NE",156,"53° 05' N","131° 54' W",4,3,5,1957,378
"Skidegate Lake NE",156,"53° 05' N","131° 54' W",4,5,10,1919,314
"Skidegate Lake NE",156,"53° 05' N","131° 54' W",4,10,15,1473,235
"Skidegate Lake NE",156,"53° 05' N","131° 54' W",4,15,20,638,188
"Skidegate Lake NE",156,"53° 05' N","131° 54' W",5,2,5,926,378
"Skidegate Lake NE",156,"53° 05' N","131° 54' W",5,3,5,926,378
"Skidegate Lake NE",156,"53° 05' N","131° 54' W",5,5,10,858,314
"Skidegate Lake NE",156,"53° 05' N","131° 54' W",5,10,15,573,235
"Skidegate Lake NE",156,"53° 05' N","131° 54' W",5,15,20,164,188
"Skidegate Lake NE",156,"53° 05' N","131° 54' W",6,2,5,1490,378
"Skidegate Lake NE",156,"53° 05' N","131° 54' W",6,3,5,1490,378
"Skidegate Lake NE",156,"53° 05' N","131° 54' W",6,5,10,1422,314
"Skidegate Lake NE",156,"53° 05' N","131° 54' W",6,10,15,1252,235
"Skidegate Lake NE",156,"53° 05' N","131° 54' W",6,15,20,0,188
"Skidegate Lake NE",156,"53° 05' N","131° 54' W",7,2,5,1037,378
"Skidegate Lake NE",156,"53° 05' N","131° 54' W",7,3,5,1037,378
"Skidegate Lake NE",156,"53° 05' N","131° 54' W",7,5,10,1015,314
"Skidegate Lake NE",156,"53° 05' N","131° 54' W",7,10,15,827,235
"Skidegate Lake NE",156,"53° 05' N","131° 54' W",7,15,20,630,188
"Skidegate Lake SW",155,"53° 05' N","131° 58' W",1,2,5,486,211
"Skidegate Lake SW",155,"53° 05' N","131° 58' W",1,3,5,486,211
"Skidegate Lake SW",155,"53° 05' N","131° 58' W",1,5,10,388,148
"Skidegate Lake SW",155,"53° 05' N","131° 58' W",2,2,5,780,211
"Skidegate Lake SW",155,"53° 05' N","131° 58' W",2,3,5,780,211
"Skidegate Lake SW",155,"53° 05' N","131° 58' W",2,5,10,373,148
"Skidegate Lake SW",155,"53° 05' N","131° 58' W",3,2,5,1012,211
"Skidegate Lake SW",155,"53° 05' N","131° 58' W",3,3,5,1012,211
"Skidegate Lake SW",155,"53° 05' N","131° 58' W",3,5,10,845,148
"Sproat Lake",2,"49° 14' N","125° 06' W",1,2,5,630,3775
"Sproat Lake",2,"49° 14' N","125° 06' W",1,3,5,630,3775
"Sproat Lake",2,"49° 14' N","125° 06' W",1,5,10,630,3725
"Sproat Lake",2,"49° 14' N","125° 06' W",1,10,15,620,3675
"Sproat Lake",2,"49° 14' N","125° 06' W",1,15,20,610,3580
"Sproat Lake",2,"49° 14' N","125° 06' W",1,20,30,600,3375
"Sproat Lake",2,"49° 14' N","125° 06' W",1,30,40,540,3070
"Sproat Lake",2,"49° 14' N","125° 06' W",1,40,50,520,2875
"Sproat Lake",2,"49° 14' N","125° 06' W",1,50,60,480,2645
"Sproat Lake",2,"49° 14' N","125° 06' W",1,60,70,460,2465
"Sproat Lake",2,"49° 14' N","125° 06' W",1,70,80,427,1410
"Sproat Lake",2,"49° 14' N","125° 06' W",2,2,5,1060,3775
"Sproat Lake",2,"49° 14' N","125° 06' W",2,3,5,1060,3775
"Sproat Lake",2,"49° 14' N","125° 06' W",2,5,10,1060,3725
"Sproat Lake",2,"49° 14' N","125° 06' W",2,10,15,1054,3675
"Sproat Lake",2,"49° 14' N","125° 06' W",2,15,20,1050,3580
"Sproat Lake",2,"49° 14' N","125° 06' W",2,20,30,1042,3375
"Sproat Lake",2,"49° 14' N","125° 06' W",2,30,40,1000,3070
"Sproat Lake",2,"49° 14' N","125° 06' W",2,40,50,956,2875
"Sproat Lake",2,"49° 14' N","125° 06' W",2,50,60,933,2645
"Sproat Lake",2,"49° 14' N","125° 06' W",2,60,70,930,2465
"Sproat Lake",2,"49° 14' N","125° 06' W",2,70,80,913,1410
"Sproat Lake",2,"49° 14' N","125° 06' W",3,2,5,1060,3775
"Sproat Lake",2,"49° 14' N","125° 06' W",3,3,5,1060,3775
"Sproat Lake",2,"49° 14' N","125° 06' W",3,5,10,1060,3725
"Sproat Lake",2,"49° 14' N","125° 06' W",3,10,15,1048,3675
"Sproat Lake",2,"49° 14' N","125° 06' W",3,15,20,1027,3580
"Sproat Lake",2,"49° 14' N","125° 06' W",3,20,30,1010,3375
"Sproat Lake",2,"49° 14' N","125° 06' W",3,30,40,990,3070
"Sproat Lake",2,"49° 14' N","125° 06' W",3,40,50,950,2875
"Sproat Lake",2,"49° 14' N","125° 06' W",3,50,60,940,2645
"Sproat Lake",2,"49° 14' N","125° 06' W",3,60,70,930,2465
"Sproat Lake",2,"49° 14' N","125° 06' W",3,70,80,910,1410
"Sproat Lake",2,"49° 14' N","125° 06' W",4,2,5,1650,3775
"Sproat Lake",2,"49° 14' N","125° 06' W",4,3,5,1650,3775
"Sproat Lake",2,"49° 14' N","125° 06' W",4,5,10,1650,3725
"Sproat Lake",2,"49° 14' N","125° 06' W",4,10,15,1642,3675
"Sproat Lake",2,"49° 14' N","125° 06' W",4,15,20,1640,3580
"Sproat Lake",2,"49° 14' N","125° 06' W",4,20,30,1631,3375
"Sproat Lake",2,"49° 14' N","125° 06' W",4,30,40,1590,3070
"Sproat Lake",2,"49° 14' N","125° 06' W",4,40,50,1540,2875
"Sproat Lake",2,"49° 14' N","125° 06' W",4,50,60,1430,2645
"Sproat Lake",2,"49° 14' N","125° 06' W",4,60,70,1350,2465
"Sproat Lake",2,"49° 14' N","125° 06' W",4,70,80,1250,1410
"Sproat Lake",2,"49° 14' N","125° 06' W",5,2,5,1150,3775
"Sproat Lake",2,"49° 14' N","125° 06' W",5,3,5,1150,3775
"Sproat Lake",2,"49° 14' N","125° 06' W",5,5,10,1150,3725
"Sproat Lake",2,"49° 14' N","125° 06' W",5,10,15,1140,3675
"Sproat Lake",2,"49° 14' N","125° 06' W",5,15,20,1130,3580
"Sproat Lake",2,"49° 14' N","125° 06' W",5,20,30,1120,3375
"Sproat Lake",2,"49° 14' N","125° 06' W",5,30,40,1090,3070
"Sproat Lake",2,"49° 14' N","125° 06' W",5,40,50,1060,2875
"Sproat Lake",2,"49° 14' N","125° 06' W",5,50,60,1030,2645
"Sproat Lake",2,"49° 14' N","125° 06' W",5,60,70,960,2465
"Sproat Lake",2,"49° 14' N","125° 06' W",5,70,80,875,1410
"Sproat Lake",2,"49° 14' N","125° 06' W",6,2,5,860,3775
"Sproat Lake",2,"49° 14' N","125° 06' W",6,3,5,860,3775
"Sproat Lake",2,"49° 14' N","125° 06' W",6,5,10,825,3725
"Sproat Lake",2,"49° 14' N","125° 06' W",6,10,15,800,3675
"Sproat Lake",2,"49° 14' N","125° 06' W",6,15,20,755,3580
"Sproat Lake",2,"49° 14' N","125° 06' W",6,20,30,750,3375
"Sproat Lake",2,"49° 14' N","125° 06' W",6,30,40,385,3070
"Sproat Lake",2,"49° 14' N","125° 06' W",6,40,50,290,2875
"Sproat Lake",2,"49° 14' N","125° 06' W",6,50,60,225,2645
"Sproat Lake",2,"49° 14' N","125° 06' W",6,60,70,185,2465
"Sproat Lake",2,"49° 14' N","125° 06' W",6,70,80,0,1410
"Sproat Lake",2,"49° 14' N","125° 06' W",7,2,5,765,3775
"Sproat Lake",2,"49° 14' N","125° 06' W",7,3,5,765,3775
"Sproat Lake",2,"49° 14' N","125° 06' W",7,5,10,760,3725
"Sproat Lake",2,"49° 14' N","125° 06' W",7,10,15,755,3675
"Sproat Lake",2,"49° 14' N","125° 06' W",7,15,20,750,3580
"Sproat Lake",2,"49° 14' N","125° 06' W",7,20,30,725,3375
"Sproat Lake",2,"49° 14' N","125° 06' W",7,30,40,695,3070
"Sproat Lake",2,"49° 14' N","125° 06' W",7,40,50,660,2875
"Sproat Lake",2,"49° 14' N","125° 06' W",7,50,60,640,2645
"Sproat Lake",2,"49° 14' N","125° 06' W",7,60,70,560,2465
"Sproat Lake",2,"49° 14' N","125° 06' W",7,70,80,0,1410
"Sproat Lake",2,"49° 14' N","125° 06' W",8,2,5,1500,3775
"Sproat Lake",2,"49° 14' N","125° 06' W",8,3,5,1500,3775
"Sproat Lake",2,"49° 14' N","125° 06' W",8,5,10,1490,3725
"Sproat Lake",2,"49° 14' N","125° 06' W",8,10,15,1485,3675
"Sproat Lake",2,"49° 14' N","125° 06' W",8,15,20,1480,3580
"Sproat Lake",2,"49° 14' N","125° 06' W",8,20,30,1440,3375
"Sproat Lake",2,"49° 14' N","125° 06' W",8,30,40,1400,3070
"Sproat Lake",2,"49° 14' N","125° 06' W",8,40,50,1360,2875
"Sproat Lake",2,"49° 14' N","125° 06' W",8,50,60,1310,2645
"Sproat Lake",2,"49° 14' N","125° 06' W",8,60,70,1295,2465
"Sproat Lake",2,"49° 14' N","125° 06' W",8,70,80,1285,1410
"Sproat Lake",2,"49° 14' N","125° 06' W",9,2,5,1025,3775
"Sproat Lake",2,"49° 14' N","125° 06' W",9,3,5,1025,3775
"Sproat Lake",2,"49° 14' N","125° 06' W",9,5,10,1000,3725
"Sproat Lake",2,"49° 14' N","125° 06' W",9,10,15,955,3675
"Sproat Lake",2,"49° 14' N","125° 06' W",9,15,20,935,3580
"Sproat Lake",2,"49° 14' N","125° 06' W",9,20,30,890,3375
"Sproat Lake",2,"49° 14' N","125° 06' W",9,30,40,840,3070
"Sproat Lake",2,"49° 14' N","125° 06' W",9,40,50,735,2875
"Sproat Lake",2,"49° 14' N","125° 06' W",9,50,60,665,2645
"Sproat Lake",2,"49° 14' N","125° 06' W",9,60,70,605,2465
"Sproat Lake",2,"49° 14' N","125° 06' W",9,70,80,0,1410
"Sproat Lake",2,"49° 14' N","125° 06' W",10,2,5,1540,3775
"Sproat Lake",2,"49° 14' N","125° 06' W",10,3,5,1540,3775
"Sproat Lake",2,"49° 14' N","125° 06' W",10,5,10,1410,3725
"Sproat Lake",2,"49° 14' N","125° 06' W",10,10,15,1300,3675
"Sproat Lake",2,"49° 14' N","125° 06' W",10,15,20,1300,3580
"Sproat Lake",2,"49° 14' N","125° 06' W",10,20,30,1110,3375
"Sproat Lake",2,"49° 14' N","125° 06' W",10,30,40,1070,3070
"Sproat Lake",2,"49° 14' N","125° 06' W",10,40,50,958,2875
"Sproat Lake",2,"49° 14' N","125° 06' W",10,50,60,884,2645
"Sproat Lake",2,"49° 14' N","125° 06' W",10,60,70,820,2465
"Sproat Lake",2,"49° 14' N","125° 06' W",10,70,80,710,1410
"Sproat Lake",2,"49° 14' N","125° 06' W",11,2,5,1400,3775
"Sproat Lake",2,"49° 14' N","125° 06' W",11,3,5,1400,3775
"Sproat Lake",2,"49° 14' N","125° 06' W",11,5,10,1380,3725
"Sproat Lake",2,"49° 14' N","125° 06' W",11,10,15,1270,3675
"Sproat Lake",2,"49° 14' N","125° 06' W",11,15,20,1050,3580
"Sproat Lake",2,"49° 14' N","125° 06' W",11,20,30,1030,3375
"Sproat Lake",2,"49° 14' N","125° 06' W",11,30,40,820,3070
"Sproat Lake",2,"49° 14' N","125° 06' W",11,40,50,593,2875
"Sproat Lake",2,"49° 14' N","125° 06' W",11,50,60,300,2645
"Sproat Lake",2,"49° 14' N","125° 06' W",11,60,70,0,2465
"Sproat Lake",2,"49° 14' N","125° 06' W",11,70,80,0,1410
"Sproat Lake (Two R)",159,"49° 15' N","125° 00' W",1,2,5,765,616
"Sproat Lake (Two R)",159,"49° 15' N","125° 00' W",1,3,5,765,616
"Sproat Lake (Two R)",159,"49° 15' N","125° 00' W",1,5,10,760,608
"Sproat Lake (Two R)",159,"49° 15' N","125° 00' W",1,10,15,755,600
"Sproat Lake (Two R)",159,"49° 15' N","125° 00' W",1,15,20,750,585
"Sproat Lake (Two R)",159,"49° 15' N","125° 00' W",1,20,30,725,552
"Sproat Lake (Two R)",159,"49° 15' N","125° 00' W",1,30,40,695,502
"Sproat Lake (Two R)",159,"49° 15' N","125° 00' W",1,40,50,660,470
"Sproat Lake (Two R)",159,"49° 15' N","125° 00' W",1,50,60,640,432
"Sproat Lake (Two R)",159,"49° 15' N","125° 00' W",1,60,70,560,403
"Sproat Lake (Two R)",159,"49° 15' N","125° 00' W",1,70,80,0,230
"Sproat Lake (Two R)",159,"49° 15' N","125° 00' W",2,2,5,1500,616
"Sproat Lake (Two R)",159,"49° 15' N","125° 00' W",2,3,5,1500,616
"Sproat Lake (Two R)",159,"49° 15' N","125° 00' W",2,5,10,1490,608
"Sproat Lake (Two R)",159,"49° 15' N","125° 00' W",2,10,15,1485,600
"Sproat Lake (Two R)",159,"49° 15' N","125° 00' W",2,15,20,1480,585
"Sproat Lake (Two R)",159,"49° 15' N","125° 00' W",2,20,30,1440,552
"Sproat Lake (Two R)",159,"49° 15' N","125° 00' W",2,30,40,1400,502
"Sproat Lake (Two R)",159,"49° 15' N","125° 00' W",2,40,50,1360,470
"Sproat Lake (Two R)",159,"49° 15' N","125° 00' W",2,50,60,1310,432
"Sproat Lake (Two R)",159,"49° 15' N","125° 00' W",2,60,70,1295,403
"Sproat Lake (Two R)",159,"49° 15' N","125° 00' W",2,70,80,1285,230
"Sustut Lake",225,NA,NA,1,2,5,352,174
"Sustut Lake",225,NA,NA,1,3,5,353,174
"Sustut Lake",225,NA,NA,1,5,10,161,88
"Sustut Lake",225,NA,NA,1,10,15,0,19
"Sustut Lake",225,NA,NA,1,15,20,0,6
"Sustut Lake",225,NA,NA,2,2,5,409,174
"Sustut Lake",225,NA,NA,2,3,5,409,174
"Sustut Lake",225,NA,NA,2,5,10,176,88
"Sustut Lake",225,NA,NA,2,10,15,0,19
"Sustut Lake",225,NA,NA,2,15,20,0,6
"Sustut Lake",225,NA,NA,3,2,5,440,174
"Sustut Lake",225,NA,NA,3,3,5,440,174
"Sustut Lake",225,NA,NA,3,5,10,333,88
"Sustut Lake",225,NA,NA,3,10,15,197,19
"Sustut Lake",225,NA,NA,3,15,20,71,6
"Sustut Lake",225,NA,NA,4,2,5,392,174
"Sustut Lake",225,NA,NA,4,3,5,392,174
"Sustut Lake",225,NA,NA,4,5,10,164,88
"Sustut Lake",225,NA,NA,4,10,15,0,19
"Sustut Lake",225,NA,NA,4,15,20,0,6
"Sustut Lake",225,NA,NA,5,2,5,276,174
"Sustut Lake",225,NA,NA,5,3,5,276,174
"Sustut Lake",225,NA,NA,5,5,10,111,88
"Sustut Lake",225,NA,NA,5,10,15,0,19
"Sustut Lake",225,NA,NA,5,15,20,0,6
"Swan Lake",13,"55° 46' N","128° 39' W",1,2,5,976,1593
"Swan Lake",13,"55° 46' N","128° 39' W",1,3,5,976,1593
"Swan Lake",13,"55° 46' N","128° 39' W",1,5,10,976,1414
"Swan Lake",13,"55° 46' N","128° 39' W",1,10,15,953,1190
"Swan Lake",13,"55° 46' N","128° 39' W",1,15,20,929,966
"Swan Lake",13,"55° 46' N","128° 39' W",1,20,30,901,704
"Swan Lake",13,"55° 46' N","128° 39' W",1,30,40,677,405
"Swan Lake",13,"55° 46' N","128° 39' W",1,40,50,539,195
"Swan Lake",13,"55° 46' N","128° 39' W",1,50,60,0,76
"Swan Lake",13,"55° 46' N","128° 39' W",2,2,5,1658,1593
"Swan Lake",13,"55° 46' N","128° 39' W",2,3,5,1658,1593
"Swan Lake",13,"55° 46' N","128° 39' W",2,5,10,1514,1414
"Swan Lake",13,"55° 46' N","128° 39' W",2,10,15,1357,1190
"Swan Lake",13,"55° 46' N","128° 39' W",2,15,20,1136,966
"Swan Lake",13,"55° 46' N","128° 39' W",2,20,30,1006,704
"Swan Lake",13,"55° 46' N","128° 39' W",2,30,40,721,405
"Swan Lake",13,"55° 46' N","128° 39' W",2,40,50,534,195
"Swan Lake",13,"55° 46' N","128° 39' W",2,50,60,296,76
"Swan Lake",13,"55° 46' N","128° 39' W",3,2,5,1236,1593
"Swan Lake",13,"55° 46' N","128° 39' W",3,3,5,1236,1593
"Swan Lake",13,"55° 46' N","128° 39' W",3,5,10,1044,1414
"Swan Lake",13,"55° 46' N","128° 39' W",3,10,15,760,1190
"Swan Lake",13,"55° 46' N","128° 39' W",3,15,20,557,966
"Swan Lake",13,"55° 46' N","128° 39' W",3,20,30,387,704
"Swan Lake",13,"55° 46' N","128° 39' W",3,30,40,162,405
"Swan Lake",13,"55° 46' N","128° 39' W",3,40,50,30,195
"Swan Lake",13,"55° 46' N","128° 39' W",3,50,60,0,76
"Swan Lake",13,"55° 46' N","128° 39' W",4,2,5,755,1593
"Swan Lake",13,"55° 46' N","128° 39' W",4,3,5,755,1593
"Swan Lake",13,"55° 46' N","128° 39' W",4,5,10,737,1414
"Swan Lake",13,"55° 46' N","128° 39' W",4,10,15,704,1190
"Swan Lake",13,"55° 46' N","128° 39' W",4,15,20,681,966
"Swan Lake",13,"55° 46' N","128° 39' W",4,20,30,565,704
"Swan Lake",13,"55° 46' N","128° 39' W",4,30,40,444,405
"Swan Lake",13,"55° 46' N","128° 39' W",4,40,50,303,195
"Swan Lake",13,"55° 46' N","128° 39' W",4,50,60,141,76
"Swan Lake",13,"55° 46' N","128° 39' W",5,2,5,2419,1593
"Swan Lake",13,"55° 46' N","128° 39' W",5,3,5,2419,1593
"Swan Lake",13,"55° 46' N","128° 39' W",5,5,10,2419,1414
"Swan Lake",13,"55° 46' N","128° 39' W",5,10,15,2059,1190
"Swan Lake",13,"55° 46' N","128° 39' W",5,15,20,1975,966
"Swan Lake",13,"55° 46' N","128° 39' W",5,20,30,1607,704
"Swan Lake",13,"55° 46' N","128° 39' W",5,30,40,1060,405
"Swan Lake",13,"55° 46' N","128° 39' W",5,40,50,756,195
"Swan Lake",13,"55° 46' N","128° 39' W",5,50,60,170,76
"Swan Lake",13,"55° 46' N","128° 39' W",6,2,5,451,1593
"Swan Lake",13,"55° 46' N","128° 39' W",6,3,5,451,1593
"Swan Lake",13,"55° 46' N","128° 39' W",6,5,10,451,1414
"Swan Lake",13,"55° 46' N","128° 39' W",6,10,15,299,1190
"Swan Lake",13,"55° 46' N","128° 39' W",6,15,20,260,966
"Swan Lake",13,"55° 46' N","128° 39' W",6,20,30,114,704
"Swan Lake",13,"55° 46' N","128° 39' W",6,30,40,0,405
"Swan Lake",13,"55° 46' N","128° 39' W",6,40,50,0,195
"Swan Lake",13,"55° 46' N","128° 39' W",6,50,60,0,76
"Swan Lake",13,"55° 46' N","128° 39' W",7,2,5,641,1593
"Swan Lake",13,"55° 46' N","128° 39' W",7,3,5,641,1593
"Swan Lake",13,"55° 46' N","128° 39' W",7,5,10,572,1414
"Swan Lake",13,"55° 46' N","128° 39' W",7,10,15,412,1190
"Swan Lake",13,"55° 46' N","128° 39' W",7,15,20,356,966
"Swan Lake",13,"55° 46' N","128° 39' W",7,20,30,225,704
"Swan Lake",13,"55° 46' N","128° 39' W",7,30,40,140,405
"Swan Lake",13,"55° 46' N","128° 39' W",7,40,50,0,195
"Swan Lake",13,"55° 46' N","128° 39' W",7,50,60,0,76
"Swan Lake",13,"55° 46' N","128° 39' W",8,2,5,913,1593
"Swan Lake",13,"55° 46' N","128° 39' W",8,3,5,913,1593
"Swan Lake",13,"55° 46' N","128° 39' W",8,5,10,747,1414
"Swan Lake",13,"55° 46' N","128° 39' W",8,10,15,609,1190
"Swan Lake",13,"55° 46' N","128° 39' W",8,15,20,435,966
"Swan Lake",13,"55° 46' N","128° 39' W",8,20,30,225,704
"Swan Lake",13,"55° 46' N","128° 39' W",8,30,40,0,405
"Swan Lake",13,"55° 46' N","128° 39' W",8,40,50,0,195
"Swan Lake",13,"55° 46' N","128° 39' W",8,50,60,0,76
"Tahltan Lake",64,"57° 57' N","131° 37' W",1,2,5,384,460
"Tahltan Lake",64,"57° 57' N","131° 37' W",1,3,5,384,460
"Tahltan Lake",64,"57° 57' N","131° 37' W",1,5,10,356,402
"Tahltan Lake",64,"57° 57' N","131° 37' W",1,10,15,325,345
"Tahltan Lake",64,"57° 57' N","131° 37' W",1,15,20,293,296
"Tahltan Lake",64,"57° 57' N","131° 37' W",1,20,30,259,235
"Tahltan Lake",64,"57° 57' N","131° 37' W",1,30,40,204,144
"Tahltan Lake",64,"57° 57' N","131° 37' W",2,2,5,588,460
"Tahltan Lake",64,"57° 57' N","131° 37' W",2,3,5,588,460
"Tahltan Lake",64,"57° 57' N","131° 37' W",2,5,10,563,402
"Tahltan Lake",64,"57° 57' N","131° 37' W",2,10,15,525,345
"Tahltan Lake",64,"57° 57' N","131° 37' W",2,15,20,502,296
"Tahltan Lake",64,"57° 57' N","131° 37' W",2,20,30,462,235
"Tahltan Lake",64,"57° 57' N","131° 37' W",2,30,40,0,144
"Tahltan Lake",64,"57° 57' N","131° 37' W",3,2,5,1145,460
"Tahltan Lake",64,"57° 57' N","131° 37' W",3,3,5,1145,460
"Tahltan Lake",64,"57° 57' N","131° 37' W",3,5,10,1058,402
"Tahltan Lake",64,"57° 57' N","131° 37' W",3,10,15,911,345
"Tahltan Lake",64,"57° 57' N","131° 37' W",3,15,20,880,296
"Tahltan Lake",64,"57° 57' N","131° 37' W",3,20,30,826,235
"Tahltan Lake",64,"57° 57' N","131° 37' W",3,30,40,593,144
"Tahltan Lake",64,"57° 57' N","131° 37' W",4,2,5,703,460
"Tahltan Lake",64,"57° 57' N","131° 37' W",4,3,5,703,460
"Tahltan Lake",64,"57° 57' N","131° 37' W",4,5,10,644,402
"Tahltan Lake",64,"57° 57' N","131° 37' W",4,10,15,620,345
"Tahltan Lake",64,"57° 57' N","131° 37' W",4,15,20,581,296
"Tahltan Lake",64,"57° 57' N","131° 37' W",4,20,30,545,235
"Tahltan Lake",64,"57° 57' N","131° 37' W",4,30,40,479,144
"Tahltan Lake",64,"57° 57' N","131° 37' W",5,2,5,855,460
"Tahltan Lake",64,"57° 57' N","131° 37' W",5,3,5,855,460
"Tahltan Lake",64,"57° 57' N","131° 37' W",5,5,10,816,402
"Tahltan Lake",64,"57° 57' N","131° 37' W",5,10,15,789,345
"Tahltan Lake",64,"57° 57' N","131° 37' W",5,15,20,542,296
"Tahltan Lake",64,"57° 57' N","131° 37' W",5,20,30,436,235
"Tahltan Lake",64,"57° 57' N","131° 37' W",5,30,40,345,144
"Tahltan Lake",64,"57° 57' N","131° 37' W",6,2,5,632,460
"Tahltan Lake",64,"57° 57' N","131° 37' W",6,3,5,632,460
"Tahltan Lake",64,"57° 57' N","131° 37' W",6,5,10,551,402
"Tahltan Lake",64,"57° 57' N","131° 37' W",6,10,15,425,345
"Tahltan Lake",64,"57° 57' N","131° 37' W",6,15,20,400,296
"Tahltan Lake",64,"57° 57' N","131° 37' W",6,20,30,0,235
"Tahltan Lake",64,"57° 57' N","131° 37' W",6,30,40,0,144
"Tahltan Lake",64,"57° 57' N","131° 37' W",7,2,5,630,460
"Tahltan Lake",64,"57° 57' N","131° 37' W",7,3,5,630,460
"Tahltan Lake",64,"57° 57' N","131° 37' W",7,5,10,562,402
"Tahltan Lake",64,"57° 57' N","131° 37' W",7,10,15,502,345
"Tahltan Lake",64,"57° 57' N","131° 37' W",7,15,20,450,296
"Tahltan Lake",64,"57° 57' N","131° 37' W",7,20,30,0,235
"Tahltan Lake",64,"57° 57' N","131° 37' W",7,30,40,0,144
"Tahltan Lake",64,"57° 57' N","131° 37' W",8,2,5,495,460
"Tahltan Lake",64,"57° 57' N","131° 37' W",8,3,5,495,460
"Tahltan Lake",64,"57° 57' N","131° 37' W",8,5,10,446,402
"Tahltan Lake",64,"57° 57' N","131° 37' W",8,10,15,410,345
"Tahltan Lake",64,"57° 57' N","131° 37' W",8,15,20,342,296
"Tahltan Lake",64,"57° 57' N","131° 37' W",8,20,30,0,235
"Tahltan Lake",64,"57° 57' N","131° 37' W",8,30,40,0,144
"Tahltan Lake",64,"57° 57' N","131° 37' W",9,2,5,1054,460
"Tahltan Lake",64,"57° 57' N","131° 37' W",9,3,5,1054,460
"Tahltan Lake",64,"57° 57' N","131° 37' W",9,5,10,1008,402
"Tahltan Lake",64,"57° 57' N","131° 37' W",9,10,15,885,345
"Tahltan Lake",64,"57° 57' N","131° 37' W",9,15,20,735,296
"Tahltan Lake",64,"57° 57' N","131° 37' W",9,20,30,0,235
"Tahltan Lake",64,"57° 57' N","131° 37' W",9,30,40,0,144
"Tahltan Lake",64,"57° 57' N","131° 37' W",10,2,5,612,460
"Tahltan Lake",64,"57° 57' N","131° 37' W",10,3,5,612,460
"Tahltan Lake",64,"57° 57' N","131° 37' W",10,5,10,239,402
"Tahltan Lake",64,"57° 57' N","131° 37' W",10,10,15,206,345
"Tahltan Lake",64,"57° 57' N","131° 37' W",10,15,20,0,296
"Tahltan Lake",64,"57° 57' N","131° 37' W",10,20,30,0,235
"Tahltan Lake",64,"57° 57' N","131° 37' W",10,30,40,0,144
"Tahltan Lake",64,"57° 57' N","131° 37' W",11,2,5,1017,460
"Tahltan Lake",64,"57° 57' N","131° 37' W",11,3,5,1017,460
"Tahltan Lake",64,"57° 57' N","131° 37' W",11,5,10,982,402
"Tahltan Lake",64,"57° 57' N","131° 37' W",11,10,15,952,345
"Tahltan Lake",64,"57° 57' N","131° 37' W",11,15,20,933,296
"Tahltan Lake",64,"57° 57' N","131° 37' W",11,20,30,789,235
"Tahltan Lake",64,"57° 57' N","131° 37' W",11,30,40,204,144
"Tahltan Lake",64,"57° 57' N","131° 37' W",12,2,5,748,460
"Tahltan Lake",64,"57° 57' N","131° 37' W",12,3,5,748,460
"Tahltan Lake",64,"57° 57' N","131° 37' W",12,5,10,699,402
"Tahltan Lake",64,"57° 57' N","131° 37' W",12,10,15,648,345
"Tahltan Lake",64,"57° 57' N","131° 37' W",12,15,20,627,296
"Tahltan Lake",64,"57° 57' N","131° 37' W",12,20,30,593,235
"Tahltan Lake",64,"57° 57' N","131° 37' W",12,30,40,475,144
"Tahltan Lake",64,"57° 57' N","131° 37' W",13,2,5,1244,460
"Tahltan Lake",64,"57° 57' N","131° 37' W",13,3,5,1244,460
"Tahltan Lake",64,"57° 57' N","131° 37' W",13,5,10,1201,402
"Tahltan Lake",64,"57° 57' N","131° 37' W",13,10,15,1061,345
"Tahltan Lake",64,"57° 57' N","131° 37' W",13,15,20,955,296
"Tahltan Lake",64,"57° 57' N","131° 37' W",13,20,30,825,235
"Tahltan Lake",64,"57° 57' N","131° 37' W",13,30,40,429,144
"Tahltan Lake",64,"57° 57' N","131° 37' W",14,2,5,1090,460
"Tahltan Lake",64,"57° 57' N","131° 37' W",14,3,5,1090,460
"Tahltan Lake",64,"57° 57' N","131° 37' W",14,5,10,1049,402
"Tahltan Lake",64,"57° 57' N","131° 37' W",14,10,15,1005,345
"Tahltan Lake",64,"57° 57' N","131° 37' W",14,15,20,0,296
"Tahltan Lake",64,"57° 57' N","131° 37' W",14,20,30,0,235
"Tahltan Lake",64,"57° 57' N","131° 37' W",14,30,40,0,144
"Takla Lake",65,"55° 23' N","125° 50' W",1,2,5,914,26999
"Takla Lake",65,"55° 23' N","125° 50' W",1,3,5,914,26999
"Takla Lake",65,"55° 23' N","125° 50' W",1,5,10,812,26240
"Takla Lake",65,"55° 23' N","125° 50' W",1,10,15,736,25481
"Takla Lake",65,"55° 23' N","125° 50' W",1,15,20,695,24723
"Takla Lake",65,"55° 23' N","125° 50' W",1,20,30,638,23585
"Takla Lake",65,"55° 23' N","125° 50' W",1,30,40,257,21900
"Takla Lake",65,"55° 23' N","125° 50' W",1,40,50,151,20402
"Takla Lake",65,"55° 23' N","125° 50' W",1,50,60,0,18770
"Takla Lake",65,"55° 23' N","125° 50' W",2,2,5,1189,26999
"Takla Lake",65,"55° 23' N","125° 50' W",2,3,5,1189,26999
"Takla Lake",65,"55° 23' N","125° 50' W",2,5,10,991,26240
"Takla Lake",65,"55° 23' N","125° 50' W",2,10,15,927,25481
"Takla Lake",65,"55° 23' N","125° 50' W",2,15,20,884,24723
"Takla Lake",65,"55° 23' N","125° 50' W",2,20,30,832,23585
"Takla Lake",65,"55° 23' N","125° 50' W",2,30,40,694,21900
"Takla Lake",65,"55° 23' N","125° 50' W",2,40,50,507,20402
"Takla Lake",65,"55° 23' N","125° 50' W",2,50,60,357,18770
"Takla Lake",65,"55° 23' N","125° 50' W",3,2,5,2377,26999
"Takla Lake",65,"55° 23' N","125° 50' W",3,3,5,2377,26999
"Takla Lake",65,"55° 23' N","125° 50' W",3,5,10,2356,26240
"Takla Lake",65,"55° 23' N","125° 50' W",3,10,15,2330,25481
"Takla Lake",65,"55° 23' N","125° 50' W",3,15,20,2310,24723
"Takla Lake",65,"55° 23' N","125° 50' W",3,20,30,2274,23585
"Takla Lake",65,"55° 23' N","125° 50' W",3,30,40,2225,21900
"Takla Lake",65,"55° 23' N","125° 50' W",3,40,50,2183,20402
"Takla Lake",65,"55° 23' N","125° 50' W",3,50,60,2121,18770
"Takla Lake",65,"55° 23' N","125° 50' W",4,2,5,2057,26999
"Takla Lake",65,"55° 23' N","125° 50' W",4,3,5,2057,26999
"Takla Lake",65,"55° 23' N","125° 50' W",4,5,10,1939,26240
"Takla Lake",65,"55° 23' N","125° 50' W",4,10,15,1908,25481
"Takla Lake",65,"55° 23' N","125° 50' W",4,15,20,1886,24723
"Takla Lake",65,"55° 23' N","125° 50' W",4,20,30,1844,23585
"Takla Lake",65,"55° 23' N","125° 50' W",4,30,40,1794,21900
"Takla Lake",65,"55° 23' N","125° 50' W",4,40,50,1733,20402
"Takla Lake",65,"55° 23' N","125° 50' W",4,50,60,1653,18770
"Takla Lake",65,"55° 23' N","125° 50' W",5,2,5,1417,26999
"Takla Lake",65,"55° 23' N","125° 50' W",5,3,5,1417,26999
"Takla Lake",65,"55° 23' N","125° 50' W",5,5,10,1382,26240
"Takla Lake",65,"55° 23' N","125° 50' W",5,10,15,1359,25481
"Takla Lake",65,"55° 23' N","125° 50' W",5,15,20,1317,24723
"Takla Lake",65,"55° 23' N","125° 50' W",5,20,30,1177,23585
"Takla Lake",65,"55° 23' N","125° 50' W",5,30,40,1031,21900
"Takla Lake",65,"55° 23' N","125° 50' W",5,40,50,939,20402
"Takla Lake",65,"55° 23' N","125° 50' W",5,50,60,866,18770
"Takla Lake",65,"55° 23' N","125° 50' W",6,2,5,732,26999
"Takla Lake",65,"55° 23' N","125° 50' W",6,3,5,732,26999
"Takla Lake",65,"55° 23' N","125° 50' W",6,5,10,695,26240
"Takla Lake",65,"55° 23' N","125° 50' W",6,10,15,673,25481
"Takla Lake",65,"55° 23' N","125° 50' W",6,15,20,651,24723
"Takla Lake",65,"55° 23' N","125° 50' W",6,20,30,624,23585
"Takla Lake",65,"55° 23' N","125° 50' W",6,30,40,574,21900
"Takla Lake",65,"55° 23' N","125° 50' W",6,40,50,309,20402
"Takla Lake",65,"55° 23' N","125° 50' W",6,50,60,0,18770
"Takla Lake",65,"55° 23' N","125° 50' W",7,2,5,1737,26999
"Takla Lake",65,"55° 23' N","125° 50' W",7,3,5,1737,26999
"Takla Lake",65,"55° 23' N","125° 50' W",7,5,10,1663,26240
"Takla Lake",65,"55° 23' N","125° 50' W",7,10,15,1634,25481
"Takla Lake",65,"55° 23' N","125° 50' W",7,15,20,1606,24723
"Takla Lake",65,"55° 23' N","125° 50' W",7,20,30,1555,23585
"Takla Lake",65,"55° 23' N","125° 50' W",7,30,40,1469,21900
"Takla Lake",65,"55° 23' N","125° 50' W",7,40,50,1289,20402
"Takla Lake",65,"55° 23' N","125° 50' W",7,50,60,1139,18770
"Takla Lake",65,"55° 23' N","125° 50' W",8,2,5,2423,26999
"Takla Lake",65,"55° 23' N","125° 50' W",8,3,5,2423,26999
"Takla Lake",65,"55° 23' N","125° 50' W",8,5,10,2375,26240
"Takla Lake",65,"55° 23' N","125° 50' W",8,10,15,2334,25481
"Takla Lake",65,"55° 23' N","125° 50' W",8,15,20,2299,24723
"Takla Lake",65,"55° 23' N","125° 50' W",8,20,30,2237,23585
"Takla Lake",65,"55° 23' N","125° 50' W",8,30,40,2148,21900
"Takla Lake",65,"55° 23' N","125° 50' W",8,40,50,2065,20402
"Takla Lake",65,"55° 23' N","125° 50' W",8,50,60,1962,18770
"Takla Lake",65,"55° 23' N","125° 50' W",9,2,5,2240,26999
"Takla Lake",65,"55° 23' N","125° 50' W",9,3,5,2240,26999
"Takla Lake",65,"55° 23' N","125° 50' W",9,5,10,2210,26240
"Takla Lake",65,"55° 23' N","125° 50' W",9,10,15,2170,25481
"Takla Lake",65,"55° 23' N","125° 50' W",9,15,20,2131,24723
"Takla Lake",65,"55° 23' N","125° 50' W",9,20,30,2087,23585
"Takla Lake",65,"55° 23' N","125° 50' W",9,30,40,2027,21900
"Takla Lake",65,"55° 23' N","125° 50' W",9,40,50,1973,20402
"Takla Lake",65,"55° 23' N","125° 50' W",9,50,60,1919,18770
"Takla Lake",65,"55° 23' N","125° 50' W",10,2,5,2423,26999
"Takla Lake",65,"55° 23' N","125° 50' W",10,3,5,2423,26999
"Takla Lake",65,"55° 23' N","125° 50' W",10,5,10,2420,26240
"Takla Lake",65,"55° 23' N","125° 50' W",10,10,15,2413,25481
"Takla Lake",65,"55° 23' N","125° 50' W",10,15,20,2392,24723
"Takla Lake",65,"55° 23' N","125° 50' W",10,20,30,2350,23585
"Takla Lake",65,"55° 23' N","125° 50' W",10,30,40,2258,21900
"Takla Lake",65,"55° 23' N","125° 50' W",10,40,50,2196,20402
"Takla Lake",65,"55° 23' N","125° 50' W",10,50,60,2155,18770
"Takla Lake",65,"55° 23' N","125° 50' W",11,2,5,2652,26999
"Takla Lake",65,"55° 23' N","125° 50' W",11,3,5,2652,26999
"Takla Lake",65,"55° 23' N","125° 50' W",11,5,10,2587,26240
"Takla Lake",65,"55° 23' N","125° 50' W",11,10,15,2561,25481
"Takla Lake",65,"55° 23' N","125° 50' W",11,15,20,2527,24723
"Takla Lake",65,"55° 23' N","125° 50' W",11,20,30,2498,23585
"Takla Lake",65,"55° 23' N","125° 50' W",11,30,40,2461,21900
"Takla Lake",65,"55° 23' N","125° 50' W",11,40,50,2413,20402
"Takla Lake",65,"55° 23' N","125° 50' W",11,50,60,2356,18770
"Takla Lake",65,"55° 23' N","125° 50' W",12,2,5,1509,26999
"Takla Lake",65,"55° 23' N","125° 50' W",12,3,5,1509,26999
"Takla Lake",65,"55° 23' N","125° 50' W",12,5,10,1490,26240
"Takla Lake",65,"55° 23' N","125° 50' W",12,10,15,1479,25481
"Takla Lake",65,"55° 23' N","125° 50' W",12,15,20,1469,24723
"Takla Lake",65,"55° 23' N","125° 50' W",12,20,30,1430,23585
"Takla Lake",65,"55° 23' N","125° 50' W",12,30,40,1359,21900
"Takla Lake",65,"55° 23' N","125° 50' W",12,40,50,1309,20402
"Takla Lake",65,"55° 23' N","125° 50' W",12,50,60,1279,18770
"Takla Lake",65,"55° 23' N","125° 50' W",13,2,5,2972,26999
"Takla Lake",65,"55° 23' N","125° 50' W",13,3,5,2972,26999
"Takla Lake",65,"55° 23' N","125° 50' W",13,5,10,2882,26240
"Takla Lake",65,"55° 23' N","125° 50' W",13,10,15,2847,25481
"Takla Lake",65,"55° 23' N","125° 50' W",13,15,20,2780,24723
"Takla Lake",65,"55° 23' N","125° 50' W",13,20,30,2624,23585
"Takla Lake",65,"55° 23' N","125° 50' W",13,30,40,2232,21900
"Takla Lake",65,"55° 23' N","125° 50' W",13,40,50,1801,20402
"Takla Lake",65,"55° 23' N","125° 50' W",13,50,60,1723,18770
"Tatsamenie Lake",66,"58° 20' N","132° 20' W",1,2,5,911,1622
"Tatsamenie Lake",66,"58° 20' N","132° 20' W",1,3,5,911,1622
"Tatsamenie Lake",66,"58° 20' N","132° 20' W",1,5,10,898,1508
"Tatsamenie Lake",66,"58° 20' N","132° 20' W",1,10,15,887,1410
"Tatsamenie Lake",66,"58° 20' N","132° 20' W",1,15,20,865,1326
"Tatsamenie Lake",66,"58° 20' N","132° 20' W",1,20,30,825,1198
"Tatsamenie Lake",66,"58° 20' N","132° 20' W",1,30,40,781,1048
"Tatsamenie Lake",66,"58° 20' N","132° 20' W",1,40,50,744,927
"Tatsamenie Lake",66,"58° 20' N","132° 20' W",1,50,60,704,813
"Tatsamenie Lake",66,"58° 20' N","132° 20' W",2,2,5,483,1622
"Tatsamenie Lake",66,"58° 20' N","132° 20' W",2,3,5,483,1622
"Tatsamenie Lake",66,"58° 20' N","132° 20' W",2,5,10,458,1508
"Tatsamenie Lake",66,"58° 20' N","132° 20' W",2,10,15,435,1410
"Tatsamenie Lake",66,"58° 20' N","132° 20' W",2,15,20,413,1326
"Tatsamenie Lake",66,"58° 20' N","132° 20' W",2,20,30,382,1198
"Tatsamenie Lake",66,"58° 20' N","132° 20' W",2,30,40,337,1048
"Tatsamenie Lake",66,"58° 20' N","132° 20' W",2,40,50,301,927
"Tatsamenie Lake",66,"58° 20' N","132° 20' W",2,50,60,247,813
"Tatsamenie Lake",66,"58° 20' N","132° 20' W",3,2,5,1357,1622
"Tatsamenie Lake",66,"58° 20' N","132° 20' W",3,3,5,1357,1622
"Tatsamenie Lake",66,"58° 20' N","132° 20' W",3,5,10,1305,1508
"Tatsamenie Lake",66,"58° 20' N","132° 20' W",3,10,15,1260,1410
"Tatsamenie Lake",66,"58° 20' N","132° 20' W",3,15,20,1094,1326
"Tatsamenie Lake",66,"58° 20' N","132° 20' W",3,20,30,935,1198
"Tatsamenie Lake",66,"58° 20' N","132° 20' W",3,30,40,779,1048
"Tatsamenie Lake",66,"58° 20' N","132° 20' W",3,40,50,731,927
"Tatsamenie Lake",66,"58° 20' N","132° 20' W",3,50,60,649,813
"Tatsamenie Lake",66,"58° 20' N","132° 20' W",4,2,5,1034,1622
"Tatsamenie Lake",66,"58° 20' N","132° 20' W",4,3,5,1034,1622
"Tatsamenie Lake",66,"58° 20' N","132° 20' W",4,5,10,1001,1508
"Tatsamenie Lake",66,"58° 20' N","132° 20' W",4,10,15,965,1410
"Tatsamenie Lake",66,"58° 20' N","132° 20' W",4,15,20,934,1326
"Tatsamenie Lake",66,"58° 20' N","132° 20' W",4,20,30,889,1198
"Tatsamenie Lake",66,"58° 20' N","132° 20' W",4,30,40,772,1048
"Tatsamenie Lake",66,"58° 20' N","132° 20' W",4,40,50,710,927
"Tatsamenie Lake",66,"58° 20' N","132° 20' W",4,50,60,657,813
"Tatsamenie Lake",66,"58° 20' N","132° 20' W",5,2,5,994,1622
"Tatsamenie Lake",66,"58° 20' N","132° 20' W",5,3,5,994,1622
"Tatsamenie Lake",66,"58° 20' N","132° 20' W",5,5,10,961,1508
"Tatsamenie Lake",66,"58° 20' N","132° 20' W",5,10,15,941,1410
"Tatsamenie Lake",66,"58° 20' N","132° 20' W",5,15,20,919,1326
"Tatsamenie Lake",66,"58° 20' N","132° 20' W",5,20,30,886,1198
"Tatsamenie Lake",66,"58° 20' N","132° 20' W",5,30,40,830,1048
"Tatsamenie Lake",66,"58° 20' N","132° 20' W",5,40,50,780,927
"Tatsamenie Lake",66,"58° 20' N","132° 20' W",5,50,60,735,813
"Tatsamenie Lake",66,"58° 20' N","132° 20' W",6,2,5,1035,1622
"Tatsamenie Lake",66,"58° 20' N","132° 20' W",6,3,5,1035,1622
"Tatsamenie Lake",66,"58° 20' N","132° 20' W",6,5,10,1015,1508
"Tatsamenie Lake",66,"58° 20' N","132° 20' W",6,10,15,989,1410
"Tatsamenie Lake",66,"58° 20' N","132° 20' W",6,15,20,965,1326
"Tatsamenie Lake",66,"58° 20' N","132° 20' W",6,20,30,914,1198
"Tatsamenie Lake",66,"58° 20' N","132° 20' W",6,30,40,854,1048
"Tatsamenie Lake",66,"58° 20' N","132° 20' W",6,40,50,761,927
"Tatsamenie Lake",66,"58° 20' N","132° 20' W",6,50,60,642,813
"Tatsamenie Lake",66,"58° 20' N","132° 20' W",7,2,5,701,1622
"Tatsamenie Lake",66,"58° 20' N","132° 20' W",7,3,5,701,1622
"Tatsamenie Lake",66,"58° 20' N","132° 20' W",7,5,10,678,1508
"Tatsamenie Lake",66,"58° 20' N","132° 20' W",7,10,15,646,1410
"Tatsamenie Lake",66,"58° 20' N","132° 20' W",7,15,20,609,1326
"Tatsamenie Lake",66,"58° 20' N","132° 20' W",7,20,30,532,1198
"Tatsamenie Lake",66,"58° 20' N","132° 20' W",7,30,40,310,1048
"Tatsamenie Lake",66,"58° 20' N","132° 20' W",7,40,50,0,927
"Tatsamenie Lake",66,"58° 20' N","132° 20' W",7,50,60,0,813
"Tatsamenie Lake",66,"58° 20' N","132° 20' W",8,2,5,1000,1622
"Tatsamenie Lake",66,"58° 20' N","132° 20' W",8,3,5,1000,1622
"Tatsamenie Lake",66,"58° 20' N","132° 20' W",8,5,10,987,1508
"Tatsamenie Lake",66,"58° 20' N","132° 20' W",8,10,15,962,1410
"Tatsamenie Lake",66,"58° 20' N","132° 20' W",8,15,20,927,1326
"Tatsamenie Lake",66,"58° 20' N","132° 20' W",8,20,30,877,1198
"Tatsamenie Lake",66,"58° 20' N","132° 20' W",8,30,40,826,1048
"Tatsamenie Lake",66,"58° 20' N","132° 20' W",8,40,50,774,927
"Tatsamenie Lake",66,"58° 20' N","132° 20' W",8,50,60,774,813
"Tatsamenie Lake",66,"58° 20' N","132° 20' W",9,2,5,1300,1622
"Tatsamenie Lake",66,"58° 20' N","132° 20' W",9,3,5,1300,1622
"Tatsamenie Lake",66,"58° 20' N","132° 20' W",9,5,10,1256,1508
"Tatsamenie Lake",66,"58° 20' N","132° 20' W",9,10,15,1194,1410
"Tatsamenie Lake",66,"58° 20' N","132° 20' W",9,15,20,1125,1326
"Tatsamenie Lake",66,"58° 20' N","132° 20' W",9,20,30,1013,1198
"Tatsamenie Lake",66,"58° 20' N","132° 20' W",9,30,40,625,1048
"Tatsamenie Lake",66,"58° 20' N","132° 20' W",9,40,50,533,927
"Tatsamenie Lake",66,"58° 20' N","132° 20' W",9,50,60,533,813
"Tatsamenie Lake",66,"58° 20' N","132° 20' W",10,2,5,700,1622
"Tatsamenie Lake",66,"58° 20' N","132° 20' W",10,3,5,700,1622
"Tatsamenie Lake",66,"58° 20' N","132° 20' W",10,5,10,700,1508
"Tatsamenie Lake",66,"58° 20' N","132° 20' W",10,10,15,688,1410
"Tatsamenie Lake",66,"58° 20' N","132° 20' W",10,15,20,649,1326
"Tatsamenie Lake",66,"58° 20' N","132° 20' W",10,20,30,590,1198
"Tatsamenie Lake",66,"58° 20' N","132° 20' W",10,30,40,497,1048
"Tatsamenie Lake",66,"58° 20' N","132° 20' W",10,40,50,469,927
"Tatsamenie Lake",66,"58° 20' N","132° 20' W",10,50,60,469,813
"Tatsamenie Lake",66,"58° 20' N","132° 20' W",11,2,5,1100,1622
"Tatsamenie Lake",66,"58° 20' N","132° 20' W",11,3,5,1100,1622
"Tatsamenie Lake",66,"58° 20' N","132° 20' W",11,5,10,1100,1508
"Tatsamenie Lake",66,"58° 20' N","132° 20' W",11,10,15,999,1410
"Tatsamenie Lake",66,"58° 20' N","132° 20' W",11,15,20,896,1326
"Tatsamenie Lake",66,"58° 20' N","132° 20' W",11,20,30,808,1198
"Tatsamenie Lake",66,"58° 20' N","132° 20' W",11,30,40,742,1048
"Tatsamenie Lake",66,"58° 20' N","132° 20' W",11,40,50,668,927
"Tatsamenie Lake",66,"58° 20' N","132° 20' W",11,50,60,668,813
"Tatsamenie Lake",66,"58° 20' N","132° 20' W",12,2,5,810,1622
"Tatsamenie Lake",66,"58° 20' N","132° 20' W",12,3,5,810,1622
"Tatsamenie Lake",66,"58° 20' N","132° 20' W",12,5,10,810,1508
"Tatsamenie Lake",66,"58° 20' N","132° 20' W",12,10,15,769,1410
"Tatsamenie Lake",66,"58° 20' N","132° 20' W",12,15,20,739,1326
"Tatsamenie Lake",66,"58° 20' N","132° 20' W",12,20,30,714,1198
"Tatsamenie Lake",66,"58° 20' N","132° 20' W",12,30,40,619,1048
"Tatsamenie Lake",66,"58° 20' N","132° 20' W",12,40,50,531,927
"Tatsamenie Lake",66,"58° 20' N","132° 20' W",12,50,60,531,813
"Tatsamenie Lake",66,"58° 20' N","132° 20' W",13,2,5,780,1622
"Tatsamenie Lake",66,"58° 20' N","132° 20' W",13,3,5,780,1622
"Tatsamenie Lake",66,"58° 20' N","132° 20' W",13,5,10,755,1508
"Tatsamenie Lake",66,"58° 20' N","132° 20' W",13,10,15,684,1410
"Tatsamenie Lake",66,"58° 20' N","132° 20' W",13,15,20,640,1326
"Tatsamenie Lake",66,"58° 20' N","132° 20' W",13,20,30,502,1198
"Tatsamenie Lake",66,"58° 20' N","132° 20' W",13,30,40,374,1048
"Tatsamenie Lake",66,"58° 20' N","132° 20' W",13,40,50,308,927
"Tatsamenie Lake",66,"58° 20' N","132° 20' W",13,50,60,308,813
"Tatsamenie Lake",66,"58° 20' N","132° 20' W",14,2,5,2830,1622
"Tatsamenie Lake",66,"58° 20' N","132° 20' W",14,3,5,2811,1622
"Tatsamenie Lake",66,"58° 20' N","132° 20' W",14,5,10,2801,1508
"Tatsamenie Lake",66,"58° 20' N","132° 20' W",14,10,15,2792,1410
"Tatsamenie Lake",66,"58° 20' N","132° 20' W",14,15,20,2706,1326
"Tatsamenie Lake",66,"58° 20' N","132° 20' W",14,20,30,2624,1198
"Tatsamenie Lake",66,"58° 20' N","132° 20' W",14,30,40,2467,1048
"Tatsamenie Lake",66,"58° 20' N","132° 20' W",14,40,50,2433,927
"Tatsamenie Lake",66,"58° 20' N","132° 20' W",14,50,60,2342,813
"Tatsamenie Lake",66,"58° 20' N","132° 20' W",15,2,5,2680,1622
"Tatsamenie Lake",66,"58° 20' N","132° 20' W",15,3,5,2604,1622
"Tatsamenie Lake",66,"58° 20' N","132° 20' W",15,5,10,2528,1508
"Tatsamenie Lake",66,"58° 20' N","132° 20' W",15,10,15,2375,1410
"Tatsamenie Lake",66,"58° 20' N","132° 20' W",15,15,20,2299,1326
"Tatsamenie Lake",66,"58° 20' N","132° 20' W",15,20,30,2139,1198
"Tatsamenie Lake",66,"58° 20' N","132° 20' W",15,30,40,1972,1048
"Tatsamenie Lake",66,"58° 20' N","132° 20' W",15,40,50,1827,927
"Tatsamenie Lake",66,"58° 20' N","132° 20' W",15,50,60,1705,813
"Tatsamenie Lake",66,"58° 20' N","132° 20' W",16,2,5,2660,1622
"Tatsamenie Lake",66,"58° 20' N","132° 20' W",16,3,5,2660,1622
"Tatsamenie Lake",66,"58° 20' N","132° 20' W",16,5,10,2501,1508
"Tatsamenie Lake",66,"58° 20' N","132° 20' W",16,10,15,2451,1410
"Tatsamenie Lake",66,"58° 20' N","132° 20' W",16,15,20,2392,1326
"Tatsamenie Lake",66,"58° 20' N","132° 20' W",16,20,30,2287,1198
"Tatsamenie Lake",66,"58° 20' N","132° 20' W",16,30,40,2103,1048
"Tatsamenie Lake",66,"58° 20' N","132° 20' W",16,40,50,2034,927
"Tatsamenie Lake",66,"58° 20' N","132° 20' W",16,50,60,1929,813
"Trapper Lake",67,"58° 28' N","132° 38' W",1,2,5,849,542
"Trapper Lake",67,"58° 28' N","132° 38' W",1,3,5,849,542
"Trapper Lake",67,"58° 28' N","132° 38' W",1,5,10,835,513
"Trapper Lake",67,"58° 28' N","132° 38' W",1,10,15,823,490
"Trapper Lake",67,"58° 28' N","132° 38' W",1,15,20,818,472
"Trapper Lake",67,"58° 28' N","132° 38' W",1,20,30,797,445
"Trapper Lake",67,"58° 28' N","132° 38' W",1,30,40,763,410
"Trapper Lake",67,"58° 28' N","132° 38' W",1,40,50,751,374
"Trapper Lake",67,"58° 28' N","132° 38' W",1,50,60,720,312
"Trapper Lake",67,"58° 28' N","132° 38' W",2,2,5,827,542
"Trapper Lake",67,"58° 28' N","132° 38' W",2,3,5,827,542
"Trapper Lake",67,"58° 28' N","132° 38' W",2,5,10,815,513
"Trapper Lake",67,"58° 28' N","132° 38' W",2,10,15,800,490
"Trapper Lake",67,"58° 28' N","132° 38' W",2,15,20,779,472
"Trapper Lake",67,"58° 28' N","132° 38' W",2,20,30,761,445
"Trapper Lake",67,"58° 28' N","132° 38' W",2,30,40,731,410
"Trapper Lake",67,"58° 28' N","132° 38' W",2,40,50,704,374
"Trapper Lake",67,"58° 28' N","132° 38' W",2,50,60,774,312
"Trapper Lake",67,"58° 28' N","132° 38' W",3,2,5,476,542
"Trapper Lake",67,"58° 28' N","132° 38' W",3,3,5,476,542
"Trapper Lake",67,"58° 28' N","132° 38' W",3,5,10,465,513
"Trapper Lake",67,"58° 28' N","132° 38' W",3,10,15,460,490
"Trapper Lake",67,"58° 28' N","132° 38' W",3,15,20,454,472
"Trapper Lake",67,"58° 28' N","132° 38' W",3,20,30,439,445
"Trapper Lake",67,"58° 28' N","132° 38' W",3,30,40,423,410
"Trapper Lake",67,"58° 28' N","132° 38' W",3,40,50,396,374
"Trapper Lake",67,"58° 28' N","132° 38' W",3,50,60,383,312
"Trapper Lake",67,"58° 28' N","132° 38' W",4,2,5,1637,542
"Trapper Lake",67,"58° 28' N","132° 38' W",4,3,5,1637,542
"Trapper Lake",67,"58° 28' N","132° 38' W",4,5,10,1617,513
"Trapper Lake",67,"58° 28' N","132° 38' W",4,10,15,1599,490
"Trapper Lake",67,"58° 28' N","132° 38' W",4,15,20,1568,472
"Trapper Lake",67,"58° 28' N","132° 38' W",4,20,30,1462,445
"Trapper Lake",67,"58° 28' N","132° 38' W",4,30,40,1410,410
"Trapper Lake",67,"58° 28' N","132° 38' W",4,40,50,1286,374
"Trapper Lake",67,"58° 28' N","132° 38' W",4,50,60,1111,312
"Trapper Lake",67,"58° 28' N","132° 38' W",5,2,5,628,542
"Trapper Lake",67,"58° 28' N","132° 38' W",5,3,5,628,542
"Trapper Lake",67,"58° 28' N","132° 38' W",5,5,10,607,513
"Trapper Lake",67,"58° 28' N","132° 38' W",5,10,15,586,490
"Trapper Lake",67,"58° 28' N","132° 38' W",5,15,20,565,472
"Trapper Lake",67,"58° 28' N","132° 38' W",5,20,30,527,445
"Trapper Lake",67,"58° 28' N","132° 38' W",5,30,40,485,410
"Trapper Lake",67,"58° 28' N","132° 38' W",5,40,50,412,374
"Trapper Lake",67,"58° 28' N","132° 38' W",5,50,60,0,312
"Tuya Lake",175,"59° 05' N","130° 34' W",1,2,5,1511,2948
"Tuya Lake",175,"59° 05' N","130° 34' W",1,3,5,1511,2948
"Tuya Lake",175,"59° 05' N","130° 34' W",1,5,10,1485,2615
"Tuya Lake",175,"59° 05' N","130° 34' W",1,10,15,1448,2353
"Tuya Lake",175,"59° 05' N","130° 34' W",1,15,20,1375,9097
"Tuya Lake",175,"59° 05' N","130° 34' W",1,20,30,1110,1450
"Tuya Lake",175,"59° 05' N","130° 34' W",1,30,40,0,603
"Tuya Lake",175,"59° 05' N","130° 34' W",1,40,50,0,155
"Tuya Lake",175,"59° 05' N","130° 34' W",2,2,5,2191,2948
"Tuya Lake",175,"59° 05' N","130° 34' W",2,3,5,2191,2948
"Tuya Lake",175,"59° 05' N","130° 34' W",2,5,10,2007,2615
"Tuya Lake",175,"59° 05' N","130° 34' W",2,10,15,1882,2353
"Tuya Lake",175,"59° 05' N","130° 34' W",2,15,20,1639,9097
"Tuya Lake",175,"59° 05' N","130° 34' W",2,20,30,1112,1450
"Tuya Lake",175,"59° 05' N","130° 34' W",2,30,40,857,603
"Tuya Lake",175,"59° 05' N","130° 34' W",2,40,50,364,155
"Tuya Lake",175,"59° 05' N","130° 34' W",3,2,5,3105,2948
"Tuya Lake",175,"59° 05' N","130° 34' W",3,3,5,3105,2948
"Tuya Lake",175,"59° 05' N","130° 34' W",3,5,10,3019,2615
"Tuya Lake",175,"59° 05' N","130° 34' W",3,10,15,2865,2353
"Tuya Lake",175,"59° 05' N","130° 34' W",3,15,20,2730,9097
"Tuya Lake",175,"59° 05' N","130° 34' W",3,20,30,2341,1450
"Tuya Lake",175,"59° 05' N","130° 34' W",3,30,40,1724,603
"Tuya Lake",175,"59° 05' N","130° 34' W",3,40,50,0,155
"Tuya Lake",175,"59° 05' N","130° 34' W",4,2,5,2251,2948
"Tuya Lake",175,"59° 05' N","130° 34' W",4,3,5,2251,2948
"Tuya Lake",175,"59° 05' N","130° 34' W",4,5,10,2181,2615
"Tuya Lake",175,"59° 05' N","130° 34' W",4,10,15,1919,2353
"Tuya Lake",175,"59° 05' N","130° 34' W",4,15,20,1809,9097
"Tuya Lake",175,"59° 05' N","130° 34' W",4,20,30,1279,1450
"Tuya Lake",175,"59° 05' N","130° 34' W",4,30,40,189,603
"Tuya Lake",175,"59° 05' N","130° 34' W",4,40,50,0,155
"Tuya Lake",175,"59° 05' N","130° 34' W",5,2,5,2647,2948
"Tuya Lake",175,"59° 05' N","130° 34' W",5,3,5,2647,2948
"Tuya Lake",175,"59° 05' N","130° 34' W",5,5,10,2365,2615
"Tuya Lake",175,"59° 05' N","130° 34' W",5,10,15,2162,2353
"Tuya Lake",175,"59° 05' N","130° 34' W",5,15,20,1976,9097
"Tuya Lake",175,"59° 05' N","130° 34' W",5,20,30,0,1450
"Tuya Lake",175,"59° 05' N","130° 34' W",5,30,40,0,603
"Tuya Lake",175,"59° 05' N","130° 34' W",5,40,50,0,155
"Tuya Lake",175,"59° 05' N","130° 34' W",6,2,5,873,2948
"Tuya Lake",175,"59° 05' N","130° 34' W",6,3,5,873,2948
"Tuya Lake",175,"59° 05' N","130° 34' W",6,5,10,198,2615
"Tuya Lake",175,"59° 05' N","130° 34' W",6,10,15,0,2353
"Tuya Lake",175,"59° 05' N","130° 34' W",6,15,20,0,9097
"Tuya Lake",175,"59° 05' N","130° 34' W",6,20,30,0,1450
"Tuya Lake",175,"59° 05' N","130° 34' W",6,30,40,0,603
"Tuya Lake",175,"59° 05' N","130° 34' W",6,40,50,0,155
"Tuya Lake",175,"59° 05' N","130° 34' W",7,2,5,1214,2948
"Tuya Lake",175,"59° 05' N","130° 34' W",7,3,5,1214,2948
"Tuya Lake",175,"59° 05' N","130° 34' W",7,5,10,1173,2615
"Tuya Lake",175,"59° 05' N","130° 34' W",7,10,15,1119,2353
"Tuya Lake",175,"59° 05' N","130° 34' W",7,15,20,1066,9097
"Tuya Lake",175,"59° 05' N","130° 34' W",7,20,30,933,1450
"Tuya Lake",175,"59° 05' N","130° 34' W",7,30,40,0,603
"Tuya Lake",175,"59° 05' N","130° 34' W",7,40,50,0,155
"Tuya Lake",175,"59° 05' N","130° 34' W",8,2,5,1215,2948
"Tuya Lake",175,"59° 05' N","130° 34' W",8,3,5,1215,2948
"Tuya Lake",175,"59° 05' N","130° 34' W",8,5,10,1118,2615
"Tuya Lake",175,"59° 05' N","130° 34' W",8,10,15,909,2353
"Tuya Lake",175,"59° 05' N","130° 34' W",8,15,20,849,9097
"Tuya Lake",175,"59° 05' N","130° 34' W",8,20,30,300,1450
"Tuya Lake",175,"59° 05' N","130° 34' W",8,30,40,0,603
"Tuya Lake",175,"59° 05' N","130° 34' W",8,40,50,0,155
"Tuya Lake",175,"59° 05' N","130° 34' W",9,2,5,1779,2948
"Tuya Lake",175,"59° 05' N","130° 34' W",9,3,5,1779,2948
"Tuya Lake",175,"59° 05' N","130° 34' W",9,5,10,1616,2615
"Tuya Lake",175,"59° 05' N","130° 34' W",9,10,15,1583,2353
"Tuya Lake",175,"59° 05' N","130° 34' W",9,15,20,1498,9097
"Tuya Lake",175,"59° 05' N","130° 34' W",9,20,30,1136,1450
"Tuya Lake",175,"59° 05' N","130° 34' W",9,30,40,635,603
"Tuya Lake",175,"59° 05' N","130° 34' W",9,40,50,103,155
"Tuya Lake",175,"59° 05' N","130° 34' W",10,2,5,1426,2948
"Tuya Lake",175,"59° 05' N","130° 34' W",10,3,5,1426,2948
"Tuya Lake",175,"59° 05' N","130° 34' W",10,5,10,1349,2615
"Tuya Lake",175,"59° 05' N","130° 34' W",10,10,15,1265,2353
"Tuya Lake",175,"59° 05' N","130° 34' W",10,15,20,1193,9097
"Tuya Lake",175,"59° 05' N","130° 34' W",10,20,30,971,1450
"Tuya Lake",175,"59° 05' N","130° 34' W",10,30,40,187,603
"Tuya Lake",175,"59° 05' N","130° 34' W",10,40,50,0,155
"Uchuck Lake",115,"49° 02' N","125° 05' W",1,2,5,490,92
"Uchuck Lake",115,"49° 02' N","125° 05' W",1,3,5,490,92
"Uchuck Lake",115,"49° 02' N","125° 05' W",1,5,10,425,68
"Uchuck Lake",115,"49° 02' N","125° 05' W",1,10,15,352,57
"Uchuck Lake",115,"49° 02' N","125° 05' W",1,15,20,268,50
"Uchuck Lake",115,"49° 02' N","125° 05' W",1,20,30,123,39
"Uchuck Lake",115,"49° 02' N","125° 05' W",1,30,40,0,26
"Uchuck Lake",115,"49° 02' N","125° 05' W",1,40,50,0,7
"Uchuck Lake",115,"49° 02' N","125° 05' W",2,2,5,617,92
"Uchuck Lake",115,"49° 02' N","125° 05' W",2,3,5,617,92
"Uchuck Lake",115,"49° 02' N","125° 05' W",2,5,10,587,68
"Uchuck Lake",115,"49° 02' N","125° 05' W",2,10,15,562,57
"Uchuck Lake",115,"49° 02' N","125° 05' W",2,15,20,537,50
"Uchuck Lake",115,"49° 02' N","125° 05' W",2,20,30,491,39
"Uchuck Lake",115,"49° 02' N","125° 05' W",2,30,40,398,26
"Uchuck Lake",115,"49° 02' N","125° 05' W",2,40,50,252,7
"Uchuck Lake",115,"49° 02' N","125° 05' W",3,2,5,475,92
"Uchuck Lake",115,"49° 02' N","125° 05' W",3,3,5,475,92
"Uchuck Lake",115,"49° 02' N","125° 05' W",3,5,10,453,68
"Uchuck Lake",115,"49° 02' N","125° 05' W",3,10,15,435,57
"Uchuck Lake",115,"49° 02' N","125° 05' W",3,15,20,405,50
"Uchuck Lake",115,"49° 02' N","125° 05' W",3,20,30,375,39
"Uchuck Lake",115,"49° 02' N","125° 05' W",3,30,40,271,26
"Uchuck Lake",115,"49° 02' N","125° 05' W",3,40,50,0,7
"Uchuck Lake",115,"49° 02' N","125° 05' W",4,2,5,393,92
"Uchuck Lake",115,"49° 02' N","125° 05' W",4,3,5,393,92
"Uchuck Lake",115,"49° 02' N","125° 05' W",4,5,10,379,68
"Uchuck Lake",115,"49° 02' N","125° 05' W",4,10,15,348,57
"Uchuck Lake",115,"49° 02' N","125° 05' W",4,15,20,324,50
"Uchuck Lake",115,"49° 02' N","125° 05' W",4,20,30,143,39
"Uchuck Lake",115,"49° 02' N","125° 05' W",4,30,40,0,26
"Uchuck Lake",115,"49° 02' N","125° 05' W",4,40,50,0,7
"Uchuck Lake",115,"49° 02' N","125° 05' W",5,2,5,2564,92
"Uchuck Lake",115,"49° 02' N","125° 05' W",5,3,5,2564,92
"Uchuck Lake",115,"49° 02' N","125° 05' W",5,5,10,2384,68
"Uchuck Lake",115,"49° 02' N","125° 05' W",5,10,15,2243,57
"Uchuck Lake",115,"49° 02' N","125° 05' W",5,15,20,2129,50
"Uchuck Lake",115,"49° 02' N","125° 05' W",5,20,30,1992,39
"Uchuck Lake",115,"49° 02' N","125° 05' W",5,30,40,1368,26
"Uchuck Lake",115,"49° 02' N","125° 05' W",5,40,50,0,7
"Vernon Lake",23,"50° 62' N","126° 26' W",1,2,5,626,810
"Vernon Lake",23,"50° 62' N","126° 26' W",1,3,5,626,810
"Vernon Lake",23,"50° 62' N","126° 26' W",1,5,10,612,771
"Vernon Lake",23,"50° 62' N","126° 26' W",1,10,15,585,726
"Vernon Lake",23,"50° 62' N","126° 26' W",1,15,20,563,682
"Vernon Lake",23,"50° 62' N","126° 26' W",1,20,30,533,636
"Vernon Lake",23,"50° 62' N","126° 26' W",1,30,40,472,583
"Vernon Lake",23,"50° 62' N","126° 26' W",1,40,50,404,527
"Vernon Lake",23,"50° 62' N","126° 26' W",1,50,60,288,427
"Vernon Lake",23,"50° 62' N","126° 26' W",2,2,5,1324,810
"Vernon Lake",23,"50° 62' N","126° 26' W",2,3,5,1324,810
"Vernon Lake",23,"50° 62' N","126° 26' W",2,5,10,1313,771
"Vernon Lake",23,"50° 62' N","126° 26' W",2,10,15,1251,726
"Vernon Lake",23,"50° 62' N","126° 26' W",2,15,20,1211,682
"Vernon Lake",23,"50° 62' N","126° 26' W",2,20,30,1170,636
"Vernon Lake",23,"50° 62' N","126° 26' W",2,30,40,1111,583
"Vernon Lake",23,"50° 62' N","126° 26' W",2,40,50,1049,527
"Vernon Lake",23,"50° 62' N","126° 26' W",2,50,60,982,427
"Vernon Lake",23,"50° 62' N","126° 26' W",3,2,5,1111,810
"Vernon Lake",23,"50° 62' N","126° 26' W",3,3,5,1111,810
"Vernon Lake",23,"50° 62' N","126° 26' W",3,5,10,1091,771
"Vernon Lake",23,"50° 62' N","126° 26' W",3,10,15,1064,726
"Vernon Lake",23,"50° 62' N","126° 26' W",3,15,20,1032,682
"Vernon Lake",23,"50° 62' N","126° 26' W",3,20,30,991,636
"Vernon Lake",23,"50° 62' N","126° 26' W",3,30,40,944,583
"Vernon Lake",23,"50° 62' N","126° 26' W",3,40,50,895,527
"Vernon Lake",23,"50° 62' N","126° 26' W",3,50,60,833,427
"Vernon Lake",23,"50° 62' N","126° 26' W",4,2,5,1104,810
"Vernon Lake",23,"50° 62' N","126° 26' W",4,3,5,1104,810
"Vernon Lake",23,"50° 62' N","126° 26' W",4,5,10,1066,771
"Vernon Lake",23,"50° 62' N","126° 26' W",4,10,15,1007,726
"Vernon Lake",23,"50° 62' N","126° 26' W",4,15,20,1000,682
"Vernon Lake",23,"50° 62' N","126° 26' W",4,20,30,972,636
"Vernon Lake",23,"50° 62' N","126° 26' W",4,30,40,913,583
"Vernon Lake",23,"50° 62' N","126° 26' W",4,40,50,674,527
"Vernon Lake",23,"50° 62' N","126° 26' W",4,50,60,601,427
"Vernon Lake",23,"50° 62' N","126° 26' W",5,2,5,2100,810
"Vernon Lake",23,"50° 62' N","126° 26' W",5,3,5,2065,810
"Vernon Lake",23,"50° 62' N","126° 26' W",5,5,10,2046,771
"Vernon Lake",23,"50° 62' N","126° 26' W",5,10,15,2026,726
"Vernon Lake",23,"50° 62' N","126° 26' W",5,15,20,2007,682
"Vernon Lake",23,"50° 62' N","126° 26' W",5,20,30,1980,636
"Vernon Lake",23,"50° 62' N","126° 26' W",5,30,40,1938,583
"Vernon Lake",23,"50° 62' N","126° 26' W",5,40,50,1710,527
"Vernon Lake",23,"50° 62' N","126° 26' W",5,50,60,1618,427
"Vernon Lake",23,"50° 62' N","126° 26' W",6,2,5,2000,810
"Vernon Lake",23,"50° 62' N","126° 26' W",6,3,5,1981,810
"Vernon Lake",23,"50° 62' N","126° 26' W",6,5,10,1973,771
"Vernon Lake",23,"50° 62' N","126° 26' W",6,10,15,1943,726
"Vernon Lake",23,"50° 62' N","126° 26' W",6,15,20,1917,682
"Vernon Lake",23,"50° 62' N","126° 26' W",6,20,30,1883,636
"Vernon Lake",23,"50° 62' N","126° 26' W",6,30,40,1681,583
"Vernon Lake",23,"50° 62' N","126° 26' W",6,40,50,1617,527
"Vernon Lake",23,"50° 62' N","126° 26' W",6,50,60,1530,427
"Vernon Lake",23,"50° 62' N","126° 26' W",7,2,5,2200,810
"Vernon Lake",23,"50° 62' N","126° 26' W",7,3,5,2172,810
"Vernon Lake",23,"50° 62' N","126° 26' W",7,5,10,2160,771
"Vernon Lake",23,"50° 62' N","126° 26' W",7,10,15,2120,726
"Vernon Lake",23,"50° 62' N","126° 26' W",7,15,20,2088,682
"Vernon Lake",23,"50° 62' N","126° 26' W",7,20,30,2025,636
"Vernon Lake",23,"50° 62' N","126° 26' W",7,30,40,1790,583
"Vernon Lake",23,"50° 62' N","126° 26' W",7,40,50,1663,527
"Vernon Lake",23,"50° 62' N","126° 26' W",7,50,60,1501,427
"Village Bay_2005",253,NA,NA,1,2,5,400,322
"Village Bay_2005",253,NA,NA,1,3,5,400,322
"Village Bay_2005",253,NA,NA,1,5,10,373,306
"Village Bay_2005",253,NA,NA,1,10,15,343,264
"Village Bay_2005",253,NA,NA,1,15,20,313,201
"Village Bay_2005",253,NA,NA,1,20,30,286,185
"Village Bay_2005",253,NA,NA,1,30,40,256,152
"Village Bay_2005",253,NA,NA,1,40,50,0,61
"Village Bay_2005",253,NA,NA,2,2,5,400,322
"Village Bay_2005",253,NA,NA,2,3,5,400,322
"Village Bay_2005",253,NA,NA,2,5,10,349,306
"Village Bay_2005",253,NA,NA,2,10,15,273,264
"Village Bay_2005",253,NA,NA,2,15,20,210,201
"Village Bay_2005",253,NA,NA,2,20,30,172,185
"Village Bay_2005",253,NA,NA,2,30,40,121,152
"Village Bay_2005",253,NA,NA,2,40,50,0,61
"Village Bay_2005",253,NA,NA,3,2,5,700,322
"Village Bay_2005",253,NA,NA,3,3,5,700,322
"Village Bay_2005",253,NA,NA,3,5,10,691,306
"Village Bay_2005",253,NA,NA,3,10,15,638,264
"Village Bay_2005",253,NA,NA,3,15,20,610,201
"Village Bay_2005",253,NA,NA,3,20,30,575,185
"Village Bay_2005",253,NA,NA,3,30,40,485,152
"Village Bay_2005",253,NA,NA,3,40,50,0,61
"Village Bay_2005",253,NA,NA,4,2,5,1400,322
"Village Bay_2005",253,NA,NA,4,3,5,1400,322
"Village Bay_2005",253,NA,NA,4,5,10,1381,306
"Village Bay_2005",253,NA,NA,4,10,15,1351,264
"Village Bay_2005",253,NA,NA,4,15,20,1299,201
"Village Bay_2005",253,NA,NA,4,20,30,1248,185
"Village Bay_2005",253,NA,NA,4,30,40,1170,152
"Village Bay_2005",253,NA,NA,4,40,50,1031,61
"Village Bay_2005",253,NA,NA,5,2,5,1400,322
"Village Bay_2005",253,NA,NA,5,3,5,1400,322
"Village Bay_2005",253,NA,NA,5,5,10,1379,306
"Village Bay_2005",253,NA,NA,5,10,15,1340,264
"Village Bay_2005",253,NA,NA,5,15,20,1246,201
"Village Bay_2005",253,NA,NA,5,20,30,1177,185
"Village Bay_2005",253,NA,NA,5,30,40,1092,152
"Village Bay_2005",253,NA,NA,5,40,50,893,61
"Village Bay_2005",253,NA,NA,6,2,5,700,322
"Village Bay_2005",253,NA,NA,6,3,5,700,322
"Village Bay_2005",253,NA,NA,6,5,10,682,306
"Village Bay_2005",253,NA,NA,6,10,15,574,264
"Village Bay_2005",253,NA,NA,6,15,20,532,201
"Village Bay_2005",253,NA,NA,6,20,30,486,185
"Village Bay_2005",253,NA,NA,6,30,40,426,152
"Village Bay_2005",253,NA,NA,6,40,50,0,61
"Village Bay_2005",253,NA,NA,7,2,5,600,322
"Village Bay_2005",253,NA,NA,7,3,5,600,322
"Village Bay_2005",253,NA,NA,7,5,10,593,306
"Village Bay_2005",253,NA,NA,7,10,15,561,264
"Village Bay_2005",253,NA,NA,7,15,20,524,201
"Village Bay_2005",253,NA,NA,7,20,30,473,185
"Village Bay_2005",253,NA,NA,7,30,40,435,152
"Village Bay_2005",253,NA,NA,7,40,50,203,61
"Village Bay_2005",253,NA,NA,8,2,5,700,322
"Village Bay_2005",253,NA,NA,8,3,5,700,322
"Village Bay_2005",253,NA,NA,8,5,10,697,306
"Village Bay_2005",253,NA,NA,8,10,15,663,264
"Village Bay_2005",253,NA,NA,8,15,20,629,201
"Village Bay_2005",253,NA,NA,8,20,30,599,185
"Village Bay_2005",253,NA,NA,8,30,40,554,152
"Village Bay_2005",253,NA,NA,8,40,50,0,61
"Village Bay_2005",253,NA,NA,9,2,5,400,322
"Village Bay_2005",253,NA,NA,9,3,5,400,322
"Village Bay_2005",253,NA,NA,9,5,10,396,306
"Village Bay_2005",253,NA,NA,9,10,15,361,264
"Village Bay_2005",253,NA,NA,9,15,20,342,201
"Village Bay_2005",253,NA,NA,9,20,30,323,185
"Village Bay_2005",253,NA,NA,9,30,40,213,152
"Village Bay_2005",253,NA,NA,9,40,50,0,61
"Village Bay_2005",253,NA,NA,10,2,5,400,322
"Village Bay_2005",253,NA,NA,10,3,5,400,322
"Village Bay_2005",253,NA,NA,10,5,10,373,306
"Village Bay_2005",253,NA,NA,10,10,15,351,264
"Village Bay_2005",253,NA,NA,10,15,20,327,201
"Village Bay_2005",253,NA,NA,10,20,30,301,185
"Village Bay_2005",253,NA,NA,10,30,40,180,152
"Village Bay_2005",253,NA,NA,10,40,50,0,61
"Woss Lake",22,"50° 08' N","126° 38' W",1,2,5,1253,1291
"Woss Lake",22,"50° 08' N","126° 38' W",1,3,5,1253,1291
"Woss Lake",22,"50° 08' N","126° 38' W",1,5,10,1238,1285
"Woss Lake",22,"50° 08' N","126° 38' W",1,10,15,1088,1236
"Woss Lake",22,"50° 08' N","126° 38' W",1,15,20,971,1188
"Woss Lake",22,"50° 08' N","126° 38' W",1,20,30,793,1118
"Woss Lake",22,"50° 08' N","126° 38' W",1,30,40,731,1030
"Woss Lake",22,"50° 08' N","126° 38' W",1,40,50,665,951
"Woss Lake",22,"50° 08' N","126° 38' W",1,50,60,612,870
"Woss Lake",22,"50° 08' N","126° 38' W",1,60,70,505,790
"Woss Lake",22,"50° 08' N","126° 38' W",1,70,80,400,723
"Woss Lake",22,"50° 08' N","126° 38' W",2,2,5,1487,1291
"Woss Lake",22,"50° 08' N","126° 38' W",2,3,5,1487,1291
"Woss Lake",22,"50° 08' N","126° 38' W",2,5,10,1472,1285
"Woss Lake",22,"50° 08' N","126° 38' W",2,10,15,1450,1236
"Woss Lake",22,"50° 08' N","126° 38' W",2,15,20,1411,1188
"Woss Lake",22,"50° 08' N","126° 38' W",2,20,30,1360,1118
"Woss Lake",22,"50° 08' N","126° 38' W",2,30,40,1269,1030
"Woss Lake",22,"50° 08' N","126° 38' W",2,40,50,1139,951
"Woss Lake",22,"50° 08' N","126° 38' W",2,50,60,1049,870
"Woss Lake",22,"50° 08' N","126° 38' W",2,60,70,995,790
"Woss Lake",22,"50° 08' N","126° 38' W",2,70,80,929,723
"Woss Lake",22,"50° 08' N","126° 38' W",3,2,5,852,1291
"Woss Lake",22,"50° 08' N","126° 38' W",3,3,5,852,1291
"Woss Lake",22,"50° 08' N","126° 38' W",3,5,10,836,1285
"Woss Lake",22,"50° 08' N","126° 38' W",3,10,15,811,1236
"Woss Lake",22,"50° 08' N","126° 38' W",3,15,20,786,1188
"Woss Lake",22,"50° 08' N","126° 38' W",3,20,30,756,1118
"Woss Lake",22,"50° 08' N","126° 38' W",3,30,40,714,1030
"Woss Lake",22,"50° 08' N","126° 38' W",3,40,50,664,951
"Woss Lake",22,"50° 08' N","126° 38' W",3,50,60,630,870
"Woss Lake",22,"50° 08' N","126° 38' W",3,60,70,580,790
"Woss Lake",22,"50° 08' N","126° 38' W",3,70,80,534,723
"Woss Lake",22,"50° 08' N","126° 38' W",4,2,5,743,1291
"Woss Lake",22,"50° 08' N","126° 38' W",4,3,5,743,1291
"Woss Lake",22,"50° 08' N","126° 38' W",4,5,10,726,1285
"Woss Lake",22,"50° 08' N","126° 38' W",4,10,15,700,1236
"Woss Lake",22,"50° 08' N","126° 38' W",4,15,20,667,1188
"Woss Lake",22,"50° 08' N","126° 38' W",4,20,30,638,1118
"Woss Lake",22,"50° 08' N","126° 38' W",4,30,40,608,1030
"Woss Lake",22,"50° 08' N","126° 38' W",4,40,50,545,951
"Woss Lake",22,"50° 08' N","126° 38' W",4,50,60,502,870
"Woss Lake",22,"50° 08' N","126° 38' W",4,60,70,483,790
"Woss Lake",22,"50° 08' N","126° 38' W",4,70,80,448,723
"Woss Lake",22,"50° 08' N","126° 38' W",5,2,5,593,1291
"Woss Lake",22,"50° 08' N","126° 38' W",5,3,5,593,1291
"Woss Lake",22,"50° 08' N","126° 38' W",5,5,10,508,1285
"Woss Lake",22,"50° 08' N","126° 38' W",5,10,15,473,1236
"Woss Lake",22,"50° 08' N","126° 38' W",5,15,20,444,1188
"Woss Lake",22,"50° 08' N","126° 38' W",5,20,30,414,1118
"Woss Lake",22,"50° 08' N","126° 38' W",5,30,40,366,1030
"Woss Lake",22,"50° 08' N","126° 38' W",5,40,50,305,951
"Woss Lake",22,"50° 08' N","126° 38' W",5,50,60,270,870
"Woss Lake",22,"50° 08' N","126° 38' W",5,60,70,0,790
"Woss Lake",22,"50° 08' N","126° 38' W",5,70,80,0,723
"Woss Lake",22,"50° 08' N","126° 38' W",6,2,5,490,1291
"Woss Lake",22,"50° 08' N","126° 38' W",6,3,5,490,1291
"Woss Lake",22,"50° 08' N","126° 38' W",6,5,10,490,1285
"Woss Lake",22,"50° 08' N","126° 38' W",6,10,15,490,1236
"Woss Lake",22,"50° 08' N","126° 38' W",6,15,20,468,1188
"Woss Lake",22,"50° 08' N","126° 38' W",6,20,30,423,1118
"Woss Lake",22,"50° 08' N","126° 38' W",6,30,40,351,1030
"Woss Lake",22,"50° 08' N","126° 38' W",6,40,50,308,951
"Woss Lake",22,"50° 08' N","126° 38' W",6,50,60,308,870
"Woss Lake",22,"50° 08' N","126° 38' W",6,60,70,308,790
"Woss Lake",22,"50° 08' N","126° 38' W",6,70,80,308,723
"Woss Lake",22,"50° 08' N","126° 38' W",7,2,5,605,1291
"Woss Lake",22,"50° 08' N","126° 38' W",7,3,5,605,1291
"Woss Lake",22,"50° 08' N","126° 38' W",7,5,10,579,1285
"Woss Lake",22,"50° 08' N","126° 38' W",7,10,15,519,1236
"Woss Lake",22,"50° 08' N","126° 38' W",7,15,20,490,1188
"Woss Lake",22,"50° 08' N","126° 38' W",7,20,30,465,1118
"Woss Lake",22,"50° 08' N","126° 38' W",7,30,40,424,1030
"Woss Lake",22,"50° 08' N","126° 38' W",7,40,50,373,951
"Woss Lake",22,"50° 08' N","126° 38' W",7,50,60,373,870
"Woss Lake",22,"50° 08' N","126° 38' W",7,60,70,373,790
"Woss Lake",22,"50° 08' N","126° 38' W",7,70,80,373,723
"Woss Lake",22,"50° 08' N","126° 38' W",8,2,5,611,1291
"Woss Lake",22,"50° 08' N","126° 38' W",8,3,5,611,1291
"Woss Lake",22,"50° 08' N","126° 38' W",8,5,10,611,1285
"Woss Lake",22,"50° 08' N","126° 38' W",8,10,15,592,1236
"Woss Lake",22,"50° 08' N","126° 38' W",8,15,20,576,1188
"Woss Lake",22,"50° 08' N","126° 38' W",8,20,30,523,1118
"Woss Lake",22,"50° 08' N","126° 38' W",8,30,40,453,1030
"Woss Lake",22,"50° 08' N","126° 38' W",8,40,50,399,951
"Woss Lake",22,"50° 08' N","126° 38' W",8,50,60,399,870
"Woss Lake",22,"50° 08' N","126° 38' W",8,60,70,399,790
"Woss Lake",22,"50° 08' N","126° 38' W",8,70,80,399,723
"Woss Lake",22,"50° 08' N","126° 38' W",9,2,5,808,1291
"Woss Lake",22,"50° 08' N","126° 38' W",9,3,5,808,1291
"Woss Lake",22,"50° 08' N","126° 38' W",9,5,10,808,1285
"Woss Lake",22,"50° 08' N","126° 38' W",9,10,15,789,1236
"Woss Lake",22,"50° 08' N","126° 38' W",9,15,20,744,1188
"Woss Lake",22,"50° 08' N","126° 38' W",9,20,30,679,1118
"Woss Lake",22,"50° 08' N","126° 38' W",9,30,40,615,1030
"Woss Lake",22,"50° 08' N","126° 38' W",9,40,50,546,951
"Woss Lake",22,"50° 08' N","126° 38' W",9,50,60,546,870
"Woss Lake",22,"50° 08' N","126° 38' W",9,60,70,546,790
"Woss Lake",22,"50° 08' N","126° 38' W",9,70,80,546,723
"Woss Lake",22,"50° 08' N","126° 38' W",10,2,5,618,1291
"Woss Lake",22,"50° 08' N","126° 38' W",10,3,5,618,1291
"Woss Lake",22,"50° 08' N","126° 38' W",10,5,10,618,1285
"Woss Lake",22,"50° 08' N","126° 38' W",10,10,15,591,1236
"Woss Lake",22,"50° 08' N","126° 38' W",10,15,20,570,1188
"Woss Lake",22,"50° 08' N","126° 38' W",10,20,30,537,1118
"Woss Lake",22,"50° 08' N","126° 38' W",10,30,40,438,1030
"Woss Lake",22,"50° 08' N","126° 38' W",10,40,50,407,951
"Woss Lake",22,"50° 08' N","126° 38' W",10,50,60,407,870
"Woss Lake",22,"50° 08' N","126° 38' W",10,60,70,407,790
"Woss Lake",22,"50° 08' N","126° 38' W",10,70,80,407,723
"Woss Lake",22,"50° 08' N","126° 38' W",11,2,5,596,1291
"Woss Lake",22,"50° 08' N","126° 38' W",11,3,5,596,1291
"Woss Lake",22,"50° 08' N","126° 38' W",11,5,10,596,1285
"Woss Lake",22,"50° 08' N","126° 38' W",11,10,15,593,1236
"Woss Lake",22,"50° 08' N","126° 38' W",11,15,20,562,1188
"Woss Lake",22,"50° 08' N","126° 38' W",11,20,30,504,1118
"Woss Lake",22,"50° 08' N","126° 38' W",11,30,40,462,1030
"Woss Lake",22,"50° 08' N","126° 38' W",11,40,50,434,951
"Woss Lake",22,"50° 08' N","126° 38' W",11,50,60,434,870
"Woss Lake",22,"50° 08' N","126° 38' W",11,60,70,434,790
"Woss Lake",22,"50° 08' N","126° 38' W",11,70,80,434,723
"Woss Lake",22,"50° 08' N","126° 38' W",12,2,5,754,1291
"Woss Lake",22,"50° 08' N","126° 38' W",12,3,5,754,1291
"Woss Lake",22,"50° 08' N","126° 38' W",12,5,10,754,1285
"Woss Lake",22,"50° 08' N","126° 38' W",12,10,15,754,1236
"Woss Lake",22,"50° 08' N","126° 38' W",12,15,20,751,1188
"Woss Lake",22,"50° 08' N","126° 38' W",12,20,30,721,1118
"Woss Lake",22,"50° 08' N","126° 38' W",12,30,40,662,1030
"Woss Lake",22,"50° 08' N","126° 38' W",12,40,50,582,951
"Woss Lake",22,"50° 08' N","126° 38' W",12,50,60,582,870
"Woss Lake",22,"50° 08' N","126° 38' W",12,60,70,582,790
"Woss Lake",22,"50° 08' N","126° 38' W",12,70,80,582,723
"Woss Lake",22,"50° 08' N","126° 38' W",13,2,5,1430,1291
"Woss Lake",22,"50° 08' N","126° 38' W",13,3,5,1430,1291
"Woss Lake",22,"50° 08' N","126° 38' W",13,5,10,1430,1285
"Woss Lake",22,"50° 08' N","126° 38' W",13,10,15,1390,1236
"Woss Lake",22,"50° 08' N","126° 38' W",13,15,20,1315,1188
"Woss Lake",22,"50° 08' N","126° 38' W",13,20,30,1236,1118
"Woss Lake",22,"50° 08' N","126° 38' W",13,30,40,1154,1030
"Woss Lake",22,"50° 08' N","126° 38' W",13,40,50,1054,951
"Woss Lake",22,"50° 08' N","126° 38' W",13,50,60,1054,870
"Woss Lake",22,"50° 08' N","126° 38' W",13,60,70,1054,790
"Woss Lake",22,"50° 08' N","126° 38' W",13,70,80,1054,723
"Woss Lake",22,"50° 08' N","126° 38' W",14,2,5,1150,1291
"Woss Lake",22,"50° 08' N","126° 38' W",14,3,5,1150,1291
"Woss Lake",22,"50° 08' N","126° 38' W",14,5,10,1150,1285
"Woss Lake",22,"50° 08' N","126° 38' W",14,10,15,1150,1236
"Woss Lake",22,"50° 08' N","126° 38' W",14,15,20,1150,1188
"Woss Lake",22,"50° 08' N","126° 38' W",14,20,30,1125,1118
"Woss Lake",22,"50° 08' N","126° 38' W",14,30,40,767,1030
"Woss Lake",22,"50° 08' N","126° 38' W",14,40,50,719,951
"Woss Lake",22,"50° 08' N","126° 38' W",14,50,60,719,870
"Woss Lake",22,"50° 08' N","126° 38' W",14,60,70,719,790
"Woss Lake",22,"50° 08' N","126° 38' W",14,70,80,719,723
"Yakoun Lake",69,"53° 19' N","132° 17' W",1,2,5,812,781
"Yakoun Lake",69,"53° 19' N","132° 17' W",1,3,5,812,781
"Yakoun Lake",69,"53° 19' N","132° 17' W",1,5,10,727,711
"Yakoun Lake",69,"53° 19' N","132° 17' W",1,10,15,684,640
"Yakoun Lake",69,"53° 19' N","132° 17' W",1,15,20,620,567
"Yakoun Lake",69,"53° 19' N","132° 17' W",1,20,30,520,475
"Yakoun Lake",69,"53° 19' N","132° 17' W",1,30,40,235,350
"Yakoun Lake",69,"53° 19' N","132° 17' W",1,40,50,0,239
"Yakoun Lake",69,"53° 19' N","132° 17' W",1,50,60,0,174
"Yakoun Lake",69,"53° 19' N","132° 17' W",1,60,70,0,132
"Yakoun Lake",69,"53° 19' N","132° 17' W",2,2,5,1145,781
"Yakoun Lake",69,"53° 19' N","132° 17' W",2,3,5,1145,781
"Yakoun Lake",69,"53° 19' N","132° 17' W",2,5,10,1098,711
"Yakoun Lake",69,"53° 19' N","132° 17' W",2,10,15,1051,640
"Yakoun Lake",69,"53° 19' N","132° 17' W",2,15,20,996,567
"Yakoun Lake",69,"53° 19' N","132° 17' W",2,20,30,769,475
"Yakoun Lake",69,"53° 19' N","132° 17' W",2,30,40,510,350
"Yakoun Lake",69,"53° 19' N","132° 17' W",2,40,50,392,239
"Yakoun Lake",69,"53° 19' N","132° 17' W",2,50,60,353,174
"Yakoun Lake",69,"53° 19' N","132° 17' W",2,60,70,0,132
"Yakoun Lake",69,"53° 19' N","132° 17' W",3,2,5,892,781
"Yakoun Lake",69,"53° 19' N","132° 17' W",3,3,5,892,781
"Yakoun Lake",69,"53° 19' N","132° 17' W",3,5,10,865,711
"Yakoun Lake",69,"53° 19' N","132° 17' W",3,10,15,823,640
"Yakoun Lake",69,"53° 19' N","132° 17' W",3,15,20,795,567
"Yakoun Lake",69,"53° 19' N","132° 17' W",3,20,30,761,475
"Yakoun Lake",69,"53° 19' N","132° 17' W",3,30,40,629,350
"Yakoun Lake",69,"53° 19' N","132° 17' W",3,40,50,546,239
"Yakoun Lake",69,"53° 19' N","132° 17' W",3,50,60,450,174
"Yakoun Lake",69,"53° 19' N","132° 17' W",3,60,70,344,132
"Yakoun Lake",69,"53° 19' N","132° 17' W",4,2,5,1092,781
"Yakoun Lake",69,"53° 19' N","132° 17' W",4,3,5,1092,781
"Yakoun Lake",69,"53° 19' N","132° 17' W",4,5,10,1073,711
"Yakoun Lake",69,"53° 19' N","132° 17' W",4,10,15,1054,640
"Yakoun Lake",69,"53° 19' N","132° 17' W",4,15,20,1035,567
"Yakoun Lake",69,"53° 19' N","132° 17' W",4,20,30,1003,475
"Yakoun Lake",69,"53° 19' N","132° 17' W",4,30,40,953,350
"Yakoun Lake",69,"53° 19' N","132° 17' W",4,40,50,908,239
"Yakoun Lake",69,"53° 19' N","132° 17' W",4,50,60,800,174
"Yakoun Lake",69,"53° 19' N","132° 17' W",4,60,70,691,132
"Yakoun Lake",69,"53° 19' N","132° 17' W",5,2,5,1140,781
"Yakoun Lake",69,"53° 19' N","132° 17' W",5,3,5,1140,781
"Yakoun Lake",69,"53° 19' N","132° 17' W",5,5,10,1119,711
"Yakoun Lake",69,"53° 19' N","132° 17' W",5,10,15,1097,640
"Yakoun Lake",69,"53° 19' N","132° 17' W",5,15,20,1075,567
"Yakoun Lake",69,"53° 19' N","132° 17' W",5,20,30,1017,475
"Yakoun Lake",69,"53° 19' N","132° 17' W",5,30,40,835,350
"Yakoun Lake",69,"53° 19' N","132° 17' W",5,40,50,516,239
"Yakoun Lake",69,"53° 19' N","132° 17' W",5,50,60,465,174
"Yakoun Lake",69,"53° 19' N","132° 17' W",5,60,70,330,132
"Yakoun Lake",69,"53° 19' N","132° 17' W",6,2,5,1061,781
"Yakoun Lake",69,"53° 19' N","132° 17' W",6,3,5,1061,781
"Yakoun Lake",69,"53° 19' N","132° 17' W",6,5,10,1005,711
"Yakoun Lake",69,"53° 19' N","132° 17' W",6,10,15,876,640
"Yakoun Lake",69,"53° 19' N","132° 17' W",6,15,20,780,567
"Yakoun Lake",69,"53° 19' N","132° 17' W",6,20,30,587,475
"Yakoun Lake",69,"53° 19' N","132° 17' W",6,30,40,426,350
"Yakoun Lake",69,"53° 19' N","132° 17' W",6,40,50,113,239
"Yakoun Lake",69,"53° 19' N","132° 17' W",6,50,60,40,174
"Yakoun Lake",69,"53° 19' N","132° 17' W",6,60,70,0,132
"Yakoun Lake",69,"53° 19' N","132° 17' W",7,2,5,957,781
"Yakoun Lake",69,"53° 19' N","132° 17' W",7,3,5,957,781
"Yakoun Lake",69,"53° 19' N","132° 17' W",7,5,10,941,711
"Yakoun Lake",69,"53° 19' N","132° 17' W",7,10,15,812,640
"Yakoun Lake",69,"53° 19' N","132° 17' W",7,15,20,684,567
"Yakoun Lake",69,"53° 19' N","132° 17' W",7,20,30,595,475
"Yakoun Lake",69,"53° 19' N","132° 17' W",7,30,40,402,350
"Yakoun Lake",69,"53° 19' N","132° 17' W",7,40,50,153,239
"Yakoun Lake",69,"53° 19' N","132° 17' W",7,50,60,0,174
"Yakoun Lake",69,"53° 19' N","132° 17' W",7,60,70,0,132
"Yakoun Lake",69,"53° 19' N","132° 17' W",8,2,5,1050,781
"Yakoun Lake",69,"53° 19' N","132° 17' W",8,3,5,984,781
"Yakoun Lake",69,"53° 19' N","132° 17' W",8,5,10,764,711
"Yakoun Lake",69,"53° 19' N","132° 17' W",8,10,15,495,640
"Yakoun Lake",69,"53° 19' N","132° 17' W",8,15,20,424,567
"Yakoun Lake",69,"53° 19' N","132° 17' W",8,20,30,297,475
"Yakoun Lake",69,"53° 19' N","132° 17' W",8,30,40,116,350
"Yakoun Lake",69,"53° 19' N","132° 17' W",8,40,50,0,239
"Yakoun Lake",69,"53° 19' N","132° 17' W",8,50,60,0,174
"Yakoun Lake",69,"53° 19' N","132° 17' W",8,60,70,0,132
"Yakoun Lake",69,"53° 19' N","132° 17' W",9,2,5,1216,781
"Yakoun Lake",69,"53° 19' N","132° 17' W",9,3,5,1191,781
"Yakoun Lake",69,"53° 19' N","132° 17' W",9,5,10,1164,711
"Yakoun Lake",69,"53° 19' N","132° 17' W",9,10,15,1088,640
"Yakoun Lake",69,"53° 19' N","132° 17' W",9,15,20,966,567
"Yakoun Lake",69,"53° 19' N","132° 17' W",9,20,30,631,475
"Yakoun Lake",69,"53° 19' N","132° 17' W",9,30,40,403,350
"Yakoun Lake",69,"53° 19' N","132° 17' W",9,40,50,218,239
"Yakoun Lake",69,"53° 19' N","132° 17' W",9,50,60,0,174
"Yakoun Lake",69,"53° 19' N","132° 17' W",9,60,70,0,132
"Yakoun Lake",69,"53° 19' N","132° 17' W",10,2,5,1598,781
"Yakoun Lake",69,"53° 19' N","132° 17' W",10,3,5,1432,781
"Yakoun Lake",69,"53° 19' N","132° 17' W",10,5,10,1376,711
"Yakoun Lake",69,"53° 19' N","132° 17' W",10,10,15,1335,640
"Yakoun Lake",69,"53° 19' N","132° 17' W",10,15,20,1282,567
"Yakoun Lake",69,"53° 19' N","132° 17' W",10,20,30,1090,475
"Yakoun Lake",69,"53° 19' N","132° 17' W",10,30,40,985,350
"Yakoun Lake",69,"53° 19' N","132° 17' W",10,40,50,846,239
"Yakoun Lake",69,"53° 19' N","132° 17' W",10,50,60,0,174
"Yakoun Lake",69,"53° 19' N","132° 17' W",10,60,70,0,132
"Yakoun Lake",69,"53° 19' N","132° 17' W",11,2,5,1086,781
"Yakoun Lake",69,"53° 19' N","132° 17' W",11,3,5,1070,781
"Yakoun Lake",69,"53° 19' N","132° 17' W",11,5,10,986,711
"Yakoun Lake",69,"53° 19' N","132° 17' W",11,10,15,883,640
"Yakoun Lake",69,"53° 19' N","132° 17' W",11,15,20,839,567
"Yakoun Lake",69,"53° 19' N","132° 17' W",11,20,30,689,475
"Yakoun Lake",69,"53° 19' N","132° 17' W",11,30,40,457,350
"Yakoun Lake",69,"53° 19' N","132° 17' W",11,40,50,376,239
"Yakoun Lake",69,"53° 19' N","132° 17' W",11,50,60,0,174
"Yakoun Lake",69,"53° 19' N","132° 17' W",11,60,70,0,132
"Yakoun Lake",69,"53° 19' N","132° 17' W",12,2,5,1412,781
"Yakoun Lake",69,"53° 19' N","132° 17' W",12,3,5,1396,781
"Yakoun Lake",69,"53° 19' N","132° 17' W",12,5,10,1375,711
"Yakoun Lake",69,"53° 19' N","132° 17' W",12,10,15,1284,640
"Yakoun Lake",69,"53° 19' N","132° 17' W",12,15,20,576,567
"Yakoun Lake",69,"53° 19' N","132° 17' W",12,20,30,419,475
"Yakoun Lake",69,"53° 19' N","132° 17' W",12,30,40,0,350
"Yakoun Lake",69,"53° 19' N","132° 17' W",12,40,50,0,239
"Yakoun Lake",69,"53° 19' N","132° 17' W",12,50,60,0,174
"Yakoun Lake",69,"53° 19' N","132° 17' W",12,60,70,0,132
