"Lake","ATS Year","Date","Sounder Type","#Transects","#Targets","#Trawls","Surface Trawls","Trawl Time (min)","#Fish","#Sockeye","#Stickleback","Others"
"Alastair Lake","1978",1978-07-10,"FURUNO FM 22         ",5,1632,4,0,120,73,48,25,0
"Alastair Lake","1978",1978-10-08,NA,NA,NA,4,0,120,96,67,29,0
"Alastair Lake","1995",1995-10-11,"SIMRAD               ",5,8322,11,0,0,684,403,281,0
"Awun Lake","1979",1979-07-31,"FURUNO FM 22         ",4,402,NA,NA,NA,NA,NA,NA,NA
"Awun Lake","1979",1979-08-01,NA,NA,NA,5,0,140,250,228,22,0
"Awun Lake","1980",1980-07-30,"FURUNO FM 22         ",4,247,NA,NA,NA,NA,NA,NA,NA
"Awun Lake","1980",1980-07-31,NA,NA,NA,3,0,90,445,432,13,0
"Awun Lake","1981",1981-10-07,"FURUNO FM 22         ",4,213,3,0,72,5,3,1,1
"Awun Lake","1981",1981-10-08,NA,NA,NA,2,0,50,20,19,1,0
"Awun Lake","1982",1982-09-27,"FURUNO FM 22         ",4,560,3,0,60,57,56,0,1
"Awun Lake","1982",1982-09-28,NA,NA,NA,3,1,60,30,29,0,1
"Awun Lake","1983",1983-08-29,"FURUNO FM 22         ",4,378,4,1,75,90,77,12,1
"Awun Lake","1983",1983-08-30,NA,NA,NA,1,0,20,2,1,1,0
"Awun Lake","1984",1984-09-06,"FURUNO FM 22         ",4,255,3,0,45,53,43,10,0
"Awun Lake","1984",1984-09-07,NA,NA,NA,2,0,30,30,28,2,0
"Awun Lake","1985",1985-08-29,"SIMRAD               ",4,596,NA,NA,NA,NA,NA,NA,NA
"Awun Lake","1985",1985-08-30,NA,NA,NA,6,0,90,56,42,14,0
"Awun Lake","1986",1986-09-04,"SIMRAD               ",4,1133,NA,NA,NA,NA,NA,NA,NA
"Awun Lake","1986",1986-09-05,"FURUNO FM 22         ",4,328,NA,NA,NA,NA,NA,NA,NA
"Awun Lake","1991",1991-10-24,"SIMRAD               ",4,267,NA,NA,NA,NA,NA,NA,NA
"Awun Lake","1994",1994-09-02,"SIMRAD               ",4,701,NA,NA,NA,NA,NA,NA,NA
"Bear Lake","1978",1978-07-16,NA,NA,NA,4,0,120,9,9,0,0
"Bear Lake","1978",1978-07-17,NA,NA,NA,1,0,30,1,0,0,1
"Bear Lake","1978",1978-11-25,NA,NA,NA,2,0,43,3,3,0,0
"Bear Lake","1988",1988-09-05,NA,NA,NA,1,0,0,12,12,0,0
"Bear Lake","1988",1988-09-06,NA,NA,NA,4,0,0,5,5,0,0
"Bear Lake","1995",1995-10-01,"SIMRAD               ",6,540,NA,NA,NA,NA,NA,NA,NA
"Bear Lake","1995",1995-10-03,NA,NA,NA,4,0,0,8,7,0,1
"Bonilla Lake","1979",1979-10-04,"FURUNO FM 22         ",4,324,4,0,105,949,634,315,0
"Bonilla Lake","1980",1980-09-17,"FURUNO FM 22         ",4,875,4,1,100,519,131,388,0
"Bonilla Lake","1980",1980-09-18,NA,NA,NA,1,0,15,108,73,35,0
"Bonilla Lake","1981",1981-07-18,NA,NA,NA,2,0,30,154,9,145,0
"Bonilla Lake","1981",1981-07-19,NA,NA,NA,3,2,50,592,55,537,0
"Bonilla Lake","1981",1981-08-19,"FURUNO FM 22         ",4,1246,3,1,35,32,1,31,0
"Bonilla Lake","1981",1981-08-20,NA,NA,NA,7,1,110,440,67,373,0
"Bonilla Lake","1981",1981-09-20,"FURUNO FM 22         ",4,4475,4,1,67,471,54,417,0
"Bonilla Lake","1981",1981-09-21,NA,NA,NA,1,0,25,39,10,29,0
"Bonilla Lake","1982",1982-04-13,"FURUNO FM 22         ",4,124,2,2,35,28,26,2,0
"Bonilla Lake","1982",1982-04-14,NA,NA,NA,2,1,40,207,7,200,0
"Bonilla Lake","1982",1982-10-04,"FURUNO FM 22         ",4,551,5,3,80,524,33,491,0
"Bonilla Lake","1983",1983-09-07,"FURUNO FM 22         ",4,783,4,1,40,186,99,87,0
"Bonilla Lake","1983",1983-09-08,NA,NA,NA,1,0,15,37,0,37,0
"Bonilla Lake","1984",1984-08-27,"FURUNO FM 22         ",4,1210,3,1,45,287,31,256,0
"Bonilla Lake","1984",1984-08-28,NA,NA,NA,8,2,120,465,263,202,0
"Bowser Lake","1991",1991-09-01,NA,NA,NA,1,1,0,4,4,0,0
"Bowser Lake","1991",1991-09-02,NA,NA,NA,4,4,0,13,13,0,0
"Bowser Lake","1992",1992-09-10,NA,NA,NA,1,1,0,2,2,0,0
"Bowser Lake","1992",1992-09-11,NA,NA,NA,9,9,0,19,16,0,3
"Bowser Lake","1993",1993-06-16,NA,NA,NA,2,2,0,4,3,0,1
"Bowser Lake","1993",1993-07-10,NA,NA,NA,1,1,0,4,4,0,0
"Bowser Lake","1993",1993-08-09,NA,NA,NA,2,2,0,9,9,0,0
"Bowser Lake","1993",1993-09-25,NA,NA,NA,8,8,0,41,41,0,0
"Brannen Lake","1986",1986-04-16,"SIMRAD               ",6,1141,3,0,60,394,24,370,0
"Brannen Lake","1990",1990-09-06,NA,NA,NA,2,2,0,4,0,4,0
"Cheewhat Lake","1983",1983-11-01,"FURUNO FM 22         ",6,729,4,1,63,100,58,40,2
"Cheewhat Lake","1984",1984-08-15,"SIMRAD               ",6,1804,NA,NA,NA,NA,NA,NA,NA
"Cheewhat Lake","1984",1984-08-16,"SIMRAD               ",6,63,7,0,70,207,204,3,0
"Cheewhat Lake","1984",1985-03-14,"SIMRAD               ",6,1463,7,0,105,86,66,20,0
"Cheewhat Lake","1985",1985-08-20,"SIMRAD               ",6,866,NA,NA,NA,NA,NA,NA,NA
"Cheewhat Lake","1985",1985-08-21,NA,NA,NA,9,2,131,161,84,77,0
"Cheewhat Lake","1985",1986-03-19,"SIMRAD               ",6,603,2,1,30,2,1,1,0
"Cheewhat Lake","1985",1986-03-20,NA,NA,NA,8,0,120,145,28,117,0
"Cheewhat Lake","1986",1986-08-02,"SIMRAD               ",6,2068,NA,NA,NA,NA,NA,NA,NA
"Cheewhat Lake","1986",1986-08-03,NA,NA,NA,7,0,105,199,147,52,0
"Cheewhat Lake","1986",1986-09-27,"SIMRAD               ",6,2233,4,0,60,132,106,26,0
"Cheewhat Lake","1986",1986-09-28,NA,NA,NA,4,0,58,126,98,28,0
"Cheewhat Lake","1986",1986-12-16,"SIMRAD               ",6,1305,5,0,75,260,97,163,0
"Cheewhat Lake","1987",1987-04-21,"SIMRAD               ",6,1324,1,0,0,3,1,2,0
"Cheewhat Lake","1987",1987-04-28,NA,NA,NA,5,3,0,20,16,1,3
"Cheewhat Lake","1987",1987-06-11,"SIMRAD               ",6,555,1,0,0,4,4,0,0
"Cheewhat Lake","1987",1987-06-12,NA,NA,NA,2,1,0,10,10,0,0
"Cheewhat Lake","1987",1987-08-15,"SIMRAD               ",6,1428,6,0,0,251,220,31,0
"Cheewhat Lake","1987",1987-08-16,NA,NA,NA,3,1,0,80,66,14,0
"Cheewhat Lake","1987",1987-10-18,"SIMRAD               ",6,1379,3,0,0,62,44,18,0
"Cheewhat Lake","1987",1987-11-26,"SIMRAD               ",6,1467,8,2,0,246,25,221,0
"Cheewhat Lake","1987",1988-02-28,"SIMRAD               ",6,266,5,1,0,71,7,64,0
"Cheewhat Lake","1988",1988-05-19,"SIMRAD               ",6,1732,4,2,0,213,17,196,0
"Cheewhat Lake","1988",1988-05-20,NA,NA,NA,3,1,0,24,4,20,0
"Cheewhat Lake","1988",1988-07-21,"SIMRAD               ",6,1676,1,0,0,29,29,0,0
"Cheewhat Lake","1988",1988-07-22,NA,NA,NA,4,0,0,241,240,1,0
"Cheewhat Lake","1988",1988-08-19,"SIMRAD               ",6,1740,2,0,0,94,94,0,0
"Cheewhat Lake","1988",1988-08-20,NA,NA,NA,4,1,0,6,0,6,0
"Cheewhat Lake","1988",1989-03-07,"SIMRAD               ",6,1633,6,0,0,132,82,49,1
"Cheewhat Lake","1989",1989-05-12,NA,NA,NA,5,2,0,89,75,14,0
"Cheewhat Lake","1989",1989-05-30,"SIMRAD               ",6,1779,NA,NA,NA,NA,NA,NA,NA
"Cheewhat Lake","1989",1989-05-31,NA,NA,NA,8,2,0,212,193,19,0
"Cheewhat Lake","1989",1989-07-01,"SIMRAD               ",6,1193,NA,NA,NA,NA,NA,NA,NA
"Cheewhat Lake","1989",1989-07-02,NA,NA,NA,7,1,0,69,61,8,0
"Cheewhat Lake","1989",1989-07-28,"SIMRAD               ",6,1737,NA,NA,NA,NA,NA,NA,NA
"Cheewhat Lake","1989",1989-07-29,NA,NA,NA,1,0,0,76,75,1,0
"Cheewhat Lake","1989",1989-09-20,"SIMRAD               ",6,1508,1,0,0,69,64,5,0
"Cheewhat Lake","1989",1989-09-21,"SIMRAD               ",6,1536,5,0,0,134,118,16,0
"Cheewhat Lake","1989",1989-10-26,"SIMRAD               ",6,1678,1,0,0,70,5,65,0
"Cheewhat Lake","1989",1989-10-27,NA,NA,NA,5,1,0,187,34,153,0
"Cheewhat Lake","1989",1990-02-21,"SIMRAD               ",6,1460,6,0,0,216,75,141,0
"Cheewhat Lake","1989",1990-02-22,NA,NA,NA,2,1,0,16,13,3,0
"Cheewhat Lake","1990",1990-06-02,"SIMRAD               ",6,962,NA,NA,NA,NA,NA,NA,NA
"Cheewhat Lake","1990",1990-06-03,NA,NA,NA,5,1,0,31,26,5,0
"Cheewhat Lake","1990",1990-06-19,"SIMRAD               ",6,879,NA,NA,NA,NA,NA,NA,NA
"Cheewhat Lake","1990",1990-06-20,NA,NA,NA,6,0,0,122,115,7,0
"Cheewhat Lake","1990",1990-06-25,"SIMRAD               ",6,757,6,0,0,76,74,2,0
"Cheewhat Lake","1990",1990-07-23,"SIMRAD               ",6,639,9,1,0,189,173,13,3
"Cheewhat Lake","1990",1990-08-07,"SIMRAD               ",6,837,7,2,0,113,108,5,0
"Cheewhat Lake","1990",1990-10-02,"SIMRAD               ",6,859,6,1,0,93,78,15,0
"Cheewhat Lake","1990",1990-10-03,"SIMRAD               ",6,859,3,1,0,50,45,5,0
"Cheewhat Lake","1990",1991-03-06,"SIMRAD               ",6,799,8,1,0,203,47,156,0
"Cheewhat Lake","1990",1991-03-07,NA,NA,NA,1,0,0,11,4,7,0
"Cheewhat Lake","1991",1991-06-06,"SIMRAD               ",6,1142,NA,NA,NA,NA,NA,NA,NA
"Cheewhat Lake","1991",1991-07-22,"SIMRAD               ",6,1186,NA,NA,NA,NA,NA,NA,NA
"Cheewhat Lake","1991",1991-07-23,NA,NA,NA,6,2,0,206,201,5,0
"Cheewhat Lake","1991",1991-10-11,"SIMRAD               ",6,1636,3,0,0,114,107,7,0
"Cheewhat Lake","1991",1992-02-19,"SIMRAD               ",6,1171,7,0,0,62,53,9,0
"Cheewhat Lake","1992",1992-06-17,"SIMRAD               ",6,662,NA,NA,NA,NA,NA,NA,NA
"Cheewhat Lake","1992",1992-08-06,"SIMRAD               ",6,913,NA,NA,NA,NA,NA,NA,NA
"Cheewhat Lake","1992",1992-11-30,"SIMRAD               ",6,567,NA,NA,NA,NA,NA,NA,NA
"Cheewhat Lake","1992",1993-02-23,"SIMRAD               ",6,468,NA,NA,NA,NA,NA,NA,NA
"Cheewhat Lake","1993",1993-07-13,"SIMRAD               ",6,561,NA,NA,NA,NA,NA,NA,NA
"Cheewhat Lake","1993",1994-02-18,"SIMRAD               ",6,783,NA,NA,NA,NA,NA,NA,NA
"Cheewhat Lake","1994",1994-06-24,"SIMRAD               ",6,659,NA,NA,NA,NA,NA,NA,NA
"Cheewhat Lake","1994",1994-06-25,"SIMRAD               ",6,549,NA,NA,NA,NA,NA,NA,NA
"Cheewhat Lake","1994",1994-07-28,"SIMRAD               ",6,1270,NA,NA,NA,NA,NA,NA,NA
"Cheewhat Lake","1994",1994-07-29,"SIMRAD               ",6,1027,NA,NA,NA,NA,NA,NA,NA
"Cheewhat Lake","1994",1994-11-23,"SIMRAD               ",6,1280,NA,NA,NA,NA,NA,NA,NA
"Cheewhat Lake","1994",1995-03-04,"SIMRAD               ",6,1516,NA,NA,NA,NA,NA,NA,NA
"Cheewhat Lake","1995",1995-06-24,"SIMRAD               ",6,737,NA,NA,NA,NA,NA,NA,NA
"Cheewhat Lake","1995",1995-06-25,"SIMRAD               ",6,884,NA,NA,NA,NA,NA,NA,NA
"Cheewhat Lake","1995",1995-06-26,"SIMRAD               ",6,715,NA,NA,NA,NA,NA,NA,NA
"Cheewhat Lake","1995",1995-07-28,"SIMRAD               ",6,1203,NA,NA,NA,NA,NA,NA,NA
"Cheewhat Lake","1995",1995-07-29,"SIMRAD               ",6,815,NA,NA,NA,NA,NA,NA,NA
"Cheewhat Lake","1995",1995-07-30,"SIMRAD               ",6,797,NA,NA,NA,NA,NA,NA,NA
"Cheewhat Lake","1995",1996-02-16,"SIMRAD               ",6,1835,NA,NA,NA,NA,NA,NA,NA
"Cheewhat Lake","1996",1996-07-31,"SIMRAD               ",6,1360,NA,NA,NA,NA,NA,NA,NA
"Cheewhat Lake","1996",1996-08-01,NA,NA,NA,4,1,0,121,96,25,0
"Cheewhat Lake","1996",1996-09-01,"SIMRAD               ",6,1412,5,2,0,182,173,9,0
"Cheewhat Lake","1996",1997-02-07,"SIMRAD               ",6,1380,NA,NA,NA,NA,NA,NA,NA
"Cougar Lake","1988",1988-09-06,NA,NA,NA,2,0,0,3,3,0,0
"Cougar Lake","1988",1988-09-07,NA,NA,NA,2,0,0,6,6,0,0
"Curtis Lake","1979",1979-10-14,"FURUNO FM 22         ",4,1086,4,0,120,459,381,78,0
"Curtis Lake","1980",1980-09-21,"FURUNO FM 22         ",4,1693,3,0,90,512,90,422,0
"Curtis Lake","1980",1980-09-22,NA,NA,NA,2,0,60,688,601,87,0
"Curtis Lake","1981",1981-07-20,"FURUNO FM 22         ",4,1234,4,1,95,734,52,682,0
"Curtis Lake","1981",1981-09-21,"FURUNO FM 22         ",4,1389,2,1,30,195,27,168,0
"Curtis Lake","1981",1981-09-22,NA,NA,NA,2,0,45,158,91,67,0
"Curtis Lake","1982",1983-02-04,"FURUNO FM 22         ",4,1053,5,1,91,35,17,18,0
"Curtis Lake","1983",1983-09-08,"FURUNO FM 22         ",4,1089,3,1,55,187,82,105,0
"Curtis Lake","1983",1983-09-09,NA,NA,NA,2,0,25,42,10,32,0
"Curtis Lake","1984",1984-08-28,"FURUNO FM 22         ",4,1113,3,1,45,208,82,126,0
"Curtis Lake","1984",1984-08-29,NA,NA,NA,2,0,30,48,34,14,0
"Damdochax Lake","1991",1991-09-06,"SIMRAD               ",4,1087,4,1,0,79,79,0,0
"Damdochax Lake","1991",1991-09-07,NA,NA,NA,1,0,0,21,21,0,0
"Damdochax Lake","1992",1992-08-14,NA,NA,NA,2,0,0,14,14,0,0
"Damdochax Lake","1992",1992-08-15,NA,NA,NA,4,1,0,19,19,0,0
"Damdochax Lake","1992",1992-09-23,NA,NA,NA,5,0,0,113,67,0,46
"Damdochax Lake","1993",1993-09-28,NA,NA,NA,5,0,0,216,215,0,1
"Deer Lake","1988",1988-09-05,NA,NA,NA,2,0,0,3,3,0,0
"Devon Lake","1979",1979-10-08,"FURUNO FM 22         ",7,771,1,0,30,294,106,188,0
"Devon Lake","1979",1979-10-09,NA,NA,NA,2,0,45,459,222,237,0
"Devon Lake","1980",1980-09-20,"FURUNO   FM 22       ",7,529,5,0,140,2172,121,2051,0
"Devon Lake","1981",1981-09-22,"FURUNO FM 22         ",7,483,5,1,71,324,116,208,0
"Devon Lake","1982",1983-02-05,"FURUNO FM 22         ",7,850,5,1,75,212,99,112,1
"Devon Lake","1983",1983-09-09,"FURUNO FM 22         ",7,1373,5,1,65,203,123,80,0
"Devon Lake","1984",1984-08-29,"FURUNO FM 22         ",7,800,NA,NA,NA,NA,NA,NA,NA
"Devon Lake","1984",1984-08-30,NA,NA,NA,4,3,45,474,0,474,0
"Devon Lake","1984",1984-08-31,NA,NA,NA,7,0,70,833,95,738,0
"Devon Lake","1985",1985-09-08,"FURUNO FM 22         ",7,889,3,3,45,252,2,250,0
"Devon Lake","1985",1985-09-09,NA,NA,NA,8,0,120,831,25,806,0
"Devon Lake","1986",1986-09-07,"SIMRAD               ",7,8116,4,0,60,224,100,124,0
"Devon Lake","1986",1986-09-08,"SIMRAD               ",7,2879,9,3,135,503,101,402,0
"Devon Lake","1987",1987-07-30,"SIMRAD               ",7,6914,3,0,0,429,71,358,0
"Devon Lake","1987",1987-07-31,NA,NA,NA,6,3,0,302,115,187,0
"Devon Lake","1988",1988-07-30,"SIMRAD               ",7,2484,NA,NA,NA,NA,NA,NA,NA
"Devon Lake","1988",1988-07-31,NA,NA,NA,8,2,0,712,30,682,0
"Dragon Lake","1992",1992-08-17,NA,NA,NA,3,1,0,320,0,319,1
"Eden Lake","1979",1979-08-04,"FURUNO FM 22         ",4,333,1,0,30,13,13,0,0
"Eden Lake","1979",1979-08-05,NA,NA,NA,4,0,120,200,199,1,0
"Eden Lake","1980",1980-07-29,"FURUNO FM 22         ",4,194,NA,NA,NA,NA,NA,NA,NA
"Eden Lake","1980",1980-07-30,NA,NA,NA,5,1,150,83,81,2,0
"Eden Lake","1981",1981-10-07,"FURUNO FM 22         ",4,185,NA,NA,NA,NA,NA,NA,NA
"Eden Lake","1981",1981-10-08,NA,NA,NA,4,1,90,50,48,1,1
"Eden Lake","1981",1981-10-09,NA,NA,NA,1,0,25,13,13,0,0
"Eden Lake","1982",1982-09-29,"FURUNO FM 22         ",4,409,5,1,110,100,41,57,2
"Eden Lake","1983",1983-09-02,"FURUNO FM 22         ",4,285,4,1,75,23,21,0,2
"Eden Lake","1983",1983-09-03,NA,NA,NA,2,0,40,19,19,0,0
"Eden Lake","1984",1984-09-01,"FURUNO FM 22         ",4,224,2,0,30,17,17,0,0
"Eden Lake","1984",1984-09-02,NA,NA,NA,1,0,15,2,2,0,0
"Eden Lake","1985",1985-08-30,"SIMRAD               ",4,939,1,0,15,20,20,0,0
"Eden Lake","1985",1985-08-31,NA,NA,NA,3,0,45,57,57,0,0
"Eden Lake","1986",1986-09-06,"SIMRAD               ",4,482,NA,NA,NA,NA,NA,NA,NA
"Eden Lake","1986",1986-09-07,"FURUNO FM 22         ",4,127,5,0,75,38,36,2,0
"Eden Lake","1991",1991-10-22,"SIMRAD               ",4,281,NA,NA,NA,NA,NA,NA,NA
"Eden Lake","1993",1993-08-20,"SIMRAD               ",4,809,NA,NA,NA,NA,NA,NA,NA
"Eden Lake","1994",1994-09-08,"SIMRAD               ",4,601,NA,NA,NA,NA,NA,NA,NA
"Ellerslie Lake","1988",1988-08-31,"SIMRAD               ",14,756,3,0,0,6,6,0,0
"Ellerslie Lake","1988",1988-09-01,NA,NA,NA,4,0,0,14,13,1,0
"Ellerslie Lake","1988",1988-09-02,NA,NA,NA,3,0,0,7,7,0,0
"Ellerslie Lake","1991",1991-08-24,"SIMRAD               ",14,731,1,0,0,4,4,0,0
"Fred Wright Lake","1978",1978-06-26,NA,NA,NA,2,0,60,285,285,0,0
"Fred Wright Lake","1978",1978-10-05,"FURUNO FM 22         ",4,3634,3,0,76,249,249,0,0
"Fred Wright Lake","1991",1991-09-08,"SIMRAD               ",4,1070,5,2,0,53,53,0,0
"Fred Wright Lake","1991",1991-09-09,NA,NA,NA,1,0,0,19,19,0,0
"Fulmore_2005","2004",2005-02-26,"SIMRAD               ",8,326,NA,NA,NA,NA,NA,NA,NA
"Glendale Lake","1984",1984-11-03,"FURUNO FM 22         ",4,239,7,1,101,46,35,11,0
"Glendale Lake","1985",1985-10-16,"SIMRAD               ",4,716,3,0,45,20,20,0,0
"Great Central Lake","1977",1977-09-20,"FURUNO FM 22         ",6,3159,NA,NA,NA,NA,NA,NA,NA
"Great Central Lake","1977",1977-09-28,NA,NA,NA,5,0,80,187,187,0,0
"Great Central Lake","1977",1977-09-29,NA,NA,NA,3,0,45,101,101,0,0
"Great Central Lake","1977",1977-11-07,"FURUNO FM 22         ",6,4987,6,0,90,265,265,0,0
"Great Central Lake","1977",1977-11-08,NA,NA,NA,4,0,60,876,876,0,0
"Great Central Lake","1977",1978-03-09,NA,NA,NA,1,0,20,58,58,0,0
"Great Central Lake","1978",1978-07-31,"FURUNO FM 22         ",6,5509,NA,NA,NA,NA,NA,NA,NA
"Great Central Lake","1978",1978-09-06,"FURUNO FM 22         ",6,3994,NA,NA,NA,NA,NA,NA,NA
"Great Central Lake","1978",1978-10-17,"FURUNO FM 22         ",6,8539,NA,NA,NA,NA,NA,NA,NA
"Great Central Lake","1978",1978-12-05,"FURUNO FM 22         ",6,10803,NA,NA,NA,NA,NA,NA,NA
"Great Central Lake","1978",1979-02-27,NA,NA,NA,2,0,31,61,61,0,0
"Great Central Lake","1979",1979-05-02,NA,NA,NA,1,0,30,13,13,0,0
"Great Central Lake","1979",1979-07-18,"FURUNO FM 22         ",6,1664,NA,NA,NA,NA,NA,NA,NA
"Great Central Lake","1979",1979-07-19,NA,NA,NA,1,0,4,334,333,1,0
"Great Central Lake","1979",1979-08-22,NA,NA,NA,1,0,6,14,7,7,0
"Great Central Lake","1979",1979-08-23,NA,NA,NA,1,0,15,105,105,0,0
"Great Central Lake","1979",1979-11-01,NA,NA,NA,2,0,25,93,92,1,0
"Great Central Lake","1979",1979-11-02,NA,NA,NA,1,0,15,90,89,1,0
"Great Central Lake","1979",1979-12-19,NA,NA,NA,3,0,60,191,182,9,0
"Great Central Lake","1979",1979-12-20,"FURUNO FM 22         ",6,8158,NA,NA,NA,NA,NA,NA,NA
"Great Central Lake","1979",1980-01-14,NA,NA,NA,2,0,35,18,18,0,0
"Great Central Lake","1979",1980-01-15,NA,NA,NA,1,0,20,74,73,1,0
"Great Central Lake","1980",1980-08-27,"FURUNO FM 22         ",6,7784,3,0,45,163,159,4,0
"Great Central Lake","1980",1980-08-28,NA,NA,NA,2,0,15,56,40,16,0
"Great Central Lake","1980",1980-09-23,NA,NA,NA,1,0,15,21,21,0,0
"Great Central Lake","1980",1980-09-24,NA,NA,NA,1,0,10,77,77,0,0
"Great Central Lake","1980",1980-11-27,"FURUNO FM 22         ",6,3533,3,0,50,303,303,0,0
"Great Central Lake","1981",1981-07-29,"FURUNO FM 22         ",6,1947,1,0,10,202,202,0,0
"Great Central Lake","1981",1981-07-30,NA,NA,NA,1,1,10,1,0,0,1
"Great Central Lake","1981",1981-09-14,"FURUNO FM 22         ",6,6076,NA,NA,NA,NA,NA,NA,NA
"Great Central Lake","1981",1981-09-15,NA,NA,NA,2,0,25,105,105,0,0
"Great Central Lake","1981",1981-09-16,NA,NA,NA,1,0,20,44,44,0,0
"Great Central Lake","1981",1981-09-28,NA,NA,NA,4,0,60,701,701,0,0
"Great Central Lake","1981",1981-12-09,NA,NA,NA,3,0,55,189,189,0,0
"Great Central Lake","1981",1981-12-12,"FURUNO FM 22         ",6,7587,NA,NA,NA,NA,NA,NA,NA
"Great Central Lake","1981",1982-02-02,"FURUNO FM 22         ",6,11727,3,0,61,324,324,0,0
"Great Central Lake","1982",1982-08-09,"FURUNO FM 22         ",6,7985,2,0,21,678,677,1,0
"Great Central Lake","1982",1982-11-11,"FURUNO FM 22         ",6,11128,4,0,65,111,106,5,0
"Great Central Lake","1982",1983-01-18,"FURUNO FM 22         ",6,13867,5,0,95,139,132,6,1
"Great Central Lake","1982",1983-02-05,NA,NA,NA,2,0,35,324,324,0,0
"Great Central Lake","1983",1983-08-30,"SIMRAD               ",6,5051,3,1,40,183,183,0,0
"Great Central Lake","1983",1983-08-31,NA,NA,NA,1,0,15,51,51,0,0
"Great Central Lake","1983",1983-11-01,"SIMRAD               ",6,4749,2,1,35,26,26,0,0
"Great Central Lake","1984",1984-10-15,"FURUNO FM 22         ",6,4797,5,1,75,140,140,0,0
"Great Central Lake","1985",1985-12-10,"SIMRAD               ",6,11210,3,0,45,6,6,0,0
"Great Central Lake","1985",1985-12-11,"FURUNO FM 22         ",6,6017,NA,NA,NA,NA,NA,NA,NA
"Great Central Lake","1986",1986-10-02,"SIMRAD               ",6,3853,3,0,45,15,14,1,0
"Great Central Lake","1986",1986-10-03,"FURUNO FM 22         ",6,2952,1,0,15,3,3,0,0
"Great Central Lake","1987",1987-09-23,"SIMRAD               ",6,2192,3,0,0,26,26,0,0
"Great Central Lake","1987",1987-09-24,NA,NA,NA,1,0,0,4,4,0,0
"Great Central Lake","1987",1988-01-26,"SIMRAD               ",6,7733,3,0,0,11,11,0,0
"Great Central Lake","1987",1988-01-27,NA,NA,NA,2,0,0,9,9,0,0
"Great Central Lake","1988",1988-10-13,"SIMRAD               ",6,5141,4,0,0,151,151,0,0
"Great Central Lake","1989",1989-06-29,"SIMRAD               ",6,4291,1,0,0,50,50,0,0
"Great Central Lake","1989",1989-06-30,NA,NA,NA,3,1,0,67,66,1,0
"Great Central Lake","1989",1989-10-23,"SIMRAD               ",6,5735,3,0,0,194,194,0,0
"Great Central Lake","1989",1989-10-24,NA,NA,NA,2,1,0,47,47,0,0
"Great Central Lake","1989",1990-03-15,"SIMRAD               ",6,12802,7,1,0,92,92,0,0
"Great Central Lake","1989",1990-03-16,NA,NA,NA,1,0,0,13,13,0,0
"Great Central Lake","1990",1990-06-13,"SIMRAD               ",6,4017,1,0,0,18,18,0,0
"Great Central Lake","1990",1990-06-14,"SIMRAD               ",6,4504,3,2,0,132,130,2,0
"Great Central Lake","1990",1990-10-15,"SIMRAD               ",6,7467,NA,NA,NA,NA,NA,NA,NA
"Great Central Lake","1990",1990-10-16,"SIMRAD               ",6,6609,NA,NA,NA,NA,NA,NA,NA
"Great Central Lake","1990",1990-10-17,NA,NA,NA,3,0,0,174,53,121,0
"Great Central Lake","1990",1990-10-18,"SIMRAD               ",6,6847,NA,NA,NA,NA,NA,NA,NA
"Great Central Lake","1990",1991-03-05,NA,NA,NA,1,0,0,4,4,0,0
"Great Central Lake","1990",1991-03-07,"SIMRAD               ",6,13890,NA,NA,NA,NA,NA,NA,NA
"Great Central Lake","1991",1991-07-17,NA,NA,NA,2,0,0,28,9,19,0
"Great Central Lake","1991",1991-07-18,"SIMRAD               ",6,3640,8,2,0,232,67,165,0
"Great Central Lake","1991",1991-07-19,NA,NA,NA,4,1,0,178,39,139,0
"Great Central Lake","1991",1991-10-30,"SIMRAD               ",6,3568,5,1,0,18,17,1,0
"Great Central Lake","1991",1991-10-31,NA,NA,NA,3,0,0,9,9,0,0
"Great Central Lake","1991",1992-02-25,"SIMRAD               ",6,3884,4,0,0,22,22,0,0
"Great Central Lake","1991",1992-02-26,NA,NA,NA,2,1,0,11,11,0,0
"Great Central Lake","1992",1992-07-15,"SIMRAD               ",6,6705,NA,NA,NA,NA,NA,NA,NA
"Great Central Lake","1992",1992-10-27,"SIMRAD               ",6,5516,6,2,0,316,310,6,0
"Great Central Lake","1992",1993-02-11,"SIMRAD               ",6,14006,2,0,0,64,64,0,0
"Great Central Lake","1992",1993-02-12,"BIOSONICS G12        ",6,7538,3,1,0,153,153,0,0
"Great Central Lake","1993",1993-07-28,"SIMRAD               ",6,3231,NA,NA,NA,NA,NA,NA,NA
"Great Central Lake","1993",1993-10-13,"SIMRAD               ",6,2659,NA,NA,NA,NA,NA,NA,NA
"Great Central Lake","1993",1994-02-02,"SIMRAD               ",6,5694,NA,NA,NA,NA,NA,NA,NA
"Great Central Lake","1994",1994-10-20,"SIMRAD               ",6,2935,NA,NA,NA,NA,NA,NA,NA
"Great Central Lake","1994",1995-01-25,"SIMRAD               ",6,17163,2,0,0,19,12,7,0
"Great Central Lake","1994",1995-01-26,"SIMRAD               ",6,15001,6,0,0,171,150,21,0
"Great Central Lake","1995",1995-07-14,"SIMRAD               ",6,8281,NA,NA,NA,NA,NA,NA,NA
"Great Central Lake","1995",1995-07-15,"SIMRAD               ",6,10832,NA,NA,NA,NA,NA,NA,NA
"Great Central Lake","1995",1995-11-23,"SIMRAD               ",6,6374,NA,NA,NA,NA,NA,NA,NA
"Great Central Lake","1995",1996-02-01,"SIMRAD               ",6,11859,NA,NA,NA,NA,NA,NA,NA
"Great Central Lake","1996",1996-07-25,"SIMRAD               ",6,3696,3,0,0,193,193,0,0
"Great Central Lake","1996",1996-11-20,"SIMRAD               ",6,3356,5,0,0,12,12,0,0
"Great Central Lake","1996",1997-02-26,"SIMRAD               ",6,9930,8,0,0,46,36,10,0
"Great Central Lake","1996",1997-02-27,NA,NA,NA,3,0,0,29,29,0,0
"Great Central Lake","1997",1997-07-24,"SIMRAD               ",6,6516,NA,NA,NA,NA,NA,NA,NA
"Great Central Lake","1997",1997-07-29,NA,NA,NA,1,0,0,14,14,0,0
"Great Central Lake","1997",1997-09-09,NA,NA,NA,6,0,0,259,259,0,0
"Great Central Lake","1997",1997-11-20,"SIMRAD               ",6,11875,5,0,0,232,231,1,0
"Great Central Lake","1998",1998-07-28,"SIMRAD               ",6,6715,NA,NA,NA,NA,NA,NA,NA
"Great Central Lake","1998",1998-12-03,"SIMRAD               ",6,17287,NA,NA,NA,NA,NA,NA,NA
"Great Central Lake","1999",1999-06-21,"FURUNO FM 22         ",6,4251,NA,NA,NA,NA,NA,NA,NA
"Great Central Lake","1999",1999-07-21,"SIMRAD               ",6,4689,NA,NA,NA,NA,NA,NA,NA
"Great Central Lake","1999",1999-11-29,"SIMRAD               ",6,4639,NA,NA,NA,NA,NA,NA,NA
"Great Central Lake","2000",2000-11-29,"SIMRAD               ",6,14560,NA,NA,NA,NA,NA,NA,NA
"Great Central Lake","2001",2001-12-05,"SIMRAD               ",6,3390,NA,NA,NA,NA,NA,NA,NA
"Great Central Lake","2001",2002-03-10,"SIMRAD               ",6,4238,NA,NA,NA,NA,NA,NA,NA
"Great Central Lake","2002",2003-01-15,"SIMRAD               ",6,12014,NA,NA,NA,NA,NA,NA,NA
"Great Central Lake","2003",2004-01-23,"SIMRAD               ",6,13996,NA,NA,NA,NA,NA,NA,NA
"Great Central Lake","2004",2004-12-08,"SIMRAD               ",6,6448,NA,NA,NA,NA,NA,NA,NA
"Great Central Lake","2005",2006-02-16,"SIMRAD               ",6,4105,NA,NA,NA,NA,NA,NA,NA
"Great Central Lake","2006",2007-02-05,"SIMRAD               ",6,7487,NA,NA,NA,NA,NA,NA,NA
"Henderson Lake","1977",1977-10-04,"FURUNO FM 22         ",18,5175,NA,NA,NA,NA,NA,NA,NA
"Henderson Lake","1977",1978-03-13,"FURUNO FM 22         ",18,4543,2,0,60,31,31,0,0
"Henderson Lake","1977",1978-03-14,NA,NA,NA,1,0,30,26,26,0,0
"Henderson Lake","1978",1979-03-13,"FURUNO FM 22         ",18,5211,4,0,100,43,6,37,0
"Henderson Lake","1978",1979-03-14,NA,NA,NA,1,0,20,6,4,2,0
"Henderson Lake","1979",1979-11-27,NA,NA,NA,4,0,63,88,85,3,0
"Henderson Lake","1980",1980-08-11,"FURUNO FM 22         ",18,2593,NA,NA,NA,NA,NA,NA,NA
"Henderson Lake","1980",1980-10-20,"FURUNO FM 22         ",18,6422,2,0,40,17,15,2,0
"Henderson Lake","1980",1980-10-21,NA,NA,NA,2,0,60,31,6,25,0
"Henderson Lake","1981",1981-08-12,"FURUNO FM 22         ",18,2923,1,0,15,9,1,8,0
"Henderson Lake","1981",1981-08-13,NA,NA,NA,4,1,50,39,29,9,1
"Henderson Lake","1981",1981-10-21,"FURUNO FM 22         ",18,6374,4,1,80,29,0,29,0
"Henderson Lake","1981",1981-10-22,NA,NA,NA,1,0,20,1,0,1,0
"Henderson Lake","1981",1982-03-06,"FURUNO FM 22         ",18,5293,3,0,60,16,16,0,0
"Henderson Lake","1982",1982-06-14,"FURUNO FM 22         ",18,3609,NA,NA,NA,NA,NA,NA,NA
"Henderson Lake","1982",1982-06-15,NA,NA,NA,4,0,75,146,107,39,0
"Henderson Lake","1982",1982-07-20,"FURUNO FM 22         ",18,2673,2,0,40,63,61,2,0
"Henderson Lake","1982",1982-07-21,NA,NA,NA,3,1,55,11,7,3,1
"Henderson Lake","1982",1982-08-10,"FURUNO FM 22         ",18,5238,NA,NA,NA,NA,NA,NA,NA
"Henderson Lake","1982",1982-08-11,NA,NA,NA,4,1,80,112,111,1,0
"Henderson Lake","1982",1982-11-30,"FURUNO FM 22         ",18,8070,5,1,100,93,90,3,0
"Henderson Lake","1983",1983-07-25,"FURUNO FM 22         ",18,3371,3,0,70,119,119,0,0
"Henderson Lake","1983",1983-07-26,NA,NA,NA,2,1,20,2,1,0,1
"Henderson Lake","1983",1983-09-14,"FURUNO FM 22         ",18,7031,4,0,60,113,112,1,0
"Henderson Lake","1983",1983-09-15,NA,NA,NA,1,1,15,1,0,0,1
"Henderson Lake","1983",1983-11-02,"FURUNO FM 22         ",18,7505,NA,NA,NA,NA,NA,NA,NA
"Henderson Lake","1983",1983-11-07,NA,NA,NA,5,1,85,57,55,1,1
"Henderson Lake","1984",1984-08-14,"SIMRAD               ",18,2095,2,0,30,44,44,0,0
"Henderson Lake","1984",1984-08-15,NA,NA,NA,2,0,40,24,22,2,0
"Henderson Lake","1984",1984-10-28,"FURUNO FM 22         ",18,9243,5,0,75,79,51,28,0
"Henderson Lake","1985",1985-08-17,"SIMRAD               ",18,4866,1,0,15,16,15,1,0
"Henderson Lake","1985",1985-08-18,"FURUNO FM 22         ",18,4907,6,1,90,563,556,7,0
"Henderson Lake","1986",1986-08-29,"SIMRAD               ",18,3882,NA,NA,NA,NA,NA,NA,NA
"Henderson Lake","1986",1986-08-30,"FURUNO FM 22         ",18,2003,1,1,46,1,0,1,0
"Henderson Lake","1986",1986-08-31,NA,NA,NA,1,0,30,16,15,1,0
"Henderson Lake","1986",1986-09-23,NA,NA,NA,2,1,30,8,6,2,0
"Henderson Lake","1986",1986-09-24,"SIMRAD               ",18,4198,4,1,60,55,30,25,0
"Henderson Lake","1986",1986-12-02,"SIMRAD               ",18,6893,5,0,90,127,6,121,0
"Henderson Lake","1987",1987-07-09,NA,NA,NA,1,0,0,5,0,5,0
"Henderson Lake","1987",1987-07-10,"SIMRAD               ",18,1245,8,2,0,55,7,48,0
"Henderson Lake","1987",1987-09-15,NA,NA,NA,2,0,0,17,1,16,0
"Henderson Lake","1987",1987-09-16,"SIMRAD               ",18,1517,8,1,0,258,4,254,0
"Henderson Lake","1987",1987-09-17,NA,NA,NA,2,0,0,131,0,131,0
"Henderson Lake","1987",1988-02-29,"SIMRAD               ",18,3443,4,0,0,54,0,54,0
"Henderson Lake","1987",1988-03-01,NA,NA,NA,8,0,0,425,0,425,0
"Henderson Lake","1988",1988-07-07,"SIMRAD               ",18,2364,1,0,0,47,36,11,0
"Henderson Lake","1988",1988-07-08,NA,NA,NA,7,2,0,68,13,55,0
"Henderson Lake","1988",1988-09-22,"SIMRAD               ",18,4880,5,0,0,25,16,9,0
"Henderson Lake","1988",1988-09-23,NA,NA,NA,2,0,0,4,4,0,0
"Henderson Lake","1989",1989-05-21,NA,NA,NA,1,1,0,3,0,3,0
"Henderson Lake","1989",1989-06-21,"SIMRAD               ",18,3538,NA,NA,NA,NA,NA,NA,NA
"Henderson Lake","1989",1989-06-22,NA,NA,NA,5,1,0,315,303,12,0
"Henderson Lake","1989",1989-10-01,"SIMRAD               ",18,9320,2,0,0,81,81,0,0
"Henderson Lake","1989",1989-10-02,NA,NA,NA,5,0,0,124,121,3,0
"Henderson Lake","1989",1990-02-23,"SIMRAD               ",18,10696,4,1,0,21,19,2,0
"Henderson Lake","1989",1990-02-24,NA,NA,NA,5,1,0,74,63,11,0
"Henderson Lake","1990",1990-06-20,"SIMRAD               ",18,1760,1,0,0,13,12,1,0
"Henderson Lake","1990",1990-06-21,NA,NA,NA,6,1,0,69,53,16,0
"Henderson Lake","1990",1990-10-05,"SIMRAD               ",18,4448,5,0,0,35,23,12,0
"Henderson Lake","1990",1990-10-06,NA,NA,NA,3,0,0,51,13,38,0
"Henderson Lake","1991",1991-06-25,"SIMRAD               ",18,956,NA,NA,NA,NA,NA,NA,NA
"Henderson Lake","1991",1991-06-26,NA,NA,NA,3,1,0,3,1,2,0
"Henderson Lake","1991",1991-10-08,"SIMRAD               ",18,2181,5,1,0,9,4,5,0
"Henderson Lake","1991",1991-10-09,NA,NA,NA,6,0,0,32,2,30,0
"Henderson Lake","1991",1992-02-12,"SIMRAD               ",18,3122,4,0,0,11,4,7,0
"Henderson Lake","1992",1992-06-23,"SIMRAD               ",18,2705,NA,NA,NA,NA,NA,NA,NA
"Henderson Lake","1992",1992-12-03,"SIMRAD               ",18,6255,4,1,0,36,31,5,0
"Henderson Lake","1992",1992-12-04,NA,NA,NA,3,0,0,247,9,238,0
"Henderson Lake","1992",1993-02-25,NA,NA,NA,4,0,0,59,30,29,0
"Henderson Lake","1992",1993-02-26,"SIMRAD               ",18,6079,2,0,0,180,1,179,0
"Henderson Lake","1993",1993-07-17,"SIMRAD               ",18,11528,3,1,0,285,284,1,0
"Henderson Lake","1993",1993-07-18,NA,NA,NA,5,1,0,454,449,5,0
"Henderson Lake","1993",1993-10-26,"SIMRAD               ",18,4146,3,0,0,106,106,0,0
"Henderson Lake","1993",1993-10-27,NA,NA,NA,4,0,0,108,26,82,0
"Henderson Lake","1993",1994-02-15,"SIMRAD               ",18,19982,NA,NA,NA,NA,NA,NA,NA
"Henderson Lake","1993",1994-02-16,NA,NA,NA,4,1,0,23,9,14,0
"Henderson Lake","1994",1994-06-26,"SIMRAD               ",18,35013,NA,NA,NA,NA,NA,NA,NA
"Henderson Lake","1994",1994-06-27,"SIMRAD               ",18,26278,NA,NA,NA,NA,NA,NA,NA
"Henderson Lake","1994",1994-08-10,"SIMRAD               ",18,48479,NA,NA,NA,NA,NA,NA,NA
"Henderson Lake","1994",1994-11-17,"SIMRAD               ",18,88511,NA,NA,NA,NA,NA,NA,NA
"Henderson Lake","1994",1994-11-19,NA,NA,NA,4,1,0,112,112,0,0
"Henderson Lake","1994",1994-11-20,NA,NA,NA,4,0,0,176,176,0,0
"Henderson Lake","1994",1994-11-21,NA,NA,NA,1,1,0,5,5,0,0
"Henderson Lake","1994",1995-03-01,NA,NA,NA,9,2,0,214,211,3,0
"Henderson Lake","1994",1995-03-02,"SIMRAD               ",18,56635,NA,NA,NA,NA,NA,NA,NA
"Henderson Lake","1995",1995-06-21,"SIMRAD               ",18,4559,3,1,0,50,48,2,0
"Henderson Lake","1995",1995-06-22,NA,NA,NA,2,0,0,55,52,3,0
"Henderson Lake","1995",1995-06-23,"SIMRAD               ",18,6331,NA,NA,NA,NA,NA,NA,NA
"Henderson Lake","1995",1995-10-11,"SIMRAD               ",18,17035,NA,NA,NA,NA,NA,NA,NA
"Henderson Lake","1995",1995-10-12,NA,NA,NA,6,0,0,103,45,58,0
"Henderson Lake","1995",1995-10-13,NA,NA,NA,5,0,0,33,14,19,0
"Henderson Lake","1995",1996-02-12,"SIMRAD               ",18,18410,NA,NA,NA,NA,NA,NA,NA
"Henderson Lake","1996",1996-07-03,"SIMRAD               ",18,5289,NA,NA,NA,NA,NA,NA,NA
"Henderson Lake","1996",1996-07-05,NA,NA,NA,1,0,0,13,2,11,0
"Henderson Lake","1996",1996-07-06,NA,NA,NA,3,0,0,6,5,1,0
"Henderson Lake","1996",1996-07-27,"SIMRAD               ",18,6129,NA,NA,NA,NA,NA,NA,NA
"Henderson Lake","1996",1996-07-29,NA,NA,NA,2,0,0,37,2,35,0
"Henderson Lake","1996",1996-07-30,NA,NA,NA,2,0,0,28,6,22,0
"Henderson Lake","1996",1997-02-04,"SIMRAD               ",18,12198,NA,NA,NA,NA,NA,NA,NA
"Henderson Lake","1996",1997-02-06,NA,NA,NA,1,0,0,11,1,10,0
"Henderson Lake","1997",1997-06-11,"SIMRAD               ",18,14542,NA,NA,NA,NA,NA,NA,NA
"Henderson Lake","1997",1997-08-03,"SIMRAD               ",18,9753,NA,NA,NA,NA,NA,NA,NA
"Henderson Lake","1997",1997-11-14,"SIMRAD               ",18,35387,NA,NA,NA,NA,NA,NA,NA
"Henderson Lake","1997",1998-02-22,"SIMRAD               ",18,34298,NA,NA,NA,NA,NA,NA,NA
"Henderson Lake","1998",1998-06-15,"SIMRAD               ",18,7892,NA,NA,NA,NA,NA,NA,NA
"Henderson Lake","1998",1999-02-27,"SIMRAD               ",18,14340,NA,NA,NA,NA,NA,NA,NA
"Henderson Lake","1999",1999-08-23,"SIMRAD               ",18,21423,NA,NA,NA,NA,NA,NA,NA
"Henderson Lake","2000",2000-07-11,"SIMRAD               ",18,7222,NA,NA,NA,NA,NA,NA,NA
"Henderson Lake","2000",2000-07-12,"SIMRAD               ",18,1932,NA,NA,NA,NA,NA,NA,NA
"Henderson Lake","2000",2000-11-21,"SIMRAD               ",18,14456,NA,NA,NA,NA,NA,NA,NA
"Henderson Lake","2001",2001-10-29,"SIMRAD               ",18,22669,NA,NA,NA,NA,NA,NA,NA
"Henderson Lake","2002",2002-11-05,"SIMRAD               ",18,18093,NA,NA,NA,NA,NA,NA,NA
"Henderson Lake","2003",2004-03-10,"SIMRAD               ",18,16792,NA,NA,NA,NA,NA,NA,NA
"Henderson Lake","2004",2004-11-28,"SIMRAD               ",18,9559,NA,NA,NA,NA,NA,NA,NA
"Henderson Lake","2005",2005-06-28,"SIMRAD               ",18,10387,NA,NA,NA,NA,NA,NA,NA
"Henderson Lake","2005",2005-07-27,"SIMRAD               ",18,3628,NA,NA,NA,NA,NA,NA,NA
"Henderson Lake","2005",2005-09-27,"SIMRAD               ",18,13027,NA,NA,NA,NA,NA,NA,NA
"Henderson Lake","2005",2006-01-09,"SIMRAD               ",18,7354,NA,NA,NA,NA,NA,NA,NA
"Henderson Lake","2006",2006-06-21,"SIMRAD               ",18,1933,NA,NA,NA,NA,NA,NA,NA
"Henderson Lake","2006",2006-07-20,"SIMRAD               ",18,3906,NA,NA,NA,NA,NA,NA,NA
"Henderson Lake","2006",2006-09-19,"SIMRAD               ",18,9751,NA,NA,NA,NA,NA,NA,NA
"Henderson Lake","2006",2007-01-20,"FURUNO FM 22         ",18,5559,NA,NA,NA,NA,NA,NA,NA
"Henderson Lake","2007",2007-06-28,"SIMRAD               ",18,4454,NA,NA,NA,NA,NA,NA,NA
"Henderson Lake","2007",2007-07-26,"SIMRAD               ",18,3321,NA,NA,NA,NA,NA,NA,NA
"Henderson Lake","2007",2007-08-24,"SIMRAD               ",18,3804,NA,NA,NA,NA,NA,NA,NA
"Hesquiat Lake","1984",1984-09-28,NA,NA,NA,1,0,15,9,0,9,0
"Hesquiat Lake","1984",1984-10-27,"FURUNO FM 22         ",6,150,1,0,15,1,0,1,0
"Hesquiat Lake","1984",1984-10-28,NA,NA,NA,1,0,15,2,0,2,0
"Heydon Lake","1984",1984-11-04,"FURUNO FM 22         ",6,637,2,0,30,3,3,0,0
"Heydon Lake","1984",1984-11-05,NA,NA,NA,1,0,15,6,6,0,0
"Heydon Lake","1985",1985-09-15,"SIMRAD               ",6,1167,NA,NA,NA,NA,NA,NA,NA
"Heydon Lake","1985",1985-09-16,NA,NA,NA,3,0,45,7,7,0,0
"Heydon Lake","1986",1986-09-11,"SIMRAD               ",6,519,NA,NA,NA,NA,NA,NA,NA
"Heydon Lake","1986",1986-09-12,NA,NA,NA,5,0,75,17,17,0,0
"Heydon Lake","1987",1987-09-07,"SIMRAD               ",6,1237,NA,NA,NA,NA,NA,NA,NA
"Heydon Lake","1987",1987-09-08,NA,NA,NA,3,0,0,14,14,0,0
"Heydon Lake","2000",2000-11-09,"SIMRAD               ",8,953,NA,NA,NA,NA,NA,NA,NA
"Heydon_2005","2004",2005-02-25,"SIMRAD               ",8,831,NA,NA,NA,NA,NA,NA,NA
"Hobiton Lake","1977",1977-10-05,"FURUNO FM 22         ",11,608,1,0,45,60,60,0,0
"Hobiton Lake","1977",1978-03-14,"FURUNO FM 22         ",11,589,3,1,90,115,115,0,0
"Hobiton Lake","1978",1979-03-14,"FURUNO FM 22         ",11,784,1,0,30,10,10,0,0
"Hobiton Lake","1979",1980-03-01,NA,NA,NA,1,0,20,2,2,0,0
"Hobiton Lake","1979",1980-03-02,NA,NA,NA,2,0,60,55,55,0,0
"Hobiton Lake","1979",1980-03-10,"FURUNO FM 22         ",11,297,NA,NA,NA,NA,NA,NA,NA
"Hobiton Lake","1979",1980-03-11,NA,NA,NA,1,0,20,2,2,0,0
"Hobiton Lake","1980",1980-09-12,"FURUNO FM 22         ",11,491,NA,NA,NA,NA,NA,NA,NA
"Hobiton Lake","1980",1981-02-24,"FURUNO FM 22         ",11,132,NA,NA,NA,NA,NA,NA,NA
"Hobiton Lake","1981",1981-08-13,"FURUNO FM 22         ",11,729,3,0,60,165,165,0,0
"Hobiton Lake","1981",1981-08-14,NA,NA,NA,2,2,25,4,3,0,1
"Hobiton Lake","1981",1981-10-22,"FURUNO FM 22         ",11,790,5,1,95,115,115,0,0
"Hobiton Lake","1982",1982-08-13,"FURUNO FM 22         ",11,720,4,0,80,165,165,0,0
"Hobiton Lake","1982",1982-08-14,NA,NA,NA,1,0,20,2,2,0,0
"Hobiton Lake","1982",1982-09-21,"SIMRAD               ",11,1707,NA,NA,NA,NA,NA,NA,NA
"Hobiton Lake","1982",1982-09-22,"SIMRAD               ",11,606,NA,NA,NA,NA,NA,NA,NA
"Hobiton Lake","1982",1982-12-01,"FURUNO FM 22         ",11,1260,5,1,100,32,30,0,2
"Hobiton Lake","1982",1983-03-15,"SIMRAD               ",11,633,1,0,10,20,20,0,0
"Hobiton Lake","1983",1983-06-28,"SIMRAD               ",11,926,NA,NA,NA,NA,NA,NA,NA
"Hobiton Lake","1983",1983-06-29,"SIMRAD               ",11,99,NA,NA,NA,NA,NA,NA,NA
"Hobiton Lake","1983",1983-07-24,"FURUNO FM 22         ",11,413,1,1,15,1,0,0,1
"Hobiton Lake","1983",1983-07-25,NA,NA,NA,4,0,55,134,133,0,1
"Hobiton Lake","1983",1983-09-15,"FURUNO FM 22         ",11,731,5,1,90,100,99,0,1
"Hobiton Lake","1983",1983-10-31,"FURUNO FM 22         ",11,791,5,1,95,70,68,1,1
"Hobiton Lake","1983",1984-03-06,"SIMRAD               ",11,1781,1,0,20.2,40,38,2,0
"Hobiton Lake","1983",1984-03-07,"FURUNO FM 22         ",11,543,3,2,55.3,48,46,0,2
"Hobiton Lake","1983",1984-03-08,"SIMRAD               ",11,2009,NA,NA,NA,NA,NA,NA,NA
"Hobiton Lake","1983",1984-03-15,NA,NA,NA,1,0,10,8,8,0,0
"Hobiton Lake","1984",1984-04-18,"SIMRAD               ",11,2923,NA,NA,NA,NA,NA,NA,NA
"Hobiton Lake","1984",1984-04-25,"SIMRAD               ",11,2529,4,1,60,46,46,0,0
"Hobiton Lake","1984",1984-05-02,"SIMRAD               ",11,1875,4,1,60,160,160,0,0
"Hobiton Lake","1984",1984-05-10,"SIMRAD               ",11,1883,NA,NA,NA,NA,NA,NA,NA
"Hobiton Lake","1984",1984-05-11,NA,NA,NA,2,0,30,60,60,0,0
"Hobiton Lake","1984",1984-05-16,"SIMRAD               ",11,823,NA,NA,NA,NA,NA,NA,NA
"Hobiton Lake","1984",1984-05-31,"SIMRAD               ",11,1392,NA,NA,NA,NA,NA,NA,NA
"Hobiton Lake","1984",1984-06-01,NA,NA,NA,1,0,15,75,75,0,0
"Hobiton Lake","1984",1984-06-07,"SIMRAD               ",11,2671,NA,NA,NA,NA,NA,NA,NA
"Hobiton Lake","1984",1984-06-08,NA,NA,NA,3,0,45,103,103,0,0
"Hobiton Lake","1984",1984-06-09,NA,NA,NA,1,0,15,30,30,0,0
"Hobiton Lake","1984",1984-06-12,"SIMRAD               ",11,2396,NA,NA,NA,NA,NA,NA,NA
"Hobiton Lake","1984",1984-06-13,"SIMRAD               ",11,43,3,0,45,66,66,0,0
"Hobiton Lake","1984",1984-06-18,"SIMRAD               ",11,2407,3,0,45,72,72,0,0
"Hobiton Lake","1984",1984-06-29,"SIMRAD               ",11,3324,NA,NA,NA,NA,NA,NA,NA
"Hobiton Lake","1984",1984-07-05,"SIMRAD               ",11,2930,NA,NA,NA,NA,NA,NA,NA
"Hobiton Lake","1984",1984-07-06,NA,NA,NA,2,0,30,53,53,0,0
"Hobiton Lake","1984",1984-07-13,"SIMRAD               ",11,2700,NA,NA,NA,NA,NA,NA,NA
"Hobiton Lake","1984",1984-07-14,"SIMRAD               ",11,147,2,0,30,134,134,0,0
"Hobiton Lake","1984",1984-08-16,"SIMRAD               ",11,3122,NA,NA,NA,NA,NA,NA,NA
"Hobiton Lake","1984",1984-08-17,"SIMRAD               ",11,138,3,0,45,142,142,0,0
"Hobiton Lake","1984",1984-10-29,"FURUNO FM 22         ",11,1502,1,1,15,3,0,3,0
"Hobiton Lake","1984",1984-10-30,NA,NA,NA,5,0,75,25,25,0,0
"Hobiton Lake","1984",1984-12-17,"FURUNO FM 22         ",11,721,2,1,30,5,5,0,0
"Hobiton Lake","1984",1984-12-18,"SIMRAD               ",11,2760,NA,NA,NA,NA,NA,NA,NA
"Hobiton Lake","1984",1985-02-16,"SIMRAD               ",11,3457,NA,NA,NA,NA,NA,NA,NA
"Hobiton Lake","1984",1985-02-17,"FURUNO FM 22         ",11,1470,2,0,30,15,15,0,0
"Hobiton Lake","1985",1985-05-30,"SIMRAD               ",11,1896,NA,NA,NA,NA,NA,NA,NA
"Hobiton Lake","1985",1985-05-31,NA,NA,NA,2,0,30,12,12,0,0
"Hobiton Lake","1985",1985-06-04,"SIMRAD               ",11,1772,NA,NA,NA,NA,NA,NA,NA
"Hobiton Lake","1985",1985-06-10,"SIMRAD               ",11,1580,NA,NA,NA,NA,NA,NA,NA
"Hobiton Lake","1985",1985-06-12,NA,NA,NA,4,0,60,81,80,1,0
"Hobiton Lake","1985",1985-06-24,"SIMRAD               ",11,1737,NA,NA,NA,NA,NA,NA,NA
"Hobiton Lake","1985",1985-06-25,NA,NA,NA,1,0,15,96,96,0,0
"Hobiton Lake","1985",1985-06-26,NA,NA,NA,2,1,30,53,53,0,0
"Hobiton Lake","1985",1985-07-03,"SIMRAD               ",11,1925,NA,NA,NA,NA,NA,NA,NA
"Hobiton Lake","1985",1985-07-04,NA,NA,NA,2,0,30,56,56,0,0
"Hobiton Lake","1985",1985-07-09,"SIMRAD               ",11,2074,NA,NA,NA,NA,NA,NA,NA
"Hobiton Lake","1985",1985-07-10,NA,NA,NA,1,0,15,184,184,0,0
"Hobiton Lake","1985",1985-07-30,"SIMRAD               ",11,2351,NA,NA,NA,NA,NA,NA,NA
"Hobiton Lake","1985",1985-07-31,"FURUNO FM 22         ",11,1181,3,0,45,75,75,0,0
"Hobiton Lake","1985",1985-08-18,"SIMRAD               ",11,2076,NA,NA,NA,NA,NA,NA,NA
"Hobiton Lake","1985",1985-08-19,"FURUNO FM 22         ",11,752,3,0,45,89,89,0,0
"Hobiton Lake","1985",1985-09-19,"SIMRAD               ",11,3043,NA,NA,NA,NA,NA,NA,NA
"Hobiton Lake","1985",1985-09-20,"FURUNO FM 22         ",11,1398,4,0,60,8,8,0,0
"Hobiton Lake","1985",1985-11-27,"SIMRAD               ",11,4394,NA,NA,NA,NA,NA,NA,NA
"Hobiton Lake","1985",1985-11-28,"FURUNO FM 22         ",11,971,1,0,15,1,1,0,0
"Hobiton Lake","1985",1986-01-23,"SIMRAD               ",11,2683,NA,NA,NA,NA,NA,NA,NA
"Hobiton Lake","1985",1986-01-24,"SIMRAD               ",11,25,3,0,45,10,10,0,0
"Hobiton Lake","1985",1986-01-25,"FURUNO FM 22         ",11,901,NA,NA,NA,NA,NA,NA,NA
"Hobiton Lake","1985",1986-03-20,"SIMRAD               ",11,1565,NA,NA,NA,NA,NA,NA,NA
"Hobiton Lake","1985",1986-03-21,"SIMRAD               ",11,19,NA,NA,NA,NA,NA,NA,NA
"Hobiton Lake","1985",1986-03-22,"FURUNO FM 22         ",11,416,NA,NA,NA,NA,NA,NA,NA
"Hobiton Lake","1986",1986-05-09,"SIMRAD               ",11,1589,NA,NA,NA,NA,NA,NA,NA
"Hobiton Lake","1986",1986-05-10,"FURUNO FM 22         ",11,254,NA,NA,NA,NA,NA,NA,NA
"Hobiton Lake","1986",1986-06-05,"SIMRAD               ",11,1633,NA,NA,NA,NA,NA,NA,NA
"Hobiton Lake","1986",1986-06-06,NA,NA,NA,2,1,30,9,8,1,0
"Hobiton Lake","1986",1986-06-12,"SIMRAD               ",11,2446,NA,NA,NA,NA,NA,NA,NA
"Hobiton Lake","1986",1986-06-29,"SIMRAD               ",11,3325,NA,NA,NA,NA,NA,NA,NA
"Hobiton Lake","1986",1986-07-06,"SIMRAD               ",11,3168,NA,NA,NA,NA,NA,NA,NA
"Hobiton Lake","1986",1986-07-14,"SIMRAD               ",11,2549,NA,NA,NA,NA,NA,NA,NA
"Hobiton Lake","1986",1986-08-30,"FURUNO FM 22         ",11,1813,NA,NA,NA,NA,NA,NA,NA
"Hobiton Lake","1986",1986-08-31,"SIMRAD               ",11,3377,1,0,30,12,12,0,0
"Hobiton Lake","1986",1986-09-01,NA,NA,NA,2,0,60,154,154,0,0
"Hobiton Lake","1986",1986-09-16,NA,NA,NA,1,0,15,17,17,0,0
"Hobiton Lake","1986",1986-09-26,"SIMRAD               ",11,2958,NA,NA,NA,NA,NA,NA,NA
"Hobiton Lake","1986",1986-09-27,"FURUNO FM 22         ",11,1533,3,0,45,16,16,0,0
"Hobiton Lake","1986",1986-12-15,"SIMRAD               ",11,2342,3,0,90,8,8,0,0
"Hobiton Lake","1986",1986-12-16,NA,NA,NA,1,0,30,22,22,0,0
"Hobiton Lake","1986",1987-01-20,"SIMRAD               ",11,2329,NA,NA,NA,NA,NA,NA,NA
"Hobiton Lake","1987",1987-04-20,"SIMRAD               ",11,1477,NA,NA,NA,NA,NA,NA,NA
"Hobiton Lake","1987",1987-04-21,NA,NA,NA,3,1,0,103,103,0,0
"Hobiton Lake","1987",1987-05-12,"SIMRAD               ",11,698,NA,NA,NA,NA,NA,NA,NA
"Hobiton Lake","1987",1987-05-13,NA,NA,NA,2,0,0,19,19,0,0
"Hobiton Lake","1987",1987-06-02,"SIMRAD               ",11,285,NA,NA,NA,NA,NA,NA,NA
"Hobiton Lake","1987",1987-06-10,"SIMRAD               ",11,369,NA,NA,NA,NA,NA,NA,NA
"Hobiton Lake","1987",1987-06-11,NA,NA,NA,3,1,0,12,12,0,0
"Hobiton Lake","1987",1987-06-18,"SIMRAD               ",11,976,2,0,0,5,5,0,0
"Hobiton Lake","1987",1987-06-19,NA,NA,NA,2,0,0,83,83,0,0
"Hobiton Lake","1987",1987-06-29,"SIMRAD               ",11,1841,1,0,0,10,10,0,0
"Hobiton Lake","1987",1987-06-30,NA,NA,NA,1,0,0,1,1,0,0
"Hobiton Lake","1987",1987-07-11,"SIMRAD               ",11,1598,4,0,0,11,11,0,0
"Hobiton Lake","1987",1987-07-23,"SIMRAD               ",11,1466,1,0,0,2,2,0,0
"Hobiton Lake","1987",1987-07-24,NA,NA,NA,3,0,0,8,8,0,0
"Hobiton Lake","1987",1987-08-13,"SIMRAD               ",11,1731,1,0,0,1,1,0,0
"Hobiton Lake","1987",1987-08-14,NA,NA,NA,5,0,0,8,8,0,0
"Hobiton Lake","1987",1987-08-15,NA,NA,NA,9,0,0,23,23,0,0
"Hobiton Lake","1987",1987-09-25,"SIMRAD               ",11,1618,NA,NA,NA,NA,NA,NA,NA
"Hobiton Lake","1987",1987-09-26,NA,NA,NA,3,1,0,6,6,0,0
"Hobiton Lake","1987",1987-09-27,NA,NA,NA,1,0,0,4,4,0,0
"Hobiton Lake","1987",1987-10-17,"SIMRAD               ",11,1688,NA,NA,NA,NA,NA,NA,NA
"Hobiton Lake","1987",1987-10-18,NA,NA,NA,1,0,0,1,1,0,0
"Hobiton Lake","1987",1987-11-25,"SIMRAD               ",11,1043,6,0,0,26,26,0,0
"Hobiton Lake","1987",1987-11-26,NA,NA,NA,1,0,0,9,9,0,0
"Hobiton Lake","1987",1988-02-26,"SIMRAD               ",11,867,1,0,0,2,1,1,0
"Hobiton Lake","1987",1988-02-27,NA,NA,NA,5,0,0,7,7,0,0
"Hobiton Lake","1988",1988-06-01,"SIMRAD               ",11,1718,NA,NA,NA,NA,NA,NA,NA
"Hobiton Lake","1988",1988-06-02,NA,NA,NA,3,1,0,92,92,0,0
"Hobiton Lake","1988",1988-06-14,"SIMRAD               ",11,1546,2,0,0,24,24,0,0
"Hobiton Lake","1988",1988-06-15,NA,NA,NA,3,0,0,102,102,0,0
"Hobiton Lake","1988",1988-06-29,"SIMRAD               ",11,2117,1,0,0,26,26,0,0
"Hobiton Lake","1988",1988-06-30,NA,NA,NA,3,0,0,55,55,0,0
"Hobiton Lake","1988",1988-07-01,NA,NA,NA,1,0,0,41,41,0,0
"Hobiton Lake","1988",1988-07-09,"SIMRAD               ",11,1313,1,0,0,209,209,0,0
"Hobiton Lake","1988",1988-07-10,NA,NA,NA,2,0,0,197,197,0,0
"Hobiton Lake","1988",1988-07-22,"SIMRAD               ",11,2945,1,0,0,82,82,0,0
"Hobiton Lake","1988",1988-07-23,NA,NA,NA,3,0,0,127,127,0,0
"Hobiton Lake","1988",1988-08-18,"SIMRAD               ",11,3531,4,0,0,87,87,0,0
"Hobiton Lake","1988",1988-08-19,NA,NA,NA,4,2,0,131,126,5,0
"Hobiton Lake","1988",1988-08-26,"SIMRAD               ",11,4644,NA,NA,NA,NA,NA,NA,NA
"Hobiton Lake","1988",1989-03-06,"SIMRAD               ",11,5509,3,0,0,10,8,2,0
"Hobiton Lake","1988",1989-03-07,NA,NA,NA,9,2,0,98,96,2,0
"Hobiton Lake","1989",1989-05-29,"SIMRAD               ",11,6384,NA,NA,NA,NA,NA,NA,NA
"Hobiton Lake","1989",1989-05-30,NA,NA,NA,5,3,0,65,65,0,0
"Hobiton Lake","1989",1989-06-23,"SIMRAD               ",11,1911,3,1,0,51,51,0,0
"Hobiton Lake","1989",1989-06-30,"SIMRAD               ",11,1648,2,1,0,68,68,0,0
"Hobiton Lake","1989",1989-07-01,NA,NA,NA,3,1,0,5,2,3,0
"Hobiton Lake","1989",1989-07-10,"SIMRAD               ",11,1721,NA,NA,NA,NA,NA,NA,NA
"Hobiton Lake","1989",1989-07-11,NA,NA,NA,3,1,0,274,274,0,0
"Hobiton Lake","1989",1989-07-21,NA,NA,NA,4,1,0,155,154,1,0
"Hobiton Lake","1989",1989-07-29,"SIMRAD               ",11,1891,NA,NA,NA,NA,NA,NA,NA
"Hobiton Lake","1989",1989-08-31,"SIMRAD               ",11,2910,NA,NA,NA,NA,NA,NA,NA
"Hobiton Lake","1989",1989-09-01,NA,NA,NA,3,0,0,136,136,0,0
"Hobiton Lake","1989",1989-09-19,"SIMRAD               ",11,6060,3,0,0,20,8,0,12
"Hobiton Lake","1989",1989-09-20,NA,NA,NA,1,0,0,42,42,0,0
"Hobiton Lake","1989",1989-09-21,"SIMRAD               ",11,2947,NA,NA,NA,NA,NA,NA,NA
"Hobiton Lake","1989",1989-10-25,"SIMRAD               ",11,2372,NA,NA,NA,NA,NA,NA,NA
"Hobiton Lake","1989",1990-02-22,"SIMRAD               ",11,1905,5,0,0,33,33,0,0
"Hobiton Lake","1989",1990-02-23,NA,NA,NA,3,1,0,20,20,0,0
"Hobiton Lake","1990",1990-05-29,"SIMRAD               ",11,2289,NA,NA,NA,NA,NA,NA,NA
"Hobiton Lake","1990",1990-06-02,NA,NA,NA,2,0,0,2,2,0,0
"Hobiton Lake","1990",1990-06-18,"SIMRAD               ",11,1489,NA,NA,NA,NA,NA,NA,NA
"Hobiton Lake","1990",1990-06-19,NA,NA,NA,4,2,0,110,109,1,0
"Hobiton Lake","1990",1990-06-26,NA,NA,NA,3,0,0,15,15,0,0
"Hobiton Lake","1990",1990-06-27,"SIMRAD               ",11,1161,NA,NA,NA,NA,NA,NA,NA
"Hobiton Lake","1990",1990-07-22,"SIMRAD               ",11,1196,7,1,0,87,87,0,0
"Hobiton Lake","1990",1990-08-06,"SIMRAD               ",11,2605,6,2,0,108,106,2,0
"Hobiton Lake","1990",1990-09-20,NA,NA,NA,3,0,0,47,47,0,0
"Hobiton Lake","1990",1990-10-04,"SIMRAD               ",11,2353,2,0,0,43,42,1,0
"Hobiton Lake","1990",1990-10-05,NA,NA,NA,7,2,0,56,56,0,0
"Hobiton Lake","1990",1991-02-20,NA,NA,NA,4,0,0,16,15,1,0
"Hobiton Lake","1990",1991-02-21,NA,NA,NA,3,0,0,11,11,0,0
"Hobiton Lake","1991",1991-05-23,"SIMRAD               ",11,739,NA,NA,NA,NA,NA,NA,NA
"Hobiton Lake","1991",1991-05-24,NA,NA,NA,4,0,0,106,105,1,0
"Hobiton Lake","1991",1991-06-26,"SIMRAD               ",11,892,NA,NA,NA,NA,NA,NA,NA
"Hobiton Lake","1991",1991-06-27,NA,NA,NA,3,0,0,74,74,0,0
"Hobiton Lake","1991",1991-07-21,"SIMRAD               ",11,1662,NA,NA,NA,NA,NA,NA,NA
"Hobiton Lake","1991",1991-07-22,"BIOSONICS G12        ",11,1108,4,0,0,50,50,0,0
"Hobiton Lake","1991",1991-08-15,"SIMRAD               ",11,2143,NA,NA,NA,NA,NA,NA,NA
"Hobiton Lake","1991",1991-08-16,NA,NA,NA,3,0,0,25,25,0,0
"Hobiton Lake","1991",1991-10-10,"SIMRAD               ",11,4334,7,0,0,32,32,0,0
"Hobiton Lake","1991",1992-02-18,"SIMRAD               ",11,2483,5,0,0,17,17,0,0
"Hobiton Lake","1991",1992-02-19,NA,NA,NA,1,0,0,9,9,0,0
"Hobiton Lake","1992",1992-05-27,"SIMRAD               ",11,1903,NA,NA,NA,NA,NA,NA,NA
"Hobiton Lake","1992",1992-06-16,"SIMRAD               ",11,2282,NA,NA,NA,NA,NA,NA,NA
"Hobiton Lake","1992",1992-06-24,"SIMRAD               ",11,1646,NA,NA,NA,NA,NA,NA,NA
"Hobiton Lake","1992",1992-08-06,"SIMRAD               ",11,2125,NA,NA,NA,NA,NA,NA,NA
"Hobiton Lake","1992",1992-08-07,"SIMRAD               ",11,2226,NA,NA,NA,NA,NA,NA,NA
"Hobiton Lake","1992",1992-08-19,"SIMRAD               ",11,2514,NA,NA,NA,NA,NA,NA,NA
"Hobiton Lake","1992",1992-09-01,"SIMRAD               ",11,2267,NA,NA,NA,NA,NA,NA,NA
"Hobiton Lake","1992",1992-09-02,"SIMRAD               ",11,2717,NA,NA,NA,NA,NA,NA,NA
"Hobiton Lake","1992",1992-09-03,"SIMRAD               ",11,2281,NA,NA,NA,NA,NA,NA,NA
"Hobiton Lake","1992",1992-09-04,"SIMRAD               ",11,1701,NA,NA,NA,NA,NA,NA,NA
"Hobiton Lake","1992",1992-11-27,"SIMRAD               ",11,2102,4,1,0,25,25,0,0
"Hobiton Lake","1992",1992-11-28,NA,NA,NA,6,1,0,77,77,0,0
"Hobiton Lake","1992",1993-02-24,"SIMRAD               ",11,1668,2,0,0,30,30,0,0
"Hobiton Lake","1992",1993-02-25,NA,NA,NA,3,0,0,48,48,0,0
"Hobiton Lake","1993",1993-06-30,"SIMRAD               ",11,1930,NA,NA,NA,NA,NA,NA,NA
"Hobiton Lake","1993",1993-07-14,"SIMRAD               ",11,2041,NA,NA,NA,NA,NA,NA,NA
"Hobiton Lake","1993",1993-07-15,"SIMRAD               ",11,2189,NA,NA,NA,NA,NA,NA,NA
"Hobiton Lake","1993",1993-08-11,"SIMRAD               ",11,1757,NA,NA,NA,NA,NA,NA,NA
"Hobiton Lake","1993",1993-08-12,"SIMRAD               ",11,1996,NA,NA,NA,NA,NA,NA,NA
"Hobiton Lake","1993",1993-10-27,"SIMRAD               ",11,3055,NA,NA,NA,NA,NA,NA,NA
"Hobiton Lake","1993",1994-02-19,"SIMRAD               ",11,1966,NA,NA,NA,NA,NA,NA,NA
"Hobiton Lake","1994",1994-06-22,"SIMRAD               ",11,2548,NA,NA,NA,NA,NA,NA,NA
"Hobiton Lake","1994",1994-07-26,"SIMRAD               ",11,3991,NA,NA,NA,NA,NA,NA,NA
"Hobiton Lake","1994",1994-07-27,"SIMRAD               ",11,3062,NA,NA,NA,NA,NA,NA,NA
"Hobiton Lake","1994",1994-08-13,"SIMRAD               ",11,4428,NA,NA,NA,NA,NA,NA,NA
"Hobiton Lake","1994",1994-08-14,"SIMRAD               ",11,3987,NA,NA,NA,NA,NA,NA,NA
"Hobiton Lake","1994",1994-11-24,"SIMRAD               ",11,3981,NA,NA,NA,NA,NA,NA,NA
"Hobiton Lake","1994",1995-03-03,"SIMRAD               ",11,1777,NA,NA,NA,NA,NA,NA,NA
"Hobiton Lake","1995",1995-06-23,"SIMRAD               ",11,845,NA,NA,NA,NA,NA,NA,NA
"Hobiton Lake","1995",1995-06-24,"SIMRAD               ",11,870,NA,NA,NA,NA,NA,NA,NA
"Hobiton Lake","1995",1995-06-25,"SIMRAD               ",11,822,NA,NA,NA,NA,NA,NA,NA
"Hobiton Lake","1995",1995-07-29,"SIMRAD               ",11,1016,NA,NA,NA,NA,NA,NA,NA
"Hobiton Lake","1995",1995-07-30,"SIMRAD               ",11,1208,NA,NA,NA,NA,NA,NA,NA
"Hobiton Lake","1995",1995-07-31,"SIMRAD               ",11,990,NA,NA,NA,NA,NA,NA,NA
"Hobiton Lake","1995",1995-08-30,"SIMRAD               ",11,1621,NA,NA,NA,NA,NA,NA,NA
"Hobiton Lake","1995",1995-08-31,"SIMRAD               ",11,1748,NA,NA,NA,NA,NA,NA,NA
"Hobiton Lake","1995",1996-02-15,"SIMRAD               ",11,895,NA,NA,NA,NA,NA,NA,NA
"Hobiton Lake","1996",1996-07-30,"SIMRAD               ",11,665,NA,NA,NA,NA,NA,NA,NA
"Hobiton Lake","1996",1996-07-31,NA,NA,NA,5,0,0,17,17,0,0
"Hobiton Lake","1996",1996-08-31,"SIMRAD               ",11,928,6,0,0,24,24,0,0
"Hobiton Lake","1996",1997-02-08,"SIMRAD               ",11,933,NA,NA,NA,NA,NA,NA,NA
"Ian Lake","1979",1979-07-27,"FURUNO FE 501        ",9,665,NA,NA,NA,NA,NA,NA,NA
"Ian Lake","1979",1979-07-28,NA,NA,NA,1,0,32,6,6,0,0
"Ian Lake","1979",1979-07-29,NA,NA,NA,4,0,120,79,79,0,0
"Ian Lake","1980",1980-07-24,"FURUNO FM22          ",9,302,NA,NA,NA,NA,NA,NA,NA
"Ian Lake","1980",1980-07-25,NA,NA,NA,2,1,60,3,3,0,0
"Ian Lake","1980",1980-07-26,NA,NA,NA,3,0,90,16,15,1,0
"Ian Lake","1981",1981-10-11,"FURUNO FM 22         ",9,124,5,0,115,8,4,0,4
"Ian Lake","1982",1982-09-30,"FURUNO FM 22         ",9,394,NA,NA,NA,NA,NA,NA,NA
"Ian Lake","1982",1982-10-01,NA,NA,NA,4,0,80,8,6,0,2
"Ian Lake","1983",1983-09-01,"FURUNO FM 22         ",9,412,5,1,95,14,6,6,2
"Ian Lake","1984",1984-09-08,"FURUNO FM 22         ",9,274,NA,NA,NA,NA,NA,NA,NA
"Ian Lake","1984",1984-09-09,NA,NA,NA,4,1,60,6,3,3,0
"Ian Lake","1985",1985-08-31,"SIMRAD               ",9,292,NA,NA,NA,NA,NA,NA,NA
"Ian Lake","1985",1985-09-01,NA,NA,NA,3,0,45,4,4,0,0
"Ian Lake","1986",1986-09-05,"FURUNO FM 22         ",9,239,NA,NA,NA,NA,NA,NA,NA
"Ian Lake","1986",1986-09-06,"SIMRAD               ",9,429,1,0,15,1,1,0,0
"Ian Lake","1989",1989-08-16,"SIMRAD               ",9,305,NA,NA,NA,NA,NA,NA,NA
"Ian Lake","1991",1991-10-23,"SIMRAD               ",9,210,3,0,0,7,7,0,0
"Ian Lake","1993",1993-08-21,"SIMRAD               ",9,475,NA,NA,NA,NA,NA,NA,NA
"Ian Lake","1994",1994-09-06,"SIMRAD               ",9,667,NA,NA,NA,NA,NA,NA,NA
"Ian Lake","1994",1994-09-07,"SIMRAD               ",9,667,NA,NA,NA,NA,NA,NA,NA
"Ian Lake","1994",1994-09-08,"SIMRAD               ",9,667,NA,NA,NA,NA,NA,NA,NA
"Ian Lake","1995",1995-09-05,"SIMRAD               ",9,740,NA,NA,NA,NA,NA,NA,NA
"Ian Lake","1995",1995-09-06,"SIMRAD               ",9,740,NA,NA,NA,NA,NA,NA,NA
"Ian Lake","1996",1996-09-12,"SIMRAD               ",9,357,NA,NA,NA,NA,NA,NA,NA
"Ian Lake","1996",1996-09-13,NA,NA,NA,5,2,0,16,12,4,0
"Ian Lake","1996",1996-10-13,NA,NA,NA,1,0,0,2,2,0,0
"Ian Lake","1997",1997-09-18,"SIMRAD               ",9,606,NA,NA,NA,NA,NA,NA,NA
"Ian Lake","2003",2003-09-08,"SIMRAD               ",9,465,NA,NA,NA,NA,NA,NA,NA
"Ingram Lake","1988",1988-08-29,"SIMRAD               ",6,564,1,0,0,3,3,0,0
"Ingram Lake","1988",1988-08-30,NA,NA,NA,3,0,0,13,13,0,0
"Jansen Lake","1983",1983-11-07,"FURUNO FM 22         ",5,238,6,1,65,32,29,1,2
"Jansen Lake","1984",1984-08-19,"FURUNO FM 22         ",5,354,3,1,45,11,8,3,0
"Jansen Lake","1984",1984-08-20,NA,NA,NA,1,0,15,7,7,0,0
"Jansen Lake","1985",1985-08-24,"SIMRAD               ",5,778,NA,NA,NA,NA,NA,NA,NA
"Jansen Lake","1985",1985-08-25,NA,NA,NA,4,1,60,14,9,5,0
"Jansen Lake","1985",1985-11-08,"SIMRAD               ",5,605,3,0,45,11,10,1,0
"Jansen Lake","1985",1985-11-09,NA,NA,NA,1,0,15,2,2,0,0
"Jansen Lake","1985",1986-02-12,"SIMRAD               ",5,1380,4,0,60,24,24,0,0
"Jansen Lake","1985",1986-02-13,"SIMRAD               ",5,54,NA,NA,NA,NA,NA,NA,NA
"Johanson Lake","1994",1994-08-25,"SIMRAD               ",6,149,NA,NA,NA,NA,NA,NA,NA
"Kennedy Lake (Clay)","1977",1977-08-16,NA,NA,NA,2,0,40,202,178,24,0
"Kennedy Lake (Clay)","1977",1977-08-17,NA,NA,NA,1,0,20,64,50,14,0
"Kennedy Lake (Clay)","1977",1977-09-21,"FURUNO FG 21         ",16,3447,5,0,100,453,99,354,0
"Kennedy Lake (Clay)","1977",1977-09-22,NA,NA,NA,1,0,20,29,19,10,0
"Kennedy Lake (Clay)","1977",1977-10-26,"FURUNO FM 22         ",16,7341,5,0,100,391,175,216,0
"Kennedy Lake (Clay)","1977",1978-02-07,"FURUNO FM 22         ",16,4549,4,0,80,105,54,51,0
"Kennedy Lake (Clay)","1977",1978-02-08,NA,NA,NA,1,0,20,18,7,11,0
"Kennedy Lake (Clay)","1978",1978-07-19,NA,NA,NA,1,0,20,106,56,50,0
"Kennedy Lake (Clay)","1978",1978-08-15,"FURUNO FM 22         ",16,5233,NA,NA,NA,NA,NA,NA,NA
"Kennedy Lake (Clay)","1978",1978-08-16,NA,NA,NA,3,0,35,681,142,539,0
"Kennedy Lake (Clay)","1978",1978-09-13,NA,NA,NA,2,0,32,221,68,153,0
"Kennedy Lake (Clay)","1978",1978-09-14,NA,NA,NA,2,0,17,247,207,40,0
"Kennedy Lake (Clay)","1978",1978-11-15,"FURUNO FG 200        ",16,16219,3,0,55,224,50,174,0
"Kennedy Lake (Clay)","1978",1978-11-16,NA,NA,NA,1,0,20,132,43,89,0
"Kennedy Lake (Clay)","1978",1978-11-30,NA,NA,NA,5,0,82,319,118,201,0
"Kennedy Lake (Clay)","1978",1979-03-28,NA,NA,NA,3,0,60,274,0,274,0
"Kennedy Lake (Clay)","1979",1979-07-25,NA,NA,NA,1,0,5,182,0,182,0
"Kennedy Lake (Clay)","1979",1979-07-26,NA,NA,NA,4,0,35,660,146,514,0
"Kennedy Lake (Clay)","1979",1979-09-11,NA,NA,NA,5,0,50,385,106,279,0
"Kennedy Lake (Clay)","1979",1979-09-12,NA,NA,NA,2,0,20,135,11,124,0
"Kennedy Lake (Clay)","1979",1979-11-06,NA,NA,NA,5,0,61,773,76,697,0
"Kennedy Lake (Clay)","1979",1979-11-07,NA,NA,NA,1,0,5,79,3,76,0
"Kennedy Lake (Clay)","1979",1980-01-23,"FURUNO FM 22         ",16,13731,5,0,55,374,71,303,0
"Kennedy Lake (Clay)","1980",1981-02-04,"FURUNO FM 22         ",16,13028,4,0,60,502,116,386,0
"Kennedy Lake (Clay)","1981",1981-09-02,"FURUNO FM 22         ",16,3313,4,1,70,381,25,356,0
"Kennedy Lake (Clay)","1981",1981-09-03,NA,NA,NA,3,1,45,178,114,64,0
"Kennedy Lake (Clay)","1981",1981-09-04,NA,NA,NA,1,1,15,126,3,123,0
"Kennedy Lake (Clay)","1981",1981-12-16,"FURUNO FM 22         ",16,6077,2,2,40,161,43,117,1
"Kennedy Lake (Clay)","1981",1982-03-10,"FURUNO FM 22         ",16,3955,NA,NA,NA,NA,NA,NA,NA
"Kennedy Lake (Clay)","1981",1982-03-11,NA,NA,NA,4,0,65,172,41,114,17
"Kennedy Lake (Clay)","1981",1982-03-12,NA,NA,NA,2,0,30,79,20,47,12
"Kennedy Lake (Clay)","1982",1982-07-15,"FURUNO FM 22         ",16,3142,2,1,36,136,129,7,0
"Kennedy Lake (Clay)","1982",1982-07-16,NA,NA,NA,2,0,21,496,488,8,0
"Kennedy Lake (Clay)","1982",1982-09-14,"FURUNO FM  22        ",16,7136,NA,NA,NA,NA,NA,NA,NA
"Kennedy Lake (Clay)","1982",1982-09-15,NA,NA,NA,3,0,25,511,211,299,1
"Kennedy Lake (Clay)","1982",1982-09-16,NA,NA,NA,2,1,20,127,103,24,0
"Kennedy Lake (Clay)","1982",1983-03-24,NA,NA,NA,5,1,85,135,71,64,0
"Kennedy Lake (Clay)","1982",1983-03-25,"FURUNO FM 22         ",16,5681,NA,NA,NA,NA,NA,NA,NA
"Kennedy Lake (Clay)","1983",1983-09-14,"SIMRAD               ",16,11896,3,1,30,325,270,53,2
"Kennedy Lake (Clay)","1983",1983-09-15,NA,NA,NA,2,0,20,307,34,273,0
"Kennedy Lake (Clay)","1983",1983-10-05,"FURUNO FM 22         ",16,7778,5,1,50,207,146,59,2
"Kennedy Lake (Clay)","1984",1984-05-01,"FURUNO FM 22         ",16,2755,2,0,15,195,148,47,0
"Kennedy Lake (Clay)","1984",1984-05-02,NA,NA,NA,10,0,158,1570,1354,216,0
"Kennedy Lake (Clay)","1984",1984-05-03,NA,NA,NA,7,0,105,908,881,27,0
"Kennedy Lake (Clay)","1984",1984-05-29,"FURUNO FM 22         ",16,1312,3,2,45,260,153,107,0
"Kennedy Lake (Clay)","1984",1984-05-30,NA,NA,NA,8,0,105,548,489,59,0
"Kennedy Lake (Clay)","1984",1984-05-31,NA,NA,NA,7,0,105,452,431,21,0
"Kennedy Lake (Clay)","1984",1984-06-12,"FURUNO FM 22         ",16,1066,1,0,15,58,58,0,0
"Kennedy Lake (Clay)","1984",1984-06-13,NA,NA,NA,13,2,195,772,741,31,0
"Kennedy Lake (Clay)","1984",1984-06-14,NA,NA,NA,5,0,75,609,599,10,0
"Kennedy Lake (Clay)","1984",1984-06-25,"FURUNO FM 22         ",16,1567,2,0,28,160,155,5,0
"Kennedy Lake (Clay)","1984",1984-06-26,NA,NA,NA,10,2,140,987,889,98,0
"Kennedy Lake (Clay)","1984",1984-06-27,NA,NA,NA,6,0,90,632,617,15,0
"Kennedy Lake (Clay)","1984",1984-07-02,"FURUNO FM 22         ",16,2351,1,0,15,48,19,29,0
"Kennedy Lake (Clay)","1984",1984-07-03,NA,NA,NA,6,0,100,544,494,50,0
"Kennedy Lake (Clay)","1984",1984-07-04,NA,NA,NA,7,0,105,637,600,37,0
"Kennedy Lake (Clay)","1984",1984-07-05,NA,NA,NA,5,2,85,296,236,60,0
"Kennedy Lake (Clay)","1984",1984-07-10,"FURUNO FM 22         ",16,2146,NA,NA,NA,NA,NA,NA,NA
"Kennedy Lake (Clay)","1984",1984-07-11,NA,NA,NA,5,2,75,38,28,10,0
"Kennedy Lake (Clay)","1984",1984-07-12,NA,NA,NA,13,0,180,214,163,51,0
"Kennedy Lake (Clay)","1984",1984-07-13,NA,NA,NA,2,0,30,54,51,3,0
"Kennedy Lake (Clay)","1984",1984-07-15,"FURUNO FM 22         ",16,2496,NA,NA,NA,NA,NA,NA,NA
"Kennedy Lake (Clay)","1984",1984-07-16,NA,NA,NA,9,1,90,128,23,105,0
"Kennedy Lake (Clay)","1984",1984-07-17,NA,NA,NA,13,2,135,179,118,61,0
"Kennedy Lake (Clay)","1984",1984-07-18,NA,NA,NA,1,0,15,27,26,1,0
"Kennedy Lake (Clay)","1984",1984-07-23,"FURUNO FM 22         ",16,3348,NA,NA,NA,NA,NA,NA,NA
"Kennedy Lake (Clay)","1984",1984-07-24,NA,NA,NA,4,0,45,247,146,101,0
"Kennedy Lake (Clay)","1984",1984-07-25,NA,NA,NA,6,0,90,511,457,54,0
"Kennedy Lake (Clay)","1984",1984-07-26,NA,NA,NA,9,1,75,651,257,394,0
"Kennedy Lake (Clay)","1984",1984-08-01,"FURUNO FM 22         ",16,4420,NA,NA,NA,NA,NA,NA,NA
"Kennedy Lake (Clay)","1984",1984-08-02,NA,NA,NA,14,2,180,481,265,216,0
"Kennedy Lake (Clay)","1984",1984-08-03,NA,NA,NA,6,0,30,443,18,425,0
"Kennedy Lake (Clay)","1984",1984-08-14,"SIMRAD               ",16,7046,NA,NA,NA,NA,NA,NA,NA
"Kennedy Lake (Clay)","1984",1984-08-15,NA,NA,NA,14,3,135,467,173,294,0
"Kennedy Lake (Clay)","1984",1984-08-16,NA,NA,NA,7,0,75,182,78,104,0
"Kennedy Lake (Clay)","1984",1984-09-26,"FURUNO FM 22         ",16,9980,NA,NA,NA,NA,NA,NA,NA
"Kennedy Lake (Clay)","1984",1984-09-27,NA,NA,NA,16,1,165,1694,320,1374,0
"Kennedy Lake (Clay)","1984",1984-09-28,NA,NA,NA,2,0,30,50,20,30,0
"Kennedy Lake (Clay)","1984",1984-11-17,"FURUNO FM 22         ",16,15390,7,3,105,136,39,97,0
"Kennedy Lake (Clay)","1984",1984-11-18,NA,NA,NA,16,0,150,600,91,509,0
"Kennedy Lake (Clay)","1984",1985-01-23,"FURUNO FM 22         ",16,9557,3,1,45,103,21,82,0
"Kennedy Lake (Clay)","1984",1985-01-23,"SIMRAD               ",16,34026,3,1,45,103,21,82,0
"Kennedy Lake (Clay)","1984",1985-01-24,NA,NA,NA,17,1,225,649,167,482,0
"Kennedy Lake (Clay)","1984",1985-01-25,"FURUNO FM 22         ",16,12071,NA,NA,NA,NA,NA,NA,NA
"Kennedy Lake (Clay)","1984",1985-01-26,"FURUNO FM 22         ",16,9557,NA,NA,NA,NA,NA,NA,NA
"Kennedy Lake (Clay)","1984",1985-01-27,"SIMRAD               ",16,10362,NA,NA,NA,NA,NA,NA,NA
"Kennedy Lake (Clay)","1985",1985-04-02,"SIMRAD               ",16,12216,1,0,15,59,1,58,0
"Kennedy Lake (Clay)","1985",1985-04-03,"SIMRAD               ",16,10356,11,1,165,45,12,33,0
"Kennedy Lake (Clay)","1985",1985-04-04,NA,NA,NA,5,0,75,23,5,18,0
"Kennedy Lake (Clay)","1985",1985-05-31,"SIMRAD               ",16,1110,NA,NA,NA,NA,NA,NA,NA
"Kennedy Lake (Clay)","1985",1985-06-01,"SIMRAD               ",16,1114,3,1,45,34,2,32,0
"Kennedy Lake (Clay)","1985",1985-06-02,NA,NA,NA,9,3,135,104,9,95,0
"Kennedy Lake (Clay)","1985",1985-06-03,NA,NA,NA,4,3,60,61,3,58,0
"Kennedy Lake (Clay)","1985",1985-06-28,"SIMRAD               ",16,4025,NA,NA,NA,NA,NA,NA,NA
"Kennedy Lake (Clay)","1985",1985-06-29,"SIMRAD               ",16,4167,11,2,165,228,8,220,0
"Kennedy Lake (Clay)","1985",1985-06-30,"FURUNO FM 22         ",16,1326,10,0,150,222,23,199,0
"Kennedy Lake (Clay)","1985",1985-07-01,"FURUNO FM 22         ",16,1399,NA,NA,NA,NA,NA,NA,NA
"Kennedy Lake (Clay)","1985",1985-07-10,"SIMRAD               ",16,3439,NA,NA,NA,NA,NA,NA,NA
"Kennedy Lake (Clay)","1985",1985-07-11,"SIMRAD               ",16,3711,11,2,165,218,2,216,0
"Kennedy Lake (Clay)","1985",1985-07-12,"FURUNO FM 22         ",16,1439,9,0,135,650,0,650,0
"Kennedy Lake (Clay)","1985",1985-07-13,"FURUNO FM 22         ",16,1518,NA,NA,NA,NA,NA,NA,NA
"Kennedy Lake (Clay)","1985",1985-08-13,"SIMRAD               ",16,4579,NA,NA,NA,NA,NA,NA,NA
"Kennedy Lake (Clay)","1985",1985-08-14,"SIMRAD               ",16,5705,2,2,30,3,0,3,0
"Kennedy Lake (Clay)","1985",1985-08-15,"FURUNO FM 22         ",16,3060,14,0,210,226,0,226,0
"Kennedy Lake (Clay)","1985",1985-08-16,"FURUNO FM 22         ",16,3119,4,0,60,83,0,83,0
"Kennedy Lake (Clay)","1985",1985-08-17,"FURUNO FM 22         ",16,7788,NA,NA,NA,NA,NA,NA,NA
"Kennedy Lake (Clay)","1985",1985-09-17,"SIMRAD               ",16,5717,1,1,15,1,0,1,0
"Kennedy Lake (Clay)","1985",1985-09-18,"SIMRAD               ",16,6476,6,0,90,109,0,109,0
"Kennedy Lake (Clay)","1985",1985-09-19,"FURUNO FM 22         ",16,3202,NA,NA,NA,NA,NA,NA,NA
"Kennedy Lake (Clay)","1985",1985-10-30,"SIMRAD               ",16,6316,3,0,45,66,0,66,0
"Kennedy Lake (Clay)","1985",1985-10-31,"SIMRAD               ",16,8137,18,2,270,223,0,223,0
"Kennedy Lake (Clay)","1985",1985-11-01,"FURUNO FM 22         ",16,3826,NA,NA,NA,NA,NA,NA,NA
"Kennedy Lake (Clay)","1985",1986-01-20,"SIMRAD               ",16,14887,7,1,105,69,0,69,0
"Kennedy Lake (Clay)","1985",1986-01-21,"FURUNO FM 22         ",16,5872,15,0,225,206,1,205,0
"Kennedy Lake (Clay)","1986",1986-06-25,"SIMRAD               ",16,4226,NA,NA,NA,NA,NA,NA,NA
"Kennedy Lake (Clay)","1986",1986-06-26,NA,NA,NA,4,1,60,22,16,6,0
"Kennedy Lake (Clay)","1986",1986-08-26,"SIMRAD               ",16,7367,3,1,45,51,28,23,0
"Kennedy Lake (Clay)","1986",1986-08-27,NA,NA,NA,4,1,60,61,51,10,0
"Kennedy Lake (Clay)","1986",1986-09-16,"SIMRAD               ",16,7487,2,0,40,9,1,8,0
"Kennedy Lake (Clay)","1986",1986-09-17,"FURUNO FM 22         ",16,3035,6,1,90,14,10,4,0
"Kennedy Lake (Clay)","1986",1986-09-18,NA,NA,NA,5,0,76,6,3,3,0
"Kennedy Lake (Clay)","1986",1986-10-08,"SIMRAD               ",16,7601,NA,NA,NA,NA,NA,NA,NA
"Kennedy Lake (Clay)","1986",1986-10-09,"FURUNO FM 22         ",16,3177,3,0,45,13,7,6,0
"Kennedy Lake (Clay)","1986",1986-10-10,NA,NA,NA,15,1,225,126,11,115,0
"Kennedy Lake (Clay)","1986",1986-10-11,NA,NA,NA,1,0,15,2,1,1,0
"Kennedy Lake (Clay)","1986",1986-11-19,"SIMRAD               ",16,5649,1,0,15,1,0,1,0
"Kennedy Lake (Clay)","1986",1986-11-20,"FURUNO FM 22         ",16,5866,13,3,195,66,11,55,0
"Kennedy Lake (Clay)","1986",1987-02-26,"SIMRAD               ",16,7291,6,2,0,40,9,31,0
"Kennedy Lake (Clay)","1987",1987-04-22,"SIMRAD               ",16,5811,2,1,0,73,53,20,0
"Kennedy Lake (Clay)","1987",1987-04-23,NA,NA,NA,4,2,0,253,225,28,0
"Kennedy Lake (Clay)","1987",1987-04-28,NA,NA,NA,1,1,0,57,5,50,2
"Kennedy Lake (Clay)","1987",1987-06-19,"SIMRAD               ",16,2954,2,0,0,166,162,4,0
"Kennedy Lake (Clay)","1987",1987-06-20,NA,NA,NA,3,2,0,47,23,24,0
"Kennedy Lake (Clay)","1987",1987-08-16,"SIMRAD               ",16,6869,4,0,0,136,47,89,0
"Kennedy Lake (Clay)","1987",1987-08-17,NA,NA,NA,3,0,0,158,135,23,0
"Kennedy Lake (Clay)","1987",1987-11-13,NA,NA,NA,5,1,0,43,26,17,0
"Kennedy Lake (Clay)","1987",1987-11-14,"SIMRAD               ",16,6030,2,0,0,4,2,2,0
"Kennedy Lake (Clay)","1987",1988-03-06,"SIMRAD               ",16,4962,8,3,0,16,4,12,0
"Kennedy Lake (Clay)","1987",1988-03-07,NA,NA,NA,1,0,0,2,0,2,0
"Kennedy Lake (Clay)","1988",1988-05-31,"SIMRAD               ",16,5982,1,0,0,33,28,5,0
"Kennedy Lake (Clay)","1988",1988-06-01,NA,NA,NA,4,2,0,226,204,21,1
"Kennedy Lake (Clay)","1988",1988-07-20,"SIMRAD               ",16,5688,3,1,0,135,49,85,1
"Kennedy Lake (Clay)","1988",1988-07-21,NA,NA,NA,3,0,0,45,37,8,0
"Kennedy Lake (Clay)","1988",1988-10-18,"SIMRAD               ",16,14115,2,0,0,18,18,0,0
"Kennedy Lake (Clay)","1988",1988-10-19,NA,NA,NA,6,2,0,22,14,8,0
"Kennedy Lake (Clay)","1988",1988-10-20,NA,NA,NA,2,0,0,12,4,8,0
"Kennedy Lake (Clay)","1988",1989-02-26,"SIMRAD               ",16,9556,6,0,0,211,25,186,0
"Kennedy Lake (Clay)","1988",1989-02-27,NA,NA,NA,3,2,0,14,5,9,0
"Kennedy Lake (Clay)","1989",1989-06-03,"SIMRAD               ",16,7463,4,2,0,263,204,58,1
"Kennedy Lake (Clay)","1989",1989-06-04,NA,NA,NA,2,0,0,326,151,175,0
"Kennedy Lake (Clay)","1989",1989-09-28,"SIMRAD               ",16,13225,NA,NA,NA,NA,NA,NA,NA
"Kennedy Lake (Clay)","1989",1989-09-29,"SIMRAD               ",16,13916,3,0,0,88,54,34,0
"Kennedy Lake (Clay)","1989",1989-09-30,"SIMRAD               ",16,15381,2,0,0,194,107,87,0
"Kennedy Lake (Clay)","1989",1990-02-17,"SIMRAD               ",16,15695,6,2,0,99,48,51,0
"Kennedy Lake (Clay)","1989",1990-02-18,NA,NA,NA,2,0,0,16,10,6,0
"Kennedy Lake (Clay)","1990",1990-05-27,"SIMRAD               ",16,1533,NA,NA,NA,NA,NA,NA,NA
"Kennedy Lake (Clay)","1990",1990-05-28,NA,NA,NA,3,1,0,34,3,31,0
"Kennedy Lake (Clay)","1990",1990-05-29,NA,NA,NA,2,2,0,21,3,18,0
"Kennedy Lake (Clay)","1990",1990-05-31,NA,NA,NA,1,0,0,9,8,1,0
"Kennedy Lake (Clay)","1990",1990-06-01,NA,NA,NA,4,0,0,174,4,170,0
"Kennedy Lake (Clay)","1990",1990-07-18,"SIMRAD               ",16,2590,NA,NA,NA,NA,NA,NA,NA
"Kennedy Lake (Clay)","1990",1990-09-09,"SIMRAD               ",16,2453,3,1,0,162,3,159,0
"Kennedy Lake (Clay)","1990",1990-09-10,NA,NA,NA,8,1,0,314,9,305,0
"Kennedy Lake (Clay)","1990",1991-02-17,"SIMRAD               ",16,5236,3,1,0,16,2,14,0
"Kennedy Lake (Clay)","1990",1991-02-18,NA,NA,NA,2,0,0,6,1,5,0
"Kennedy Lake (Clay)","1991",1991-10-22,"SIMRAD               ",16,9424,3,1,0,26,3,23,0
"Kennedy Lake (Clay)","1991",1991-10-23,NA,NA,NA,3,0,0,27,6,21,0
"Kennedy Lake (Clay)","1992",1993-02-10,"SIMRAD               ",16,9715,NA,NA,NA,NA,NA,NA,NA
"Kennedy Lake (Clay)","1993",1993-10-21,"SIMRAD               ",16,5442,NA,NA,NA,NA,NA,NA,NA
"Kennedy Lake (Clay)","1993",1994-02-10,"SIMRAD               ",16,5406,NA,NA,NA,NA,NA,NA,NA
"Kennedy Lake (Clay)","1994",1994-10-28,"SIMRAD               ",16,8428,NA,NA,NA,NA,NA,NA,NA
"Kennedy Lake (Clay)","1994",1995-01-13,"SIMRAD               ",16,5304,NA,NA,NA,NA,NA,NA,NA
"Kennedy Lake (Clay)","1995",1995-07-25,"SIMRAD               ",16,2486,NA,NA,NA,NA,NA,NA,NA
"Kennedy Lake (Clay)","1995",1995-07-26,"SIMRAD               ",16,2385,NA,NA,NA,NA,NA,NA,NA
"Kennedy Lake (Clay)","1995",1995-10-27,"SIMRAD               ",16,3217,NA,NA,NA,NA,NA,NA,NA
"Kennedy Lake (Clay)","1995",1996-02-11,NA,NA,NA,1,1,0,3,0,3,0
"Kennedy Lake (Clay)","1995",1996-02-12,"SIMRAD               ",16,3245,9,1,0,77,2,75,0
"Kennedy Lake (Clay)","1996",1996-10-31,"SIMRAD               ",16,5672,NA,NA,NA,NA,NA,NA,NA
"Kennedy Lake (Clay)","1996",1997-02-20,NA,NA,NA,4,0,0,82,0,82,0
"Kennedy Lake (Clay)","1997",1997-10-16,"SIMRAD               ",16,5436,NA,NA,NA,NA,NA,NA,NA
"Kennedy Lake (Clay)","1997",1998-02-16,"SIMRAD               ",16,5241,NA,NA,NA,NA,NA,NA,NA
"Kennedy Lake (Clay)","1999",2000-02-01,"SIMRAD               ",16,5194,NA,NA,NA,NA,NA,NA,NA
"Kennedy Lake (Clay)","2000",2000-10-25,"SIMRAD               ",16,6481,NA,NA,NA,NA,NA,NA,NA
"Kennedy Lake (Clay)","2001",2002-02-25,"SIMRAD               ",16,5703,NA,NA,NA,NA,NA,NA,NA
"Kennedy Lake (Clay)","2002",2002-12-17,"SIMRAD               ",16,7807,NA,NA,NA,NA,NA,NA,NA
"Kennedy Lake (Clay)","2004",2005-02-09,"SIMRAD               ",16,6258,NA,NA,NA,NA,NA,NA,NA
"Kennedy Lake (Clay)","2005",2006-02-22,"SIMRAD               ",16,4323,NA,NA,NA,NA,NA,NA,NA
"Kennedy Lake (Clay)","2006",2007-01-15,"SIMRAD               ",16,4015,NA,NA,NA,NA,NA,NA,NA
"Kennedy Lake (Main)","1977",1977-08-15,NA,NA,NA,3,0,70,47,37,10,0
"Kennedy Lake (Main)","1977",1977-08-16,NA,NA,NA,2,0,55,201,145,56,0
"Kennedy Lake (Main)","1977",1977-09-20,"FURUNO FM 22         ",15,10013,4,0,80,292,57,235,0
"Kennedy Lake (Main)","1977",1977-09-21,NA,NA,NA,2,0,40,571,44,527,0
"Kennedy Lake (Main)","1977",1978-02-08,"FURUNO FM 22         ",15,7552,NA,NA,NA,NA,NA,NA,NA
"Kennedy Lake (Main)","1977",1978-02-09,NA,NA,NA,4,0,85,634,96,538,0
"Kennedy Lake (Main)","1978",1978-08-14,"FURUNO FM 22         ",15,9357,NA,NA,NA,NA,NA,NA,NA
"Kennedy Lake (Main)","1978",1978-08-16,NA,NA,NA,2,0,25,135,20,115,0
"Kennedy Lake (Main)","1978",1978-08-17,NA,NA,NA,2,0,30,172,13,159,0
"Kennedy Lake (Main)","1978",1978-09-12,NA,NA,NA,2,0,25,93,24,69,0
"Kennedy Lake (Main)","1978",1978-09-13,NA,NA,NA,2,0,30,163,32,131,0
"Kennedy Lake (Main)","1978",1978-11-16,"FURUNO FM 22         ",15,8055,3,0,45,281,14,267,0
"Kennedy Lake (Main)","1979",1979-07-26,NA,NA,NA,1,0,15,123,5,118,0
"Kennedy Lake (Main)","1979",1979-07-27,NA,NA,NA,2,0,20,690,16,674,0
"Kennedy Lake (Main)","1979",1979-09-12,NA,NA,NA,4,0,45,773,108,665,0
"Kennedy Lake (Main)","1979",1979-09-13,NA,NA,NA,2,0,35,261,16,245,0
"Kennedy Lake (Main)","1979",1979-11-07,NA,NA,NA,5,0,50,502,20,482,0
"Kennedy Lake (Main)","1979",1980-01-22,"FURUNO FM 22         ",15,14208,3,0,40,533,67,466,0
"Kennedy Lake (Main)","1979",1980-01-23,NA,NA,NA,2,0,35,513,103,410,0
"Kennedy Lake (Main)","1980",1981-02-03,"FURUNO FM 22         ",15,16304,4,0,70,890,27,863,0
"Kennedy Lake (Main)","1981",1981-09-03,NA,NA,NA,3,1,35,259,10,249,0
"Kennedy Lake (Main)","1981",1981-09-04,"FURUNO FM 22         ",15,6257,3,0,40,933,55,878,0
"Kennedy Lake (Main)","1981",1981-12-15,"FURUNO FM 22         ",15,8001,2,1,35,1085,38,1047,0
"Kennedy Lake (Main)","1981",1982-03-10,"FURUNO FM 22         ",15,4077,4,0,65,422,19,399,4
"Kennedy Lake (Main)","1982",1982-09-14,"FURUNO FM 22         ",15,12362,5,1,50,980,147,831,2
"Kennedy Lake (Main)","1982",1982-09-15,NA,NA,NA,1,0,5,370,275,95,0
"Kennedy Lake (Main)","1982",1983-03-23,"FURUNO FM 22         ",15,1802,4,1,85,80,47,33,0
"Kennedy Lake (Main)","1983",1983-09-13,"SIMRAD               ",15,9551,3,1,40,940,650,289,1
"Kennedy Lake (Main)","1983",1983-09-14,NA,NA,NA,2,0,25,240,71,169,0
"Kennedy Lake (Main)","1983",1983-10-04,"FURUNO FM 22         ",15,8397,4,1,40,449,218,230,1
"Kennedy Lake (Main)","1983",1983-10-05,NA,NA,NA,1,0,10,48,32,16,0
"Kennedy Lake (Main)","1984",1984-09-28,"FURUNO FM 22         ",15,10114,NA,NA,NA,NA,NA,NA,NA
"Kennedy Lake (Main)","1984",1984-11-19,"FURUNO FM 22         ",15,7387,NA,NA,NA,NA,NA,NA,NA
"Kennedy Lake (Main)","1985",1985-06-03,"SIMRAD               ",15,3598,2,0,30,4,0,4,0
"Kennedy Lake (Main)","1985",1985-06-04,NA,NA,NA,2,1,30,27,0,27,0
"Kennedy Lake (Main)","1985",1985-12-11,"SIMRAD               ",15,14929,3,1,45,312,0,312,0
"Kennedy Lake (Main)","1985",1985-12-12,"FURUNO FM 22         ",15,6128,2,0,30,64,0,64,0
"Kennedy Lake (Main)","1986",1986-06-26,"SIMRAD               ",15,5546,1,0,15,3,1,2,0
"Kennedy Lake (Main)","1986",1986-06-27,NA,NA,NA,3,1,45,15,2,13,0
"Kennedy Lake (Main)","1986",1986-09-18,"FURUNO FM 22         ",15,6543,5,1,60,14,0,14,0
"Kennedy Lake (Main)","1986",1986-09-19,"SIMRAD               ",15,12553,4,1,60,9,0,9,0
"Kennedy Lake (Main)","1986",1986-10-07,"SIMRAD               ",15,21469,NA,NA,NA,NA,NA,NA,NA
"Kennedy Lake (Main)","1986",1986-10-08,"SIMRAD               ",15,17599,NA,NA,NA,NA,NA,NA,NA
"Kennedy Lake (Main)","1986",1986-10-09,"FURUNO FM 22         ",15,7583,11,2,169,204,3,201,0
"Kennedy Lake (Main)","1986",1986-11-19,"FURUNO FM 22         ",15,6821,NA,NA,NA,NA,NA,NA,NA
"Kennedy Lake (Main)","1986",1986-11-20,"SIMRAD               ",15,11567,7,1,101,99,0,99,0
"Kennedy Lake (Main)","1986",1986-11-21,"SIMRAD               ",15,14017,1,0,16,16,0,16,0
"Kennedy Lake (Main)","1986",1987-02-25,NA,NA,NA,7,1,0,557,41,516,0
"Kennedy Lake (Main)","1986",1987-02-26,"SIMRAD               ",15,10186,1,0,0,1,0,1,0
"Kennedy Lake (Main)","1987",1987-04-23,"SIMRAD               ",15,5975,2,0,0,364,2,361,1
"Kennedy Lake (Main)","1987",1987-04-24,"SIMRAD               ",15,6044,2,2,0,36,4,32,0
"Kennedy Lake (Main)","1987",1987-11-14,"SIMRAD               ",15,10315,5,1,0,110,1,109,0
"Kennedy Lake (Main)","1987",1987-11-15,NA,NA,NA,2,2,0,6,0,6,0
"Kennedy Lake (Main)","1987",1988-03-07,"SIMRAD               ",15,6963,5,2,0,70,7,63,0
"Kennedy Lake (Main)","1988",1988-05-29,"SIMRAD               ",15,4502,NA,NA,NA,NA,NA,NA,NA
"Kennedy Lake (Main)","1988",1988-07-18,"SIMRAD               ",15,9845,NA,NA,NA,NA,NA,NA,NA
"Kennedy Lake (Main)","1988",1988-10-17,"SIMRAD               ",15,21554,NA,NA,NA,NA,NA,NA,NA
"Kennedy Lake (Main)","1988",1989-02-24,"SIMRAD               ",15,25452,NA,NA,NA,NA,NA,NA,NA
"Kennedy Lake (Main)","1989",1989-06-01,"SIMRAD               ",15,7817,3,1,0,154,63,90,1
"Kennedy Lake (Main)","1989",1989-06-02,NA,NA,NA,6,2,0,564,431,132,1
"Kennedy Lake (Main)","1989",1989-06-03,NA,NA,NA,7,2,0,620,252,368,0
"Kennedy Lake (Main)","1989",1989-09-27,"SIMRAD               ",15,15239,3,0,0,209,4,205,0
"Kennedy Lake (Main)","1989",1989-09-28,NA,NA,NA,11,2,0,284,70,213,1
"Kennedy Lake (Main)","1989",1989-09-29,NA,NA,NA,6,1,0,374,5,369,0
"Kennedy Lake (Main)","1989",1990-02-15,"SIMRAD               ",15,19654,4,1,0,102,20,82,0
"Kennedy Lake (Main)","1989",1990-02-16,NA,NA,NA,11,2,0,242,67,175,0
"Kennedy Lake (Main)","1990",1990-05-29,"SIMRAD               ",15,4885,3,2,0,101,0,101,0
"Kennedy Lake (Main)","1990",1990-05-30,NA,NA,NA,5,1,0,82,1,81,0
"Kennedy Lake (Main)","1990",1990-05-31,NA,NA,NA,3,0,0,102,12,90,0
"Kennedy Lake (Main)","1990",1990-06-01,NA,NA,NA,7,0,0,243,28,215,0
"Kennedy Lake (Main)","1990",1990-07-19,"SIMRAD               ",15,4832,4,1,0,52,1,51,0
"Kennedy Lake (Main)","1990",1990-07-20,NA,NA,NA,2,1,0,32,1,31,0
"Kennedy Lake (Main)","1990",1990-09-07,"SIMRAD               ",15,7793,4,1,0,81,7,74,0
"Kennedy Lake (Main)","1990",1990-09-08,NA,NA,NA,6,0,0,175,4,171,0
"Kennedy Lake (Main)","1990",1990-09-09,NA,NA,NA,8,1,0,150,6,144,0
"Kennedy Lake (Main)","1990",1991-02-15,"SIMRAD               ",15,7202,2,0,0,26,2,24,0
"Kennedy Lake (Main)","1990",1991-02-16,NA,NA,NA,4,0,0,45,11,34,0
"Kennedy Lake (Main)","1990",1991-02-17,NA,NA,NA,4,0,0,43,8,35,0
"Kennedy Lake (Main)","1991",1991-10-23,"SIMRAD               ",15,16429,NA,NA,NA,NA,NA,NA,NA
"Kennedy Lake (Main)","1991",1991-10-24,NA,NA,NA,7,1,0,424,2,421,1
"Kennedy Lake (Main)","1992",1993-02-11,"SIMRAD               ",15,14339,NA,NA,NA,NA,NA,NA,NA
"Kennedy Lake (Main)","1993",1993-10-22,"SIMRAD               ",15,8418,NA,NA,NA,NA,NA,NA,NA
"Kennedy Lake (Main)","1993",1994-02-09,"SIMRAD               ",15,5673,NA,NA,NA,NA,NA,NA,NA
"Kennedy Lake (Main)","1994",1994-11-01,"SIMRAD               ",15,14737,NA,NA,NA,NA,NA,NA,NA
"Kennedy Lake (Main)","1994",1995-01-14,"SIMRAD               ",15,8673,1,1,0,4,1,3,0
"Kennedy Lake (Main)","1994",1995-01-20,NA,NA,NA,6,0,0,503,416,87,0
"Kennedy Lake (Main)","1995",1995-07-24,"SIMRAD               ",15,4001,NA,NA,NA,NA,NA,NA,NA
"Kennedy Lake (Main)","1995",1995-07-25,"SIMRAD               ",15,4296,NA,NA,NA,NA,NA,NA,NA
"Kennedy Lake (Main)","1995",1995-10-28,"SIMRAD               ",15,10982,NA,NA,NA,NA,NA,NA,NA
"Kennedy Lake (Main)","1995",1996-02-11,"SIMRAD               ",15,6678,NA,NA,NA,NA,NA,NA,NA
"Kennedy Lake (Main)","1995",1996-02-12,NA,NA,NA,14,2,0,562,3,559,0
"Kennedy Lake (Main)","1995",1996-02-13,NA,NA,NA,3,0,0,233,1,232,0
"Kennedy Lake (Main)","1996",1996-10-30,"SIMRAD               ",15,15567,NA,NA,NA,NA,NA,NA,NA
"Kennedy Lake (Main)","1996",1996-11-01,NA,NA,NA,8,0,0,356,0,356,0
"Kennedy Lake (Main)","1996",1997-02-20,NA,NA,NA,5,0,0,653,6,647,0
"Kennedy Lake (Main)","1997",1997-10-16,"SIMRAD               ",15,11489,NA,NA,NA,NA,NA,NA,NA
"Kennedy Lake (Main)","1997",1998-02-16,"SIMRAD               ",15,14098,NA,NA,NA,NA,NA,NA,NA
"Kennedy Lake (Main)","1999",2000-02-02,"SIMRAD               ",15,6685,NA,NA,NA,NA,NA,NA,NA
"Kennedy Lake (Main)","2000",2000-10-24,"SIMRAD               ",15,13480,NA,NA,NA,NA,NA,NA,NA
"Kennedy Lake (Main)","2000",2000-10-25,"SIMRAD               ",15,12324,NA,NA,NA,NA,NA,NA,NA
"Kennedy Lake (Main)","2001",2002-02-25,"SIMRAD               ",15,6628,NA,NA,NA,NA,NA,NA,NA
"Kennedy Lake (Main)","2002",2002-12-18,"SIMRAD               ",15,9161,NA,NA,NA,NA,NA,NA,NA
"Kennedy Lake (Main)","2004",2005-02-08,"SIMRAD               ",15,13110,NA,NA,NA,NA,NA,NA,NA
"Kennedy Lake (Main)","2005",2006-02-21,"SIMRAD               ",15,6406,NA,NA,NA,NA,NA,NA,NA
"Kennedy Lake (Main)","2006",2007-01-15,"SIMRAD               ",15,2939,NA,NA,NA,NA,NA,NA,NA
"Khtada Lake","1997",1997-10-02,"SIMRAD               ",14,1419,NA,NA,NA,NA,NA,NA,NA
"Kingsalmon Lake","2000",2000-08-30,"SIMRAD               ",8,3323,NA,NA,NA,NA,NA,NA,NA
"Kitlope Lake","1978",1978-06-29,"FURUNO FM 22         ",4,681,2,0,60,6,6,0,0
"Kitlope Lake","1978",1978-06-30,NA,NA,NA,3,0,90,44,44,0,0
"Kitlope Lake","1978",1978-09-15,"FURUNO FM 22         ",4,434,5,0,163,16,13,3,0
"Kitlope Lake","1979",1979-07-19,NA,NA,NA,2,0,60,34,32,2,0
"Kitlope Lake","1979",1979-07-20,NA,NA,NA,3,0,90,24,23,1,0
"Kitlope Lake","1979",1979-10-18,"FURUNO FM 22         ",4,517,4,0,120,56,56,0,0
"Kitlope Lake","1979",1979-10-19,NA,NA,NA,1,0,30,11,9,2,0
"Kitlope Lake","1980",1980-09-24,"FURUNO FM 22         ",4,117,3,2,90,25,7,16,2
"Kitlope Lake","1980",1980-09-25,NA,NA,NA,2,2,60,11,3,8,0
"Kitwanga Lake","1995",1995-10-09,"SIMRAD               ",6,73,NA,NA,NA,NA,NA,NA,NA
"Kitwanga Lake","1995",1995-10-10,NA,NA,NA,2,0,0,4,4,0,0
"Klukshu Lake","1988",1988-08-31,NA,NA,NA,6,1,74,90,90,0,0
"Kwinageese Lake","1991",1991-09-07,"SIMRAD               ",5,47,NA,NA,NA,NA,NA,NA,NA
"Kwinageese Lake","1991",1991-09-08,"SIMRAD               ",5,18,NA,NA,NA,NA,NA,NA,NA
"L Trapper Lake","1993",1993-09-07,"SIMRAD               ",5,1406,NA,NA,NA,NA,NA,NA,NA
"L Trapper Lake","1994",1994-09-08,"SIMRAD               ",5,3538,NA,NA,NA,NA,NA,NA,NA
"L Trapper Lake","1995",1995-09-14,"SIMRAD               ",5,NA,NA,NA,NA,NA,NA,NA,NA
"Link Lake","1988",1988-09-02,"SIMRAD               ",10,350,1,0,0,1,1,0,0
"Link Lake","1988",1988-09-03,NA,NA,NA,3,0,0,8,8,0,0
"Link Lake","1988",1988-09-04,NA,NA,NA,2,0,0,4,4,0,0
"Link Lake","1991",1991-08-22,"SIMRAD               ",10,205,NA,NA,NA,NA,NA,NA,NA
"Link Lake","1991",1991-08-23,NA,NA,NA,2,0,0,3,3,0,0
"Long Lake","1977",1978-02-15,NA,NA,NA,4,0,70,333,67,266,0
"Long Lake","1978",1978-08-23,NA,NA,NA,2,0,40,7,7,0,0
"Long Lake","1978",1978-08-24,NA,NA,NA,2,0,45,30,30,0,0
"Long Lake","1978",1979-03-21,NA,NA,NA,1,0,10,24,24,0,0
"Long Lake","1978",1979-03-22,NA,NA,NA,4,0,80,55,55,0,0
"Long Lake","1979",1979-08-28,NA,NA,NA,6,0,51,624,0,624,0
"Long Lake","1980",1980-05-13,NA,NA,NA,1,0,10,154,3,151,0
"Long Lake","1980",1980-05-14,NA,NA,NA,1,0,5,15,3,12,0
"Long Lake","1980",1980-08-14,NA,NA,NA,3,0,30,339,15,324,0
"Long Lake","1980",1980-08-15,NA,NA,NA,2,0,30,263,26,237,0
"Long Lake","1980",1980-10-22,NA,NA,NA,4,0,50,212,22,190,0
"Long Lake","1980",1981-02-26,NA,NA,NA,5,0,75,421,11,410,0
"Long Lake","1981",1981-08-24,NA,NA,NA,1,0,15,27,19,8,0
"Long Lake","1981",1981-08-25,NA,NA,NA,3,0,40,287,214,73,0
"Long Lake","1981",1981-09-25,NA,NA,NA,3,1,55,119,51,68,0
"Long Lake","1981",1981-09-26,NA,NA,NA,2,0,45,77,33,44,0
"Long Lake","1982",1982-07-25,NA,NA,NA,3,0,60,55,31,24,0
"Long Lake","1982",1982-07-26,NA,NA,NA,3,0,60,58,37,21,0
"Long Lake","1982",1982-08-16,NA,NA,NA,6,1,120,191,144,47,0
"Long Lake","1982",1982-11-24,NA,NA,NA,6,2,125,109,91,17,1
"Long Lake","1982",1982-11-26,NA,NA,NA,1,0,15,10,9,1,0
"Long Lake","1983",1983-05-06,NA,NA,NA,3,2,55,173,136,0,37
"Long Lake","1983",1983-06-03,NA,NA,NA,2,1,25,234,148,86,0
"Long Lake","1983",1983-06-04,NA,NA,NA,2,0,30,24,3,21,0
"Long Lake","1983",1983-06-05,NA,NA,NA,2,0,30,34,27,7,0
"Long Lake","1983",1983-07-18,NA,NA,NA,2,1,30,414,186,228,0
"Long Lake","1983",1983-07-19,NA,NA,NA,4,1,60,98,47,51,0
"Long Lake","1983",1983-08-24,NA,NA,NA,3,1,55,113,42,71,0
"Long Lake","1983",1983-08-25,NA,NA,NA,2,0,35,86,74,12,0
"Long Lake","1983",1983-11-15,NA,NA,NA,5,1,60,235,146,89,0
"Long Lake","1984",1984-09-14,NA,NA,NA,11,3,166,414,119,295,0
"Long Lake","1984",1984-09-15,NA,NA,NA,11,3,165,645,79,566,0
"Long Lake","1984",1984-11-10,NA,NA,NA,4,0,60,129,13,116,0
"Long Lake","1984",1984-11-11,NA,NA,NA,6,1,90,261,51,210,0
"Long Lake","1984",1984-11-12,NA,NA,NA,12,3,180,135,57,78,0
"Long Lake","1985",1985-09-12,NA,NA,NA,10,3,150,154,88,66,0
"Long Lake","1985",1985-09-13,NA,NA,NA,7,0,105,104,25,79,0
"Long Lake","1985",1986-02-11,NA,NA,NA,10,0,150,78,5,73,0
"Long Lake","1985",1986-02-12,NA,NA,NA,8,0,120,191,16,175,0
"Long Lake","1986",1986-07-30,NA,NA,NA,12,3,180,179,35,144,0
"Long Lake","1986",1986-07-31,NA,NA,NA,9,3,135,204,24,180,0
"Long Lake","1986",1986-08-01,NA,NA,NA,2,0,30,25,4,21,0
"Long Lake","1986",1986-11-08,NA,NA,NA,9,3,135,315,48,267,0
"Long Lake","1986",1986-11-09,NA,NA,NA,14,2,210,366,63,303,0
"Long Lake","1987",1987-07-18,NA,NA,NA,9,1,0,332,215,117,0
"Long Lake","1987",1987-07-19,NA,NA,NA,8,1,0,162,138,24,0
"Long Lake","1987",1987-09-08,NA,NA,NA,7,2,0,174,93,81,0
"Long Lake","1987",1987-09-09,NA,NA,NA,6,1,0,650,327,323,0
"Long Lake","1987",1987-09-10,NA,NA,NA,3,1,0,34,33,1,0
"Long Lake","1988",1988-09-14,NA,NA,NA,4,2,0,271,1,270,0
"Long Lake","1988",1988-09-15,NA,NA,NA,6,0,0,286,247,39,0
"Long Lake","1988",1988-09-16,NA,NA,NA,5,2,0,71,57,14,0
"Long Lake","1988",1989-03-21,NA,NA,NA,4,0,0,261,71,190,0
"Long Lake","1988",1989-03-22,NA,NA,NA,4,0,0,186,51,135,0
"Long Lake","1988",1989-03-23,NA,NA,NA,8,0,0,249,163,85,1
"Long Lake","1988",1989-03-24,NA,NA,NA,3,0,0,16,15,0,1
"Long Lake","1989",1989-06-25,NA,NA,NA,5,2,0,920,289,631,0
"Long Lake","1989",1989-06-26,NA,NA,NA,5,2,0,478,219,258,1
"Long Lake","1989",1989-06-27,NA,NA,NA,9,2,0,423,231,192,0
"Long Lake","1989",1989-09-16,NA,NA,NA,4,1,0,276,29,247,0
"Long Lake","1989",1989-09-17,NA,NA,NA,3,0,0,99,74,25,0
"Long Lake","1989",1990-03-01,NA,NA,NA,5,1,0,451,54,397,0
"Long Lake","1989",1990-03-02,NA,NA,NA,8,1,0,405,55,350,0
"Long Lake","1989",1990-03-03,NA,NA,NA,1,0,0,31,1,30,0
"Long Lake","1990",1991-03-10,NA,NA,NA,3,1,0,98,46,52,0
"Long Lake","1990",1991-03-11,NA,NA,NA,8,1,0,363,27,336,0
"Long Lake","1990",1991-03-12,NA,NA,NA,3,0,0,248,24,224,0
"Long Lake","1991",1991-06-29,NA,NA,NA,7,3,0,236,11,224,1
"Long Lake","1991",1991-06-30,NA,NA,NA,4,1,0,453,107,346,0
"Long Lake","1991",1992-03-04,NA,NA,NA,5,1,0,167,45,122,0
"Long Lake","1991",1992-03-05,NA,NA,NA,9,0,0,169,71,98,0
"Long Lake","1992",1992-07-14,NA,NA,NA,10,2,0,704,620,84,0
"Long Lake","1992",1992-07-15,NA,NA,NA,5,1,0,201,117,84,0
"Long Lake","1992",1992-07-16,NA,NA,NA,2,1,0,53,33,20,0
"Long Lake","1992",1992-07-19,NA,NA,NA,1,1,0,17,17,0,0
"Long Lake","1992",1992-10-12,NA,NA,NA,4,1,0,384,220,164,0
"Long Lake","1992",1992-10-13,NA,NA,NA,5,1,0,342,191,151,0
"Long Lake","1992",1992-10-14,NA,NA,NA,1,0,0,98,98,0,0
"Long Lake","1993",1993-07-24,NA,NA,NA,4,1,0,355,165,190,0
"Long Lake","1993",1993-07-25,NA,NA,NA,4,1,0,294,139,155,0
"Long Lake","1993",1993-07-26,NA,NA,NA,7,3,0,686,197,489,0
"Long Lake","1993",1994-03-08,NA,NA,NA,11,1,15,308,65,243,0
"Long Lake","1993",1994-03-09,NA,NA,NA,3,0,15,92,26,66,0
"Long Lake","1994",1995-03-23,NA,NA,NA,8,1,0,300,138,162,0
"Long Lake","1994",1995-03-25,NA,NA,NA,3,0,0,205,2,203,0
"Long Lake","1994",1995-03-26,NA,NA,NA,1,1,0,4,2,2,0
"Long Lake","1995",1995-08-30,NA,NA,NA,10,4,0,862,449,413,0
"Long Lake","1995",1995-09-01,NA,NA,NA,2,0,0,83,3,80,0
"Long Lake","1995",1995-09-02,NA,NA,NA,9,2,0,153,66,87,0
"Long Lake","1996",1996-08-16,NA,NA,NA,8,3,0,267,42,225,0
"Long Lake","1996",1996-08-17,NA,NA,NA,8,1,0,143,14,129,0
"Long Lake","1997",1997-08-28,NA,NA,NA,17,4,0,495,219,276,0
"Long Lake (A)","1977",1978-02-15,"FURUNO               ",9,3899,NA,NA,NA,NA,NA,NA,NA
"Long Lake (A)","1978",1979-03-21,"FURUNO               ",9,8413,NA,NA,NA,NA,NA,NA,NA
"Long Lake (A)","1979",1979-08-27,"FURUNO FM22          ",9,3982,NA,NA,NA,NA,NA,NA,NA
"Long Lake (A)","1980",1980-08-14,"FURUNO FM22          ",9,3131,NA,NA,NA,NA,NA,NA,NA
"Long Lake (A)","1980",1980-10-22,"FURUNO FM 22         ",9,878,NA,NA,NA,NA,NA,NA,NA
"Long Lake (A)","1980",1981-02-26,"FURUNO FM22          ",9,1901,NA,NA,NA,NA,NA,NA,NA
"Long Lake (A)","1981",1981-08-25,"FURUNO FM 22         ",9,463,NA,NA,NA,NA,NA,NA,NA
"Long Lake (A)","1981",1981-09-25,"FURUNO FM22          ",9,1031,NA,NA,NA,NA,NA,NA,NA
"Long Lake (A)","1982",1982-07-24,"FURUNO FM 22         ",9,528,NA,NA,NA,NA,NA,NA,NA
"Long Lake (A)","1982",1982-08-15,"FURUNO FM 22         ",9,966,NA,NA,NA,NA,NA,NA,NA
"Long Lake (A)","1982",1982-11-24,"FURUNO FM 22         ",9,6097,NA,NA,NA,NA,NA,NA,NA
"Long Lake (A)","1983",1983-06-03,"FURUNO FM 22         ",9,583,NA,NA,NA,NA,NA,NA,NA
"Long Lake (A)","1983",1983-07-18,"FURUNO FM 22         ",9,731,NA,NA,NA,NA,NA,NA,NA
"Long Lake (A)","1983",1983-08-24,"FURUNO FM 22         ",9,2465,NA,NA,NA,NA,NA,NA,NA
"Long Lake (A)","1983",1983-11-15,"FURUNO FM 22         ",9,5295,NA,NA,NA,NA,NA,NA,NA
"Long Lake (A)","1984",1984-09-13,"FURUNO FM 22         ",9,1573,NA,NA,NA,NA,NA,NA,NA
"Long Lake (A)","1984",1984-11-10,"FURUNO FM 22         ",9,1949,NA,NA,NA,NA,NA,NA,NA
"Long Lake (A)","1985",1985-09-11,"SIMRAD               ",9,9229,NA,NA,NA,NA,NA,NA,NA
"Long Lake (A)","1985",1985-09-12,"FURUNO FM 22         ",9,3057,NA,NA,NA,NA,NA,NA,NA
"Long Lake (A)","1985",1986-02-10,"SIMRAD               ",9,21391,NA,NA,NA,NA,NA,NA,NA
"Long Lake (A)","1986",1986-07-29,"SIMRAD               ",9,5194,NA,NA,NA,NA,NA,NA,NA
"Long Lake (A)","1986",1986-07-30,"FURUNO FM 22         ",9,2127,NA,NA,NA,NA,NA,NA,NA
"Long Lake (A)","1986",1986-11-08,"SIMRAD               ",9,11532,NA,NA,NA,NA,NA,NA,NA
"Long Lake (A)","1986",1986-11-09,"FURUNO FM 22         ",9,6167,NA,NA,NA,NA,NA,NA,NA
"Long Lake (A)","1987",1987-07-18,"SIMRAD               ",9,9268,NA,NA,NA,NA,NA,NA,NA
"Long Lake (A)","1987",1987-09-08,"SIMRAD               ",9,11557,NA,NA,NA,NA,NA,NA,NA
"Long Lake (A)","1988",1988-09-13,"SIMRAD               ",9,9006,NA,NA,NA,NA,NA,NA,NA
"Long Lake (A)","1989",1989-06-24,"SIMRAD               ",9,4424,NA,NA,NA,NA,NA,NA,NA
"Long Lake (A)","1989",1989-09-15,"SIMRAD               ",9,18039,NA,NA,NA,NA,NA,NA,NA
"Long Lake (A)","1989",1990-03-01,"SIMRAD               ",9,29685,NA,NA,NA,NA,NA,NA,NA
"Long Lake (A)","1990",1990-06-22,"SIMRAD               ",9,8184,NA,NA,NA,NA,NA,NA,NA
"Long Lake (A)","1990",1990-06-23,NA,NA,NA,4,1,0,253,3,250,0
"Long Lake (A)","1990",1990-06-24,NA,NA,NA,2,1,0,16,0,16,0
"Long Lake (A)","1990",1990-09-12,"SIMRAD               ",9,10009,3,0,0,126,38,88,0
"Long Lake (A)","1990",1990-09-13,NA,NA,NA,7,1,0,403,61,342,0
"Long Lake (A)","1990",1990-09-14,NA,NA,NA,2,1,0,4,1,3,0
"Long Lake (A)","1990",1991-03-10,NA,NA,NA,3,1,0,98,46,52,0
"Long Lake (A)","1990",1991-03-11,"SIMRAD               ",9,18576,4,0,0,125,23,102,0
"Long Lake (A)","1991",1992-03-04,"SIMRAD               ",9,14046,NA,NA,NA,NA,NA,NA,NA
"Long Lake (A)","1992",1992-07-13,"SIMRAD               ",9,16646,NA,NA,NA,NA,NA,NA,NA
"Long Lake (A)","1992",1992-10-12,"SIMRAD               ",9,17349,NA,NA,NA,NA,NA,NA,NA
"Long Lake (A)","1993",1993-07-23,"SIMRAD               ",9,6113,NA,NA,NA,NA,NA,NA,NA
"Long Lake (A)","1993",1994-03-08,"SIMRAD               ",9,13486,NA,NA,NA,NA,NA,NA,NA
"Long Lake (A)","1994",1995-03-23,"SIMRAD               ",9,17666,NA,NA,NA,NA,NA,NA,NA
"Long Lake (A)","1995",1995-08-31,"SIMRAD               ",9,6479,NA,NA,NA,NA,NA,NA,NA
"Long Lake (A)","1996",1996-08-15,"SIMRAD               ",9,5772,NA,NA,NA,NA,NA,NA,NA
"Long Lake (A)","1997",1997-08-27,"SIMRAD               ",9,6860,NA,NA,NA,NA,NA,NA,NA
"Long Lake (A)","1997",1997-08-28,NA,NA,NA,2,1,0,20,0,20,0
"Long Lake (A)","1997",1998-02-02,"SIMRAD               ",9,7810,NA,NA,NA,NA,NA,NA,NA
"Long Lake (A)","1998",1998-09-21,"SIMRAD               ",9,7739,NA,NA,NA,NA,NA,NA,NA
"Long Lake (A)","1998",1998-09-24,NA,NA,NA,3,0,0,161,120,41,0
"Long Lake (A)","1999",1999-09-06,"SIMRAD               ",9,11951,NA,NA,NA,NA,NA,NA,NA
"Long Lake (A)","1999",1999-09-07,NA,NA,NA,6,1,0,315,288,27,0
"Long Lake (A)","1999",1999-09-08,NA,NA,NA,2,0,0,94,92,2,0
"Long Lake (A)","2000",2000-09-15,"SIMRAD               ",9,4434,NA,NA,NA,NA,NA,NA,NA
"Long Lake (A)","2001",2001-11-16,"SIMRAD               ",9,2765,NA,NA,NA,NA,NA,NA,NA
"Long Lake (A)","2001",2002-02-12,"SIMRAD               ",9,6896,NA,NA,NA,NA,NA,NA,NA
"Long Lake (A)","2002",2003-02-12,"SIMRAD               ",9,9021,NA,NA,NA,NA,NA,NA,NA
"Long Lake (A)","2003",2003-11-25,"SIMRAD               ",9,5884,NA,NA,NA,NA,NA,NA,NA
"Long Lake (A)","2005",2005-12-07,"SIMRAD               ",9,3247,NA,NA,NA,NA,NA,NA,NA
"Long Lake (A)","2006",2007-02-20,"SIMRAD               ",9,5401,NA,NA,NA,NA,NA,NA,NA
"Long Lake (A)","2007",2007-11-08,"SIMRAD               ",9,5530,NA,NA,NA,NA,NA,NA,NA
"Long Lake (A)","2007",2008-02-23,"SIMRAD               ",9,10825,NA,NA,NA,NA,NA,NA,NA
"Long Lake (B)","1977",1978-02-16,"FURUNO               ",7,7750,NA,NA,NA,NA,NA,NA,NA
"Long Lake (B)","1978",1978-08-23,"FURUNO FM 22         ",7,7895,NA,NA,NA,NA,NA,NA,NA
"Long Lake (B)","1978",1979-03-22,"FURUNO               ",7,16321,NA,NA,NA,NA,NA,NA,NA
"Long Lake (B)","1979",1979-08-28,"FURUNO FM22          ",7,7472,NA,NA,NA,NA,NA,NA,NA
"Long Lake (B)","1980",1980-08-15,"FURUNO FM22          ",7,4741,NA,NA,NA,NA,NA,NA,NA
"Long Lake (B)","1980",1980-10-23,"FURUNO FM 22         ",7,2100,NA,NA,NA,NA,NA,NA,NA
"Long Lake (B)","1980",1981-02-27,"FURUNO FM22          ",7,7265,NA,NA,NA,NA,NA,NA,NA
"Long Lake (B)","1981",1981-08-26,"FURUNO FM 22         ",7,1829,NA,NA,NA,NA,NA,NA,NA
"Long Lake (B)","1981",1981-09-26,"FURUNO FM22          ",7,2388,NA,NA,NA,NA,NA,NA,NA
"Long Lake (B)","1982",1982-07-26,"FURUNO FM 22         ",7,817,NA,NA,NA,NA,NA,NA,NA
"Long Lake (B)","1982",1982-08-16,"FURUNO FM 22         ",7,2151,NA,NA,NA,NA,NA,NA,NA
"Long Lake (B)","1982",1982-11-26,"FURUNO FM 22         ",7,7464,NA,NA,NA,NA,NA,NA,NA
"Long Lake (B)","1983",1983-06-04,"FURUNO FM 22         ",7,1996,NA,NA,NA,NA,NA,NA,NA
"Long Lake (B)","1983",1983-07-19,"FURUNO FM 22         ",7,1803,NA,NA,NA,NA,NA,NA,NA
"Long Lake (B)","1983",1983-08-25,"FURUNO FM 22         ",7,6060,NA,NA,NA,NA,NA,NA,NA
"Long Lake (B)","1983",1983-11-15,"FURUNO FM 22         ",7,9908,NA,NA,NA,NA,NA,NA,NA
"Long Lake (B)","1984",1984-09-14,"FURUNO FM 22         ",7,1986,NA,NA,NA,NA,NA,NA,NA
"Long Lake (B)","1984",1984-11-11,"FURUNO FM 22         ",7,2615,NA,NA,NA,NA,NA,NA,NA
"Long Lake (B)","1985",1985-09-11,"SIMRAD               ",7,12212,NA,NA,NA,NA,NA,NA,NA
"Long Lake (B)","1985",1985-09-12,"FURUNO FM 22         ",7,6960,NA,NA,NA,NA,NA,NA,NA
"Long Lake (B)","1985",1986-02-11,"FURUNO FM 22         ",7,9349,NA,NA,NA,NA,NA,NA,NA
"Long Lake (B)","1986",1986-07-29,"SIMRAD               ",7,7952,NA,NA,NA,NA,NA,NA,NA
"Long Lake (B)","1986",1986-07-30,"FURUNO FM 22         ",7,4020,NA,NA,NA,NA,NA,NA,NA
"Long Lake (B)","1986",1986-11-08,"SIMRAD               ",7,14802,NA,NA,NA,NA,NA,NA,NA
"Long Lake (B)","1986",1986-11-09,"FURUNO FM 22         ",7,8496,NA,NA,NA,NA,NA,NA,NA
"Long Lake (B)","1987",1987-07-17,"SIMRAD               ",7,11997,NA,NA,NA,NA,NA,NA,NA
"Long Lake (B)","1987",1987-09-09,"SIMRAD               ",7,17315,NA,NA,NA,NA,NA,NA,NA
"Long Lake (B)","1988",1988-09-13,"SIMRAD               ",7,12005,NA,NA,NA,NA,NA,NA,NA
"Long Lake (B)","1989",1989-06-24,"SIMRAD               ",7,10668,NA,NA,NA,NA,NA,NA,NA
"Long Lake (B)","1989",1989-09-15,"SIMRAD               ",7,24933,NA,NA,NA,NA,NA,NA,NA
"Long Lake (B)","1989",1990-03-01,"SIMRAD               ",7,50192,NA,NA,NA,NA,NA,NA,NA
"Long Lake (B)","1990",1990-06-22,NA,NA,NA,2,1,0,217,4,213,0
"Long Lake (B)","1990",1990-06-23,NA,NA,NA,1,1,0,6,1,5,0
"Long Lake (B)","1990",1990-09-13,"SIMRAD               ",7,14163,4,1,0,520,12,508,0
"Long Lake (B)","1990",1990-09-14,NA,NA,NA,5,0,0,303,158,145,0
"Long Lake (B)","1990",1991-03-11,"SIMRAD               ",7,24859,5,1,0,355,5,350,0
"Long Lake (B)","1990",1991-03-12,NA,NA,NA,3,0,0,248,24,224,0
"Long Lake (B)","1991",1992-03-04,"SIMRAD               ",7,29585,NA,NA,NA,NA,NA,NA,NA
"Long Lake (B)","1992",1992-07-13,"SIMRAD               ",7,18492,NA,NA,NA,NA,NA,NA,NA
"Long Lake (B)","1992",1992-10-12,"SIMRAD               ",7,13493,NA,NA,NA,NA,NA,NA,NA
"Long Lake (B)","1993",1993-07-23,"SIMRAD               ",7,8616,NA,NA,NA,NA,NA,NA,NA
"Long Lake (B)","1993",1994-03-08,"SIMRAD               ",7,24898,NA,NA,NA,NA,NA,NA,NA
"Long Lake (B)","1994",1995-03-23,"SIMRAD               ",7,27066,NA,NA,NA,NA,NA,NA,NA
"Long Lake (B)","1995",1995-08-30,"SIMRAD               ",7,10477,NA,NA,NA,NA,NA,NA,NA
"Long Lake (B)","1996",1996-08-15,"SIMRAD               ",7,5183,NA,NA,NA,NA,NA,NA,NA
"Long Lake (B)","1997",1997-08-27,"SIMRAD               ",7,5894,NA,NA,NA,NA,NA,NA,NA
"Long Lake (B)","1997",1998-02-02,"SIMRAD               ",7,12701,NA,NA,NA,NA,NA,NA,NA
"Long Lake (B)","1998",1998-09-21,"SIMRAD               ",7,12621,NA,NA,NA,NA,NA,NA,NA
"Long Lake (B)","1998",1998-09-22,NA,NA,NA,1,0,0,8,0,8,0
"Long Lake (B)","1998",1998-09-23,NA,NA,NA,5,0,0,302,262,40,0
"Long Lake (B)","1998",1998-09-24,NA,NA,NA,2,0,0,88,77,11,0
"Long Lake (B)","1999",1999-09-06,"SIMRAD               ",7,6799,NA,NA,NA,NA,NA,NA,NA
"Long Lake (B)","1999",1999-09-08,NA,NA,NA,3,1,0,586,462,124,0
"Long Lake (B)","2000",2000-09-15,"SIMRAD               ",7,5859,NA,NA,NA,NA,NA,NA,NA
"Long Lake (B)","2001",2001-11-16,"SIMRAD               ",7,3655,NA,NA,NA,NA,NA,NA,NA
"Long Lake (B)","2001",2002-02-12,"SIMRAD               ",7,11055,NA,NA,NA,NA,NA,NA,NA
"Long Lake (B)","2002",2002-10-15,"SIMRAD               ",7,10147,NA,NA,NA,NA,NA,NA,NA
"Long Lake (B)","2002",2003-02-12,"SIMRAD               ",7,15390,NA,NA,NA,NA,NA,NA,NA
"Long Lake (B)","2003",2003-11-25,"SIMRAD               ",7,9947,NA,NA,NA,NA,NA,NA,NA
"Long Lake (B)","2005",2005-12-07,"SIMRAD               ",7,6747,NA,NA,NA,NA,NA,NA,NA
"Long Lake (B)","2006",2007-02-20,"SIMRAD               ",7,8049,NA,NA,NA,NA,NA,NA,NA
"Long Lake (B)","2007",2007-11-08,"SIMRAD               ",7,5637,NA,NA,NA,NA,NA,NA,NA
"Long Lake (B)","2007",2008-02-23,"SIMRAD               ",7,8322,NA,NA,NA,NA,NA,NA,NA
"Lowe Lake","1978",1978-09-20,"FURUNO FM 22         ",4,206,4,0,120,7,6,0,1
"Lowe Lake","1979",1979-07-14,NA,NA,NA,1,0,30,76,76,0,0
"Lowe Lake","1979",1979-07-22,"FURUNO FE 501        ",4,997,NA,NA,NA,NA,NA,NA,NA
"Lowe Lake","1979",1979-07-23,NA,NA,NA,3,0,90,453,453,0,0
"Lowe Lake","1979",1979-10-13,"FURUNO FM 22         ",4,866,3,0,90,193,193,0,0
"Lowe Lake","1979",1979-10-14,NA,NA,NA,1,0,30,76,76,0,0
"Lowe Lake","1980",1980-09-18,"FURUNO FM 22         ",4,228,3,0,90,5,4,0,1
"Lowe Lake","1980",1980-09-19,NA,NA,NA,2,0,60,5,5,0,0
"Lowe Lake","1981",1981-10-14,"FURUNO FM 22         ",4,477,4,1,90,16,13,1,2
"Lowe Lake","1981",1981-10-15,NA,NA,NA,1,1,25,10,9,0,1
"Lowe Lake","1982",1982-10-20,"FURUNO FM 22         ",4,204,5,1,95,15,8,0,7
"Lowe Lake","1983",1983-09-05,"FURUNO FM 22         ",4,1274,5,1,80,120,120,0,0
"Lowe Lake","1984",1984-08-31,"FURUNO FM 22         ",4,343,2,0,30,8,8,0,0
"Lowe Lake","1985",1985-09-07,"SIMRAD               ",4,1027,3,0,45,27,27,0,0
"Lowe Lake","1985",1985-09-08,NA,NA,NA,2,0,30,30,30,0,0
"Maggie Lake","1988",1988-07-06,"SIMRAD               ",6,270,1,0,0,1,1,0,0
"Maggie Lake","1988",1988-08-17,"SIMRAD               ",6,375,NA,NA,NA,NA,NA,NA,NA
"Maggie Lake","1988",1988-08-18,NA,NA,NA,5,0,0,21,20,1,0
"Mathers Lake","1984",1984-09-04,"FURUNO FM 22         ",4,390,1,0,15,28,27,1,0
"Mathers Lake","1984",1984-09-05,NA,NA,NA,4,0,60,39,13,26,0
"Mathers Lake","1985",1985-09-03,"SIMRAD               ",4,485,3,0,45,28,3,25,0
"Mathers Lake","1985",1985-09-04,NA,NA,NA,5,2,75,26,20,6,0
"Mathers Lake","1993",1993-08-28,"SIMRAD               ",4,444,1,0,0,11,1,10,0
"Mathers Lake","1993",1993-08-29,NA,NA,NA,2,0,0,75,22,53,0
"Megin Lake","1984",1984-07-26,NA,NA,NA,1,0,15,16,12,4,0
"Megin Lake","1984",1984-10-26,"FURUNO FM 22         ",6,638,2,0,30,11,5,6,0
"Megin Lake","1984",1984-10-27,NA,NA,NA,3,0,45,9,5,4,0
"Megin Lake","1985",1985-08-24,"SIMRAD               ",6,3051,NA,NA,NA,NA,NA,NA,NA
"Megin Lake","1985",1985-08-26,NA,NA,NA,5,0,65,57,44,13,0
"Megin Lake","1987",1987-11-28,"SIMRAD               ",6,1679,NA,NA,NA,NA,NA,NA,NA
"Megin Lake","1987",1987-11-29,NA,NA,NA,7,0,0,29,5,21,3
"Megin Lake","1993",1994-03-11,"SIMRAD               ",6,1865,6,1,0,44,15,29,0
"Megin Lake","1994",1994-10-03,"SIMRAD               ",6,3469,NA,NA,NA,NA,NA,NA,NA
"Megin Lake","1994",1995-03-27,"SIMRAD               ",6,2870,NA,NA,NA,NA,NA,NA,NA
"Megin Lake","1995",1995-10-15,"SIMRAD               ",6,2033,6,2,0,50,43,6,1
"Megin Lake","1995",1996-03-19,NA,NA,NA,1,0,0,6,6,0,0
"Megin Lake","1995",1996-03-20,"SIMRAD               ",6,2047,5,0,0,28,12,16,0
"Mercer Lake","1979",1979-08-01,NA,NA,NA,1,0,30,461,393,68,0
"Mercer Lake","1979",1979-08-02,NA,NA,NA,1,0,15,164,143,21,0
"Mercer Lake","1980",1980-07-26,"FURUNO FM 22         ",6,965,NA,NA,NA,NA,NA,NA,NA
"Mercer Lake","1980",1980-07-27,NA,NA,NA,3,0,85,376,156,220,0
"Mercer Lake","1981",1981-10-09,"FURUNO FM 22         ",6,293,5,0,120,269,191,78,0
"Mercer Lake","1982",1983-02-02,"FURUNO FM 22         ",6,585,3,1,50,447,83,364,0
"Mercer Lake","1983",1983-08-31,"FURUNO FM 22         ",6,621,5,1,60,193,147,46,0
"Mercer Lake","1984",1984-09-05,"FURUNO FM 22         ",6,934,4,3,60,152,107,45,0
"Mercer Lake","1984",1984-09-06,NA,NA,NA,7,0,105,990,840,150,0
"Mercer Lake","1986",1986-08-14,"SIMRAD               ",6,2089,1,1,15,3,0,3,0
"Mercer Lake","1986",1986-08-15,NA,NA,NA,9,1,135,260,117,143,0
"Meziadin Lake","1978",1978-06-23,NA,NA,NA,3,0,90,71,71,0,0
"Meziadin Lake","1978",1978-06-24,NA,NA,NA,2,0,60,126,126,0,0
"Meziadin Lake","1978",1978-10-11,NA,NA,NA,5,0,142,245,245,0,0
"Meziadin Lake","1991",1991-08-30,NA,NA,NA,2,1,0,10,10,0,0
"Meziadin Lake","1991",1991-08-31,"SIMRAD               ",6,3410,3,0,0,80,80,0,0
"Meziadin Lake","1992",1992-09-08,NA,NA,NA,7,2,0,169,169,0,0
"Meziadin Lake","1993",1993-06-15,NA,NA,NA,6,1,0,203,203,0,0
"Meziadin Lake","1993",1993-07-10,NA,NA,NA,6,1,0,320,320,0,0
"Meziadin Lake","1993",1993-08-09,NA,NA,NA,4,1,0,298,298,0,0
"Meziadin Lake","1993",1993-09-22,NA,NA,NA,10,4,0,210,209,0,1
"Morice Lake","1978",1978-07-24,NA,NA,NA,4,0,120,4,1,0,3
"Morice Lake","1978",1978-07-25,NA,NA,NA,1,0,30,1,0,0,1
"Morrison Lake","1995",1995-09-29,"SIMRAD               ",7,666,8,1,0,44,39,0,5
"Muchalat Lake","1983",1983-11-06,"FURUNO FM 22         ",5,1682,5,1,75,78,78,0,0
"Muchalat Lake","1984",1984-10-25,"FURUNO FM 22         ",5,2479,4,1,60,35,35,0,0
"Muchalat Lake","1984",1984-10-26,NA,NA,NA,2,0,30,113,113,0,0
"Muchalat Lake","1985",1985-08-22,"FURUNO FM 22         ",5,1671,NA,NA,NA,NA,NA,NA,NA
"Muchalat Lake","1985",1985-08-23,NA,NA,NA,3,0,45,72,72,0,0
"Muchalat Lake","1986",1986-11-06,"SIMRAD               ",5,2333,5,0,75,25,25,0,0
"Muchalat Lake","1986",1986-11-07,"FURUNO FM 22         ",5,1150,NA,NA,NA,NA,NA,NA,NA
"Muchalat Lake","1987",1987-07-13,"SIMRAD               ",5,1196,3,0,0,240,240,0,0
"Muchalat Lake","1988",1988-07-11,NA,NA,NA,2,0,0,227,226,1,0
"Muchalat Lake","1988",1988-07-12,NA,NA,NA,2,0,0,10,10,0,0
"Muchalat Lake","1993",1993-11-30,"SIMRAD               ",5,2202,4,0,0,178,178,0,0
"Muchalat Lake","1994",1994-10-02,"SIMRAD               ",5,4952,NA,NA,NA,NA,NA,NA,NA
"Muchalat Lake","1994",1995-02-10,"SIMRAD               ",5,2021,8,2,0,106,106,0,0
"Muchalat Lake","1995",1995-08-14,"SIMRAD               ",5,2474,NA,NA,NA,NA,NA,NA,NA
"Muchalat Lake","1995",1995-08-15,"SIMRAD               ",5,1764,4,0,0,280,280,0,0
"Muchalat Lake","1995",1996-03-13,"SIMRAD               ",5,486,9,1,0,75,75,0,0
"Muriel Lake","1982",1983-03-09,"SIMRAD               ",10,310,4,0,55.1,23,19,0,4
"Muriel Lake","1983",1983-06-21,"FURUNO FM 22         ",10,224,NA,NA,NA,NA,NA,NA,NA
"Muriel Lake","1983",1983-06-22,NA,NA,NA,3,1,60,76,68,8,0
"Muriel Lake","1983",1983-09-01,"SIMRAD               ",10,641,3,1,30,9,8,0,1
"Muriel Lake","1983",1983-11-04,"FURUNO FM 22         ",10,898,6,1,62,67,33,33,1
"Muriel Lake","1984",1984-06-27,"FURUNO FM 22         ",10,293,NA,NA,NA,NA,NA,NA,NA
"Muriel Lake","1984",1984-06-28,NA,NA,NA,9,1,81,166,165,1,0
"Muriel Lake","1984",1984-11-20,"FURUNO FM 22         ",10,781,7,1,104,105,4,101,0
"Muriel Lake","1985",1985-06-26,"SIMRAD               ",10,1163,NA,NA,NA,NA,NA,NA,NA
"Muriel Lake","1985",1985-06-27,NA,NA,NA,9,3,135,24,18,6,0
"Muriel Lake","1985",1985-06-28,NA,NA,NA,3,0,45,21,21,0,0
"Muriel Lake","1985",1985-09-16,"SIMRAD               ",10,1676,1,1,15,1,0,1,0
"Muriel Lake","1985",1985-09-17,NA,NA,NA,8,0,120,229,214,15,0
"Muriel Lake","1985",1985-11-06,"SIMRAD               ",10,1521,NA,NA,NA,NA,NA,NA,NA
"Muriel Lake","1985",1985-11-07,NA,NA,NA,9,2,136,77,45,32,0
"Muriel Lake","1985",1986-01-20,NA,NA,NA,1,0,15,3,3,0,0
"Muriel Lake","1985",1986-01-21,"SIMRAD               ",10,2164,NA,NA,NA,NA,NA,NA,NA
"Muriel Lake","1985",1986-01-22,"SIMRAD               ",10,98,7,0,104,46,32,14,0
"Muriel Lake","1986",1986-07-24,"SIMRAD               ",10,936,NA,NA,NA,NA,NA,NA,NA
"Muriel Lake","1986",1986-07-26,NA,NA,NA,11,3,165,35,27,8,0
"Muriel Lake","1986",1986-08-20,"SIMRAD               ",10,1100,NA,NA,NA,NA,NA,NA,NA
"Muriel Lake","1986",1986-08-22,NA,NA,NA,7,2,105,20,17,3,0
"Muriel Lake","1986",1986-10-27,"SIMRAD               ",10,1769,2,0,30,4,4,0,0
"Muriel Lake","1986",1986-10-28,NA,NA,NA,6,0,90,26,13,13,0
"Muriel Lake","1986",1986-11-03,"SIMRAD               ",10,783,NA,NA,NA,NA,NA,NA,NA
"Muriel Lake","1986",1986-11-04,"SIMRAD               ",10,1383,NA,NA,NA,NA,NA,NA,NA
"Muriel Lake","1986",1986-11-05,"SIMRAD               ",10,621,NA,NA,NA,NA,NA,NA,NA
"Muriel Lake","1986",1987-03-11,NA,NA,NA,3,0,0,27,16,11,0
"Muriel Lake","1986",1987-03-12,NA,NA,NA,4,0,0,33,33,0,0
"Muriel Lake","1986",1987-03-28,NA,NA,NA,1,1,0,10,0,0,10
"Muriel Lake","1986",1987-03-31,NA,NA,NA,1,1,0,9,0,0,9
"Muriel Lake","1987",1987-04-24,"SIMRAD               ",10,580,1,0,0,7,7,0,0
"Muriel Lake","1987",1987-04-25,NA,NA,NA,3,1,0,16,15,0,1
"Muriel Lake","1987",1987-06-27,"SIMRAD               ",10,405,1,0,0,5,5,0,0
"Muriel Lake","1987",1987-06-28,NA,NA,NA,2,0,0,9,9,0,0
"Muriel Lake","1987",1987-08-17,"SIMRAD               ",10,669,2,1,0,6,3,3,0
"Muriel Lake","1987",1987-08-18,NA,NA,NA,4,0,0,16,14,2,0
"Muriel Lake","1987",1987-10-20,"SIMRAD               ",10,1460,4,0,0,31,0,31,0
"Muriel Lake","1987",1987-10-21,NA,NA,NA,1,1,0,1,1,0,0
"Muriel Lake","1987",1987-11-11,"SIMRAD               ",10,1549,5,0,0,14,9,5,0
"Muriel Lake","1987",1987-11-12,NA,NA,NA,8,0,0,37,33,4,0
"Muriel Lake","1987",1987-11-13,NA,NA,NA,1,0,0,19,0,19,0
"Muriel Lake","1987",1988-03-03,"SIMRAD               ",10,707,5,0,0,16,11,5,0
"Muriel Lake","1987",1988-03-04,NA,NA,NA,9,0,0,25,21,4,0
"Muriel Lake","1988",1988-05-28,NA,NA,NA,3,0,0,10,10,0,0
"Muriel Lake","1988",1988-05-29,"SIMRAD               ",10,420,9,2,0,58,57,1,0
"Muriel Lake","1988",1988-07-17,"SIMRAD               ",10,577,1,0,0,29,29,0,0
"Muriel Lake","1988",1988-07-18,NA,NA,NA,5,2,0,48,44,3,1
"Muriel Lake","1988",1988-10-26,"SIMRAD               ",10,2112,NA,NA,NA,NA,NA,NA,NA
"Muriel Lake","1988",1988-10-27,NA,NA,NA,10,0,0,60,42,18,0
"Muriel Lake","1988",1988-10-28,NA,NA,NA,9,1,0,63,58,5,0
"Muriel Lake","1988",1989-02-22,"SIMRAD               ",10,1789,6,0,0,74,64,9,1
"Muriel Lake","1988",1989-02-23,NA,NA,NA,8,0,0,110,98,12,0
"Muriel Lake","1989",1989-05-31,"SIMRAD               ",10,798,NA,NA,NA,NA,NA,NA,NA
"Muriel Lake","1989",1989-06-01,NA,NA,NA,10,2,0,117,99,16,2
"Muriel Lake","1989",1989-09-26,"SIMRAD               ",10,717,3,0,0,33,33,0,0
"Muriel Lake","1989",1989-09-27,"SIMRAD               ",10,714,4,1,0,33,28,4,1
"Muriel Lake","1989",1990-02-18,NA,NA,NA,4,0,0,11,6,3,2
"Muriel Lake","1989",1990-02-19,"SIMRAD               ",10,2539,3,0,0,14,13,1,0
"Muriel Lake","1990",1990-04-26,"SIMRAD               ",10,683,NA,NA,NA,NA,NA,NA,NA
"Muriel Lake","1990",1990-05-26,NA,NA,NA,6,1,0,24,22,1,1
"Muriel Lake","1990",1990-07-21,NA,NA,NA,1,1,0,5,0,5,0
"Muriel Lake","1990",1990-07-22,NA,NA,NA,2,0,0,5,4,1,0
"Muriel Lake","1990",1990-09-10,"SIMRAD               ",10,460,3,1,0,18,3,11,4
"Muriel Lake","1990",1990-09-11,NA,NA,NA,1,0,0,4,4,0,0
"Muriel Lake","1990",1991-02-19,NA,NA,NA,1,0,0,4,3,1,0
"Muriel Lake","1995",1995-07-17,"SIMRAD               ",10,386,NA,NA,NA,NA,NA,NA,NA
"Muriel Lake","1995",1995-08-01,"SIMRAD               ",10,NA,NA,NA,NA,NA,NA,NA,NA
"Muriel Lake","1995",1996-03-22,"SIMRAD               ",10,432,NA,NA,NA,NA,NA,NA,NA
"Muriel Lake","1996",1996-10-29,"SIMRAD               ",10,1446,NA,NA,NA,NA,NA,NA,NA
"Muriel Lake","1997",1997-10-20,"SIMRAD               ",10,1307,NA,NA,NA,NA,NA,NA,NA
"Muriel Lake","1997",1997-10-21,NA,NA,NA,7,0,0,111,109,2,0
"Muriel Lake","1997",1998-03-02,"SIMRAD               ",10,1293,NA,NA,NA,NA,NA,NA,NA
"Muriel Lake","1999",2000-02-08,"SIMRAD               ",10,1046,NA,NA,NA,NA,NA,NA,NA
"Muriel Lake","2000",2000-10-30,"SIMRAD               ",10,1930,NA,NA,NA,NA,NA,NA,NA
"Muriel Lake","2000",2000-10-31,"SIMRAD               ",10,1341,NA,NA,NA,NA,NA,NA,NA
"Muriel Lake","2001",2002-03-01,"SIMRAD               ",10,1670,NA,NA,NA,NA,NA,NA,NA
"Muriel Lake","2002",2003-03-11,"SIMRAD               ",10,1636,NA,NA,NA,NA,NA,NA,NA
"Nahmint Lake","1986",1986-09-25,"SIMRAD               ",5,829,3,0,45,7,7,0,0
"Nahmint Lake","1987",1987-07-10,"SIMRAD               ",5,973,4,0,0,33,33,0,0
"Nahmint Lake","1987",1987-07-11,NA,NA,NA,2,0,0,27,26,0,1
"Nahmint Lake","1987",1987-09-18,"SIMRAD               ",5,336,2,1,0,4,3,1,0
"Nahmint Lake","1987",1987-09-26,"SIMRAD               ",5,775,3,1,0,9,9,0,0
"Nahmint Lake","1988",1988-07-08,"SIMRAD               ",5,809,1,0,0,7,7,0,0
"Nahmint Lake","1988",1988-07-09,NA,NA,NA,6,1,0,17,13,0,4
"Nahmint Lake","1988",1988-09-23,NA,NA,NA,3,0,0,4,4,0,0
"Nahmint Lake","1988",1988-09-24,NA,NA,NA,1,0,0,1,1,0,0
"Nahmint Lake","1989",1989-09-30,"SIMRAD               ",5,1314,NA,NA,NA,NA,NA,NA,NA
"Nahwitti Lake","1984",1984-11-15,"SIMRAD               ",5,868,6,0,90,55,55,0,0
"Nahwitti Lake","1985",1985-08-27,"SIMRAD               ",5,553,3,0,45,15,15,0,0
"Nahwitti Lake","1985",1985-08-28,NA,NA,NA,3,0,43,10,10,0,0
"Nahwitti Lake","1987",1987-07-21,"SIMRAD               ",5,932,4,0,0,180,180,0,0
"Nahwitti Lake","1987",1987-07-22,NA,NA,NA,4,1,0,85,85,0,0
"Nahwitti Lake","1988",1988-08-08,"SIMRAD               ",5,1049,NA,NA,NA,NA,NA,NA,NA
"Nahwitti Lake","1988",1988-08-09,NA,NA,NA,5,1,0,150,150,0,0
"Nahwitti Lake","1989",1989-04-30,"SIMRAD               ",5,1373,NA,NA,NA,NA,NA,NA,NA
"Nahwitti_2005","2004",2005-01-18,"SIMRAD               ",8,1597,NA,NA,NA,NA,NA,NA,NA
"Nakina Lake","1993",1993-09-05,"SIMRAD               ",7,12,NA,NA,NA,NA,NA,NA,NA
"Nakina Lake","1994",1994-09-26,"SIMRAD               ",7,22,NA,NA,NA,NA,NA,NA,NA
"Nimpkish Lake","1978",1978-11-29,"FURUNO FM 22         ",8,2163,NA,NA,NA,NA,NA,NA,NA
"Nimpkish Lake","1978",1978-11-30,NA,NA,NA,5,0,100,31,6,25,0
"Nimpkish Lake","1979",1979-11-06,"FURUNO FM 22         ",8,3344,NA,NA,NA,NA,NA,NA,NA
"Nimpkish Lake","1979",1979-11-07,NA,NA,NA,5,0,150,57,28,29,0
"Nimpkish Lake","1980",1980-11-04,"FURUNO FM 22         ",8,9481,1,0,30,47,43,4,0
"Nimpkish Lake","1980",1980-11-05,NA,NA,NA,4,0,120,102,91,11,0
"Nimpkish Lake","1981",1981-08-16,"FURUNO FM 22         ",8,9539,4,0,80,126,126,0,0
"Nimpkish Lake","1981",1981-08-17,NA,NA,NA,1,0,20,2,1,1,0
"Nimpkish Lake","1981",1981-09-18,"FURUNO FM 22         ",8,10542,5,2,100,129,128,1,0
"Nimpkish Lake","1982",1982-06-17,NA,NA,NA,3,1,60,8,4,3,1
"Nimpkish Lake","1982",1982-06-18,NA,NA,NA,3,0,60,11,3,6,2
"Nimpkish Lake","1982",1982-07-22,"FURUNO FM 22         ",8,3252,2,0,35,129,128,1,0
"Nimpkish Lake","1982",1982-07-23,NA,NA,NA,4,0,80,46,45,1,0
"Nimpkish Lake","1982",1982-08-17,"FURUNO FM 22         ",8,10554,NA,NA,NA,NA,NA,NA,NA
"Nimpkish Lake","1982",1982-08-18,NA,NA,NA,3,0,60,79,77,2,0
"Nimpkish Lake","1982",1982-08-19,NA,NA,NA,2,1,40,35,35,0,0
"Nimpkish Lake","1982",1982-11-17,"FURUNO FM 22         ",8,6424,3,1,60,81,80,0,1
"Nimpkish Lake","1982",1982-11-18,NA,NA,NA,2,0,40,22,20,2,0
"Nimpkish Lake","1983",1983-06-01,"FURUNO FM 22         ",8,5050,2,1,35,62,52,10,0
"Nimpkish Lake","1983",1983-06-02,NA,NA,NA,2,1,35,73,65,8,0
"Nimpkish Lake","1983",1983-06-03,NA,NA,NA,3,0,40,174,170,4,0
"Nimpkish Lake","1983",1983-07-21,"FURUNO FM 22         ",8,2292,1,0,20,21,20,1,0
"Nimpkish Lake","1983",1983-07-22,NA,NA,NA,5,2,85,21,10,10,1
"Nimpkish Lake","1983",1983-08-26,"FURUNO FM 22         ",8,12898,3,1,55,50,32,18,0
"Nimpkish Lake","1983",1983-08-27,NA,NA,NA,3,0,50,86,84,2,0
"Nimpkish Lake","1983",1983-11-11,NA,NA,NA,2,1,35,41,33,8,0
"Nimpkish Lake","1983",1983-11-12,NA,NA,NA,4,0,95,36,36,0,0
"Nimpkish Lake","1984",1984-08-22,"FURUNO FM 22         ",8,10529,1,0,15,13,13,0,0
"Nimpkish Lake","1984",1984-08-23,NA,NA,NA,5,1,75,72,62,10,0
"Nimpkish Lake","1984",1984-11-08,"SIMRAD               ",8,11441,5,1,75,30,18,12,0
"Nimpkish Lake","1984",1984-11-09,NA,NA,NA,2,0,30,8,8,0,0
"Nimpkish Lake","1985",1985-08-26,"FURUNO FM 22         ",8,6902,1,0,15,19,18,1,0
"Nimpkish Lake","1985",1985-08-27,NA,NA,NA,3,1,45,64,42,22,0
"Nimpkish Lake","1985",1985-11-10,"SIMRAD               ",8,13736,5,0,70,26,7,19,0
"Nimpkish Lake","1985",1985-11-11,"FURUNO FM 22         ",8,4334,3,0,45,9,8,1,0
"Nimpkish Lake","1986",1986-07-27,"SIMRAD               ",8,4152,1,1,15,15,8,7,0
"Nimpkish Lake","1986",1986-07-28,"FURUNO FM 22         ",8,2204,6,1,90,101,53,48,0
"Nimpkish Lake","1986",1986-07-29,NA,NA,NA,6,2,90,10,3,7,0
"Nimpkish Lake","1987",1987-07-19,NA,NA,NA,1,1,0,2,0,2,0
"Nimpkish Lake","1987",1987-07-20,NA,NA,NA,2,0,0,30,5,25,0
"Nimpkish Lake","1987",1987-08-10,"SIMRAD               ",8,5219,2,0,0,12,7,3,2
"Nimpkish Lake","1987",1987-08-11,NA,NA,NA,7,3,0,33,9,24,0
"Nimpkish Lake","1987",1987-08-12,NA,NA,NA,3,0,0,4,2,0,2
"Nimpkish Lake","1987",1987-09-11,NA,NA,NA,6,4,0,243,20,223,0
"Nimpkish Lake","1987",1987-09-12,"SIMRAD               ",8,9474,7,4,0,83,11,72,0
"Nimpkish Lake","1987",1987-09-13,NA,NA,NA,3,0,0,7,7,0,0
"Nimpkish Lake","1988",1988-07-14,"SIMRAD               ",8,5795,NA,NA,NA,NA,NA,NA,NA
"Nimpkish Lake","1988",1988-07-15,NA,NA,NA,9,2,0,101,66,35,0
"Nimpkish Lake","1988",1988-07-16,NA,NA,NA,5,2,0,25,6,19,0
"Nimpkish Lake","1989",1989-05-17,NA,NA,NA,1,1,0,11,0,11,0
"Nimpkish Lake","1989",1989-09-13,"SIMRAD               ",8,27812,NA,NA,NA,NA,NA,NA,NA
"Nimpkish Lake","1989",1989-09-14,"SIMRAD               ",8,21901,NA,NA,NA,NA,NA,NA,NA
"Nimpkish Lake","1990",1990-08-24,"SIMRAD               ",8,6512,1,0,0,8,8,0,0
"Nimpkish Lake","1990",1990-08-25,NA,NA,NA,9,2,0,127,57,70,0
"Nimpkish Lake","1990",1990-08-26,NA,NA,NA,6,0,0,96,87,9,0
"Nimpkish Lake","1991",1992-03-11,"SIMRAD               ",8,5515,5,1,0,78,14,64,0
"Nimpkish Lake","1991",1992-03-12,NA,NA,NA,6,1,0,52,7,45,0
"Nimpkish Lake","1992",1992-08-09,"SIMRAD               ",8,9593,NA,NA,NA,NA,NA,NA,NA
"Nimpkish Lake","1993",1994-03-05,"SIMRAD               ",8,3910,NA,NA,NA,NA,NA,NA,NA
"Nimpkish Lake","1994",1995-02-07,"SIMRAD               ",8,4837,NA,NA,NA,NA,NA,NA,NA
"Nimpkish Lake","1995",1995-08-09,"SIMRAD               ",8,7107,NA,NA,NA,NA,NA,NA,NA
"Nimpkish Lake","1997",1998-03-02,"SIMRAD               ",8,2269,NA,NA,NA,NA,NA,NA,NA
"Nimpkish Lake","2001",2001-12-11,"SIMRAD               ",8,2249,NA,NA,NA,NA,NA,NA,NA
"Nimpkish Lake","2002",2002-11-20,"SIMRAD               ",8,6157,NA,NA,NA,NA,NA,NA,NA
"Nimpkish Lake","2002",2002-12-05,"SIMRAD               ",8,3889,NA,NA,NA,NA,NA,NA,NA
"Nimpkish Lake","2002",2003-01-21,"SIMRAD               ",8,4101,NA,NA,NA,NA,NA,NA,NA
"Nimpkish Lake","2003",2003-12-09,"SIMRAD               ",8,4189,NA,NA,NA,NA,NA,NA,NA
"Osoyoos Lake C","1997",1997-09-09,"SIMRAD               ",2,142,NA,NA,NA,NA,NA,NA,NA
"Osoyoos Lake C","1997",1997-11-02,"SIMRAD               ",2,338,NA,NA,NA,NA,NA,NA,NA
"Osoyoos Lake C","1998",1998-05-08,"SIMRAD               ",2,1397,NA,NA,NA,NA,NA,NA,NA
"Osoyoos Lake C","1998",1998-07-24,"SIMRAD               ",2,677,NA,NA,NA,NA,NA,NA,NA
"Osoyoos Lake C","1998",1998-10-02,"SIMRAD               ",2,40,NA,NA,NA,NA,NA,NA,NA
"Osoyoos Lake N","1997",1997-07-29,"SIMRAD               ",10,4195,NA,NA,NA,NA,NA,NA,NA
"Osoyoos Lake N","1997",1997-09-09,"SIMRAD               ",10,4592,NA,NA,NA,NA,NA,NA,NA
"Osoyoos Lake N","1997",1997-11-03,"SIMRAD               ",10,3174,NA,NA,NA,NA,NA,NA,NA
"Osoyoos Lake N","1998",1998-05-08,"SIMRAD               ",10,9402,NA,NA,NA,NA,NA,NA,NA
"Osoyoos Lake N","1998",1998-07-24,"SIMRAD               ",10,19574,NA,NA,NA,NA,NA,NA,NA
"Osoyoos Lake N","1998",1998-10-02,"SIMRAD               ",10,35155,NA,NA,NA,NA,NA,NA,NA
"Osoyoos Lake N","1998",1998-10-03,"SIMRAD               ",10,5673,NA,NA,NA,NA,NA,NA,NA
"Osoyoos Lake N","1999",1999-05-28,"SIMRAD               ",10,1022,NA,NA,NA,NA,NA,NA,NA
"Osoyoos Lake N","1999",1999-08-11,"SIMRAD               ",10,2061,NA,NA,NA,NA,NA,NA,NA
"Osoyoos Lake N","1999",1999-09-25,"SIMRAD               ",10,2430,NA,NA,NA,NA,NA,NA,NA
"Osoyoos Lake N","2000",2000-07-05,"SIMRAD               ",10,8798,NA,NA,NA,NA,NA,NA,NA
"Osoyoos Lake N","2000",2000-07-06,"SIMRAD               ",10,9860,NA,NA,NA,NA,NA,NA,NA
"Osoyoos Lake N","2000",2000-09-27,"SIMRAD               ",10,10989,NA,NA,NA,NA,NA,NA,NA
"Osoyoos Lake N","2000",2000-09-28,"SIMRAD               ",10,12015,NA,NA,NA,NA,NA,NA,NA
"Osoyoos Lake N","2001",2001-06-11,"SIMRAD               ",10,20294,NA,NA,NA,NA,NA,NA,NA
"Osoyoos Lake N","2001",2001-07-25,"SIMRAD               ",10,24163,NA,NA,NA,NA,NA,NA,NA
"Osoyoos Lake N","2001",2001-11-26,"SIMRAD               ",10,23886,NA,NA,NA,NA,NA,NA,NA
"Osoyoos Lake N","2002",2002-04-24,"SIMRAD               ",10,11382,NA,NA,NA,NA,NA,NA,NA
"Osoyoos Lake N","2002",2002-10-29,"SIMRAD               ",10,6988,NA,NA,NA,NA,NA,NA,NA
"Osoyoos Lake N","2002",2002-11-25,"SIMRAD               ",10,15240,NA,NA,NA,NA,NA,NA,NA
"Osoyoos Lake N","2002",2003-02-24,"SIMRAD               ",10,11850,NA,NA,NA,NA,NA,NA,NA
"Osoyoos Lake N","2003",2003-05-26,"SIMRAD               ",10,6944,NA,NA,NA,NA,NA,NA,NA
"Osoyoos Lake N","2003",2003-09-20,"SIMRAD               ",10,7596,NA,NA,NA,NA,NA,NA,NA
"Osoyoos Lake N","2003",2004-03-03,"SIMRAD               ",10,4179,NA,NA,NA,NA,NA,NA,NA
"Osoyoos Lake N","2004",2004-07-21,"SIMRAD               ",10,5515,NA,NA,NA,NA,NA,NA,NA
"Osoyoos Lake N","2004",2004-11-03,"SIMRAD               ",10,4909,NA,NA,NA,NA,NA,NA,NA
"Osoyoos Lake N","2005",2005-05-26,"SIMRAD               ",10,11290,NA,NA,NA,NA,NA,NA,NA
"Osoyoos Lake N","2005",2005-08-05,"SIMRAD               ",10,21021,NA,NA,NA,NA,NA,NA,NA
"Osoyoos Lake N","2005",2005-09-13,"SIMRAD               ",10,55548,NA,NA,NA,NA,NA,NA,NA
"Osoyoos Lake N","2005",2005-11-28,"SIMRAD               ",10,15020,NA,NA,NA,NA,NA,NA,NA
"Osoyoos Lake N","2005",2006-01-18,"SIMRAD               ",10,10875,NA,NA,NA,NA,NA,NA,NA
"Osoyoos Lake N","2006",2006-05-17,"SIMRAD               ",10,6309,NA,NA,NA,NA,NA,NA,NA
"Osoyoos Lake N","2006",2006-11-22,"SIMRAD               ",10,15674,NA,NA,NA,NA,NA,NA,NA
"Osoyoos Lake N","2006",2007-03-14,"SIMRAD               ",10,7146,NA,NA,NA,NA,NA,NA,NA
"Osoyoos Lake N","2007",2007-07-18,"SIMRAD               ",10,16126,NA,NA,NA,NA,NA,NA,NA
"Osoyoos Lake N","2007",2007-08-15,"SIMRAD               ",10,18523,NA,NA,NA,NA,NA,NA,NA
"Osoyoos Lake S","1997",1997-09-09,"SIMRAD               ",8,88,NA,NA,NA,NA,NA,NA,NA
"Osoyoos Lake S","1997",1997-11-02,"SIMRAD               ",8,269,NA,NA,NA,NA,NA,NA,NA
"Osoyoos Lake S","1998",1998-05-08,"SIMRAD               ",8,1346,NA,NA,NA,NA,NA,NA,NA
"Osoyoos Lake S","1998",1998-10-02,"SIMRAD               ",8,300,NA,NA,NA,NA,NA,NA,NA
"Osoyoos_2005","2004",2005-02-19,"SIMRAD               ",14,4808,NA,NA,NA,NA,NA,NA,NA
"Osoyoos_2005","2006",2007-03-14,"SIMRAD               ",14,12593,NA,NA,NA,NA,NA,NA,NA
"Osoyoos_2005","2007",2007-07-18,"SIMRAD               ",14,31659,NA,NA,NA,NA,NA,NA,NA
"Osoyoos_2005","2007",2008-01-15,"SIMRAD               ",14,17958,NA,NA,NA,NA,NA,NA,NA
"Owikeno Lake","1978",1978-09-26,NA,NA,NA,2,0,25,180,123,57,0
"Owikeno Lake","1978",1978-09-27,NA,NA,NA,2,0,35,123,106,17,0
"Owikeno Lake","1987",1987-08-06,NA,NA,NA,5,3,0,640,274,362,4
"Owikeno Lake","1987",1987-08-07,NA,NA,NA,10,4,0,939,829,110,0
"Owikeno Lake","1987",1987-08-08,NA,NA,NA,1,1,0,112,102,10,0
"Owikeno Lake","1988",1988-09-10,NA,NA,NA,9,3,0,706,704,2,0
"Owikeno Lake","1988",1988-09-11,NA,NA,NA,11,8,0,487,461,26,0
"Owikeno Lake","1988",1988-09-12,NA,NA,NA,9,4,0,304,272,32,0
"Owikeno Lake","1989",1990-03-05,NA,NA,NA,5,1,0,142,66,76,0
"Owikeno Lake","1989",1990-03-06,NA,NA,NA,9,3,0,100,87,12,1
"Owikeno Lake","1989",1990-03-07,NA,NA,NA,9,3,0,193,192,0,1
"Owikeno Lake","1989",1990-03-08,NA,NA,NA,3,1,0,36,34,2,0
"Owikeno Lake","1990",1990-08-09,NA,NA,NA,2,1,0,342,113,229,0
"Owikeno Lake","1990",1990-08-10,NA,NA,NA,6,2,0,930,740,190,0
"Owikeno Lake","1990",1990-08-11,NA,NA,NA,4,3,0,487,399,88,0
"Owikeno Lake","1990",1990-08-12,NA,NA,NA,12,2,0,1865,1330,535,0
"Owikeno Lake","1990",1991-03-12,NA,NA,NA,4,0,0,198,87,110,1
"Owikeno Lake","1990",1991-03-13,NA,NA,NA,5,3,0,92,16,76,0
"Owikeno Lake","1990",1991-03-14,NA,NA,NA,10,2,0,370,173,197,0
"Owikeno Lake","1990",1991-03-15,NA,NA,NA,2,0,0,79,62,17,0
"Owikeno Lake","1991",1991-07-02,NA,NA,NA,3,2,0,292,189,101,2
"Owikeno Lake","1991",1991-07-03,NA,NA,NA,8,3,0,1432,1047,384,1
"Owikeno Lake","1991",1991-11-04,NA,NA,NA,3,2,0,131,129,2,0
"Owikeno Lake","1991",1991-11-05,NA,NA,NA,3,2,0,386,308,78,0
"Owikeno Lake","1991",1992-03-07,NA,NA,NA,5,1,0,649,341,307,1
"Owikeno Lake","1991",1992-03-08,NA,NA,NA,6,2,0,74,37,37,0
"Owikeno Lake","1991",1992-03-09,NA,NA,NA,7,2,0,349,217,132,0
"Owikeno Lake","1992",1992-07-17,NA,NA,NA,9,6,0,678,675,3,0
"Owikeno Lake","1992",1992-07-18,NA,NA,NA,6,2,0,355,166,188,1
"Owikeno Lake","1992",1992-07-19,NA,NA,NA,8,3,0,578,489,88,1
"Owikeno Lake","1992",1992-09-23,NA,NA,NA,5,2,0,281,280,1,0
"Owikeno Lake","1992",1992-09-25,NA,NA,NA,7,2,0,158,72,86,0
"Owikeno Lake","1992",1993-03-08,NA,NA,NA,4,1,0,318,194,122,2
"Owikeno Lake","1992",1993-03-09,NA,NA,NA,1,0,0,101,95,5,1
"Owikeno Lake","1992",1993-03-10,NA,NA,NA,4,1,0,244,95,149,0
"Owikeno Lake","1995",1995-08-23,NA,NA,NA,3,2,0,186,172,14,0
"Owikeno Lake","1995",1995-08-25,NA,NA,NA,7,3,0,469,434,34,1
"Owikeno Lake","1995",1995-08-26,NA,NA,NA,9,2,0,503,485,18,0
"Owikeno Lake","1995",1995-08-27,NA,NA,NA,10,4,0,812,295,516,1
"Owikeno Lake","1995",1995-08-28,NA,NA,NA,10,4,0,394,159,234,1
"Owikeno Lake","1995",1996-02-25,NA,NA,NA,9,2,0,222,181,41,0
"Owikeno Lake","1995",1996-02-26,NA,NA,NA,11,2,0,400,243,157,0
"Owikeno Lake","1996",1996-08-19,NA,NA,NA,3,1,0,173,170,2,1
"Owikeno Lake","1996",1996-08-20,NA,NA,NA,7,2,0,485,484,1,0
"Owikeno Lake","1996",1996-08-21,NA,NA,NA,6,2,0,73,43,30,0
"Owikeno Lake","1996",1996-08-22,NA,NA,NA,10,4,0,725,391,332,2
"Owikeno Lake (A)","1995",1995-08-23,"SIMRAD               ",13,3128,NA,NA,NA,NA,NA,NA,NA
"Owikeno Lake (A)","1995",1996-02-24,"SIMRAD               ",13,2546,NA,NA,NA,NA,NA,NA,NA
"Owikeno Lake (A)","1996",1996-08-18,"SIMRAD               ",6,3108,NA,NA,NA,NA,NA,NA,NA
"Owikeno Lake (A)","2002",2003-02-05,"SIMRAD               ",13,10563,NA,NA,NA,NA,NA,NA,NA
"Owikeno Lake (A)","2003",2004-02-05,"SIMRAD               ",13,9786,NA,NA,NA,NA,NA,NA,NA
"Owikeno Lake (A)","2005",2006-01-25,"SIMRAD               ",13,2547,NA,NA,NA,NA,NA,NA,NA
"Owikeno Lake (A)","2006",2007-02-15,"SIMRAD               ",13,8556,NA,NA,NA,NA,NA,NA,NA
"Owikeno Lake (A)","2007",2008-02-21,"SIMRAD               ",13,10489,NA,NA,NA,NA,NA,NA,NA
"Owikeno Lake (B)","1995",1995-08-23,"SIMRAD               ",8,1373,NA,NA,NA,NA,NA,NA,NA
"Owikeno Lake (B)","1995",1996-02-24,"SIMRAD               ",8,10803,NA,NA,NA,NA,NA,NA,NA
"Owikeno Lake (B)","1996",1996-08-18,"SIMRAD               ",4,2897,NA,NA,NA,NA,NA,NA,NA
"Owikeno Lake (B)","2002",2003-02-05,"SIMRAD               ",8,12774,NA,NA,NA,NA,NA,NA,NA
"Owikeno Lake (B)","2003",2004-02-05,"SIMRAD               ",8,17014,NA,NA,NA,NA,NA,NA,NA
"Owikeno Lake (B)","2003",2004-02-14,"SIMRAD               ",8,17014,NA,NA,NA,NA,NA,NA,NA
"Owikeno Lake (B)","2006",2007-02-15,"SIMRAD               ",8,8351,NA,NA,NA,NA,NA,NA,NA
"Owikeno Lake (B)","2007",2008-02-20,"SIMRAD               ",8,14925,NA,NA,NA,NA,NA,NA,NA
"Owikeno Lake (C)","1995",1995-08-23,"SIMRAD               ",1,146,NA,NA,NA,NA,NA,NA,NA
"Owikeno Lake (C)","2002",2003-02-05,"SIMRAD               ",1,846,NA,NA,NA,NA,NA,NA,NA
"Owikeno Lake (D)","1995",1995-08-23,"SIMRAD               ",4,944,NA,NA,NA,NA,NA,NA,NA
"Owikeno Lake (D)","1996",1996-08-18,"SIMRAD               ",3,924,NA,NA,NA,NA,NA,NA,NA
"Owikeno Lake (D)","2002",2003-02-05,"SIMRAD               ",4,4779,NA,NA,NA,NA,NA,NA,NA
"Phillips Lake","1984",1984-11-05,"FURUNO FM 22         ",9,422,NA,NA,NA,NA,NA,NA,NA
"Phillips Lake","1984",1984-11-06,NA,NA,NA,6,0,90,25,7,18,0
"Phillips Lake","1985",1985-10-15,"SIMRAD               ",9,3574,3,0,45,13,3,10,0
"Phillips Lake","1986",1986-05-02,NA,NA,NA,1,1,0,90,90,0,0
"Phillips Lake","1986",1986-05-11,NA,NA,NA,1,1,0,111,111,0,0
"Phillips Lake","1986",1986-08-22,"SIMRAD               ",9,3117,5,0,65,175,144,31,0
"Phillips Lake","1987",1987-08-09,"SIMRAD               ",9,4080,1,0,0,9,9,0,0
"Phillips Lake","1987",1987-08-10,NA,NA,NA,6,2,0,56,49,1,6
"Phillips_2005","2004",2005-02-24,"SIMRAD               ",8,3910,NA,NA,NA,NA,NA,NA,NA
"Port John Lake","1983",1983-08-23,"FURUNO FM 22         ",5,138,5,1,50,95,34,60,1
"Power Lake","1985",1985-08-23,"SIMRAD               ",6,1641,NA,NA,NA,NA,NA,NA,NA
"Power Lake","1985",1985-08-24,NA,NA,NA,4,0,60,47,43,4,0
"Power Lake","1986",1986-05-06,NA,NA,NA,1,1,0,19,19,0,0
"Power Lake","1986",1986-05-14,NA,NA,NA,1,1,0,11,11,0,0
"Quatse Lake","1984",1984-11-13,"SIMRAD               ",5,229,7,2,105,73,31,42,0
"Quatse Lake","1985",1985-09-14,"SIMRAD               ",5,592,2,1,30,19,11,8,0
"Quatse Lake","1985",1985-09-15,NA,NA,NA,3,0,45,54,22,32,0
"Quatse Lake","1985",1986-02-13,NA,NA,NA,7,1,102,47,19,28,0
"Quatse Lake","1986",1986-08-01,"SIMRAD               ",5,288,NA,NA,NA,NA,NA,NA,NA
"Quatse Lake","1986",1986-08-02,NA,NA,NA,7,2,105,32,11,21,0
"Quatse Lake","1986",1986-11-07,"SIMRAD               ",5,331,6,0,90,81,1,80,0
"Quatse Lake","1987",1987-07-20,"SIMRAD               ",5,186,1,0,0,1,0,1,0
"Quatse Lake","1987",1987-07-21,NA,NA,NA,4,2,0,17,1,16,0
"Quatse Lake","1988",1988-09-17,"SIMRAD               ",5,716,1,0,0,21,2,19,0
"Quatse Lake","1988",1988-09-18,NA,NA,NA,8,2,0,121,41,80,0
"Quatse Lake","1989",1989-04-28,"SIMRAD               ",5,250,NA,NA,NA,NA,NA,NA,NA
"Quatse Lake","1989",1989-08-08,"SIMRAD               ",5,392,NA,NA,NA,NA,NA,NA,NA
"Quatse_2005","2004",2005-01-11,"SIMRAD               ",7,368,NA,NA,NA,NA,NA,NA,NA
"Ruby Lake","2002",2002-09-17,"SIMRAD               ",7,1157,NA,NA,NA,NA,NA,NA,NA
"Sakinaw Lake","2002",2002-09-17,"SIMRAD               ",14,1976,NA,NA,NA,NA,NA,NA,NA
"Schoen Lake","1978",1978-11-20,"FURUNO FM 22         ",4,42,NA,NA,NA,NA,NA,NA,NA
"Schoen Lake","1987",1987-10-22,"SIMRAD               ",4,819,2,0,0,3,2,1,0
"Schoen Lake","1987",1987-10-23,NA,NA,NA,1,0,0,1,1,0,0
"Schoen Lake","1988",1988-09-19,"SIMRAD               ",4,662,3,0,0,18,18,0,0
"Schoen Lake","1988",1988-09-20,NA,NA,NA,3,0,0,24,23,0,1
"Schoen Lake","1989",1989-08-05,"SIMRAD               ",4,559,NA,NA,NA,NA,NA,NA,NA
"Schoen Lake","1991",1992-03-15,"SIMRAD               ",4,170,NA,NA,NA,NA,NA,NA,NA
"Schoen Lake","1992",1992-08-13,"SIMRAD               ",4,248,2,0,0,40,40,0,0
"Schoen Lake","1993",1993-11-14,"SIMRAD               ",4,399,NA,NA,NA,NA,NA,NA,NA
"Schoen Lake","1994",1994-10-10,"SIMRAD               ",4,432,NA,NA,NA,NA,NA,NA,NA
"Schoen Lake","1996",1997-03-25,"SIMRAD               ",4,354,NA,NA,NA,NA,NA,NA,NA
"Schoen Lake","1997",1998-02-13,"SIMRAD               ",4,459,NA,NA,NA,NA,NA,NA,NA
"Schoen Lake","2000",2000-07-19,"SIMRAD               ",4,248,NA,NA,NA,NA,NA,NA,NA
"Simpson Lake","1978",1978-07-20,NA,NA,NA,2,0,54,3,2,0,1
"Skaha Lake","1999",1999-08-14,"SIMRAD               ",6,921,NA,NA,NA,NA,NA,NA,NA
"Skaha Lake","1999",1999-09-23,"SIMRAD               ",6,1109,NA,NA,NA,NA,NA,NA,NA
"Skaha Lake","2000",2000-07-08,"SIMRAD               ",6,1024,NA,NA,NA,NA,NA,NA,NA
"Skaha Lake","2000",2000-07-09,"SIMRAD               ",6,1122,NA,NA,NA,NA,NA,NA,NA
"Skaha Lake","2000",2000-09-30,"SIMRAD               ",6,1468,NA,NA,NA,NA,NA,NA,NA
"Skaha Lake","2000",2000-10-01,"SIMRAD               ",6,1601,NA,NA,NA,NA,NA,NA,NA
"Skaha Lake","2001",2001-06-14,"SIMRAD               ",6,1270,NA,NA,NA,NA,NA,NA,NA
"Skaha Lake","2001",2001-07-23,"SIMRAD               ",6,1889,NA,NA,NA,NA,NA,NA,NA
"Skaha Lake","2001",2001-10-19,"SIMRAD               ",6,2062,NA,NA,NA,NA,NA,NA,NA
"Skaha Lake","2002",2002-04-25,"SIMRAD               ",9,1095,NA,NA,NA,NA,NA,NA,NA
"Skaha Lake","2002",2002-08-29,"SIMRAD               ",9,2038,NA,NA,NA,NA,NA,NA,NA
"Skaha Lake","2002",2002-11-01,"SIMRAD               ",9,1767,NA,NA,NA,NA,NA,NA,NA
"Skaha Lake","2002",2002-11-26,"SIMRAD               ",9,1788,NA,NA,NA,NA,NA,NA,NA
"Skaha Lake","2002",2003-02-26,"SIMRAD               ",9,2403,NA,NA,NA,NA,NA,NA,NA
"Skaha Lake","2003",2003-05-28,"SIMRAD               ",9,1605,NA,NA,NA,NA,NA,NA,NA
"Skaha Lake","2003",2003-09-22,"SIMRAD               ",9,1180,NA,NA,NA,NA,NA,NA,NA
"Skaha Lake","2003",2003-09-23,"SIMRAD               ",9,1614,NA,NA,NA,NA,NA,NA,NA
"Skaha Lake","2004",2004-05-11,"SIMRAD               ",9,4449,NA,NA,NA,NA,NA,NA,NA
"Skaha Lake","2004",2004-05-12,"SIMRAD               ",9,2807,NA,NA,NA,NA,NA,NA,NA
"Skaha Lake","2004",2004-07-19,"SIMRAD               ",9,2981,NA,NA,NA,NA,NA,NA,NA
"Skaha Lake","2004",2004-11-02,"SIMRAD               ",9,3574,NA,NA,NA,NA,NA,NA,NA
"Skaha Lake","2004",2004-11-04,"SIMRAD               ",9,1357,NA,NA,NA,NA,NA,NA,NA
"Skaha Lake","2004",2005-02-03,"SIMRAD               ",9,6139,NA,NA,NA,NA,NA,NA,NA
"Skaha Lake","2005",2005-05-24,"SIMRAD               ",9,8155,NA,NA,NA,NA,NA,NA,NA
"Skaha Lake","2005",2005-07-11,"SIMRAD               ",9,10231,NA,NA,NA,NA,NA,NA,NA
"Skaha Lake","2005",2005-08-02,"SIMRAD               ",9,10767,NA,NA,NA,NA,NA,NA,NA
"Skaha Lake","2005",2005-09-12,"SIMRAD               ",9,11093,NA,NA,NA,NA,NA,NA,NA
"Skaha Lake","2005",2005-10-02,"SIMRAD               ",9,10763,NA,NA,NA,NA,NA,NA,NA
"Skaha Lake","2005",2005-11-22,"SIMRAD               ",9,7594,NA,NA,NA,NA,NA,NA,NA
"Skaha Lake","2005",2006-01-17,"SIMRAD               ",9,6493,NA,NA,NA,NA,NA,NA,NA
"Skaha Lake","2006",2006-06-26,"SIMRAD               ",9,4342,NA,NA,NA,NA,NA,NA,NA
"Skaha Lake","2006",2006-11-23,"SIMRAD               ",9,9580,NA,NA,NA,NA,NA,NA,NA
"Skaha Lake","2006",2007-02-26,"SIMRAD               ",9,5467,NA,NA,NA,NA,NA,NA,NA
"Skaha Lake","2007",2007-07-17,"SIMRAD               ",9,8594,NA,NA,NA,NA,NA,NA,NA
"Skaha Lake","2007",2007-08-13,"SIMRAD               ",9,8256,NA,NA,NA,NA,NA,NA,NA
"Skaha_2007","2007",2007-07-17,"SIMRAD               ",15,9444,NA,NA,NA,NA,NA,NA,NA
"Skaha_2007","2007",2008-03-11,"SIMRAD               ",15,10076,NA,NA,NA,NA,NA,NA,NA
"Skidegate Lake","1985",1985-09-06,NA,NA,NA,9,2,133,377,187,190,0
"Skidegate Lake","1986",1986-08-16,NA,NA,NA,10,2,150,84,43,41,0
"Skidegate Lake","1987",1987-08-03,NA,NA,NA,5,2,0,15,4,11,0
"Skidegate Lake","1987",1987-10-26,NA,NA,NA,3,1,0,13,0,13,0
"Skidegate Lake","1987",1987-10-28,NA,NA,NA,6,0,0,27,6,21,0
"Skidegate Lake","1987",1987-10-29,NA,NA,NA,1,0,0,1,0,1,0
"Skidegate Lake","1988",1988-08-03,NA,NA,NA,8,2,0,39,15,24,0
"Skidegate Lake","1989",1989-05-07,NA,NA,NA,9,4,0,120,68,37,15
"Skidegate Lake","1989",1989-05-08,NA,NA,NA,11,1,0,118,103,4,11
"Skidegate Lake","1989",1989-05-13,NA,NA,NA,2,1,0,8,6,1,1
"Skidegate Lake","1989",1989-05-14,NA,NA,NA,13,0,0,144,43,26,75
"Skidegate Lake","1990",1990-08-20,NA,NA,NA,9,2,0,770,93,677,0
"Skidegate Lake","1990",1990-08-21,NA,NA,NA,6,1,0,34,11,23,0
"Skidegate Lake","1991",1991-10-29,NA,NA,NA,8,2,0,75,2,73,0
"Skidegate Lake","1992",1992-07-29,NA,NA,NA,1,1,0,9,0,9,0
"Skidegate Lake","1992",1992-07-30,NA,NA,NA,2,2,0,16,0,16,0
"Skidegate Lake","1992",1992-08-01,NA,NA,NA,1,0,0,52,11,41,0
"Skidegate Lake","1993",1993-05-09,NA,NA,NA,1,0,0,3,3,0,0
"Skidegate Lake","1996",1996-10-10,NA,NA,NA,2,0,0,82,2,80,0
"Skidegate Lake","1997",1997-09-23,NA,NA,NA,3,0,0,30,30,0,0
"Skidegate Lake NE","1985",1985-09-05,"SIMRAD               ",7,2798,NA,NA,NA,NA,NA,NA,NA
"Skidegate Lake NE","1986",1986-08-15,"SIMRAD               ",7,2124,NA,NA,NA,NA,NA,NA,NA
"Skidegate Lake NE","1987",1987-08-02,"SIMRAD               ",7,509,NA,NA,NA,NA,NA,NA,NA
"Skidegate Lake NE","1987",1987-10-27,"SIMRAD               ",7,910,NA,NA,NA,NA,NA,NA,NA
"Skidegate Lake NE","1988",1988-08-02,"SIMRAD               ",7,1014,NA,NA,NA,NA,NA,NA,NA
"Skidegate Lake NE","1989",1989-05-06,"SIMRAD               ",7,289,NA,NA,NA,NA,NA,NA,NA
"Skidegate Lake NE","1989",1989-08-12,"SIMRAD               ",7,771,NA,NA,NA,NA,NA,NA,NA
"Skidegate Lake NE","1990",1990-08-19,"SIMRAD               ",7,1454,NA,NA,NA,NA,NA,NA,NA
"Skidegate Lake NE","1991",1991-10-29,"SIMRAD               ",7,1104,NA,NA,NA,NA,NA,NA,NA
"Skidegate Lake NE","1992",1992-08-01,"SIMRAD               ",7,880,NA,NA,NA,NA,NA,NA,NA
"Skidegate Lake NE","1993",1993-08-17,"SIMRAD               ",7,1448,NA,NA,NA,NA,NA,NA,NA
"Skidegate Lake NE","1994",1994-08-30,"SIMRAD               ",7,1643,NA,NA,NA,NA,NA,NA,NA
"Skidegate Lake NE","1995",1995-08-30,"SIMRAD               ",7,2184,NA,NA,NA,NA,NA,NA,NA
"Skidegate Lake NE","1996",1996-09-09,"SIMRAD               ",7,3033,NA,NA,NA,NA,NA,NA,NA
"Skidegate Lake NE","1997",1997-09-22,"SIMRAD               ",7,2092,NA,NA,NA,NA,NA,NA,NA
"Skidegate Lake NE","1998",1998-09-13,"SIMRAD               ",7,1534,NA,NA,NA,NA,NA,NA,NA
"Skidegate Lake NE","1999",1999-11-11,"SIMRAD               ",7,821,NA,NA,NA,NA,NA,NA,NA
"Skidegate Lake NE","2003",2003-09-09,"SIMRAD               ",7,1223,NA,NA,NA,NA,NA,NA,NA
"Skidegate Lake SW","1985",1985-09-05,"SIMRAD               ",3,655,NA,NA,NA,NA,NA,NA,NA
"Skidegate Lake SW","1986",1986-08-15,"SIMRAD               ",3,766,NA,NA,NA,NA,NA,NA,NA
"Skidegate Lake SW","1987",1987-08-02,"SIMRAD               ",3,323,NA,NA,NA,NA,NA,NA,NA
"Skidegate Lake SW","1987",1987-10-27,"SIMRAD               ",3,264,NA,NA,NA,NA,NA,NA,NA
"Skidegate Lake SW","1988",1988-08-02,"SIMRAD               ",3,434,NA,NA,NA,NA,NA,NA,NA
"Skidegate Lake SW","1989",1989-05-06,"SIMRAD               ",3,242,NA,NA,NA,NA,NA,NA,NA
"Skidegate Lake SW","1989",1989-08-12,"SIMRAD               ",3,427,NA,NA,NA,NA,NA,NA,NA
"Skidegate Lake SW","1990",1990-08-19,"SIMRAD               ",3,94,NA,NA,NA,NA,NA,NA,NA
"Skidegate Lake SW","1991",1991-10-29,"SIMRAD               ",3,723,NA,NA,NA,NA,NA,NA,NA
"Skidegate Lake SW","1992",1992-08-01,"SIMRAD               ",3,562,NA,NA,NA,NA,NA,NA,NA
"Skidegate Lake SW","1993",1993-08-17,"SIMRAD               ",3,570,NA,NA,NA,NA,NA,NA,NA
"Skidegate Lake SW","1994",1994-08-28,"SIMRAD               ",3,215,NA,NA,NA,NA,NA,NA,NA
"Skidegate Lake SW","1995",1995-08-30,"SIMRAD               ",3,959,NA,NA,NA,NA,NA,NA,NA
"Skidegate Lake SW","1996",1996-09-09,"SIMRAD               ",3,501,NA,NA,NA,NA,NA,NA,NA
"Skidegate Lake SW","1997",1997-09-22,"SIMRAD               ",3,391,NA,NA,NA,NA,NA,NA,NA
"Skidegate Lake SW","1998",1998-09-13,"SIMRAD               ",3,561,NA,NA,NA,NA,NA,NA,NA
"Skidegate Lake SW","1999",1999-11-11,"SIMRAD               ",3,135,NA,NA,NA,NA,NA,NA,NA
"Skidegate Lake SW","2003",2003-09-09,"SIMRAD               ",3,415,NA,NA,NA,NA,NA,NA,NA
"Sproat Lake","1979",1980-02-26,"FURUNO FM 22         ",11,8552,2,0,40,50,50,0,0
"Sproat Lake","1979",1980-03-02,NA,NA,NA,1,0,20,13,12,1,0
"Sproat Lake","1979",1980-03-03,NA,NA,NA,4,0,68,83,83,0,0
"Sproat Lake","1979",1980-03-04,NA,NA,NA,1,0,20,14,5,9,0
"Sproat Lake","1980",1981-01-20,"FURUNO FM 22         ",11,8548,1,0,20,25,11,14,0
"Sproat Lake","1980",1981-01-21,NA,NA,NA,6,0,101,242,229,13,0
"Sproat Lake","1981",1981-08-05,"FURUNO FM 22         ",11,4780,1,0,15,27,27,0,0
"Sproat Lake","1981",1981-08-06,NA,NA,NA,2,0,25,154,151,3,0
"Sproat Lake","1981",1981-09-29,"FURUNO FM 22         ",11,9400,NA,NA,NA,NA,NA,NA,NA
"Sproat Lake","1981",1981-09-30,NA,NA,NA,4,0,135,190,190,0,0
"Sproat Lake","1981",1981-12-03,"FURUNO FM 22         ",11,7306,NA,NA,NA,NA,NA,NA,NA
"Sproat Lake","1982",1982-08-25,"FURUNO FM 22         ",11,16791,2,1,30,13,13,0,0
"Sproat Lake","1982",1982-08-26,NA,NA,NA,3,0,51,196,190,6,0
"Sproat Lake","1982",1982-08-27,NA,NA,NA,1,0,5,97,84,13,0
"Sproat Lake","1982",1982-11-10,"FURUNO FM 22         ",11,6420,NA,NA,NA,NA,NA,NA,NA
"Sproat Lake","1982",1983-03-02,"FURUNO FM 22         ",11,10277,2,0,40,57,57,0,0
"Sproat Lake","1982",1983-03-03,NA,NA,NA,3,0,60,136,135,1,0
"Sproat Lake","1983",1983-08-23,"SIMRAD               ",11,13756,4,1,49,16,13,1,2
"Sproat Lake","1983",1983-08-24,NA,NA,NA,2,0,30,161,161,0,0
"Sproat Lake","1983",1983-08-25,NA,NA,NA,3,0,55,54,54,0,0
"Sproat Lake","1983",1983-11-28,"FURUNO FM 22         ",11,10748,4,1,70,19,19,0,0
"Sproat Lake","1983",1983-11-29,NA,NA,NA,4,1,65,58,58,0,0
"Sproat Lake","1984",1984-10-01,"FURUNO FM 22         ",11,18514,2,0,30,61,60,1,0
"Sproat Lake","1984",1984-10-02,NA,NA,NA,4,1,60,65,65,0,0
"Sproat Lake","1985",1985-09-26,"SIMRAD               ",11,9985,2,0,30,4,4,0,0
"Sproat Lake","1985",1985-09-27,"FURUNO FM 22         ",11,7304,NA,NA,NA,NA,NA,NA,NA
"Sproat Lake","1986",1986-08-27,"SIMRAD               ",11,9893,3,1,45,10,9,1,0
"Sproat Lake","1986",1986-08-28,"FURUNO FM 22         ",11,7608,2,0,30,24,24,0,0
"Sproat Lake","1986",1986-08-29,NA,NA,NA,4,0,60,85,85,0,0
"Sproat Lake","1986",1986-10-30,"SIMRAD               ",11,7143,4,0,60,86,84,2,0
"Sproat Lake","1986",1986-10-31,NA,NA,NA,2,0,30,17,17,0,0
"Sproat Lake","1986",1987-02-23,"SIMRAD               ",11,9387,2,0,0,4,4,0,0
"Sproat Lake","1986",1987-02-24,NA,NA,NA,3,1,0,7,6,1,0
"Sproat Lake","1987",1987-04-21,NA,NA,NA,1,1,0,1,0,1,0
"Sproat Lake","1987",1987-09-01,"SIMRAD               ",11,11364,3,0,0,16,16,0,0
"Sproat Lake","1987",1987-09-02,NA,NA,NA,3,0,0,54,53,1,0
"Sproat Lake","1987",1987-09-03,NA,NA,NA,1,0,0,3,3,0,0
"Sproat Lake","1987",1987-12-08,"SIMRAD               ",11,14328,4,1,0,43,41,2,0
"Sproat Lake","1987",1988-01-27,"SIMRAD               ",11,16754,4,0,0,27,27,0,0
"Sproat Lake","1987",1988-01-28,NA,NA,NA,1,0,0,25,25,0,0
"Sproat Lake","1988",1988-10-11,"SIMRAD               ",11,14470,NA,NA,NA,NA,NA,NA,NA
"Sproat Lake","1989",1989-06-28,"SIMRAD               ",11,13735,1,0,0,11,11,0,0
"Sproat Lake","1989",1989-06-29,NA,NA,NA,1,0,0,84,84,0,0
"Sproat Lake","1989",1989-10-18,"SIMRAD               ",11,16227,2,0,0,138,138,0,0
"Sproat Lake","1989",1989-10-19,"SIMRAD               ",11,19168,3,1,0,66,65,1,0
"Sproat Lake","1989",1989-10-20,NA,NA,NA,1,0,0,4,4,0,0
"Sproat Lake","1989",1990-03-14,"SIMRAD               ",11,14424,1,0,0,4,4,0,0
"Sproat Lake","1990",1990-06-11,"SIMRAD               ",11,5784,1,0,0,1,1,0,0
"Sproat Lake","1990",1990-06-12,"SIMRAD               ",11,6864,7,1,0,130,130,0,0
"Sproat Lake","1990",1990-06-13,"SIMRAD               ",11,7516,2,1,0,53,53,0,0
"Sproat Lake","1990",1990-10-15,"SIMRAD               ",11,17737,2,0,0,21,21,0,0
"Sproat Lake","1990",1990-10-16,"SIMRAD               ",11,15778,3,1,0,8,8,0,0
"Sproat Lake","1990",1990-10-17,"SIMRAD               ",11,18613,3,0,0,23,23,0,0
"Sproat Lake","1990",1990-10-18,"SIMRAD               ",11,15689,NA,NA,NA,NA,NA,NA,NA
"Sproat Lake","1990",1991-02-06,"SIMRAD               ",11,17292,NA,NA,NA,NA,NA,NA,NA
"Sproat Lake","1990",1991-02-09,"SIMRAD               ",11,14911,NA,NA,NA,NA,NA,NA,NA
"Sproat Lake","1991",1991-07-19,"SIMRAD               ",11,7489,1,0,0,1,1,0,0
"Sproat Lake","1991",1991-07-20,NA,NA,NA,6,1,0,112,109,3,0
"Sproat Lake","1991",1991-07-21,NA,NA,NA,2,0,0,66,66,0,0
"Sproat Lake","1991",1991-10-16,"SIMRAD               ",11,9859,NA,NA,NA,NA,NA,NA,NA
"Sproat Lake","1991",1992-02-24,"SIMRAD               ",11,9079,4,1,0,18,18,0,0
"Sproat Lake","1991",1992-02-25,NA,NA,NA,4,0,0,72,34,38,0
"Sproat Lake","1992",1992-07-13,"SIMRAD               ",11,6798,NA,NA,NA,NA,NA,NA,NA
"Sproat Lake","1992",1992-10-23,NA,NA,NA,1,0,0,33,33,0,0
"Sproat Lake","1992",1992-10-26,"SIMRAD               ",11,4824,2,1,0,9,9,0,0
"Sproat Lake","1992",1992-10-27,NA,NA,NA,1,0,0,123,122,1,0
"Sproat Lake","1992",1993-02-10,"SIMRAD               ",11,9796,3,1,0,19,19,0,0
"Sproat Lake","1992",1993-02-11,NA,NA,NA,4,0,0,57,52,5,0
"Sproat Lake","1993",1993-07-27,"SIMRAD               ",11,6078,NA,NA,NA,NA,NA,NA,NA
"Sproat Lake","1993",1993-10-12,"SIMRAD               ",11,8843,NA,NA,NA,NA,NA,NA,NA
"Sproat Lake","1993",1994-01-31,"SIMRAD               ",11,8945,NA,NA,NA,NA,NA,NA,NA
"Sproat Lake","1994",1994-10-19,"SIMRAD               ",11,10116,NA,NA,NA,NA,NA,NA,NA
"Sproat Lake","1994",1995-01-24,"SIMRAD               ",11,12714,NA,NA,NA,NA,NA,NA,NA
"Sproat Lake","1995",1995-07-13,"SIMRAD               ",11,15235,NA,NA,NA,NA,NA,NA,NA
"Sproat Lake","1995",1995-07-14,"SIMRAD               ",11,10617,NA,NA,NA,NA,NA,NA,NA
"Sproat Lake","1995",1995-11-21,"SIMRAD               ",11,15911,NA,NA,NA,NA,NA,NA,NA
"Sproat Lake","1995",1996-01-30,"SIMRAD               ",11,13649,NA,NA,NA,NA,NA,NA,NA
"Sproat Lake","1995",1996-01-31,NA,NA,NA,1,1,0,4,4,0,0
"Sproat Lake","1996",1996-07-22,"SIMRAD               ",11,7739,2,1,0,3,3,0,0
"Sproat Lake","1996",1996-07-23,NA,NA,NA,2,0,0,58,57,1,0
"Sproat Lake","1996",1996-07-24,NA,NA,NA,3,1,0,139,137,1,1
"Sproat Lake","1996",1996-11-19,"SIMRAD               ",11,8428,6,0,0,123,80,43,0
"Sproat Lake","1996",1997-02-24,"SIMRAD               ",11,13797,3,1,0,47,47,0,0
"Sproat Lake","1996",1997-02-25,NA,NA,NA,11,3,0,49,46,3,0
"Sproat Lake","1997",1997-07-22,"SIMRAD               ",11,20591,1,0,0,92,92,0,0
"Sproat Lake","1997",1997-11-19,"SIMRAD               ",11,27933,NA,NA,NA,NA,NA,NA,NA
"Sproat Lake","1997",1998-03-05,"SIMRAD               ",11,10217,NA,NA,NA,NA,NA,NA,NA
"Sproat Lake","1998",1998-07-31,"SIMRAD               ",11,13177,NA,NA,NA,NA,NA,NA,NA
"Sproat Lake","1998",1998-12-01,"SIMRAD               ",11,13932,NA,NA,NA,NA,NA,NA,NA
"Sproat Lake","1999",1999-06-27,"SIMRAD               ",11,5628,NA,NA,NA,NA,NA,NA,NA
"Sproat Lake","1999",1999-07-21,"SIMRAD               ",11,7857,NA,NA,NA,NA,NA,NA,NA
"Sproat Lake","1999",1999-11-30,"SIMRAD               ",11,14061,NA,NA,NA,NA,NA,NA,NA
"Sproat Lake","2000",2000-11-28,"SIMRAD               ",11,15511,NA,NA,NA,NA,NA,NA,NA
"Sproat Lake","2001",2001-12-05,"SIMRAD               ",11,12171,NA,NA,NA,NA,NA,NA,NA
"Sproat Lake","2002",2003-01-16,"SIMRAD               ",11,9301,NA,NA,NA,NA,NA,NA,NA
"Sproat Lake","2003",2004-01-19,"SIMRAD               ",11,12805,NA,NA,NA,NA,NA,NA,NA
"Sproat Lake","2004",2005-01-26,"SIMRAD               ",11,11688,NA,NA,NA,NA,NA,NA,NA
"Sproat Lake","2005",2006-01-04,"SIMRAD               ",11,6209,NA,NA,NA,NA,NA,NA,NA
"Sproat Lake","2006",2007-02-07,"SIMRAD               ",11,5764,NA,NA,NA,NA,NA,NA,NA
"Sproat Lake (Two R)","1989",1990-03-14,NA,NA,NA,2,0,0,24,24,0,0
"Sproat Lake (Two R)","1989",1990-03-15,NA,NA,NA,2,0,0,15,15,0,0
"Stephens Lake","1978",1978-07-06,NA,NA,NA,5,1,145,33,32,0,1
"Stephens Lake","1978",1978-10-01,NA,NA,NA,4,0,120,17,16,0,1
"Sustut Lake","1994",1994-08-23,"SIMRAD               ",5,920,NA,NA,NA,NA,NA,NA,NA
"Swan Lake","1978",1978-07-04,NA,NA,NA,1,0,13,2,2,0,0
"Swan Lake","1978",1978-07-05,NA,NA,NA,4,0,120,17,17,0,0
"Swan Lake","1978",1978-09-30,NA,NA,NA,5,0,135,7,6,0,1
"Swan Lake","1995",1995-10-06,"SIMRAD               ",8,1095,NA,NA,NA,NA,NA,NA,NA
"Swan Lake","1995",1995-10-07,NA,NA,NA,7,1,0,18,18,0,0
"Tahltan Lake","1985",1985-10-25,"SIMRAD               ",14,2237,NA,NA,NA,NA,NA,NA,NA
"Tahltan Lake","1985",1985-10-26,NA,NA,NA,6,0,90,37,37,0,0
"Tahltan Lake","1988",1988-08-28,"SIMRAD               ",14,1344,NA,NA,NA,NA,NA,NA,NA
"Tahltan Lake","1991",1991-09-10,"SIMRAD               ",14,3171,5,0,0,30,30,0,0
"Tahltan Lake","1991",1991-09-11,NA,NA,NA,10,0,0,133,122,0,11
"Tahltan Lake","1991",1991-09-12,NA,NA,NA,1,0,0,2,2,0,0
"Tahltan Lake","1992",1992-07-29,NA,NA,NA,8,1,0,15,15,0,0
"Tahltan Lake","1992",1992-07-31,NA,NA,NA,4,1,0,11,11,0,0
"Tahltan Lake","1992",1992-10-02,NA,NA,NA,3,0,0,5,5,0,0
"Tahltan Lake","1992",1992-10-03,NA,NA,NA,10,1,0,36,36,0,0
"Tahltan Lake","1993",1993-09-18,"SIMRAD               ",14,9800,3,0,0,34,34,0,0
"Tahltan Lake","1993",1993-09-19,NA,NA,NA,3,0,0,18,18,0,0
"Tahltan Lake","1993",1993-09-20,NA,NA,NA,6,0,0,139,139,0,0
"Tahltan Lake","1994",1994-09-18,"SIMRAD               ",14,1415,NA,NA,NA,NA,NA,NA,NA
"Tahltan Lake","1996",1996-09-13,"SIMRAD               ",14,6766,NA,NA,NA,NA,NA,NA,NA
"Tahltan Lake","1997",1997-09-27,"SIMRAD               ",14,3235,NA,NA,NA,NA,NA,NA,NA
"Tahltan Lake","1999",1999-10-11,"SIMRAD               ",14,4236,NA,NA,NA,NA,NA,NA,NA
"Takla Lake","1991",1991-08-12,"SIMRAD               ",13,4439,NA,NA,NA,NA,NA,NA,NA
"Tatsamenie Lake","1991",1991-07-15,NA,NA,NA,2,1,0,3,3,0,0
"Tatsamenie Lake","1991",1991-07-16,NA,NA,NA,1,0,0,1,1,0,0
"Tatsamenie Lake","1991",1991-08-16,NA,NA,NA,1,1,0,16,16,0,0
"Tatsamenie Lake","1991",1991-09-14,NA,NA,NA,6,0,0,44,44,0,0
"Tatsamenie Lake","1991",1991-09-15,NA,NA,NA,1,0,0,5,5,0,0
"Tatsamenie Lake","1992",1992-08-01,"SIMRAD               ",16,1302,2,0,0,2,2,0,0
"Tatsamenie Lake","1992",1992-08-02,NA,NA,NA,1,0,0,2,2,0,0
"Tatsamenie Lake","1993",1993-09-14,"SIMRAD               ",7,1399,1,0,0,1,1,0,0
"Tatsamenie Lake","1993",1993-09-15,NA,NA,NA,9,0,0,72,72,0,0
"Tatsamenie Lake","1993",1993-09-16,NA,NA,NA,2,0,0,16,16,0,0
"Tatsamenie Lake","1994",1994-09-13,"SIMRAD               ",7,1360,NA,NA,NA,NA,NA,NA,NA
"Tatsamenie Lake","1995",1995-09-18,"SIMRAD               ",16,938,NA,NA,NA,NA,NA,NA,NA
"Tatsamenie Lake","1996",1996-09-16,"SIMRAD               ",7,920,NA,NA,NA,NA,NA,NA,NA
"Tatsamenie Lake","1997",1997-06-26,"SIMRAD               ",16,834,NA,NA,NA,NA,NA,NA,NA
"Tatsamenie Lake","1997",1997-08-06,"SIMRAD               ",16,1617,NA,NA,NA,NA,NA,NA,NA
"Tatsamenie Lake","1997",1997-09-04,"SIMRAD               ",16,2308,NA,NA,NA,NA,NA,NA,NA
"Tatsamenie Lake","1997",1997-10-01,"SIMRAD               ",16,1941,NA,NA,NA,NA,NA,NA,NA
"Tatsamenie Lake","1998",1998-08-06,"SIMRAD               ",16,972,NA,NA,NA,NA,NA,NA,NA
"Tatsamenie Lake","1998",1998-09-02,"SIMRAD               ",16,871,NA,NA,NA,NA,NA,NA,NA
"Tatsamenie Lake","1998",1998-09-22,"SIMRAD               ",16,1814,NA,NA,NA,NA,NA,NA,NA
"Tatsamenie Lake","1998",1998-10-12,"SIMRAD               ",16,1349,NA,NA,NA,NA,NA,NA,NA
"Tatsamenie Lake","1999",1999-10-14,"SIMRAD               ",16,972,NA,NA,NA,NA,NA,NA,NA
"Tatsamenie Lake","2000",2000-08-24,"SIMRAD               ",16,686,NA,NA,NA,NA,NA,NA,NA
"Tatsamenie Lake","2000",2000-10-11,"SIMRAD               ",16,341,NA,NA,NA,NA,NA,NA,NA
"Tatsamenie Lake","2001",2001-08-18,"SIMRAD               ",16,793,NA,NA,NA,NA,NA,NA,NA
"Tatsamenie Lake","2001",2001-09-20,"SIMRAD               ",16,1451,NA,NA,NA,NA,NA,NA,NA
"Tatsamenie Lake","2001",2001-10-09,"SIMRAD               ",16,3641,NA,NA,NA,NA,NA,NA,NA
"Tatsamenie Lake","2002",2002-07-19,"SIMRAD               ",16,2980,NA,NA,NA,NA,NA,NA,NA
"Tatsamenie Lake","2002",2002-10-03,"SIMRAD               ",16,6005,NA,NA,NA,NA,NA,NA,NA
"Tatsamenie Lake","2003",2003-10-04,"SIMRAD               ",16,3641,NA,NA,NA,NA,NA,NA,NA
"Tatsamenie Lake","2004",2004-10-03,"SIMRAD               ",16,7269,NA,NA,NA,NA,NA,NA,NA
"Tatsamenie Lake","2005",2005-10-04,"SIMRAD               ",16,2256,NA,NA,NA,NA,NA,NA,NA
"Trapper Lake","1991",1991-06-20,NA,NA,NA,1,1,0,233,233,0,0
"Trapper Lake","1991",1991-07-17,NA,NA,NA,5,2,0,242,242,0,0
"Trapper Lake","1991",1991-07-18,NA,NA,NA,5,1,0,115,115,0,0
"Trapper Lake","1991",1991-08-14,NA,NA,NA,1,1,0,181,181,0,0
"Trapper Lake","1991",1991-09-17,"SIMRAD               ",5,1604,5,0,0,31,31,0,0
"Trapper Lake","1993",1993-09-10,"SIMRAD               ",5,271,NA,NA,NA,NA,NA,NA,NA
"Trapper Lake","1994",1994-09-11,"SIMRAD               ",5,167,NA,NA,NA,NA,NA,NA,NA
"Trapper Lake","1995",1995-09-15,"SIMRAD               ",5,191,NA,NA,NA,NA,NA,NA,NA
"Trapper Lake","2004",2004-08-24,"SIMRAD               ",5,172,NA,NA,NA,NA,NA,NA,NA
"Tuya Lake","1987",1987-09-09,"SIMRAD               ",10,61,NA,NA,NA,NA,NA,NA,NA
"Tuya Lake","1993",1993-08-30,"SIMRAD               ",10,444,NA,NA,NA,NA,NA,NA,NA
"Tuya Lake","1994",1994-09-02,"SIMRAD               ",10,2458,NA,NA,NA,NA,NA,NA,NA
"Tuya Lake","1995",1995-09-09,"SIMRAD               ",10,1516,NA,NA,NA,NA,NA,NA,NA
"Tuya Lake","1996",1996-09-10,"SIMRAD               ",10,2097,NA,NA,NA,NA,NA,NA,NA
"Tuya Lake","1997",1997-09-24,"SIMRAD               ",10,2365,NA,NA,NA,NA,NA,NA,NA
"Tuya Lake","1997",1997-09-26,"SIMRAD               ",10,2365,NA,NA,NA,NA,NA,NA,NA
"Tuya Lake","1998",1998-09-19,"SIMRAD               ",10,761,NA,NA,NA,NA,NA,NA,NA
"Tuya Lake","1999",1999-09-14,"SIMRAD               ",10,998,NA,NA,NA,NA,NA,NA,NA
"Tuya Lake","2000",2000-08-15,"SIMRAD               ",10,525,NA,NA,NA,NA,NA,NA,NA
"Tuya Lake","2003",2003-08-07,"SIMRAD               ",10,290,NA,NA,NA,NA,NA,NA,NA
"Tuya Lake","2004",2004-09-12,"SIMRAD               ",10,920,NA,NA,NA,NA,NA,NA,NA
"Uchuck Lake","1988",1988-08-20,NA,NA,NA,3,0,0,10,10,0,0
"Uchuck Lake","1988",1988-08-21,NA,NA,NA,5,1,0,15,15,0,0
"Vernon Lake","1978",1978-11-21,"FURUNO FM 22         ",4,871,NA,NA,NA,NA,NA,NA,NA
"Vernon Lake","1978",1978-11-23,NA,NA,NA,6,0,119,13,11,0,2
"Vernon Lake","1980",1980-11-03,NA,NA,NA,4,0,120,6,6,0,0
"Vernon Lake","1986",1986-07-25,"SIMRAD               ",4,1851,1,0,15,1,1,0,0
"Vernon Lake","1986",1986-07-26,NA,NA,NA,5,0,75,72,72,0,0
"Vernon Lake","1987",1987-07-14,"SIMRAD               ",4,1181,NA,NA,NA,NA,NA,NA,NA
"Vernon Lake","1987",1987-07-15,NA,NA,NA,4,0,0,22,22,0,0
"Vernon Lake","1988",1988-07-12,"SIMRAD               ",4,1460,NA,NA,NA,NA,NA,NA,NA
"Vernon Lake","1988",1988-07-13,NA,NA,NA,6,1,0,156,156,0,0
"Vernon Lake","1989",1989-08-04,"SIMRAD               ",4,2531,NA,NA,NA,NA,NA,NA,NA
"Vernon Lake","1990",1990-09-18,NA,NA,NA,4,1,0,10,10,0,0
"Vernon Lake","1990",1990-09-19,"SIMRAD               ",4,1917,6,0,0,103,103,0,0
"Vernon Lake","1991",1992-03-14,"SIMRAD               ",4,1154,2,0,0,4,4,0,0
"Vernon Lake","1992",1992-08-11,"SIMRAD               ",4,8349,NA,NA,NA,NA,NA,NA,NA
"Vernon Lake","1992",1992-08-12,NA,NA,NA,3,0,0,229,229,0,0
"Vernon Lake","1993",1993-11-19,"SIMRAD               ",4,1219,NA,NA,NA,NA,NA,NA,NA
"Vernon Lake","1994",1994-10-05,"SIMRAD               ",4,773,NA,NA,NA,NA,NA,NA,NA
"Vernon Lake","1995",1995-08-13,"SIMRAD               ",7,518,NA,NA,NA,NA,NA,NA,NA
"Vernon Lake","1996",1997-03-04,"SIMRAD               ",4,2410,NA,NA,NA,NA,NA,NA,NA
"Vernon Lake","1997",1998-02-06,"BIOSONICS G12        ",4,2282,NA,NA,NA,NA,NA,NA,NA
"Vernon Lake","2000",2000-06-27,"SIMRAD               ",4,1320,NA,NA,NA,NA,NA,NA,NA
"Vernon Lake","2000",2000-06-28,"SIMRAD               ",4,1416,NA,NA,NA,NA,NA,NA,NA
"Vernon Lake","2000",2000-08-06,"SIMRAD               ",4,780,NA,NA,NA,NA,NA,NA,NA
"Vernon Lake","2000",2000-09-22,"SIMRAD               ",4,1314,NA,NA,NA,NA,NA,NA,NA
"Vernon Lake","2000",2000-09-23,"SIMRAD               ",4,1089,NA,NA,NA,NA,NA,NA,NA
"Vernon Lake","2000",2000-12-13,"SIMRAD               ",4,2021,NA,NA,NA,NA,NA,NA,NA
"Vernon Lake","2001",2001-07-09,"SIMRAD               ",4,951,NA,NA,NA,NA,NA,NA,NA
"Vernon Lake","2001",2001-08-29,"SIMRAD               ",4,823,NA,NA,NA,NA,NA,NA,NA
"Vernon Lake","2001",2001-10-23,"SIMRAD               ",4,1525,NA,NA,NA,NA,NA,NA,NA
"Vernon Lake","2001",2001-12-13,"SIMRAD               ",4,2338,NA,NA,NA,NA,NA,NA,NA
"Vernon Lake","2002",2002-06-19,"SIMRAD               ",7,1312,NA,NA,NA,NA,NA,NA,NA
"Vernon Lake","2002",2002-07-10,"SIMRAD               ",7,2108,NA,NA,NA,NA,NA,NA,NA
"Vernon Lake","2002",2002-07-29,"SIMRAD               ",7,2010,NA,NA,NA,NA,NA,NA,NA
"Vernon Lake","2002",2002-08-17,"SIMRAD               ",7,1982,NA,NA,NA,NA,NA,NA,NA
"Vernon Lake","2002",2002-09-11,"SIMRAD               ",7,1532,NA,NA,NA,NA,NA,NA,NA
"Vernon Lake","2002",2002-09-22,"SIMRAD               ",7,1675,NA,NA,NA,NA,NA,NA,NA
"Vernon Lake","2002",2002-10-21,"SIMRAD               ",7,1844,NA,NA,NA,NA,NA,NA,NA
"Vernon Lake","2003",2003-06-22,"SIMRAD               ",7,1556,NA,NA,NA,NA,NA,NA,NA
"Vernon Lake","2003",2003-10-29,"SIMRAD               ",7,3535,NA,NA,NA,NA,NA,NA,NA
"Vernon Lake","2003",2003-12-10,"SIMRAD               ",7,4300,NA,NA,NA,NA,NA,NA,NA
"Vernon Lake","2004",2004-08-17,"SIMRAD               ",7,3661,NA,NA,NA,NA,NA,NA,NA
"Vernon Lake","2004",2004-09-19,"SIMRAD               ",7,3272,NA,NA,NA,NA,NA,NA,NA
"Vernon Lake","2004",2004-10-20,"SIMRAD               ",7,4018,NA,NA,NA,NA,NA,NA,NA
"Vernon Lake","2005",2005-09-19,"SIMRAD               ",7,2446,NA,NA,NA,NA,NA,NA,NA
"Vernon Lake","2005",2005-10-04,"SIMRAD               ",7,1837,NA,NA,NA,NA,NA,NA,NA
"Vernon Lake","2005",2005-11-01,"SIMRAD               ",7,6742,NA,NA,NA,NA,NA,NA,NA
"Vernon Lake","2005",2005-12-12,"SIMRAD               ",7,5073,NA,NA,NA,NA,NA,NA,NA
"Vernon Lake","2006",2006-06-28,"SIMRAD               ",7,2477,NA,NA,NA,NA,NA,NA,NA
"Vernon Lake","2006",2006-08-22,"SIMRAD               ",7,3225,NA,NA,NA,NA,NA,NA,NA
"Vernon Lake","2006",2006-11-05,"SIMRAD               ",7,6442,NA,NA,NA,NA,NA,NA,NA
"Vernon Lake","2007",2007-08-19,"SIMRAD               ",7,4440,NA,NA,NA,NA,NA,NA,NA
"Vernon Lake","2007",2007-10-21,"SIMRAD               ",7,4304,NA,NA,NA,NA,NA,NA,NA
"Vernon Lake","2007",2007-12-12,"SIMRAD               ",7,7273,NA,NA,NA,NA,NA,NA,NA
"Village Bay_2005","2004",2005-01-25,"SIMRAD               ",10,1049,NA,NA,NA,NA,NA,NA,NA
"Woss Lake","1978",1978-11-22,"FURUNO FM 22         ",5,1008,7,1,127,67,67,0,0
"Woss Lake","1979",1979-11-08,"FURUNO FM 22         ",5,892,4,0,120,29,27,2,0
"Woss Lake","1979",1979-11-09,NA,NA,NA,1,0,30,12,12,0,0
"Woss Lake","1980",1980-11-06,"FURUNO FM 22         ",5,1236,5,0,150,29,29,0,0
"Woss Lake","1981",1981-08-08,"FURUNO FM 22         ",5,2529,NA,NA,NA,NA,NA,NA,NA
"Woss Lake","1981",1981-08-15,NA,NA,NA,5,1,70,133,132,0,1
"Woss Lake","1981",1981-09-17,"FURUNO FM 22         ",5,3116,1,0,25,14,14,0,0
"Woss Lake","1981",1981-09-18,NA,NA,NA,4,0,70,51,51,0,0
"Woss Lake","1982",1982-08-19,"FURUNO FM 22         ",5,6114,NA,NA,NA,NA,NA,NA,NA
"Woss Lake","1982",1982-08-20,NA,NA,NA,3,0,50,302,302,0,0
"Woss Lake","1982",1982-11-29,"FURUNO               ",5,8257,5,1,100.4,40,39,1,0
"Woss Lake","1983",1983-07-20,"FURUNO FM 22         ",5,1715,4,0,55,119,119,0,0
"Woss Lake","1983",1983-08-21,NA,NA,NA,4,1,75,40,39,1,0
"Woss Lake","1983",1983-08-22,"FURUNO FM 22         ",5,2510,1,0,20,14,14,0,0
"Woss Lake","1983",1983-11-09,"FURUNO FM 22         ",5,1571,5,0,95,78,76,2,0
"Woss Lake","1984",1984-08-21,"FURUNO FM 22         ",5,4487,3,0,52,69,69,0,0
"Woss Lake","1984",1984-08-22,NA,NA,NA,1,1,15,3,3,0,0
"Woss Lake","1984",1984-11-07,"SIMRAD               ",5,3519,6,0,90,51,50,1,0
"Woss Lake","1985",1985-11-09,"SIMRAD               ",5,9504,8,1,120,88,75,13,0
"Woss Lake","1985",1985-11-10,"FURUNO FM 22         ",5,2720,NA,NA,NA,NA,NA,NA,NA
"Woss Lake","1986",1986-07-26,"SIMRAD               ",5,3097,3,0,45,176,173,3,0
"Woss Lake","1986",1986-07-27,"FURUNO FM 22         ",5,1449,4,2,60,25,22,3,0
"Woss Lake","1987",1987-07-15,"SIMRAD               ",5,1491,NA,NA,NA,NA,NA,NA,NA
"Woss Lake","1987",1987-07-16,NA,NA,NA,5,0,0,66,66,0,0
"Woss Lake","1988",1988-07-13,"SIMRAD               ",5,3677,1,0,0,55,55,0,0
"Woss Lake","1988",1988-07-14,NA,NA,NA,6,2,0,199,187,12,0
"Woss Lake","1989",1989-04-24,"SIMRAD               ",5,8967,3,1,0,273,221,52,0
"Woss Lake","1989",1989-04-25,NA,NA,NA,7,3,0,574,522,52,0
"Woss Lake","1989",1989-08-06,NA,NA,NA,3,1,0,69,54,15,0
"Woss Lake","1989",1989-08-07,"SIMRAD               ",5,3851,6,2,0,211,149,62,0
"Woss Lake","1990",1990-08-23,"SIMRAD               ",5,4715,3,1,0,74,70,4,0
"Woss Lake","1990",1990-08-24,NA,NA,NA,8,3,0,132,116,16,0
"Woss Lake","1991",1992-03-13,"SIMRAD               ",5,2512,5,0,0,30,30,0,0
"Woss Lake","1992",1992-08-12,"SIMRAD               ",5,11687,4,1,0,484,484,0,0
"Woss Lake","1992",1992-08-13,NA,NA,NA,2,0,0,222,222,0,0
"Woss Lake","1993",1993-11-18,"SIMRAD               ",5,3919,NA,NA,NA,NA,NA,NA,NA
"Woss Lake","1993",1993-11-19,"SIMRAD               ",5,4906,NA,NA,NA,NA,NA,NA,NA
"Woss Lake","1994",1994-10-06,"SIMRAD               ",5,5737,NA,NA,NA,NA,NA,NA,NA
"Woss Lake","1995",1995-08-12,"SIMRAD               ",14,2494,NA,NA,NA,NA,NA,NA,NA
"Woss Lake","1996",1997-03-03,"SIMRAD               ",5,3716,NA,NA,NA,NA,NA,NA,NA
"Woss Lake","1997",1998-02-05,"SIMRAD               ",5,2805,NA,NA,NA,NA,NA,NA,NA
"Woss Lake","2000",2000-06-26,"SIMRAD               ",5,811,NA,NA,NA,NA,NA,NA,NA
"Woss Lake","2000",2000-06-27,"SIMRAD               ",5,372,NA,NA,NA,NA,NA,NA,NA
"Woss Lake","2000",2000-08-07,"SIMRAD               ",5,1002,NA,NA,NA,NA,NA,NA,NA
"Woss Lake","2000",2000-09-21,"SIMRAD               ",5,1162,NA,NA,NA,NA,NA,NA,NA
"Woss Lake","2000",2000-10-18,"SIMRAD               ",5,1504,NA,NA,NA,NA,NA,NA,NA
"Woss Lake","2000",2000-12-12,"SIMRAD               ",5,2128,NA,NA,NA,NA,NA,NA,NA
"Woss Lake","2001",2001-07-10,"SIMRAD               ",5,450,NA,NA,NA,NA,NA,NA,NA
"Woss Lake","2001",2001-08-06,"SIMRAD               ",5,834,NA,NA,NA,NA,NA,NA,NA
"Woss Lake","2001",2001-09-03,"SIMRAD               ",5,1196,NA,NA,NA,NA,NA,NA,NA
"Woss Lake","2001",2001-10-24,"SIMRAD               ",5,1178,NA,NA,NA,NA,NA,NA,NA
"Woss Lake","2001",2001-12-12,"SIMRAD               ",5,810,NA,NA,NA,NA,NA,NA,NA
"Woss Lake","2001",2002-02-20,"SIMRAD               ",5,1499,NA,NA,NA,NA,NA,NA,NA
"Woss Lake","2002",2002-06-20,"SIMRAD               ",14,685,NA,NA,NA,NA,NA,NA,NA
"Woss Lake","2002",2002-07-11,"SIMRAD               ",14,1144,NA,NA,NA,NA,NA,NA,NA
"Woss Lake","2002",2002-07-30,"SIMRAD               ",14,1118,NA,NA,NA,NA,NA,NA,NA
"Woss Lake","2002",2002-08-18,"SIMRAD               ",14,1067,NA,NA,NA,NA,NA,NA,NA
"Woss Lake","2002",2002-09-12,"SIMRAD               ",14,1968,NA,NA,NA,NA,NA,NA,NA
"Woss Lake","2002",2002-09-23,"SIMRAD               ",14,1584,NA,NA,NA,NA,NA,NA,NA
"Woss Lake","2002",2002-10-22,"SIMRAD               ",14,2013,NA,NA,NA,NA,NA,NA,NA
"Woss Lake","2002",2003-03-05,"SIMRAD               ",14,916,NA,NA,NA,NA,NA,NA,NA
"Woss Lake","2003",2003-06-23,"SIMRAD               ",14,1296,NA,NA,NA,NA,NA,NA,NA
"Woss Lake","2003",2003-09-16,"SIMRAD               ",14,1030,NA,NA,NA,NA,NA,NA,NA
"Woss Lake","2003",2003-11-04,"SIMRAD               ",14,4068,NA,NA,NA,NA,NA,NA,NA
"Woss Lake","2003",2003-12-17,"SIMRAD               ",14,3675,NA,NA,NA,NA,NA,NA,NA
"Woss Lake","2004",2004-06-16,"SIMRAD               ",14,1468,NA,NA,NA,NA,NA,NA,NA
"Woss Lake","2004",2004-08-18,"SIMRAD               ",14,2327,NA,NA,NA,NA,NA,NA,NA
"Woss Lake","2004",2004-09-20,"SIMRAD               ",14,1940,NA,NA,NA,NA,NA,NA,NA
"Woss Lake","2004",2004-10-19,"SIMRAD               ",14,1996,NA,NA,NA,NA,NA,NA,NA
"Woss Lake","2005",2005-09-18,"SIMRAD               ",14,4397,NA,NA,NA,NA,NA,NA,NA
"Woss Lake","2005",2005-10-05,"SIMRAD               ",14,2034,NA,NA,NA,NA,NA,NA,NA
"Woss Lake","2005",2005-11-02,"SIMRAD               ",14,6096,NA,NA,NA,NA,NA,NA,NA
"Woss Lake","2005",2005-12-14,"SIMRAD               ",14,8492,NA,NA,NA,NA,NA,NA,NA
"Woss Lake","2006",2006-07-03,"SIMRAD               ",14,1874,NA,NA,NA,NA,NA,NA,NA
"Woss Lake","2006",2006-08-23,"SIMRAD               ",14,3311,NA,NA,NA,NA,NA,NA,NA
"Woss Lake","2006",2006-11-02,"SIMRAD               ",14,5381,NA,NA,NA,NA,NA,NA,NA
"Woss Lake","2007",2007-06-23,"SIMRAD               ",14,1879,NA,NA,NA,NA,NA,NA,NA
"Woss Lake","2007",2007-08-21,"SIMRAD               ",14,110,NA,NA,NA,NA,NA,NA,NA
"Woss Lake","2007",2007-12-11,"SIMRAD               ",14,5990,NA,NA,NA,NA,NA,NA,NA
"Woss Lake","2007",2008-01-31,"SIMRAD               ",14,6010,NA,NA,NA,NA,NA,NA,NA
"Yakoun Lake","1982",1982-10-02,"FURUNO FM 22         ",12,2077,NA,NA,NA,NA,NA,NA,NA
"Yakoun Lake","1982",1982-10-03,NA,NA,NA,5,1,90.3,118,19,99,0
"Yakoun Lake","1983",1983-09-03,"FURUNO FM 22         ",12,1832,NA,NA,NA,NA,NA,NA,NA
"Yakoun Lake","1983",1983-09-10,"FURUNO FM 22         ",12,2543,NA,NA,NA,NA,NA,NA,NA
"Yakoun Lake","1983",1983-09-11,NA,NA,NA,1,1,10,3,0,3,0
"Yakoun Lake","1983",1983-09-12,NA,NA,NA,4,0,65,109,9,100,0
"Yakoun Lake","1984",1984-09-09,"FURUNO FM 22         ",12,2616,NA,NA,NA,NA,NA,NA,NA
"Yakoun Lake","1984",1984-09-10,NA,NA,NA,10,3,150,246,79,167,0
"Yakoun Lake","1984",1984-09-11,NA,NA,NA,1,0,15,32,0,32,0
"Yakoun Lake","1985",1985-09-01,"FURUNO FM 22         ",12,4836,NA,NA,NA,NA,NA,NA,NA
"Yakoun Lake","1985",1985-09-02,NA,NA,NA,12,3,180,485,144,341,0
"Yakoun Lake","1986",1986-08-12,"SIMRAD               ",12,11025,NA,NA,NA,NA,NA,NA,NA
"Yakoun Lake","1986",1986-08-13,"FURUNO FM 22         ",12,5451,10,3,145,139,110,29,0
"Yakoun Lake","1986",1986-08-14,NA,NA,NA,2,0,30,7,0,7,0
"Yakoun Lake","1987",1987-07-31,"SIMRAD               ",12,4302,NA,NA,NA,NA,NA,NA,NA
"Yakoun Lake","1987",1987-08-01,NA,NA,NA,6,3,0,356,270,86,0
"Yakoun Lake","1987",1987-08-02,NA,NA,NA,5,2,0,388,368,20,0
"Yakoun Lake","1988",1988-08-03,"SIMRAD               ",12,3602,NA,NA,NA,NA,NA,NA,NA
"Yakoun Lake","1988",1988-08-04,NA,NA,NA,5,0,0,153,149,3,1
"Yakoun Lake","1988",1988-08-05,NA,NA,NA,6,2,0,93,87,5,1
"Yakoun Lake","1989",1989-05-11,"SIMRAD               ",12,4832,NA,NA,NA,NA,NA,NA,NA
"Yakoun Lake","1989",1989-05-12,NA,NA,NA,10,1,0,931,919,1,11
"Yakoun Lake","1989",1989-05-13,NA,NA,NA,7,1,0,291,287,0,4
"Yakoun Lake","1989",1989-08-14,"SIMRAD               ",12,10099,NA,NA,NA,NA,NA,NA,NA
"Yakoun Lake","1990",1990-08-17,"SIMRAD               ",12,2747,NA,NA,NA,NA,NA,NA,NA
"Yakoun Lake","1990",1990-08-18,NA,NA,NA,2,0,0,18,18,0,0
"Yakoun Lake","1990",1990-08-19,NA,NA,NA,13,0,0,122,122,0,0
"Yakoun Lake","1991",1991-10-25,"SIMRAD               ",12,1134,NA,NA,NA,NA,NA,NA,NA
"Yakoun Lake","1991",1991-10-26,NA,NA,NA,6,0,0,21,21,0,0
"Yakoun Lake","1992",1992-08-02,"SIMRAD               ",12,1918,NA,NA,NA,NA,NA,NA,NA
"Yakoun Lake","1992",1992-08-04,NA,NA,NA,2,0,0,5,5,0,0
"Yakoun Lake","1993",1993-08-23,"SIMRAD               ",12,3698,NA,NA,NA,NA,NA,NA,NA
"Yakoun Lake","1994",1994-08-04,"SIMRAD               ",12,2263,NA,NA,NA,NA,NA,NA,NA
"Yakoun Lake","1994",1994-08-31,"SIMRAD               ",12,925,NA,NA,NA,NA,NA,NA,NA
"Yakoun Lake","1995",1995-08-14,"SIMRAD               ",12,3459,NA,NA,NA,NA,NA,NA,NA
"Yakoun Lake","1995",1995-08-18,"SIMRAD               ",12,2761,NA,NA,NA,NA,NA,NA,NA
"Yakoun Lake","1995",1995-09-03,"SIMRAD               ",12,4319,NA,NA,NA,NA,NA,NA,NA
"Yakoun Lake","1996",1996-07-25,"SIMRAD               ",12,1029,NA,NA,NA,NA,NA,NA,NA
"Yakoun Lake","1996",1996-08-12,"SIMRAD               ",12,1154,NA,NA,NA,NA,NA,NA,NA
"Yakoun Lake","1996",1996-09-14,"SIMRAD               ",12,1111,3,0,0,40,40,0,0
"Yakoun Lake","1997",1997-09-15,"SIMRAD               ",12,1926,NA,NA,NA,NA,NA,NA,NA
"Yakoun Lake","1997",1997-09-17,NA,NA,NA,4,0,16,29,28,1,0
"Yakoun Lake","1998",1998-08-15,"SIMRAD               ",12,46,NA,NA,NA,NA,NA,NA,NA
"Yakoun Lake","1998",1998-09-16,"SIMRAD               ",12,3133,NA,NA,NA,NA,NA,NA,NA
"Yakoun Lake","1999",1999-11-26,"SIMRAD               ",12,1339,NA,NA,NA,NA,NA,NA,NA
"Yakoun Lake","2003",2003-09-08,"SIMRAD               ",12,1028,NA,NA,NA,NA,NA,NA,NA
